"nombre_departamento","nombre_municipio","nombre_servicio","estado_del_vehiculo","nombre_de_la_clase","fecha_de_registro","cantidad","mes_de_publicacion","a_o_de_publicacion"
"BOGOTA D.C.","BOGOTA","PARTICULAR","ACTIVO","AUTOMOVIL","1900","1","ABRIL","2026"
"BOGOTA D.C.","BOGOTA","OFICIAL","ACTIVO","AUTOMOVIL","1900","1","ABRIL","2026"
"BOGOTA D.C.","BOGOTA","OFICIAL","ACTIVO","BUSETA","1901","1","ABRIL","2026"
"BOGOTA D.C.","BOGOTA","PARTICULAR","ACTIVO","AUTOMOVIL","1927","1","ABRIL","2026"
"BOGOTA D.C.","BOGOTA","PARTICULAR","ACTIVO","AUTOMOVIL","1928","6","ABRIL","2026"
"BOGOTA D.C.","BOGOTA","PARTICULAR","ACTIVO","CAMION","1928","1","ABRIL","2026"
"BOGOTA D.C.","BOGOTA","PARTICULAR","ACTIVO","CAMIONETA","1928","1","ABRIL","2026"
"BOGOTA D.C.","BOGOTA","PARTICULAR","ACTIVO","AUTOMOVIL","1929","3","ABRIL","2026"
"BOGOTA D.C.","BOGOTA","PARTICULAR","ACTIVO","CAMIONETA","1929","1","ABRIL","2026"
"BOGOTA D.C.","BOGOTA","PARTICULAR","ACTIVO","AUTOMOVIL","1930","1","ABRIL","2026"
"BOGOTA D.C.","BOGOTA","PARTICULAR","ACTIVO","AUTOMOVIL","1931","1","ABRIL","2026"
"BOGOTA D.C.","BOGOTA","PARTICULAR","ACTIVO","CAMION","1931","1","ABRIL","2026"
"BOGOTA D.C.","BOGOTA","PARTICULAR","ACTIVO","AUTOMOVIL","1932","2","ABRIL","2026"
"BOGOTA D.C.","BOGOTA","PARTICULAR","INCONSISTENTE","AUTOMOVIL","1934","1","ABRIL","2026"
"BOGOTA D.C.","BOGOTA","PARTICULAR","ACTIVO","AUTOMOVIL","1934","31","ABRIL","2026"
"BOGOTA D.C.","BOGOTA","PARTICULAR","ACTIVO","CAMION","1934","2","ABRIL","2026"
"BOGOTA D.C.","BOGOTA","PARTICULAR","ACTIVO","CAMIONETA","1934","4","ABRIL","2026"
"BOGOTA D.C.","BOGOTA","PARTICULAR","ACTIVO","AUTOMOVIL","1935","8","ABRIL","2026"
"BOGOTA D.C.","BOGOTA","PARTICULAR","ACTIVO","CAMIONETA","1935","2","ABRIL","2026"
"BOGOTA D.C.","BOGOTA","OFICIAL","ACTIVO","AUTOMOVIL","1936","1","ABRIL","2026"
"BOGOTA D.C.","BOGOTA","PARTICULAR","ACTIVO","AUTOMOVIL","1936","27","ABRIL","2026"
"BOGOTA D.C.","BOGOTA","PARTICULAR","ACTIVO","BUSETA","1936","1","ABRIL","2026"
"BOGOTA D.C.","BOGOTA","PARTICULAR","ACTIVO","CAMION","1936","3","ABRIL","2026"
"BOGOTA D.C.","BOGOTA","PÚBLICO","ACTIVO","CAMION","1936","1","ABRIL","2026"
"BOGOTA D.C.","BOGOTA","PÚBLICO","ACTIVO","CAMIONETA","1936","1","ABRIL","2026"
"BOGOTA D.C.","BOGOTA","PARTICULAR","ACTIVO","CAMIONETA","1936","5","ABRIL","2026"
"BOGOTA D.C.","BOGOTA","PÚBLICO","ACTIVO","AUTOMOVIL","1937","1","ABRIL","2026"
"BOGOTA D.C.","BOGOTA","OFICIAL","ACTIVO","AUTOMOVIL","1937","2","ABRIL","2026"
"BOGOTA D.C.","BOGOTA","PARTICULAR","ACTIVO","AUTOMOVIL","1937","48","ABRIL","2026"
"BOGOTA D.C.","BOGOTA","PÚBLICO","ACTIVO","CAMION","1937","3","ABRIL","2026"
"BOGOTA D.C.","BOGOTA","PARTICULAR","ACTIVO","CAMION","1937","4","ABRIL","2026"
"BOGOTA D.C.","BOGOTA","PÚBLICO","ACTIVO","CAMIONETA","1937","1","ABRIL","2026"
"BOGOTA D.C.","BOGOTA","PARTICULAR","INCONSISTENTE","CAMIONETA","1937","1","ABRIL","2026"
"BOGOTA D.C.","BOGOTA","PARTICULAR","ACTIVO","CAMIONETA","1937","12","ABRIL","2026"
"BOGOTA D.C.","BOGOTA","PARTICULAR","ACTIVO","AUTOMOVIL","1938","53","ABRIL","2026"
"BOGOTA D.C.","BOGOTA","PÚBLICO","ACTIVO","CAMION","1938","1","ABRIL","2026"
"BOGOTA D.C.","BOGOTA","PARTICULAR","ACTIVO","CAMION","1938","1","ABRIL","2026"
"BOGOTA D.C.","BOGOTA","PÚBLICO","ACTIVO","CAMIONETA","1938","2","ABRIL","2026"
"BOGOTA D.C.","BOGOTA","OFICIAL","ACTIVO","CAMIONETA","1938","1","ABRIL","2026"
"BOGOTA D.C.","BOGOTA","PARTICULAR","ACTIVO","CAMIONETA","1938","11","ABRIL","2026"
"BOGOTA D.C.","BOGOTA","PARTICULAR","INCONSISTENTE","AUTOMOVIL","1939","2","ABRIL","2026"
"BOGOTA D.C.","BOGOTA","OFICIAL","ACTIVO","AUTOMOVIL","1939","2","ABRIL","2026"
"BOGOTA D.C.","BOGOTA","PÚBLICO","ACTIVO","AUTOMOVIL","1939","1","ABRIL","2026"
"BOGOTA D.C.","BOGOTA","PARTICULAR","ACTIVO","AUTOMOVIL","1939","184","ABRIL","2026"
"BOGOTA D.C.","BOGOTA","PARTICULAR","ACTIVO","CAMION","1939","23","ABRIL","2026"
"BOGOTA D.C.","BOGOTA","PÚBLICO","ACTIVO","CAMION","1939","7","ABRIL","2026"
"BOGOTA D.C.","BOGOTA","PARTICULAR","ACTIVO","CAMIONETA","1939","37","ABRIL","2026"
"BOGOTA D.C.","BOGOTA","PARTICULAR","INCONSISTENTE","CAMIONETA","1939","1","ABRIL","2026"
"BOGOTA D.C.","BOGOTA","PÚBLICO","ACTIVO","CAMIONETA","1939","7","ABRIL","2026"
"BOGOTA D.C.","BOGOTA","PARTICULAR","ACTIVO","AUTOMOVIL","1940","180","ABRIL","2026"
"BOGOTA D.C.","BOGOTA","PARTICULAR","INCONSISTENTE","AUTOMOVIL","1940","1","ABRIL","2026"
"BOGOTA D.C.","BOGOTA","PÚBLICO","ACTIVO","AUTOMOVIL","1940","2","ABRIL","2026"
"BOGOTA D.C.","BOGOTA","PARTICULAR","ACTIVO","CAMION","1940","9","ABRIL","2026"
"BOGOTA D.C.","BOGOTA","PÚBLICO","ACTIVO","CAMION","1940","1","ABRIL","2026"
"BOGOTA D.C.","BOGOTA","PÚBLICO","ACTIVO","CAMIONETA","1940","6","ABRIL","2026"
"BOGOTA D.C.","BOGOTA","PARTICULAR","ACTIVO","CAMIONETA","1940","35","ABRIL","2026"
"BOGOTA D.C.","BOGOTA","PARTICULAR","ACTIVO","CAMPERO","1940","1","ABRIL","2026"
"BOGOTA D.C.","BOGOTA","OFICIAL","ACTIVO","AUTOMOVIL","1941","3","ABRIL","2026"
"BOGOTA D.C.","BOGOTA","PARTICULAR","ACTIVO","AUTOMOVIL","1941","240","ABRIL","2026"
"BOGOTA D.C.","BOGOTA","PARTICULAR","INCONSISTENTE","AUTOMOVIL","1941","4","ABRIL","2026"
"BOGOTA D.C.","BOGOTA","PÚBLICO","ACTIVO","AUTOMOVIL","1941","5","ABRIL","2026"
"BOGOTA D.C.","BOGOTA","PARTICULAR","ACTIVO","BUSETA","1941","1","ABRIL","2026"
"BOGOTA D.C.","BOGOTA","PARTICULAR","ACTIVO","CAMION","1941","28","ABRIL","2026"
"BOGOTA D.C.","BOGOTA","PÚBLICO","INCONSISTENTE","CAMION","1941","1","ABRIL","2026"
"BOGOTA D.C.","BOGOTA","PÚBLICO","ACTIVO","CAMION","1941","6","ABRIL","2026"
"BOGOTA D.C.","BOGOTA","PARTICULAR","ACTIVO","CAMIONETA","1941","51","ABRIL","2026"
"BOGOTA D.C.","BOGOTA","PÚBLICO","ACTIVO","CAMIONETA","1941","2","ABRIL","2026"
"BOGOTA D.C.","BOGOTA","OFICIAL","ACTIVO","AUTOMOVIL","1942","1","ABRIL","2026"
"BOGOTA D.C.","BOGOTA","PARTICULAR","ACTIVO","AUTOMOVIL","1942","115","ABRIL","2026"
"BOGOTA D.C.","BOGOTA","PARTICULAR","INCONSISTENTE","AUTOMOVIL","1942","2","ABRIL","2026"
"BOGOTA D.C.","BOGOTA","PÚBLICO","ACTIVO","CAMION","1942","15","ABRIL","2026"
"BOGOTA D.C.","BOGOTA","PARTICULAR","ACTIVO","CAMION","1942","28","ABRIL","2026"
"BOGOTA D.C.","BOGOTA","OFICIAL","ACTIVO","CAMION","1942","1","ABRIL","2026"
"BOGOTA D.C.","BOGOTA","PÚBLICO","ACTIVO","CAMIONETA","1942","3","ABRIL","2026"
"BOGOTA D.C.","BOGOTA","PARTICULAR","ACTIVO","CAMIONETA","1942","34","ABRIL","2026"
"BOGOTA D.C.","BOGOTA","PARTICULAR","INCONSISTENTE","CAMIONETA","1942","1","ABRIL","2026"
"BOGOTA D.C.","BOGOTA","PARTICULAR","ACTIVO","CAMPERO","1942","6","ABRIL","2026"
"BOGOTA D.C.","BOGOTA","PARTICULAR","ACTIVO","MOTOCICLETA","1942","2","ABRIL","2026"
"BOGOTA D.C.","BOGOTA","PARTICULAR","ACTIVO","VOLQUETA","1942","1","ABRIL","2026"
"BOGOTA D.C.","BOGOTA","PARTICULAR","ACTIVO","CAMION","1943","1","ABRIL","2026"
"BOGOTA D.C.","BOGOTA","PÚBLICO","ACTIVO","CAMION","1943","1","ABRIL","2026"
"BOGOTA D.C.","BOGOTA","PARTICULAR","ACTIVO","CAMION","1944","5","ABRIL","2026"
"BOGOTA D.C.","BOGOTA","PÚBLICO","ACTIVO","CAMION","1944","1","ABRIL","2026"
"BOGOTA D.C.","BOGOTA","PARTICULAR","ACTIVO","CAMPERO","1944","1","ABRIL","2026"
"BOGOTA D.C.","BOGOTA","PARTICULAR","ACTIVO","AUTOMOVIL","1945","1","ABRIL","2026"
"BOGOTA D.C.","BOGOTA","PÚBLICO","ACTIVO","CAMION","1945","1","ABRIL","2026"
"BOGOTA D.C.","BOGOTA","PARTICULAR","ACTIVO","CAMION","1945","5","ABRIL","2026"
"BOGOTA D.C.","BOGOTA","PARTICULAR","ACTIVO","CAMIONETA","1945","4","ABRIL","2026"
"BOGOTA D.C.","BOGOTA","PARTICULAR","ACTIVO","CAMPERO","1945","1","ABRIL","2026"
"BOGOTA D.C.","BOGOTA","PARTICULAR","INCONSISTENTE","TRACTOCAMION","1945","1","ABRIL","2026"
"BOGOTA D.C.","BOGOTA","PÚBLICO","ACTIVO","TRACTOCAMION","1945","1","ABRIL","2026"
"BOGOTA D.C.","BOGOTA","PÚBLICO","ACTIVO","AUTOMOVIL","1946","15","ABRIL","2026"
"BOGOTA D.C.","BOGOTA","PARTICULAR","INCONSISTENTE","AUTOMOVIL","1946","3","ABRIL","2026"
"BOGOTA D.C.","BOGOTA","PARTICULAR","ACTIVO","AUTOMOVIL","1946","476","ABRIL","2026"
"BOGOTA D.C.","BOGOTA","OFICIAL","ACTIVO","AUTOMOVIL","1946","5","ABRIL","2026"
"BOGOTA D.C.","BOGOTA","PARTICULAR","ACTIVO","BUS","1946","3","ABRIL","2026"
"BOGOTA D.C.","BOGOTA","PÚBLICO","ACTIVO","BUS","1946","4","ABRIL","2026"
"BOGOTA D.C.","BOGOTA","PARTICULAR","ACTIVO","CAMION","1946","171","ABRIL","2026"
"BOGOTA D.C.","BOGOTA","PÚBLICO","ACTIVO","CAMION","1946","47","ABRIL","2026"
"BOGOTA D.C.","BOGOTA","OFICIAL","ACTIVO","CAMION","1946","1","ABRIL","2026"
"BOGOTA D.C.","BOGOTA","PARTICULAR","INCONSISTENTE","CAMION","1946","2","ABRIL","2026"
"BOGOTA D.C.","BOGOTA","PARTICULAR","ACTIVO","CAMIONETA","1946","240","ABRIL","2026"
"BOGOTA D.C.","BOGOTA","PÚBLICO","ACTIVO","CAMIONETA","1946","23","ABRIL","2026"
"BOGOTA D.C.","BOGOTA","PARTICULAR","INCONSISTENTE","CAMIONETA","1946","2","ABRIL","2026"
"BOGOTA D.C.","BOGOTA","OFICIAL","ACTIVO","CAMIONETA","1946","1","ABRIL","2026"
"BOGOTA D.C.","BOGOTA","PARTICULAR","ACTIVO","CAMPERO","1946","30","ABRIL","2026"
"BOGOTA D.C.","BOGOTA","PARTICULAR","INCONSISTENTE","CAMPERO","1946","1","ABRIL","2026"
"BOGOTA D.C.","BOGOTA","PÚBLICO","ACTIVO","TRACTOCAMION","1946","1","ABRIL","2026"
"BOGOTA D.C.","BOGOTA","PARTICULAR","ACTIVO","TRACTOCAMION","1946","2","ABRIL","2026"
"BOGOTA D.C.","BOGOTA","PARTICULAR","ACTIVO","VOLQUETA","1946","4","ABRIL","2026"
"BOGOTA D.C.","BOGOTA","PÚBLICO","ACTIVO","VOLQUETA","1946","5","ABRIL","2026"
"BOGOTA D.C.","BOGOTA","PARTICULAR","INCONSISTENTE","AUTOMOVIL","1947","10","ABRIL","2026"
"BOGOTA D.C.","BOGOTA","OFICIAL","ACTIVO","AUTOMOVIL","1947","13","ABRIL","2026"
"BOGOTA D.C.","BOGOTA","PARTICULAR","ACTIVO","AUTOMOVIL","1947","713","ABRIL","2026"
"BOGOTA D.C.","BOGOTA","PÚBLICO","ACTIVO","AUTOMOVIL","1947","10","ABRIL","2026"
"BOGOTA D.C.","BOGOTA","PÚBLICO","ACTIVO","BUS","1947","1","ABRIL","2026"
"BOGOTA D.C.","BOGOTA","PARTICULAR","ACTIVO","BUS","1947","1","ABRIL","2026"
"BOGOTA D.C.","BOGOTA","PÚBLICO","ACTIVO","CAMION","1947","11","ABRIL","2026"
"BOGOTA D.C.","BOGOTA","PARTICULAR","ACTIVO","CAMION","1947","46","ABRIL","2026"
"BOGOTA D.C.","BOGOTA","PARTICULAR","INCONSISTENTE","CAMION","1947","1","ABRIL","2026"
"BOGOTA D.C.","BOGOTA","OFICIAL","ACTIVO","CAMIONETA","1947","3","ABRIL","2026"
"BOGOTA D.C.","BOGOTA","PÚBLICO","ACTIVO","CAMIONETA","1947","3","ABRIL","2026"
"BOGOTA D.C.","BOGOTA","PARTICULAR","ACTIVO","CAMIONETA","1947","130","ABRIL","2026"
"BOGOTA D.C.","BOGOTA","PARTICULAR","INCONSISTENTE","CAMIONETA","1947","1","ABRIL","2026"
"BOGOTA D.C.","BOGOTA","PARTICULAR","ACTIVO","CAMPERO","1947","5","ABRIL","2026"
"BOGOTA D.C.","BOGOTA","PARTICULAR","ACTIVO","MOTOCICLETA","1947","1","ABRIL","2026"
"BOGOTA D.C.","BOGOTA","PÚBLICO","ACTIVO","VOLQUETA","1947","1","ABRIL","2026"
"BOGOTA D.C.","BOGOTA","PARTICULAR","ACTIVO","VOLQUETA","1947","1","ABRIL","2026"
"BOGOTA D.C.","BOGOTA","OFICIAL","ACTIVO","AUTOMOVIL","1948","14","ABRIL","2026"
"BOGOTA D.C.","BOGOTA","PARTICULAR","ACTIVO","AUTOMOVIL","1948","1016","ABRIL","2026"
"BOGOTA D.C.","BOGOTA","PÚBLICO","ACTIVO","AUTOMOVIL","1948","23","ABRIL","2026"
"BOGOTA D.C.","BOGOTA","OTROS","ACTIVO","AUTOMOVIL","1948","1","ABRIL","2026"
"BOGOTA D.C.","BOGOTA","PARTICULAR","INCONSISTENTE","AUTOMOVIL","1948","15","ABRIL","2026"
"BOGOTA D.C.","BOGOTA","PARTICULAR","INCONSISTENTE","BUS","1948","1","ABRIL","2026"
"BOGOTA D.C.","BOGOTA","PÚBLICO","ACTIVO","BUS","1948","7","ABRIL","2026"
"BOGOTA D.C.","BOGOTA","PARTICULAR","ACTIVO","BUS","1948","7","ABRIL","2026"
"BOGOTA D.C.","BOGOTA","PARTICULAR","ACTIVO","CAMION","1948","67","ABRIL","2026"
"BOGOTA D.C.","BOGOTA","OFICIAL","ACTIVO","CAMION","1948","1","ABRIL","2026"
"BOGOTA D.C.","BOGOTA","PÚBLICO","ACTIVO","CAMION","1948","18","ABRIL","2026"
"BOGOTA D.C.","BOGOTA","PARTICULAR","INCONSISTENTE","CAMION","1948","2","ABRIL","2026"
"BOGOTA D.C.","BOGOTA","OFICIAL","ACTIVO","CAMIONETA","1948","3","ABRIL","2026"
"BOGOTA D.C.","BOGOTA","PARTICULAR","ACTIVO","CAMIONETA","1948","228","ABRIL","2026"
"BOGOTA D.C.","BOGOTA","PÚBLICO","ACTIVO","CAMIONETA","1948","8","ABRIL","2026"
"BOGOTA D.C.","BOGOTA","PARTICULAR","INCONSISTENTE","CAMIONETA","1948","1","ABRIL","2026"
"BOGOTA D.C.","BOGOTA","PARTICULAR","ACTIVO","CAMPERO","1948","14","ABRIL","2026"
"BOGOTA D.C.","BOGOTA","PARTICULAR","ACTIVO","MICROBUS","1948","1","ABRIL","2026"
"BOGOTA D.C.","BOGOTA","PARTICULAR","ACTIVO","VOLQUETA","1948","3","ABRIL","2026"
"BOGOTA D.C.","BOGOTA","PÚBLICO","ACTIVO","VOLQUETA","1948","3","ABRIL","2026"
"BOGOTA D.C.","BOGOTA","PÚBLICO","ACTIVO","AUTOMOVIL","1949","3","ABRIL","2026"
"BOGOTA D.C.","BOGOTA","PARTICULAR","ACTIVO","AUTOMOVIL","1949","259","ABRIL","2026"
"BOGOTA D.C.","BOGOTA","OTROS","ACTIVO","AUTOMOVIL","1949","1","ABRIL","2026"
"BOGOTA D.C.","BOGOTA","PARTICULAR","INCONSISTENTE","AUTOMOVIL","1949","3","ABRIL","2026"
"BOGOTA D.C.","BOGOTA","OFICIAL","ACTIVO","AUTOMOVIL","1949","4","ABRIL","2026"
"BOGOTA D.C.","BOGOTA","PARTICULAR","ACTIVO","BUS","1949","2","ABRIL","2026"
"BOGOTA D.C.","BOGOTA","PÚBLICO","ACTIVO","BUS","1949","6","ABRIL","2026"
"BOGOTA D.C.","BOGOTA","PARTICULAR","INCONSISTENTE","CAMION","1949","1","ABRIL","2026"
"BOGOTA D.C.","BOGOTA","PARTICULAR","ACTIVO","CAMION","1949","43","ABRIL","2026"
"BOGOTA D.C.","BOGOTA","PÚBLICO","ACTIVO","CAMION","1949","15","ABRIL","2026"
"BOGOTA D.C.","BOGOTA","PÚBLICO","ACTIVO","CAMIONETA","1949","7","ABRIL","2026"
"BOGOTA D.C.","BOGOTA","PARTICULAR","INCONSISTENTE","CAMIONETA","1949","2","ABRIL","2026"
"BOGOTA D.C.","BOGOTA","PARTICULAR","ACTIVO","CAMIONETA","1949","116","ABRIL","2026"
"BOGOTA D.C.","BOGOTA","PARTICULAR","ACTIVO","CAMPERO","1949","2","ABRIL","2026"
"BOGOTA D.C.","BOGOTA","PARTICULAR","ACTIVO","MOTOCICLETA","1949","1","ABRIL","2026"
"BOGOTA D.C.","BOGOTA","PARTICULAR","ACTIVO","TRACTOCAMION","1949","2","ABRIL","2026"
"BOGOTA D.C.","BOGOTA","PARTICULAR","INCONSISTENTE","TRACTOCAMION","1949","1","ABRIL","2026"
"BOGOTA D.C.","BOGOTA","PARTICULAR","ACTIVO","VOLQUETA","1949","1","ABRIL","2026"
"BOGOTA D.C.","BOGOTA","PÚBLICO","ACTIVO","VOLQUETA","1949","3","ABRIL","2026"
"BOGOTA D.C.","BOGOTA","PARTICULAR","ACTIVO","AUTOMOVIL","1950","1324","ABRIL","2026"
"BOGOTA D.C.","BOGOTA","PÚBLICO","ACTIVO","AUTOMOVIL","1950","23","ABRIL","2026"
"BOGOTA D.C.","BOGOTA","OFICIAL","ACTIVO","AUTOMOVIL","1950","18","ABRIL","2026"
"BOGOTA D.C.","BOGOTA","PARTICULAR","INCONSISTENTE","AUTOMOVIL","1950","21","ABRIL","2026"
"BOGOTA D.C.","BOGOTA","PÚBLICO","ACTIVO","BUS","1950","20","ABRIL","2026"
"BOGOTA D.C.","BOGOTA","PARTICULAR","ACTIVO","BUS","1950","14","ABRIL","2026"
"BOGOTA D.C.","BOGOTA","PARTICULAR","ACTIVO","BUSETA","1950","1","ABRIL","2026"
"BOGOTA D.C.","BOGOTA","OFICIAL","ACTIVO","CAMION","1950","2","ABRIL","2026"
"BOGOTA D.C.","BOGOTA","PÚBLICO","ACTIVO","CAMION","1950","72","ABRIL","2026"
"BOGOTA D.C.","BOGOTA","PARTICULAR","ACTIVO","CAMION","1950","188","ABRIL","2026"
"BOGOTA D.C.","BOGOTA","PARTICULAR","INCONSISTENTE","CAMION","1950","5","ABRIL","2026"
"BOGOTA D.C.","BOGOTA","PARTICULAR","INCONSISTENTE","CAMIONETA","1950","9","ABRIL","2026"
"BOGOTA D.C.","BOGOTA","OFICIAL","ACTIVO","CAMIONETA","1950","3","ABRIL","2026"
"BOGOTA D.C.","BOGOTA","PARTICULAR","ACTIVO","CAMIONETA","1950","545","ABRIL","2026"
"BOGOTA D.C.","BOGOTA","PÚBLICO","ACTIVO","CAMIONETA","1950","24","ABRIL","2026"
"BOGOTA D.C.","BOGOTA","PARTICULAR","INCONSISTENTE","CAMPERO","1950","1","ABRIL","2026"
"BOGOTA D.C.","BOGOTA","PARTICULAR","ACTIVO","CAMPERO","1950","79","ABRIL","2026"
"BOGOTA D.C.","BOGOTA","PARTICULAR","ACTIVO","MICROBUS","1950","1","ABRIL","2026"
"BOGOTA D.C.","BOGOTA","PÚBLICO","ACTIVO","TRACTOCAMION","1950","2","ABRIL","2026"
"BOGOTA D.C.","BOGOTA","PÚBLICO","ACTIVO","VOLQUETA","1950","6","ABRIL","2026"
"BOGOTA D.C.","BOGOTA","OFICIAL","ACTIVO","VOLQUETA","1950","1","ABRIL","2026"
"BOGOTA D.C.","BOGOTA","PARTICULAR","ACTIVO","VOLQUETA","1950","7","ABRIL","2026"
"BOGOTA D.C.","BOGOTA","PARTICULAR","INCONSISTENTE","AUTOMOVIL","1951","4","ABRIL","2026"
"BOGOTA D.C.","BOGOTA","PARTICULAR","ACTIVO","AUTOMOVIL","1951","235","ABRIL","2026"
"BOGOTA D.C.","BOGOTA","PÚBLICO","ACTIVO","AUTOMOVIL","1951","3","ABRIL","2026"
"BOGOTA D.C.","BOGOTA","OFICIAL","ACTIVO","AUTOMOVIL","1951","4","ABRIL","2026"
"BOGOTA D.C.","BOGOTA","PARTICULAR","ACTIVO","BUS","1951","5","ABRIL","2026"
"BOGOTA D.C.","BOGOTA","PÚBLICO","ACTIVO","BUS","1951","7","ABRIL","2026"
"BOGOTA D.C.","BOGOTA","PÚBLICO","INCONSISTENTE","CAMION","1951","1","ABRIL","2026"
"BOGOTA D.C.","BOGOTA","PARTICULAR","ACTIVO","CAMION","1951","121","ABRIL","2026"
"BOGOTA D.C.","BOGOTA","PÚBLICO","ACTIVO","CAMION","1951","44","ABRIL","2026"
"BOGOTA D.C.","BOGOTA","OFICIAL","ACTIVO","CAMION","1951","1","ABRIL","2026"
"BOGOTA D.C.","BOGOTA","PARTICULAR","INCONSISTENTE","CAMION","1951","5","ABRIL","2026"
"BOGOTA D.C.","BOGOTA","PARTICULAR","ACTIVO","CAMIONETA","1951","423","ABRIL","2026"
"BOGOTA D.C.","BOGOTA","OFICIAL","ACTIVO","CAMIONETA","1951","2","ABRIL","2026"
"BOGOTA D.C.","BOGOTA","PÚBLICO","ACTIVO","CAMIONETA","1951","14","ABRIL","2026"
"BOGOTA D.C.","BOGOTA","PARTICULAR","INCONSISTENTE","CAMIONETA","1951","1","ABRIL","2026"
"BOGOTA D.C.","BOGOTA","PARTICULAR","ACTIVO","CAMPERO","1951","39","ABRIL","2026"
"BOGOTA D.C.","BOGOTA","PARTICULAR","INCONSISTENTE","CAMPERO","1951","1","ABRIL","2026"
"BOGOTA D.C.","BOGOTA","PARTICULAR","ACTIVO","MOTOCICLETA","1951","1","ABRIL","2026"
"BOGOTA D.C.","BOGOTA","PÚBLICO","ACTIVO","TRACTOCAMION","1951","1","ABRIL","2026"
"BOGOTA D.C.","BOGOTA","PARTICULAR","ACTIVO","VOLQUETA","1951","12","ABRIL","2026"
"BOGOTA D.C.","BOGOTA","PÚBLICO","ACTIVO","VOLQUETA","1951","5","ABRIL","2026"
"BOGOTA D.C.","BOGOTA","OFICIAL","ACTIVO","AUTOMOVIL","1952","15","ABRIL","2026"
"BOGOTA D.C.","BOGOTA","PÚBLICO","ACTIVO","AUTOMOVIL","1952","17","ABRIL","2026"
"BOGOTA D.C.","BOGOTA","PARTICULAR","ACTIVO","AUTOMOVIL","1952","711","ABRIL","2026"
"BOGOTA D.C.","BOGOTA","PARTICULAR","INCONSISTENTE","AUTOMOVIL","1952","11","ABRIL","2026"
"BOGOTA D.C.","BOGOTA","OFICIAL","INCONSISTENTE","AUTOMOVIL","1952","1","ABRIL","2026"
"BOGOTA D.C.","BOGOTA","PARTICULAR","ACTIVO","BUS","1952","7","ABRIL","2026"
"BOGOTA D.C.","BOGOTA","PÚBLICO","ACTIVO","BUS","1952","10","ABRIL","2026"
"BOGOTA D.C.","BOGOTA","PARTICULAR","INCONSISTENTE","BUS","1952","1","ABRIL","2026"
"BOGOTA D.C.","BOGOTA","PARTICULAR","ACTIVO","BUSETA","1952","1","ABRIL","2026"
"BOGOTA D.C.","BOGOTA","OFICIAL","ACTIVO","CAMION","1952","2","ABRIL","2026"
"BOGOTA D.C.","BOGOTA","PÚBLICO","ACTIVO","CAMION","1952","45","ABRIL","2026"
"BOGOTA D.C.","BOGOTA","PARTICULAR","INCONSISTENTE","CAMION","1952","3","ABRIL","2026"
"BOGOTA D.C.","BOGOTA","PARTICULAR","ACTIVO","CAMION","1952","112","ABRIL","2026"
"BOGOTA D.C.","BOGOTA","PARTICULAR","INCONSISTENTE","CAMIONETA","1952","12","ABRIL","2026"
"BOGOTA D.C.","BOGOTA","PARTICULAR","ACTIVO","CAMIONETA","1952","564","ABRIL","2026"
"BOGOTA D.C.","BOGOTA","OFICIAL","ACTIVO","CAMIONETA","1952","6","ABRIL","2026"
"BOGOTA D.C.","BOGOTA","PÚBLICO","ACTIVO","CAMIONETA","1952","15","ABRIL","2026"
"BOGOTA D.C.","BOGOTA","PARTICULAR","INCONSISTENTE","CAMPERO","1952","1","ABRIL","2026"
"BOGOTA D.C.","BOGOTA","PARTICULAR","ACTIVO","CAMPERO","1952","50","ABRIL","2026"
"BOGOTA D.C.","BOGOTA","PARTICULAR","ACTIVO","MICROBUS","1952","13","ABRIL","2026"
"BOGOTA D.C.","BOGOTA","PARTICULAR","ACTIVO","MOTOCICLETA","1952","3","ABRIL","2026"
"BOGOTA D.C.","BOGOTA","PÚBLICO","INCONSISTENTE","TRACTOCAMION","1952","1","ABRIL","2026"
"BOGOTA D.C.","BOGOTA","PÚBLICO","ACTIVO","TRACTOCAMION","1952","1","ABRIL","2026"
"BOGOTA D.C.","BOGOTA","PÚBLICO","ACTIVO","VOLQUETA","1952","9","ABRIL","2026"
"BOGOTA D.C.","BOGOTA","PARTICULAR","ACTIVO","VOLQUETA","1952","12","ABRIL","2026"
"BOGOTA D.C.","BOGOTA","PÚBLICO","ACTIVO","AUTOMOVIL","1953","43","ABRIL","2026"
"BOGOTA D.C.","BOGOTA","PARTICULAR","INCONSISTENTE","AUTOMOVIL","1953","37","ABRIL","2026"
"BOGOTA D.C.","BOGOTA","PARTICULAR","ACTIVO","AUTOMOVIL","1953","2498","ABRIL","2026"
"BOGOTA D.C.","BOGOTA","OFICIAL","ACTIVO","AUTOMOVIL","1953","27","ABRIL","2026"
"BOGOTA D.C.","BOGOTA","PÚBLICO","ACTIVO","BUS","1953","20","ABRIL","2026"
"BOGOTA D.C.","BOGOTA","PARTICULAR","ACTIVO","BUS","1953","26","ABRIL","2026"
"BOGOTA D.C.","BOGOTA","PARTICULAR","ACTIVO","BUSETA","1953","1","ABRIL","2026"
"BOGOTA D.C.","BOGOTA","PÚBLICO","ACTIVO","CAMION","1953","71","ABRIL","2026"
"BOGOTA D.C.","BOGOTA","PARTICULAR","INCONSISTENTE","CAMION","1953","6","ABRIL","2026"
"BOGOTA D.C.","BOGOTA","PÚBLICO","INCONSISTENTE","CAMION","1953","3","ABRIL","2026"
"BOGOTA D.C.","BOGOTA","PARTICULAR","ACTIVO","CAMION","1953","225","ABRIL","2026"
"BOGOTA D.C.","BOGOTA","PARTICULAR","ACTIVO","CAMIONETA","1953","874","ABRIL","2026"
"BOGOTA D.C.","BOGOTA","PÚBLICO","ACTIVO","CAMIONETA","1953","22","ABRIL","2026"
"BOGOTA D.C.","BOGOTA","OFICIAL","ACTIVO","CAMIONETA","1953","8","ABRIL","2026"
"BOGOTA D.C.","BOGOTA","PARTICULAR","INCONSISTENTE","CAMIONETA","1953","16","ABRIL","2026"
"BOGOTA D.C.","BOGOTA","PARTICULAR","ACTIVO","CAMPERO","1953","58","ABRIL","2026"
"BOGOTA D.C.","BOGOTA","PARTICULAR","INCONSISTENTE","CAMPERO","1953","4","ABRIL","2026"
"BOGOTA D.C.","BOGOTA","PARTICULAR","INCONSISTENTE","MICROBUS","1953","1","ABRIL","2026"
"BOGOTA D.C.","BOGOTA","PÚBLICO","ACTIVO","MICROBUS","1953","4","ABRIL","2026"
"BOGOTA D.C.","BOGOTA","PARTICULAR","ACTIVO","MICROBUS","1953","44","ABRIL","2026"
"BOGOTA D.C.","BOGOTA","PARTICULAR","ACTIVO","MOTOCICLETA","1953","3","ABRIL","2026"
"BOGOTA D.C.","BOGOTA","PÚBLICO","ACTIVO","TRACTOCAMION","1953","2","ABRIL","2026"
"BOGOTA D.C.","BOGOTA","PARTICULAR","ACTIVO","TRACTOCAMION","1953","1","ABRIL","2026"
"BOGOTA D.C.","BOGOTA","PARTICULAR","INCONSISTENTE","TRACTOCAMION","1953","1","ABRIL","2026"
"BOGOTA D.C.","BOGOTA","PÚBLICO","ACTIVO","VOLQUETA","1953","13","ABRIL","2026"
"BOGOTA D.C.","BOGOTA","PARTICULAR","ACTIVO","VOLQUETA","1953","9","ABRIL","2026"
"BOGOTA D.C.","BOGOTA","PARTICULAR","ACTIVO","AUTOMOVIL","1954","3253","ABRIL","2026"
"BOGOTA D.C.","BOGOTA","PARTICULAR","INCONSISTENTE","AUTOMOVIL","1954","43","ABRIL","2026"
"BOGOTA D.C.","BOGOTA","OFICIAL","ACTIVO","AUTOMOVIL","1954","39","ABRIL","2026"
"BOGOTA D.C.","BOGOTA","PÚBLICO","ACTIVO","AUTOMOVIL","1954","59","ABRIL","2026"
"BOGOTA D.C.","BOGOTA","PÚBLICO","ACTIVO","BUS","1954","24","ABRIL","2026"
"BOGOTA D.C.","BOGOTA","PARTICULAR","ACTIVO","BUS","1954","26","ABRIL","2026"
"BOGOTA D.C.","BOGOTA","PÚBLICO","ACTIVO","BUSETA","1954","1","ABRIL","2026"
"BOGOTA D.C.","BOGOTA","PARTICULAR","ACTIVO","BUSETA","1954","1","ABRIL","2026"
"BOGOTA D.C.","BOGOTA","PARTICULAR","INCONSISTENTE","CAMION","1954","16","ABRIL","2026"
"BOGOTA D.C.","BOGOTA","PÚBLICO","INCONSISTENTE","CAMION","1954","2","ABRIL","2026"
"BOGOTA D.C.","BOGOTA","OFICIAL","ACTIVO","CAMION","1954","2","ABRIL","2026"
"BOGOTA D.C.","BOGOTA","PÚBLICO","ACTIVO","CAMION","1954","141","ABRIL","2026"
"BOGOTA D.C.","BOGOTA","PARTICULAR","ACTIVO","CAMION","1954","297","ABRIL","2026"
"BOGOTA D.C.","BOGOTA","OFICIAL","ACTIVO","CAMIONETA","1954","11","ABRIL","2026"
"BOGOTA D.C.","BOGOTA","PARTICULAR","ACTIVO","CAMIONETA","1954","1161","ABRIL","2026"
"BOGOTA D.C.","BOGOTA","PARTICULAR","INCONSISTENTE","CAMIONETA","1954","20","ABRIL","2026"
"BOGOTA D.C.","BOGOTA","PÚBLICO","ACTIVO","CAMIONETA","1954","30","ABRIL","2026"
"BOGOTA D.C.","BOGOTA","PARTICULAR","INCONSISTENTE","CAMPERO","1954","5","ABRIL","2026"
"BOGOTA D.C.","BOGOTA","PARTICULAR","ACTIVO","CAMPERO","1954","89","ABRIL","2026"
"BOGOTA D.C.","BOGOTA","PARTICULAR","ACTIVO","MICROBUS","1954","23","ABRIL","2026"
"BOGOTA D.C.","BOGOTA","PÚBLICO","ACTIVO","MICROBUS","1954","4","ABRIL","2026"
"BOGOTA D.C.","BOGOTA","PARTICULAR","ACTIVO","MOTOCARRO","1954","1","ABRIL","2026"
"BOGOTA D.C.","BOGOTA","PARTICULAR","ACTIVO","MOTOCICLETA","1954","11","ABRIL","2026"
"BOGOTA D.C.","BOGOTA","PÚBLICO","ACTIVO","TRACTOCAMION","1954","1","ABRIL","2026"
"BOGOTA D.C.","BOGOTA","PÚBLICO","ACTIVO","VOLQUETA","1954","18","ABRIL","2026"
"BOGOTA D.C.","BOGOTA","PARTICULAR","ACTIVO","VOLQUETA","1954","14","ABRIL","2026"
"BOGOTA D.C.","BOGOTA","OFICIAL","ACTIVO","VOLQUETA","1954","2","ABRIL","2026"
"BOGOTA D.C.","BOGOTA","OFICIAL","ACTIVO","AUTOMOVIL","1955","33","ABRIL","2026"
"BOGOTA D.C.","BOGOTA","PARTICULAR","ACTIVO","AUTOMOVIL","1955","2619","ABRIL","2026"
"BOGOTA D.C.","BOGOTA","PÚBLICO","ACTIVO","AUTOMOVIL","1955","9","ABRIL","2026"
"BOGOTA D.C.","BOGOTA","PARTICULAR","INCONSISTENTE","AUTOMOVIL","1955","62","ABRIL","2026"
"BOGOTA D.C.","BOGOTA","PARTICULAR","INCONSISTENTE","BUS","1955","1","ABRIL","2026"
"BOGOTA D.C.","BOGOTA","PARTICULAR","ACTIVO","BUS","1955","24","ABRIL","2026"
"BOGOTA D.C.","BOGOTA","OFICIAL","ACTIVO","BUS","1955","2","ABRIL","2026"
"BOGOTA D.C.","BOGOTA","PÚBLICO","ACTIVO","BUS","1955","16","ABRIL","2026"
"BOGOTA D.C.","BOGOTA","PÚBLICO","ACTIVO","BUSETA","1955","1","ABRIL","2026"
"BOGOTA D.C.","BOGOTA","PARTICULAR","ACTIVO","BUSETA","1955","2","ABRIL","2026"
"BOGOTA D.C.","BOGOTA","PÚBLICO","ACTIVO","CAMION","1955","113","ABRIL","2026"
"BOGOTA D.C.","BOGOTA","PARTICULAR","INCONSISTENTE","CAMION","1955","11","ABRIL","2026"
"BOGOTA D.C.","BOGOTA","PÚBLICO","INCONSISTENTE","CAMION","1955","4","ABRIL","2026"
"BOGOTA D.C.","BOGOTA","PARTICULAR","ACTIVO","CAMION","1955","320","ABRIL","2026"
"BOGOTA D.C.","BOGOTA","OFICIAL","ACTIVO","CAMION","1955","3","ABRIL","2026"
"BOGOTA D.C.","BOGOTA","OFICIAL","ACTIVO","CAMIONETA","1955","15","ABRIL","2026"
"BOGOTA D.C.","BOGOTA","PÚBLICO","ACTIVO","CAMIONETA","1955","35","ABRIL","2026"
"BOGOTA D.C.","BOGOTA","PARTICULAR","ACTIVO","CAMIONETA","1955","1408","ABRIL","2026"
"BOGOTA D.C.","BOGOTA","OTROS","ACTIVO","CAMIONETA","1955","1","ABRIL","2026"
"BOGOTA D.C.","BOGOTA","PARTICULAR","INCONSISTENTE","CAMIONETA","1955","25","ABRIL","2026"
"BOGOTA D.C.","BOGOTA","PARTICULAR","ACTIVO","CAMPERO","1955","102","ABRIL","2026"
"BOGOTA D.C.","BOGOTA","PARTICULAR","INCONSISTENTE","CAMPERO","1955","6","ABRIL","2026"
"BOGOTA D.C.","BOGOTA","OFICIAL","ACTIVO","CAMPERO","1955","2","ABRIL","2026"
"BOGOTA D.C.","BOGOTA","PÚBLICO","ACTIVO","MICROBUS","1955","1","ABRIL","2026"
"BOGOTA D.C.","BOGOTA","PARTICULAR","ACTIVO","MICROBUS","1955","16","ABRIL","2026"
"BOGOTA D.C.","BOGOTA","PARTICULAR","ACTIVO","MOTOCICLETA","1955","3","ABRIL","2026"
"BOGOTA D.C.","BOGOTA","PÚBLICO","ACTIVO","TRACTOCAMION","1955","2","ABRIL","2026"
"BOGOTA D.C.","BOGOTA","PARTICULAR","ACTIVO","VOLQUETA","1955","22","ABRIL","2026"
"BOGOTA D.C.","BOGOTA","PÚBLICO","ACTIVO","VOLQUETA","1955","25","ABRIL","2026"
"BOGOTA D.C.","BOGOTA","OFICIAL","ACTIVO","AUTOMOVIL","1956","14","ABRIL","2026"
"BOGOTA D.C.","BOGOTA","PARTICULAR","INCONSISTENTE","AUTOMOVIL","1956","15","ABRIL","2026"
"BOGOTA D.C.","BOGOTA","PARTICULAR","ACTIVO","AUTOMOVIL","1956","1064","ABRIL","2026"
"BOGOTA D.C.","BOGOTA","PÚBLICO","ACTIVO","AUTOMOVIL","1956","7","ABRIL","2026"
"BOGOTA D.C.","BOGOTA","PÚBLICO","ACTIVO","BUS","1956","8","ABRIL","2026"
"BOGOTA D.C.","BOGOTA","PARTICULAR","INCONSISTENTE","BUS","1956","6","ABRIL","2026"
"BOGOTA D.C.","BOGOTA","PARTICULAR","ACTIVO","BUS","1956","33","ABRIL","2026"
"BOGOTA D.C.","BOGOTA","PÚBLICO","INCONSISTENTE","BUS","1956","1","ABRIL","2026"
"BOGOTA D.C.","BOGOTA","OFICIAL","ACTIVO","BUS","1956","1","ABRIL","2026"
"BOGOTA D.C.","BOGOTA","PARTICULAR","ACTIVO","BUSETA","1956","1","ABRIL","2026"
"BOGOTA D.C.","BOGOTA","PÚBLICO","ACTIVO","BUSETA","1956","1","ABRIL","2026"
"BOGOTA D.C.","BOGOTA","PÚBLICO","INCONSISTENTE","CAMION","1956","4","ABRIL","2026"
"BOGOTA D.C.","BOGOTA","PARTICULAR","INCONSISTENTE","CAMION","1956","11","ABRIL","2026"
"BOGOTA D.C.","BOGOTA","OFICIAL","ACTIVO","CAMION","1956","5","ABRIL","2026"
"BOGOTA D.C.","BOGOTA","PÚBLICO","ACTIVO","CAMION","1956","104","ABRIL","2026"
"BOGOTA D.C.","BOGOTA","PARTICULAR","ACTIVO","CAMION","1956","283","ABRIL","2026"
"BOGOTA D.C.","BOGOTA","PARTICULAR","ACTIVO","CAMIONETA","1956","1201","ABRIL","2026"
"BOGOTA D.C.","BOGOTA","PÚBLICO","ACTIVO","CAMIONETA","1956","41","ABRIL","2026"
"BOGOTA D.C.","BOGOTA","OFICIAL","ACTIVO","CAMIONETA","1956","12","ABRIL","2026"
"BOGOTA D.C.","BOGOTA","PARTICULAR","INCONSISTENTE","CAMIONETA","1956","22","ABRIL","2026"
"BOGOTA D.C.","BOGOTA","PARTICULAR","INCONSISTENTE","CAMPERO","1956","3","ABRIL","2026"
"BOGOTA D.C.","BOGOTA","OFICIAL","ACTIVO","CAMPERO","1956","1","ABRIL","2026"
"BOGOTA D.C.","BOGOTA","PARTICULAR","ACTIVO","CAMPERO","1956","38","ABRIL","2026"
"BOGOTA D.C.","BOGOTA","PARTICULAR","ACTIVO","MAQ. INDUSTRIAL","1956","1","ABRIL","2026"
"BOGOTA D.C.","BOGOTA","PÚBLICO","ACTIVO","MICROBUS","1956","1","ABRIL","2026"
"BOGOTA D.C.","BOGOTA","PARTICULAR","ACTIVO","MICROBUS","1956","6","ABRIL","2026"
"BOGOTA D.C.","BOGOTA","PARTICULAR","ACTIVO","MOTOCICLETA","1956","5","ABRIL","2026"
"BOGOTA D.C.","BOGOTA","PARTICULAR","INCONSISTENTE","TRACTOCAMION","1956","2","ABRIL","2026"
"BOGOTA D.C.","BOGOTA","PÚBLICO","ACTIVO","TRACTOCAMION","1956","3","ABRIL","2026"
"BOGOTA D.C.","BOGOTA","PARTICULAR","ACTIVO","TRACTOCAMION","1956","3","ABRIL","2026"
"BOGOTA D.C.","BOGOTA","PARTICULAR","ACTIVO","VOLQUETA","1956","16","ABRIL","2026"
"BOGOTA D.C.","BOGOTA","PÚBLICO","ACTIVO","VOLQUETA","1956","15","ABRIL","2026"
"BOGOTA D.C.","BOGOTA","PARTICULAR","INCONSISTENTE","AUTOMOVIL","1957","14","ABRIL","2026"
"BOGOTA D.C.","BOGOTA","PÚBLICO","ACTIVO","AUTOMOVIL","1957","7","ABRIL","2026"
"BOGOTA D.C.","BOGOTA","OFICIAL","ACTIVO","AUTOMOVIL","1957","9","ABRIL","2026"
"BOGOTA D.C.","BOGOTA","PARTICULAR","ACTIVO","AUTOMOVIL","1957","712","ABRIL","2026"
"BOGOTA D.C.","BOGOTA","PARTICULAR","ACTIVO","BUS","1957","20","ABRIL","2026"
"BOGOTA D.C.","BOGOTA","PÚBLICO","ACTIVO","BUS","1957","3","ABRIL","2026"
"BOGOTA D.C.","BOGOTA","PÚBLICO","INCONSISTENTE","BUS","1957","1","ABRIL","2026"
"BOGOTA D.C.","BOGOTA","OFICIAL","ACTIVO","BUS","1957","1","ABRIL","2026"
"BOGOTA D.C.","BOGOTA","PARTICULAR","ACTIVO","BUSETA","1957","2","ABRIL","2026"
"BOGOTA D.C.","BOGOTA","PÚBLICO","ACTIVO","CAMION","1957","36","ABRIL","2026"
"BOGOTA D.C.","BOGOTA","PARTICULAR","INCONSISTENTE","CAMION","1957","10","ABRIL","2026"
"BOGOTA D.C.","BOGOTA","PARTICULAR","ACTIVO","CAMION","1957","106","ABRIL","2026"
"BOGOTA D.C.","BOGOTA","PÚBLICO","INCONSISTENTE","CAMION","1957","3","ABRIL","2026"
"BOGOTA D.C.","BOGOTA","PÚBLICO","ACTIVO","CAMIONETA","1957","20","ABRIL","2026"
"BOGOTA D.C.","BOGOTA","PARTICULAR","ACTIVO","CAMIONETA","1957","452","ABRIL","2026"
"BOGOTA D.C.","BOGOTA","PARTICULAR","INCONSISTENTE","CAMIONETA","1957","5","ABRIL","2026"
"BOGOTA D.C.","BOGOTA","OFICIAL","ACTIVO","CAMIONETA","1957","12","ABRIL","2026"
"BOGOTA D.C.","BOGOTA","PARTICULAR","INCONSISTENTE","CAMPERO","1957","2","ABRIL","2026"
"BOGOTA D.C.","BOGOTA","OFICIAL","ACTIVO","CAMPERO","1957","1","ABRIL","2026"
"BOGOTA D.C.","BOGOTA","PARTICULAR","ACTIVO","CAMPERO","1957","19","ABRIL","2026"
"BOGOTA D.C.","BOGOTA","PARTICULAR","ACTIVO","MICROBUS","1957","5","ABRIL","2026"
"BOGOTA D.C.","BOGOTA","PÚBLICO","ACTIVO","MICROBUS","1957","1","ABRIL","2026"
"BOGOTA D.C.","BOGOTA","PARTICULAR","ACTIVO","MOTOCICLETA","1957","5","ABRIL","2026"
"BOGOTA D.C.","BOGOTA","PÚBLICO","ACTIVO","TRACTOCAMION","1957","1","ABRIL","2026"
"BOGOTA D.C.","BOGOTA","PÚBLICO","ACTIVO","VOLQUETA","1957","6","ABRIL","2026"
"BOGOTA D.C.","BOGOTA","PARTICULAR","ACTIVO","VOLQUETA","1957","4","ABRIL","2026"
"BOGOTA D.C.","BOGOTA","PARTICULAR","ACTIVO","AUTOMOVIL","1958","396","ABRIL","2026"
"BOGOTA D.C.","BOGOTA","PÚBLICO","ACTIVO","AUTOMOVIL","1958","2","ABRIL","2026"
"BOGOTA D.C.","BOGOTA","OFICIAL","ACTIVO","AUTOMOVIL","1958","5","ABRIL","2026"
"BOGOTA D.C.","BOGOTA","PARTICULAR","INCONSISTENTE","AUTOMOVIL","1958","12","ABRIL","2026"
"BOGOTA D.C.","BOGOTA","PARTICULAR","ACTIVO","BUS","1958","7","ABRIL","2026"
"BOGOTA D.C.","BOGOTA","PARTICULAR","INCONSISTENTE","BUS","1958","1","ABRIL","2026"
"BOGOTA D.C.","BOGOTA","PÚBLICO","ACTIVO","BUS","1958","4","ABRIL","2026"
"BOGOTA D.C.","BOGOTA","PARTICULAR","ACTIVO","CAMION","1958","56","ABRIL","2026"
"BOGOTA D.C.","BOGOTA","PÚBLICO","INCONSISTENTE","CAMION","1958","3","ABRIL","2026"
"BOGOTA D.C.","BOGOTA","OFICIAL","ACTIVO","CAMION","1958","2","ABRIL","2026"
"BOGOTA D.C.","BOGOTA","PARTICULAR","INCONSISTENTE","CAMION","1958","8","ABRIL","2026"
"BOGOTA D.C.","BOGOTA","PÚBLICO","ACTIVO","CAMION","1958","21","ABRIL","2026"
"BOGOTA D.C.","BOGOTA","PÚBLICO","ACTIVO","CAMIONETA","1958","12","ABRIL","2026"
"BOGOTA D.C.","BOGOTA","OFICIAL","ACTIVO","CAMIONETA","1958","4","ABRIL","2026"
"BOGOTA D.C.","BOGOTA","PARTICULAR","INCONSISTENTE","CAMIONETA","1958","7","ABRIL","2026"
"BOGOTA D.C.","BOGOTA","PARTICULAR","ACTIVO","CAMIONETA","1958","296","ABRIL","2026"
"BOGOTA D.C.","BOGOTA","PÚBLICO","INCONSISTENTE","CAMIONETA","1958","1","ABRIL","2026"
"BOGOTA D.C.","BOGOTA","PARTICULAR","INCONSISTENTE","CAMPERO","1958","1","ABRIL","2026"
"BOGOTA D.C.","BOGOTA","PARTICULAR","ACTIVO","CAMPERO","1958","14","ABRIL","2026"
"BOGOTA D.C.","BOGOTA","OFICIAL","ACTIVO","CAMPERO","1958","1","ABRIL","2026"
"BOGOTA D.C.","BOGOTA","PARTICULAR","ACTIVO","MAQ. INDUSTRIAL","1958","3","ABRIL","2026"
"BOGOTA D.C.","BOGOTA","PARTICULAR","ACTIVO","MICROBUS","1958","6","ABRIL","2026"
"BOGOTA D.C.","BOGOTA","PARTICULAR","ACTIVO","MOTOCICLETA","1958","1","ABRIL","2026"
"BOGOTA D.C.","BOGOTA","PARTICULAR","ACTIVO","TRACTOCAMION","1958","1","ABRIL","2026"
"BOGOTA D.C.","BOGOTA","PÚBLICO","ACTIVO","VOLQUETA","1958","1","ABRIL","2026"
"BOGOTA D.C.","BOGOTA","PARTICULAR","ACTIVO","VOLQUETA","1958","3","ABRIL","2026"
"BOGOTA D.C.","BOGOTA","PARTICULAR","INCONSISTENTE","AUTOMOVIL","1959","8","ABRIL","2026"
"BOGOTA D.C.","BOGOTA","PARTICULAR","ACTIVO","AUTOMOVIL","1959","287","ABRIL","2026"
"BOGOTA D.C.","BOGOTA","OFICIAL","ACTIVO","AUTOMOVIL","1959","6","ABRIL","2026"
"BOGOTA D.C.","BOGOTA","PÚBLICO","ACTIVO","AUTOMOVIL","1959","1","ABRIL","2026"
"BOGOTA D.C.","BOGOTA","PARTICULAR","INCONSISTENTE","BUS","1959","3","ABRIL","2026"
"BOGOTA D.C.","BOGOTA","PÚBLICO","ACTIVO","BUS","1959","13","ABRIL","2026"
"BOGOTA D.C.","BOGOTA","PARTICULAR","ACTIVO","BUS","1959","27","ABRIL","2026"
"BOGOTA D.C.","BOGOTA","OFICIAL","ACTIVO","BUS","1959","1","ABRIL","2026"
"BOGOTA D.C.","BOGOTA","PARTICULAR","ACTIVO","BUSETA","1959","4","ABRIL","2026"
"BOGOTA D.C.","BOGOTA","PARTICULAR","ACTIVO","CAMION","1959","148","ABRIL","2026"
"BOGOTA D.C.","BOGOTA","PÚBLICO","ACTIVO","CAMION","1959","42","ABRIL","2026"
"BOGOTA D.C.","BOGOTA","PARTICULAR","INCONSISTENTE","CAMION","1959","9","ABRIL","2026"
"BOGOTA D.C.","BOGOTA","PÚBLICO","INCONSISTENTE","CAMION","1959","1","ABRIL","2026"
"BOGOTA D.C.","BOGOTA","OFICIAL","ACTIVO","CAMIONETA","1959","5","ABRIL","2026"
"BOGOTA D.C.","BOGOTA","PARTICULAR","INCONSISTENTE","CAMIONETA","1959","22","ABRIL","2026"
"BOGOTA D.C.","BOGOTA","PARTICULAR","ACTIVO","CAMIONETA","1959","471","ABRIL","2026"
"BOGOTA D.C.","BOGOTA","PÚBLICO","ACTIVO","CAMIONETA","1959","19","ABRIL","2026"
"BOGOTA D.C.","BOGOTA","PARTICULAR","INCONSISTENTE","CAMPERO","1959","4","ABRIL","2026"
"BOGOTA D.C.","BOGOTA","PARTICULAR","ACTIVO","CAMPERO","1959","59","ABRIL","2026"
"BOGOTA D.C.","BOGOTA","OFICIAL","ACTIVO","CAMPERO","1959","1","ABRIL","2026"
"BOGOTA D.C.","BOGOTA","PÚBLICO","ACTIVO","MICROBUS","1959","1","ABRIL","2026"
"BOGOTA D.C.","BOGOTA","PARTICULAR","ACTIVO","MICROBUS","1959","5","ABRIL","2026"
"BOGOTA D.C.","BOGOTA","PARTICULAR","ACTIVO","MOTOCICLETA","1959","2","ABRIL","2026"
"BOGOTA D.C.","BOGOTA","PARTICULAR","ACTIVO","VOLQUETA","1959","11","ABRIL","2026"
"BOGOTA D.C.","BOGOTA","PÚBLICO","ACTIVO","VOLQUETA","1959","5","ABRIL","2026"
"BOGOTA D.C.","BOGOTA","PÚBLICO","ACTIVO","AUTOMOVIL","1960","41","ABRIL","2026"
"BOGOTA D.C.","BOGOTA","PARTICULAR","INCONSISTENTE","AUTOMOVIL","1960","10","ABRIL","2026"
"BOGOTA D.C.","BOGOTA","PARTICULAR","ACTIVO","AUTOMOVIL","1960","952","ABRIL","2026"
"BOGOTA D.C.","BOGOTA","PÚBLICO","INCONSISTENTE","AUTOMOVIL","1960","2","ABRIL","2026"
"BOGOTA D.C.","BOGOTA","OFICIAL","ACTIVO","AUTOMOVIL","1960","15","ABRIL","2026"
"BOGOTA D.C.","BOGOTA","OFICIAL","ACTIVO","BUS","1960","2","ABRIL","2026"
"BOGOTA D.C.","BOGOTA","PARTICULAR","INCONSISTENTE","BUS","1960","2","ABRIL","2026"
"BOGOTA D.C.","BOGOTA","PÚBLICO","ACTIVO","BUS","1960","43","ABRIL","2026"
"BOGOTA D.C.","BOGOTA","PÚBLICO","INCONSISTENTE","BUS","1960","2","ABRIL","2026"
"BOGOTA D.C.","BOGOTA","PARTICULAR","ACTIVO","BUS","1960","92","ABRIL","2026"
"BOGOTA D.C.","BOGOTA","PARTICULAR","ACTIVO","BUSETA","1960","2","ABRIL","2026"
"BOGOTA D.C.","BOGOTA","PÚBLICO","ACTIVO","BUSETA","1960","1","ABRIL","2026"
"BOGOTA D.C.","BOGOTA","PÚBLICO","ACTIVO","CAMION","1960","80","ABRIL","2026"
"BOGOTA D.C.","BOGOTA","PARTICULAR","ACTIVO","CAMION","1960","214","ABRIL","2026"
"BOGOTA D.C.","BOGOTA","PARTICULAR","INCONSISTENTE","CAMION","1960","17","ABRIL","2026"
"BOGOTA D.C.","BOGOTA","OFICIAL","ACTIVO","CAMION","1960","4","ABRIL","2026"
"BOGOTA D.C.","BOGOTA","PARTICULAR","ACTIVO","CAMIONETA","1960","540","ABRIL","2026"
"BOGOTA D.C.","BOGOTA","PARTICULAR","INCONSISTENTE","CAMIONETA","1960","17","ABRIL","2026"
"BOGOTA D.C.","BOGOTA","OFICIAL","ACTIVO","CAMIONETA","1960","3","ABRIL","2026"
"BOGOTA D.C.","BOGOTA","PÚBLICO","ACTIVO","CAMIONETA","1960","20","ABRIL","2026"
"BOGOTA D.C.","BOGOTA","PÚBLICO","INCONSISTENTE","CAMIONETA","1960","2","ABRIL","2026"
"BOGOTA D.C.","BOGOTA","PARTICULAR","INCONSISTENTE","CAMPERO","1960","11","ABRIL","2026"
"BOGOTA D.C.","BOGOTA","PARTICULAR","ACTIVO","CAMPERO","1960","116","ABRIL","2026"
"BOGOTA D.C.","BOGOTA","PARTICULAR","ACTIVO","MICROBUS","1960","3","ABRIL","2026"
"BOGOTA D.C.","BOGOTA","PARTICULAR","ACTIVO","MOTOCICLETA","1960","3","ABRIL","2026"
"BOGOTA D.C.","BOGOTA","PARTICULAR","ACTIVO","VOLQUETA","1960","6","ABRIL","2026"
"BOGOTA D.C.","BOGOTA","PÚBLICO","ACTIVO","VOLQUETA","1960","9","ABRIL","2026"
"BOGOTA D.C.","BOGOTA","PÚBLICO","INCONSISTENTE","AUTOMOVIL","1961","10","ABRIL","2026"
"BOGOTA D.C.","BOGOTA","PARTICULAR","ACTIVO","AUTOMOVIL","1961","3010","ABRIL","2026"
"BOGOTA D.C.","BOGOTA","PARTICULAR","INCONSISTENTE","AUTOMOVIL","1961","45","ABRIL","2026"
"BOGOTA D.C.","BOGOTA","PÚBLICO","ACTIVO","AUTOMOVIL","1961","209","ABRIL","2026"
"BOGOTA D.C.","BOGOTA","OFICIAL","ACTIVO","AUTOMOVIL","1961","29","ABRIL","2026"
"BOGOTA D.C.","BOGOTA","PÚBLICO","ACTIVO","BUS","1961","52","ABRIL","2026"
"BOGOTA D.C.","BOGOTA","PÚBLICO","INCONSISTENTE","BUS","1961","2","ABRIL","2026"
"BOGOTA D.C.","BOGOTA","PARTICULAR","ACTIVO","BUS","1961","110","ABRIL","2026"
"BOGOTA D.C.","BOGOTA","PARTICULAR","INCONSISTENTE","BUS","1961","3","ABRIL","2026"
"BOGOTA D.C.","BOGOTA","PARTICULAR","ACTIVO","BUSETA","1961","2","ABRIL","2026"
"BOGOTA D.C.","BOGOTA","PARTICULAR","INCONSISTENTE","CAMION","1961","7","ABRIL","2026"
"BOGOTA D.C.","BOGOTA","PARTICULAR","ACTIVO","CAMION","1961","100","ABRIL","2026"
"BOGOTA D.C.","BOGOTA","PÚBLICO","ACTIVO","CAMION","1961","28","ABRIL","2026"
"BOGOTA D.C.","BOGOTA","PARTICULAR","INCONSISTENTE","CAMIONETA","1961","5","ABRIL","2026"
"BOGOTA D.C.","BOGOTA","OFICIAL","ACTIVO","CAMIONETA","1961","8","ABRIL","2026"
"BOGOTA D.C.","BOGOTA","PARTICULAR","ACTIVO","CAMIONETA","1961","290","ABRIL","2026"
"BOGOTA D.C.","BOGOTA","PÚBLICO","ACTIVO","CAMIONETA","1961","9","ABRIL","2026"
"BOGOTA D.C.","BOGOTA","OFICIAL","ACTIVO","CAMPERO","1961","8","ABRIL","2026"
"BOGOTA D.C.","BOGOTA","PARTICULAR","ACTIVO","CAMPERO","1961","207","ABRIL","2026"
"BOGOTA D.C.","BOGOTA","PARTICULAR","INCONSISTENTE","CAMPERO","1961","13","ABRIL","2026"
"BOGOTA D.C.","BOGOTA","OFICIAL","ACTIVO","MAQ. AGRICOLA","1961","1","ABRIL","2026"
"BOGOTA D.C.","BOGOTA","PARTICULAR","ACTIVO","MICROBUS","1961","4","ABRIL","2026"
"BOGOTA D.C.","BOGOTA","PARTICULAR","ACTIVO","MOTOCICLETA","1961","4","ABRIL","2026"
"BOGOTA D.C.","BOGOTA","PARTICULAR","ACTIVO","TRACTOCAMION","1961","1","ABRIL","2026"
"BOGOTA D.C.","BOGOTA","PARTICULAR","INCONSISTENTE","TRACTOCAMION","1961","1","ABRIL","2026"
"BOGOTA D.C.","BOGOTA","PÚBLICO","ACTIVO","VOLQUETA","1961","11","ABRIL","2026"
"BOGOTA D.C.","BOGOTA","PARTICULAR","ACTIVO","VOLQUETA","1961","6","ABRIL","2026"
"BOGOTA D.C.","BOGOTA","PÚBLICO","ACTIVO","AUTOMOVIL","1962","4","ABRIL","2026"
"BOGOTA D.C.","BOGOTA","OTROS","ACTIVO","AUTOMOVIL","1962","2","ABRIL","2026"
"BOGOTA D.C.","BOGOTA","PARTICULAR","ACTIVO","AUTOMOVIL","1962","974","ABRIL","2026"
"BOGOTA D.C.","BOGOTA","OFICIAL","ACTIVO","AUTOMOVIL","1962","33","ABRIL","2026"
"BOGOTA D.C.","BOGOTA","PARTICULAR","INCONSISTENTE","AUTOMOVIL","1962","12","ABRIL","2026"
"BOGOTA D.C.","BOGOTA","PARTICULAR","ACTIVO","BUS","1962","81","ABRIL","2026"
"BOGOTA D.C.","BOGOTA","PÚBLICO","INCONSISTENTE","BUS","1962","1","ABRIL","2026"
"BOGOTA D.C.","BOGOTA","PARTICULAR","INCONSISTENTE","BUS","1962","3","ABRIL","2026"
"BOGOTA D.C.","BOGOTA","PÚBLICO","ACTIVO","BUS","1962","35","ABRIL","2026"
"BOGOTA D.C.","BOGOTA","OFICIAL","ACTIVO","BUS","1962","3","ABRIL","2026"
"BOGOTA D.C.","BOGOTA","PARTICULAR","ACTIVO","BUSETA","1962","3","ABRIL","2026"
"BOGOTA D.C.","BOGOTA","PÚBLICO","ACTIVO","BUSETA","1962","3","ABRIL","2026"
"BOGOTA D.C.","BOGOTA","PÚBLICO","ACTIVO","CAMION","1962","11","ABRIL","2026"
"BOGOTA D.C.","BOGOTA","PARTICULAR","INCONSISTENTE","CAMION","1962","6","ABRIL","2026"
"BOGOTA D.C.","BOGOTA","PARTICULAR","ACTIVO","CAMION","1962","99","ABRIL","2026"
"BOGOTA D.C.","BOGOTA","OFICIAL","ACTIVO","CAMION","1962","2","ABRIL","2026"
"BOGOTA D.C.","BOGOTA","PÚBLICO","INCONSISTENTE","CAMIONETA","1962","1","ABRIL","2026"
"BOGOTA D.C.","BOGOTA","PARTICULAR","ACTIVO","CAMIONETA","1962","263","ABRIL","2026"
"BOGOTA D.C.","BOGOTA","OFICIAL","ACTIVO","CAMIONETA","1962","12","ABRIL","2026"
"BOGOTA D.C.","BOGOTA","PARTICULAR","INCONSISTENTE","CAMIONETA","1962","11","ABRIL","2026"
"BOGOTA D.C.","BOGOTA","PÚBLICO","ACTIVO","CAMIONETA","1962","7","ABRIL","2026"
"BOGOTA D.C.","BOGOTA","PARTICULAR","ACTIVO","CAMPERO","1962","257","ABRIL","2026"
"BOGOTA D.C.","BOGOTA","PARTICULAR","INCONSISTENTE","CAMPERO","1962","18","ABRIL","2026"
"BOGOTA D.C.","BOGOTA","OFICIAL","ACTIVO","CAMPERO","1962","21","ABRIL","2026"
"BOGOTA D.C.","BOGOTA","PÚBLICO","ACTIVO","CAMPERO","1962","1","ABRIL","2026"
"BOGOTA D.C.","BOGOTA","PARTICULAR","INCONSISTENTE","MAQ. AGRICOLA","1962","1","ABRIL","2026"
"BOGOTA D.C.","BOGOTA","PARTICULAR","ACTIVO","MAQ. INDUSTRIAL","1962","1","ABRIL","2026"
"BOGOTA D.C.","BOGOTA","PARTICULAR","ACTIVO","MICROBUS","1962","2","ABRIL","2026"
"BOGOTA D.C.","BOGOTA","PÚBLICO","ACTIVO","MICROBUS","1962","1","ABRIL","2026"
"BOGOTA D.C.","BOGOTA","PARTICULAR","ACTIVO","MOTOCICLETA","1962","17","ABRIL","2026"
"BOGOTA D.C.","BOGOTA","PARTICULAR","ACTIVO","VOLQUETA","1962","7","ABRIL","2026"
"BOGOTA D.C.","BOGOTA","PÚBLICO","ACTIVO","VOLQUETA","1962","6","ABRIL","2026"
"BOGOTA D.C.","BOGOTA","PARTICULAR","INCONSISTENTE","AUTOMOVIL","1963","10","ABRIL","2026"
"BOGOTA D.C.","BOGOTA","OFICIAL","ACTIVO","AUTOMOVIL","1963","15","ABRIL","2026"
"BOGOTA D.C.","BOGOTA","PARTICULAR","ACTIVO","AUTOMOVIL","1963","380","ABRIL","2026"
"BOGOTA D.C.","BOGOTA","PÚBLICO","ACTIVO","AUTOMOVIL","1963","3","ABRIL","2026"
"BOGOTA D.C.","BOGOTA","PARTICULAR","ACTIVO","BUS","1963","70","ABRIL","2026"
"BOGOTA D.C.","BOGOTA","PÚBLICO","INCONSISTENTE","BUS","1963","1","ABRIL","2026"
"BOGOTA D.C.","BOGOTA","OFICIAL","ACTIVO","BUS","1963","2","ABRIL","2026"
"BOGOTA D.C.","BOGOTA","PÚBLICO","ACTIVO","BUS","1963","30","ABRIL","2026"
"BOGOTA D.C.","BOGOTA","PARTICULAR","INCONSISTENTE","BUS","1963","3","ABRIL","2026"
"BOGOTA D.C.","BOGOTA","PARTICULAR","ACTIVO","CAMION","1963","119","ABRIL","2026"
"BOGOTA D.C.","BOGOTA","OFICIAL","ACTIVO","CAMION","1963","8","ABRIL","2026"
"BOGOTA D.C.","BOGOTA","PÚBLICO","ACTIVO","CAMION","1963","30","ABRIL","2026"
"BOGOTA D.C.","BOGOTA","PARTICULAR","INCONSISTENTE","CAMION","1963","12","ABRIL","2026"
"BOGOTA D.C.","BOGOTA","PÚBLICO","ACTIVO","CAMIONETA","1963","16","ABRIL","2026"
"BOGOTA D.C.","BOGOTA","PARTICULAR","INCONSISTENTE","CAMIONETA","1963","13","ABRIL","2026"
"BOGOTA D.C.","BOGOTA","OFICIAL","ACTIVO","CAMIONETA","1963","13","ABRIL","2026"
"BOGOTA D.C.","BOGOTA","PARTICULAR","ACTIVO","CAMIONETA","1963","366","ABRIL","2026"
"BOGOTA D.C.","BOGOTA","PARTICULAR","INCONSISTENTE","CAMPERO","1963","12","ABRIL","2026"
"BOGOTA D.C.","BOGOTA","PARTICULAR","ACTIVO","CAMPERO","1963","139","ABRIL","2026"
"BOGOTA D.C.","BOGOTA","OFICIAL","ACTIVO","CAMPERO","1963","3","ABRIL","2026"
"BOGOTA D.C.","BOGOTA","PARTICULAR","ACTIVO","MAQ. INDUSTRIAL","1963","3","ABRIL","2026"
"BOGOTA D.C.","BOGOTA","PARTICULAR","ACTIVO","MICROBUS","1963","48","ABRIL","2026"
"BOGOTA D.C.","BOGOTA","PARTICULAR","INCONSISTENTE","MICROBUS","1963","1","ABRIL","2026"
"BOGOTA D.C.","BOGOTA","PÚBLICO","ACTIVO","MICROBUS","1963","11","ABRIL","2026"
"BOGOTA D.C.","BOGOTA","PARTICULAR","ACTIVO","MOTOCARRO","1963","4","ABRIL","2026"
"BOGOTA D.C.","BOGOTA","PARTICULAR","ACTIVO","MOTOCICLETA","1963","46","ABRIL","2026"
"BOGOTA D.C.","BOGOTA","PÚBLICO","ACTIVO","TRACTOCAMION","1963","1","ABRIL","2026"
"BOGOTA D.C.","BOGOTA","PARTICULAR","ACTIVO","TRACTOCAMION","1963","2","ABRIL","2026"
"BOGOTA D.C.","BOGOTA","PÚBLICO","INCONSISTENTE","TRACTOCAMION","1963","1","ABRIL","2026"
"BOGOTA D.C.","BOGOTA","PÚBLICO","ACTIVO","VOLQUETA","1963","7","ABRIL","2026"
"BOGOTA D.C.","BOGOTA","PARTICULAR","ACTIVO","VOLQUETA","1963","5","ABRIL","2026"
"BOGOTA D.C.","BOGOTA","PARTICULAR","ACTIVO","AUTOMOVIL","1964","484","ABRIL","2026"
"BOGOTA D.C.","BOGOTA","PARTICULAR","INCONSISTENTE","AUTOMOVIL","1964","18","ABRIL","2026"
"BOGOTA D.C.","BOGOTA","OFICIAL","ACTIVO","AUTOMOVIL","1964","7","ABRIL","2026"
"BOGOTA D.C.","BOGOTA","PÚBLICO","ACTIVO","AUTOMOVIL","1964","3","ABRIL","2026"
"BOGOTA D.C.","BOGOTA","PÚBLICO","INCONSISTENTE","BUS","1964","2","ABRIL","2026"
"BOGOTA D.C.","BOGOTA","PARTICULAR","ACTIVO","BUS","1964","18","ABRIL","2026"
"BOGOTA D.C.","BOGOTA","OFICIAL","ACTIVO","BUS","1964","2","ABRIL","2026"
"BOGOTA D.C.","BOGOTA","PÚBLICO","ACTIVO","BUS","1964","7","ABRIL","2026"
"BOGOTA D.C.","BOGOTA","PÚBLICO","ACTIVO","BUSETA","1964","1","ABRIL","2026"
"BOGOTA D.C.","BOGOTA","PARTICULAR","ACTIVO","BUSETA","1964","1","ABRIL","2026"
"BOGOTA D.C.","BOGOTA","PARTICULAR","INCONSISTENTE","CAMION","1964","7","ABRIL","2026"
"BOGOTA D.C.","BOGOTA","PARTICULAR","ACTIVO","CAMION","1964","72","ABRIL","2026"
"BOGOTA D.C.","BOGOTA","PÚBLICO","ACTIVO","CAMION","1964","19","ABRIL","2026"
"BOGOTA D.C.","BOGOTA","PÚBLICO","ACTIVO","CAMIONETA","1964","5","ABRIL","2026"
"BOGOTA D.C.","BOGOTA","PARTICULAR","ACTIVO","CAMIONETA","1964","415","ABRIL","2026"
"BOGOTA D.C.","BOGOTA","OFICIAL","ACTIVO","CAMIONETA","1964","16","ABRIL","2026"
"BOGOTA D.C.","BOGOTA","PARTICULAR","INCONSISTENTE","CAMIONETA","1964","11","ABRIL","2026"
"BOGOTA D.C.","BOGOTA","PARTICULAR","ACTIVO","CAMPERO","1964","140","ABRIL","2026"
"BOGOTA D.C.","BOGOTA","PARTICULAR","INCONSISTENTE","CAMPERO","1964","12","ABRIL","2026"
"BOGOTA D.C.","BOGOTA","PÚBLICO","ACTIVO","CAMPERO","1964","1","ABRIL","2026"
"BOGOTA D.C.","BOGOTA","OFICIAL","ACTIVO","CAMPERO","1964","13","ABRIL","2026"
"BOGOTA D.C.","BOGOTA","PARTICULAR","ACTIVO","MAQ. INDUSTRIAL","1964","3","ABRIL","2026"
"BOGOTA D.C.","BOGOTA","PARTICULAR","ACTIVO","MICROBUS","1964","53","ABRIL","2026"
"BOGOTA D.C.","BOGOTA","PÚBLICO","ACTIVO","MICROBUS","1964","11","ABRIL","2026"
"BOGOTA D.C.","BOGOTA","OFICIAL","ACTIVO","MICROBUS","1964","1","ABRIL","2026"
"BOGOTA D.C.","BOGOTA","PARTICULAR","INCONSISTENTE","MICROBUS","1964","3","ABRIL","2026"
"BOGOTA D.C.","BOGOTA","PARTICULAR","ACTIVO","MOTOCARRO","1964","1","ABRIL","2026"
"BOGOTA D.C.","BOGOTA","PARTICULAR","INCONSISTENTE","MOTOCICLETA","1964","2","ABRIL","2026"
"BOGOTA D.C.","BOGOTA","OFICIAL","ACTIVO","MOTOCICLETA","1964","2","ABRIL","2026"
"BOGOTA D.C.","BOGOTA","PARTICULAR","ACTIVO","MOTOCICLETA","1964","32","ABRIL","2026"
"BOGOTA D.C.","BOGOTA","PÚBLICO","ACTIVO","TRACTOCAMION","1964","2","ABRIL","2026"
"BOGOTA D.C.","BOGOTA","PARTICULAR","INCONSISTENTE","TRACTOCAMION","1964","1","ABRIL","2026"
"BOGOTA D.C.","BOGOTA","PARTICULAR","ACTIVO","TRACTOCAMION","1964","1","ABRIL","2026"
"BOGOTA D.C.","BOGOTA","PÚBLICO","INCONSISTENTE","TRACTOCAMION","1964","1","ABRIL","2026"
"BOGOTA D.C.","BOGOTA","OFICIAL","ACTIVO","TRACTOCAMION","1964","1","ABRIL","2026"
"BOGOTA D.C.","BOGOTA","PÚBLICO","ACTIVO","VOLQUETA","1964","3","ABRIL","2026"
"BOGOTA D.C.","BOGOTA","PARTICULAR","ACTIVO","VOLQUETA","1964","2","ABRIL","2026"
"BOGOTA D.C.","BOGOTA","PARTICULAR","ACTIVO","AUTOMOVIL","1965","552","ABRIL","2026"
"BOGOTA D.C.","BOGOTA","OFICIAL","ACTIVO","AUTOMOVIL","1965","10","ABRIL","2026"
"BOGOTA D.C.","BOGOTA","PARTICULAR","INCONSISTENTE","AUTOMOVIL","1965","15","ABRIL","2026"
"BOGOTA D.C.","BOGOTA","PARTICULAR","ACTIVO","BUS","1965","97","ABRIL","2026"
"BOGOTA D.C.","BOGOTA","PARTICULAR","INCONSISTENTE","BUS","1965","6","ABRIL","2026"
"BOGOTA D.C.","BOGOTA","PÚBLICO","ACTIVO","BUS","1965","36","ABRIL","2026"
"BOGOTA D.C.","BOGOTA","PARTICULAR","ACTIVO","BUSETA","1965","2","ABRIL","2026"
"BOGOTA D.C.","BOGOTA","PÚBLICO","ACTIVO","CAMION","1965","31","ABRIL","2026"
"BOGOTA D.C.","BOGOTA","PARTICULAR","INCONSISTENTE","CAMION","1965","9","ABRIL","2026"
"BOGOTA D.C.","BOGOTA","OFICIAL","ACTIVO","CAMION","1965","2","ABRIL","2026"
"BOGOTA D.C.","BOGOTA","PÚBLICO","INCONSISTENTE","CAMION","1965","1","ABRIL","2026"
"BOGOTA D.C.","BOGOTA","PARTICULAR","ACTIVO","CAMION","1965","104","ABRIL","2026"
"BOGOTA D.C.","BOGOTA","PARTICULAR","ACTIVO","CAMIONETA","1965","352","ABRIL","2026"
"BOGOTA D.C.","BOGOTA","PARTICULAR","INCONSISTENTE","CAMIONETA","1965","10","ABRIL","2026"
"BOGOTA D.C.","BOGOTA","PÚBLICO","ACTIVO","CAMIONETA","1965","5","ABRIL","2026"
"BOGOTA D.C.","BOGOTA","OFICIAL","ACTIVO","CAMIONETA","1965","14","ABRIL","2026"
"BOGOTA D.C.","BOGOTA","PARTICULAR","ACTIVO","CAMPERO","1965","273","ABRIL","2026"
"BOGOTA D.C.","BOGOTA","OFICIAL","ACTIVO","CAMPERO","1965","4","ABRIL","2026"
"BOGOTA D.C.","BOGOTA","PARTICULAR","INCONSISTENTE","CAMPERO","1965","20","ABRIL","2026"
"BOGOTA D.C.","BOGOTA","PARTICULAR","INCONSISTENTE","MICROBUS","1965","1","ABRIL","2026"
"BOGOTA D.C.","BOGOTA","PÚBLICO","INCONSISTENTE","MICROBUS","1965","1","ABRIL","2026"
"BOGOTA D.C.","BOGOTA","PARTICULAR","ACTIVO","MICROBUS","1965","67","ABRIL","2026"
"BOGOTA D.C.","BOGOTA","PÚBLICO","ACTIVO","MICROBUS","1965","4","ABRIL","2026"
"BOGOTA D.C.","BOGOTA","PARTICULAR","ACTIVO","MOTOCARRO","1965","2","ABRIL","2026"
"BOGOTA D.C.","BOGOTA","PARTICULAR","ACTIVO","MOTOCICLETA","1965","8","ABRIL","2026"
"BOGOTA D.C.","BOGOTA","PARTICULAR","ACTIVO","TRACTOCAMION","1965","1","ABRIL","2026"
"BOGOTA D.C.","BOGOTA","PÚBLICO","ACTIVO","TRACTOCAMION","1965","2","ABRIL","2026"
"BOGOTA D.C.","BOGOTA","PARTICULAR","INCONSISTENTE","TRACTOCAMION","1965","3","ABRIL","2026"
"BOGOTA D.C.","BOGOTA","PÚBLICO","ACTIVO","VOLQUETA","1965","7","ABRIL","2026"
"BOGOTA D.C.","BOGOTA","PARTICULAR","ACTIVO","VOLQUETA","1965","5","ABRIL","2026"
"BOGOTA D.C.","BOGOTA","OFICIAL","ACTIVO","AUTOMOVIL","1966","13","ABRIL","2026"
"BOGOTA D.C.","BOGOTA","PARTICULAR","INCONSISTENTE","AUTOMOVIL","1966","41","ABRIL","2026"
"BOGOTA D.C.","BOGOTA","PARTICULAR","ACTIVO","AUTOMOVIL","1966","2334","ABRIL","2026"
"BOGOTA D.C.","BOGOTA","PÚBLICO","ACTIVO","AUTOMOVIL","1966","11","ABRIL","2026"
"BOGOTA D.C.","BOGOTA","PARTICULAR","INCONSISTENTE","BUS","1966","6","ABRIL","2026"
"BOGOTA D.C.","BOGOTA","PARTICULAR","ACTIVO","BUS","1966","71","ABRIL","2026"
"BOGOTA D.C.","BOGOTA","PÚBLICO","ACTIVO","BUS","1966","33","ABRIL","2026"
"BOGOTA D.C.","BOGOTA","PARTICULAR","ACTIVO","BUSETA","1966","4","ABRIL","2026"
"BOGOTA D.C.","BOGOTA","PARTICULAR","ACTIVO","CAMION","1966","115","ABRIL","2026"
"BOGOTA D.C.","BOGOTA","PARTICULAR","INCONSISTENTE","CAMION","1966","5","ABRIL","2026"
"BOGOTA D.C.","BOGOTA","OFICIAL","ACTIVO","CAMION","1966","1","ABRIL","2026"
"BOGOTA D.C.","BOGOTA","PÚBLICO","ACTIVO","CAMION","1966","25","ABRIL","2026"
"BOGOTA D.C.","BOGOTA","PARTICULAR","INCONSISTENTE","CAMIONETA","1966","11","ABRIL","2026"
"BOGOTA D.C.","BOGOTA","PARTICULAR","ACTIVO","CAMIONETA","1966","556","ABRIL","2026"
"BOGOTA D.C.","BOGOTA","OFICIAL","ACTIVO","CAMIONETA","1966","11","ABRIL","2026"
"BOGOTA D.C.","BOGOTA","PÚBLICO","ACTIVO","CAMIONETA","1966","37","ABRIL","2026"
"BOGOTA D.C.","BOGOTA","PÚBLICO","INCONSISTENTE","CAMIONETA","1966","1","ABRIL","2026"
"BOGOTA D.C.","BOGOTA","PARTICULAR","ACTIVO","CAMPERO","1966","269","ABRIL","2026"
"BOGOTA D.C.","BOGOTA","OFICIAL","ACTIVO","CAMPERO","1966","8","ABRIL","2026"
"BOGOTA D.C.","BOGOTA","PARTICULAR","INCONSISTENTE","CAMPERO","1966","16","ABRIL","2026"
"BOGOTA D.C.","BOGOTA","PARTICULAR","ACTIVO","MAQ. INDUSTRIAL","1966","1","ABRIL","2026"
"BOGOTA D.C.","BOGOTA","PARTICULAR","ACTIVO","MICROBUS","1966","118","ABRIL","2026"
"BOGOTA D.C.","BOGOTA","PÚBLICO","ACTIVO","MICROBUS","1966","16","ABRIL","2026"
"BOGOTA D.C.","BOGOTA","OFICIAL","ACTIVO","MICROBUS","1966","1","ABRIL","2026"
"BOGOTA D.C.","BOGOTA","PÚBLICO","INCONSISTENTE","MICROBUS","1966","1","ABRIL","2026"
"BOGOTA D.C.","BOGOTA","PARTICULAR","INCONSISTENTE","MICROBUS","1966","1","ABRIL","2026"
"BOGOTA D.C.","BOGOTA","PARTICULAR","ACTIVO","MOTOCARRO","1966","1","ABRIL","2026"
"BOGOTA D.C.","BOGOTA","PARTICULAR","ACTIVO","MOTOCICLETA","1966","14","ABRIL","2026"
"BOGOTA D.C.","BOGOTA","PÚBLICO","ACTIVO","TRACTOCAMION","1966","1","ABRIL","2026"
"BOGOTA D.C.","BOGOTA","PARTICULAR","ACTIVO","TRACTOCAMION","1966","1","ABRIL","2026"
"BOGOTA D.C.","BOGOTA","PÚBLICO","INCONSISTENTE","TRACTOCAMION","1966","2","ABRIL","2026"
"BOGOTA D.C.","BOGOTA","PARTICULAR","ACTIVO","VOLQUETA","1966","5","ABRIL","2026"
"BOGOTA D.C.","BOGOTA","PÚBLICO","ACTIVO","VOLQUETA","1966","6","ABRIL","2026"
"BOGOTA D.C.","BOGOTA","PARTICULAR","ACTIVO","AUTOMOVIL","1967","1607","ABRIL","2026"
"BOGOTA D.C.","BOGOTA","PÚBLICO","ACTIVO","AUTOMOVIL","1967","68","ABRIL","2026"
"BOGOTA D.C.","BOGOTA","PÚBLICO","INCONSISTENTE","AUTOMOVIL","1967","3","ABRIL","2026"
"BOGOTA D.C.","BOGOTA","OFICIAL","ACTIVO","AUTOMOVIL","1967","26","ABRIL","2026"
"BOGOTA D.C.","BOGOTA","PARTICULAR","INCONSISTENTE","AUTOMOVIL","1967","35","ABRIL","2026"
"BOGOTA D.C.","BOGOTA","PARTICULAR","ACTIVO","BUS","1967","61","ABRIL","2026"
"BOGOTA D.C.","BOGOTA","OFICIAL","ACTIVO","BUS","1967","5","ABRIL","2026"
"BOGOTA D.C.","BOGOTA","PARTICULAR","INCONSISTENTE","BUS","1967","3","ABRIL","2026"
"BOGOTA D.C.","BOGOTA","PÚBLICO","INCONSISTENTE","BUS","1967","1","ABRIL","2026"
"BOGOTA D.C.","BOGOTA","PÚBLICO","ACTIVO","BUS","1967","22","ABRIL","2026"
"BOGOTA D.C.","BOGOTA","PÚBLICO","ACTIVO","BUSETA","1967","1","ABRIL","2026"
"BOGOTA D.C.","BOGOTA","PARTICULAR","ACTIVO","BUSETA","1967","3","ABRIL","2026"
"BOGOTA D.C.","BOGOTA","OFICIAL","ACTIVO","CAMION","1967","1","ABRIL","2026"
"BOGOTA D.C.","BOGOTA","PARTICULAR","ACTIVO","CAMION","1967","107","ABRIL","2026"
"BOGOTA D.C.","BOGOTA","PÚBLICO","INCONSISTENTE","CAMION","1967","1","ABRIL","2026"
"BOGOTA D.C.","BOGOTA","PARTICULAR","INCONSISTENTE","CAMION","1967","7","ABRIL","2026"
"BOGOTA D.C.","BOGOTA","PÚBLICO","ACTIVO","CAMION","1967","28","ABRIL","2026"
"BOGOTA D.C.","BOGOTA","PARTICULAR","ACTIVO","CAMIONETA","1967","462","ABRIL","2026"
"BOGOTA D.C.","BOGOTA","PÚBLICO","ACTIVO","CAMIONETA","1967","31","ABRIL","2026"
"BOGOTA D.C.","BOGOTA","OFICIAL","ACTIVO","CAMIONETA","1967","20","ABRIL","2026"
"BOGOTA D.C.","BOGOTA","PARTICULAR","INCONSISTENTE","CAMIONETA","1967","17","ABRIL","2026"
"BOGOTA D.C.","BOGOTA","PÚBLICO","INCONSISTENTE","CAMIONETA","1967","2","ABRIL","2026"
"BOGOTA D.C.","BOGOTA","PARTICULAR","INCONSISTENTE","CAMPERO","1967","21","ABRIL","2026"
"BOGOTA D.C.","BOGOTA","PARTICULAR","ACTIVO","CAMPERO","1967","323","ABRIL","2026"
"BOGOTA D.C.","BOGOTA","OFICIAL","ACTIVO","CAMPERO","1967","8","ABRIL","2026"
"BOGOTA D.C.","BOGOTA","PÚBLICO","INCONSISTENTE","CAMPERO","1967","1","ABRIL","2026"
"BOGOTA D.C.","BOGOTA","PÚBLICO","ACTIVO","CAMPERO","1967","3","ABRIL","2026"
"BOGOTA D.C.","BOGOTA","OTROS","ACTIVO","CAMPERO","1967","1","ABRIL","2026"
"BOGOTA D.C.","BOGOTA","PARTICULAR","ACTIVO","MAQ. INDUSTRIAL","1967","1","ABRIL","2026"
"BOGOTA D.C.","BOGOTA","PARTICULAR","ACTIVO","MICROBUS","1967","50","ABRIL","2026"
"BOGOTA D.C.","BOGOTA","PÚBLICO","INCONSISTENTE","MICROBUS","1967","3","ABRIL","2026"
"BOGOTA D.C.","BOGOTA","PARTICULAR","INCONSISTENTE","MICROBUS","1967","2","ABRIL","2026"
"BOGOTA D.C.","BOGOTA","PÚBLICO","ACTIVO","MICROBUS","1967","6","ABRIL","2026"
"BOGOTA D.C.","BOGOTA","PARTICULAR","ACTIVO","MOTOCARRO","1967","1","ABRIL","2026"
"BOGOTA D.C.","BOGOTA","PARTICULAR","ACTIVO","MOTOCICLETA","1967","8","ABRIL","2026"
"BOGOTA D.C.","BOGOTA","PARTICULAR","INCONSISTENTE","MOTOCICLETA","1967","1","ABRIL","2026"
"BOGOTA D.C.","BOGOTA","PARTICULAR","ACTIVO","TRACTOCAMION","1967","1","ABRIL","2026"
"BOGOTA D.C.","BOGOTA","PÚBLICO","ACTIVO","TRACTOCAMION","1967","6","ABRIL","2026"
"BOGOTA D.C.","BOGOTA","PÚBLICO","ACTIVO","VOLQUETA","1967","5","ABRIL","2026"
"BOGOTA D.C.","BOGOTA","PARTICULAR","ACTIVO","VOLQUETA","1967","7","ABRIL","2026"
"BOGOTA D.C.","BOGOTA","PÚBLICO","ACTIVO","AUTOMOVIL","1968","73","ABRIL","2026"
"BOGOTA D.C.","BOGOTA","PÚBLICO","INCONSISTENTE","AUTOMOVIL","1968","6","ABRIL","2026"
"BOGOTA D.C.","BOGOTA","PARTICULAR","ACTIVO","AUTOMOVIL","1968","1305","ABRIL","2026"
"BOGOTA D.C.","BOGOTA","PARTICULAR","INCONSISTENTE","AUTOMOVIL","1968","25","ABRIL","2026"
"BOGOTA D.C.","BOGOTA","OFICIAL","ACTIVO","AUTOMOVIL","1968","12","ABRIL","2026"
"BOGOTA D.C.","BOGOTA","PÚBLICO","ACTIVO","BUS","1968","41","ABRIL","2026"
"BOGOTA D.C.","BOGOTA","PARTICULAR","ACTIVO","BUS","1968","97","ABRIL","2026"
"BOGOTA D.C.","BOGOTA","OFICIAL","INCONSISTENTE","BUS","1968","1","ABRIL","2026"
"BOGOTA D.C.","BOGOTA","PARTICULAR","INCONSISTENTE","BUS","1968","3","ABRIL","2026"
"BOGOTA D.C.","BOGOTA","PÚBLICO","INCONSISTENTE","BUS","1968","4","ABRIL","2026"
"BOGOTA D.C.","BOGOTA","PÚBLICO","ACTIVO","BUSETA","1968","7","ABRIL","2026"
"BOGOTA D.C.","BOGOTA","PARTICULAR","ACTIVO","BUSETA","1968","3","ABRIL","2026"
"BOGOTA D.C.","BOGOTA","PARTICULAR","ACTIVO","CAMION","1968","105","ABRIL","2026"
"BOGOTA D.C.","BOGOTA","PARTICULAR","INCONSISTENTE","CAMION","1968","10","ABRIL","2026"
"BOGOTA D.C.","BOGOTA","PÚBLICO","ACTIVO","CAMION","1968","28","ABRIL","2026"
"BOGOTA D.C.","BOGOTA","OFICIAL","ACTIVO","CAMION","1968","7","ABRIL","2026"
"BOGOTA D.C.","BOGOTA","PÚBLICO","INCONSISTENTE","CAMION","1968","1","ABRIL","2026"
"BOGOTA D.C.","BOGOTA","OFICIAL","INCONSISTENTE","CAMION","1968","1","ABRIL","2026"
"BOGOTA D.C.","BOGOTA","PARTICULAR","ACTIVO","CAMIONETA","1968","288","ABRIL","2026"
"BOGOTA D.C.","BOGOTA","OFICIAL","ACTIVO","CAMIONETA","1968","10","ABRIL","2026"
"BOGOTA D.C.","BOGOTA","PARTICULAR","INCONSISTENTE","CAMIONETA","1968","17","ABRIL","2026"
"BOGOTA D.C.","BOGOTA","PÚBLICO","INCONSISTENTE","CAMIONETA","1968","1","ABRIL","2026"
"BOGOTA D.C.","BOGOTA","OFICIAL","INCONSISTENTE","CAMIONETA","1968","1","ABRIL","2026"
"BOGOTA D.C.","BOGOTA","PÚBLICO","ACTIVO","CAMIONETA","1968","19","ABRIL","2026"
"BOGOTA D.C.","BOGOTA","PARTICULAR","ACTIVO","CAMPERO","1968","482","ABRIL","2026"
"BOGOTA D.C.","BOGOTA","PÚBLICO","INCONSISTENTE","CAMPERO","1968","2","ABRIL","2026"
"BOGOTA D.C.","BOGOTA","OFICIAL","ACTIVO","CAMPERO","1968","16","ABRIL","2026"
"BOGOTA D.C.","BOGOTA","PARTICULAR","INCONSISTENTE","CAMPERO","1968","52","ABRIL","2026"
"BOGOTA D.C.","BOGOTA","PARTICULAR","ACTIVO","MAQ. INDUSTRIAL","1968","1","ABRIL","2026"
"BOGOTA D.C.","BOGOTA","PARTICULAR","ACTIVO","MICROBUS","1968","88","ABRIL","2026"
"BOGOTA D.C.","BOGOTA","PARTICULAR","INCONSISTENTE","MICROBUS","1968","2","ABRIL","2026"
"BOGOTA D.C.","BOGOTA","OFICIAL","ACTIVO","MICROBUS","1968","1","ABRIL","2026"
"BOGOTA D.C.","BOGOTA","PÚBLICO","ACTIVO","MICROBUS","1968","9","ABRIL","2026"
"BOGOTA D.C.","BOGOTA","PÚBLICO","INCONSISTENTE","MICROBUS","1968","1","ABRIL","2026"
"BOGOTA D.C.","BOGOTA","PARTICULAR","ACTIVO","MOTOCICLETA","1968","21","ABRIL","2026"
"BOGOTA D.C.","BOGOTA","PÚBLICO","INCONSISTENTE","TRACTOCAMION","1968","1","ABRIL","2026"
"BOGOTA D.C.","BOGOTA","PARTICULAR","INCONSISTENTE","TRACTOCAMION","1968","2","ABRIL","2026"
"BOGOTA D.C.","BOGOTA","PÚBLICO","ACTIVO","TRACTOCAMION","1968","2","ABRIL","2026"
"BOGOTA D.C.","BOGOTA","PÚBLICO","ACTIVO","VOLQUETA","1968","4","ABRIL","2026"
"BOGOTA D.C.","BOGOTA","PARTICULAR","ACTIVO","VOLQUETA","1968","2","ABRIL","2026"
"BOGOTA D.C.","BOGOTA","PARTICULAR","ACTIVO","AUTOMOVIL","1969","808","ABRIL","2026"
"BOGOTA D.C.","BOGOTA","PÚBLICO","INCONSISTENTE","AUTOMOVIL","1969","2","ABRIL","2026"
"BOGOTA D.C.","BOGOTA","PÚBLICO","ACTIVO","AUTOMOVIL","1969","15","ABRIL","2026"
"BOGOTA D.C.","BOGOTA","PARTICULAR","INCONSISTENTE","AUTOMOVIL","1969","13","ABRIL","2026"
"BOGOTA D.C.","BOGOTA","OFICIAL","ACTIVO","AUTOMOVIL","1969","21","ABRIL","2026"
"BOGOTA D.C.","BOGOTA","OFICIAL","ACTIVO","BUS","1969","1","ABRIL","2026"
"BOGOTA D.C.","BOGOTA","PÚBLICO","INCONSISTENTE","BUS","1969","5","ABRIL","2026"
"BOGOTA D.C.","BOGOTA","PARTICULAR","INCONSISTENTE","BUS","1969","5","ABRIL","2026"
"BOGOTA D.C.","BOGOTA","PARTICULAR","ACTIVO","BUS","1969","101","ABRIL","2026"
"BOGOTA D.C.","BOGOTA","PÚBLICO","ACTIVO","BUS","1969","48","ABRIL","2026"
"BOGOTA D.C.","BOGOTA","PARTICULAR","ACTIVO","BUSETA","1969","21","ABRIL","2026"
"BOGOTA D.C.","BOGOTA","PÚBLICO","ACTIVO","BUSETA","1969","11","ABRIL","2026"
"BOGOTA D.C.","BOGOTA","PÚBLICO","INCONSISTENTE","CAMION","1969","1","ABRIL","2026"
"BOGOTA D.C.","BOGOTA","OFICIAL","ACTIVO","CAMION","1969","8","ABRIL","2026"
"BOGOTA D.C.","BOGOTA","PARTICULAR","INCONSISTENTE","CAMION","1969","11","ABRIL","2026"
"BOGOTA D.C.","BOGOTA","PÚBLICO","ACTIVO","CAMION","1969","60","ABRIL","2026"
"BOGOTA D.C.","BOGOTA","PARTICULAR","ACTIVO","CAMION","1969","101","ABRIL","2026"
"BOGOTA D.C.","BOGOTA","PARTICULAR","ACTIVO","CAMIONETA","1969","248","ABRIL","2026"
"BOGOTA D.C.","BOGOTA","OFICIAL","ACTIVO","CAMIONETA","1969","11","ABRIL","2026"
"BOGOTA D.C.","BOGOTA","PÚBLICO","ACTIVO","CAMIONETA","1969","17","ABRIL","2026"
"BOGOTA D.C.","BOGOTA","PARTICULAR","INCONSISTENTE","CAMIONETA","1969","9","ABRIL","2026"
"BOGOTA D.C.","BOGOTA","OFICIAL","INCONSISTENTE","CAMPERO","1969","1","ABRIL","2026"
"BOGOTA D.C.","BOGOTA","OFICIAL","ACTIVO","CAMPERO","1969","34","ABRIL","2026"
"BOGOTA D.C.","BOGOTA","PARTICULAR","ACTIVO","CAMPERO","1969","778","ABRIL","2026"
"BOGOTA D.C.","BOGOTA","PÚBLICO","INCONSISTENTE","CAMPERO","1969","1","ABRIL","2026"
"BOGOTA D.C.","BOGOTA","PÚBLICO","ACTIVO","CAMPERO","1969","2","ABRIL","2026"
"BOGOTA D.C.","BOGOTA","PARTICULAR","INCONSISTENTE","CAMPERO","1969","54","ABRIL","2026"
"BOGOTA D.C.","BOGOTA","PARTICULAR","ACTIVO","MAQ. INDUSTRIAL","1969","3","ABRIL","2026"
"BOGOTA D.C.","BOGOTA","PARTICULAR","ACTIVO","MICROBUS","1969","72","ABRIL","2026"
"BOGOTA D.C.","BOGOTA","PÚBLICO","ACTIVO","MICROBUS","1969","10","ABRIL","2026"
"BOGOTA D.C.","BOGOTA","PARTICULAR","INCONSISTENTE","MICROBUS","1969","2","ABRIL","2026"
"BOGOTA D.C.","BOGOTA","PÚBLICO","INCONSISTENTE","MICROBUS","1969","1","ABRIL","2026"
"BOGOTA D.C.","BOGOTA","PARTICULAR","ACTIVO","MOTOCICLETA","1969","35","ABRIL","2026"
"BOGOTA D.C.","BOGOTA","PÚBLICO","ACTIVO","TRACTOCAMION","1969","3","ABRIL","2026"
"BOGOTA D.C.","BOGOTA","OFICIAL","ACTIVO","TRACTOCAMION","1969","1","ABRIL","2026"
"BOGOTA D.C.","BOGOTA","PÚBLICO","INCONSISTENTE","TRACTOCAMION","1969","1","ABRIL","2026"
"BOGOTA D.C.","BOGOTA","PARTICULAR","ACTIVO","TRACTOCAMION","1969","5","ABRIL","2026"
"BOGOTA D.C.","BOGOTA","PARTICULAR","ACTIVO","VOLQUETA","1969","5","ABRIL","2026"
"BOGOTA D.C.","BOGOTA","PÚBLICO","ACTIVO","VOLQUETA","1969","3","ABRIL","2026"
"BOGOTA D.C.","BOGOTA","OFICIAL","ACTIVO","AUTOMOVIL","1970","14","ABRIL","2026"
"BOGOTA D.C.","BOGOTA","PARTICULAR","INCONSISTENTE","AUTOMOVIL","1970","29","ABRIL","2026"
"BOGOTA D.C.","BOGOTA","PÚBLICO","ACTIVO","AUTOMOVIL","1970","3","ABRIL","2026"
"BOGOTA D.C.","BOGOTA","PARTICULAR","ACTIVO","AUTOMOVIL","1970","1067","ABRIL","2026"
"BOGOTA D.C.","BOGOTA","PÚBLICO","ACTIVO","BUS","1970","36","ABRIL","2026"
"BOGOTA D.C.","BOGOTA","OFICIAL","ACTIVO","BUS","1970","1","ABRIL","2026"
"BOGOTA D.C.","BOGOTA","PARTICULAR","INCONSISTENTE","BUS","1970","7","ABRIL","2026"
"BOGOTA D.C.","BOGOTA","PÚBLICO","INCONSISTENTE","BUS","1970","1","ABRIL","2026"
"BOGOTA D.C.","BOGOTA","PARTICULAR","ACTIVO","BUS","1970","69","ABRIL","2026"
"BOGOTA D.C.","BOGOTA","PARTICULAR","ACTIVO","BUSETA","1970","46","ABRIL","2026"
"BOGOTA D.C.","BOGOTA","PÚBLICO","ACTIVO","BUSETA","1970","15","ABRIL","2026"
"BOGOTA D.C.","BOGOTA","PÚBLICO","INCONSISTENTE","BUSETA","1970","1","ABRIL","2026"
"BOGOTA D.C.","BOGOTA","PARTICULAR","ACTIVO","CAMION","1970","152","ABRIL","2026"
"BOGOTA D.C.","BOGOTA","OFICIAL","ACTIVO","CAMION","1970","2","ABRIL","2026"
"BOGOTA D.C.","BOGOTA","PÚBLICO","INCONSISTENTE","CAMION","1970","1","ABRIL","2026"
"BOGOTA D.C.","BOGOTA","PÚBLICO","ACTIVO","CAMION","1970","40","ABRIL","2026"
"BOGOTA D.C.","BOGOTA","PARTICULAR","INCONSISTENTE","CAMION","1970","7","ABRIL","2026"
"BOGOTA D.C.","BOGOTA","PÚBLICO","ACTIVO","CAMIONETA","1970","15","ABRIL","2026"
"BOGOTA D.C.","BOGOTA","PARTICULAR","ACTIVO","CAMIONETA","1970","289","ABRIL","2026"
"BOGOTA D.C.","BOGOTA","PARTICULAR","INCONSISTENTE","CAMIONETA","1970","10","ABRIL","2026"
"BOGOTA D.C.","BOGOTA","OFICIAL","ACTIVO","CAMIONETA","1970","5","ABRIL","2026"
"BOGOTA D.C.","BOGOTA","OFICIAL","ACTIVO","CAMPERO","1970","22","ABRIL","2026"
"BOGOTA D.C.","BOGOTA","PARTICULAR","INCONSISTENTE","CAMPERO","1970","61","ABRIL","2026"
"BOGOTA D.C.","BOGOTA","PÚBLICO","ACTIVO","CAMPERO","1970","3","ABRIL","2026"
"BOGOTA D.C.","BOGOTA","PARTICULAR","ACTIVO","CAMPERO","1970","776","ABRIL","2026"
"BOGOTA D.C.","BOGOTA","PARTICULAR","ACTIVO","MAQ. INDUSTRIAL","1970","6","ABRIL","2026"
"BOGOTA D.C.","BOGOTA","OFICIAL","ACTIVO","MICROBUS","1970","1","ABRIL","2026"
"BOGOTA D.C.","BOGOTA","PÚBLICO","INCONSISTENTE","MICROBUS","1970","3","ABRIL","2026"
"BOGOTA D.C.","BOGOTA","PÚBLICO","ACTIVO","MICROBUS","1970","3","ABRIL","2026"
"BOGOTA D.C.","BOGOTA","PARTICULAR","ACTIVO","MICROBUS","1970","34","ABRIL","2026"
"BOGOTA D.C.","BOGOTA","PARTICULAR","INCONSISTENTE","MOTOCICLETA","1970","2","ABRIL","2026"
"BOGOTA D.C.","BOGOTA","PARTICULAR","ACTIVO","MOTOCICLETA","1970","25","ABRIL","2026"
"BOGOTA D.C.","BOGOTA","PÚBLICO","INCONSISTENTE","TRACTOCAMION","1970","1","ABRIL","2026"
"BOGOTA D.C.","BOGOTA","PÚBLICO","ACTIVO","TRACTOCAMION","1970","2","ABRIL","2026"
"BOGOTA D.C.","BOGOTA","PÚBLICO","ACTIVO","VOLQUETA","1970","6","ABRIL","2026"
"BOGOTA D.C.","BOGOTA","PARTICULAR","ACTIVO","VOLQUETA","1970","2","ABRIL","2026"
"BOGOTA D.C.","BOGOTA","OFICIAL","ACTIVO","AUTOMOVIL","1971","45","ABRIL","2026"
"BOGOTA D.C.","BOGOTA","PÚBLICO","INCONSISTENTE","AUTOMOVIL","1971","1","ABRIL","2026"
"BOGOTA D.C.","BOGOTA","PARTICULAR","ACTIVO","AUTOMOVIL","1971","2673","ABRIL","2026"
"BOGOTA D.C.","BOGOTA","PARTICULAR","INCONSISTENTE","AUTOMOVIL","1971","85","ABRIL","2026"
"BOGOTA D.C.","BOGOTA","PÚBLICO","ACTIVO","AUTOMOVIL","1971","4","ABRIL","2026"
"BOGOTA D.C.","BOGOTA","PARTICULAR","ACTIVO","BUS","1971","88","ABRIL","2026"
"BOGOTA D.C.","BOGOTA","PARTICULAR","INCONSISTENTE","BUS","1971","5","ABRIL","2026"
"BOGOTA D.C.","BOGOTA","PÚBLICO","ACTIVO","BUS","1971","53","ABRIL","2026"
"BOGOTA D.C.","BOGOTA","PÚBLICO","INCONSISTENTE","BUS","1971","12","ABRIL","2026"
"BOGOTA D.C.","BOGOTA","OFICIAL","ACTIVO","BUS","1971","5","ABRIL","2026"
"BOGOTA D.C.","BOGOTA","PÚBLICO","INCONSISTENTE","BUSETA","1971","2","ABRIL","2026"
"BOGOTA D.C.","BOGOTA","PÚBLICO","ACTIVO","BUSETA","1971","19","ABRIL","2026"
"BOGOTA D.C.","BOGOTA","PARTICULAR","INCONSISTENTE","BUSETA","1971","4","ABRIL","2026"
"BOGOTA D.C.","BOGOTA","OFICIAL","ACTIVO","BUSETA","1971","1","ABRIL","2026"
"BOGOTA D.C.","BOGOTA","PARTICULAR","ACTIVO","BUSETA","1971","26","ABRIL","2026"
"BOGOTA D.C.","BOGOTA","PÚBLICO","ACTIVO","CAMION","1971","49","ABRIL","2026"
"BOGOTA D.C.","BOGOTA","PARTICULAR","ACTIVO","CAMION","1971","154","ABRIL","2026"
"BOGOTA D.C.","BOGOTA","PARTICULAR","INCONSISTENTE","CAMION","1971","5","ABRIL","2026"
"BOGOTA D.C.","BOGOTA","OFICIAL","ACTIVO","CAMION","1971","4","ABRIL","2026"
"BOGOTA D.C.","BOGOTA","PARTICULAR","ACTIVO","CAMIONETA","1971","321","ABRIL","2026"
"BOGOTA D.C.","BOGOTA","OFICIAL","ACTIVO","CAMIONETA","1971","24","ABRIL","2026"
"BOGOTA D.C.","BOGOTA","PARTICULAR","INCONSISTENTE","CAMIONETA","1971","11","ABRIL","2026"
"BOGOTA D.C.","BOGOTA","PÚBLICO","ACTIVO","CAMIONETA","1971","30","ABRIL","2026"
"BOGOTA D.C.","BOGOTA","OFICIAL","INCONSISTENTE","CAMPERO","1971","1","ABRIL","2026"
"BOGOTA D.C.","BOGOTA","OFICIAL","ACTIVO","CAMPERO","1971","27","ABRIL","2026"
"BOGOTA D.C.","BOGOTA","PARTICULAR","INCONSISTENTE","CAMPERO","1971","32","ABRIL","2026"
"BOGOTA D.C.","BOGOTA","PÚBLICO","ACTIVO","CAMPERO","1971","1","ABRIL","2026"
"BOGOTA D.C.","BOGOTA","PARTICULAR","ACTIVO","CAMPERO","1971","686","ABRIL","2026"
"BOGOTA D.C.","BOGOTA","PARTICULAR","INCONSISTENTE","MAQ. AGRICOLA","1971","1","ABRIL","2026"
"BOGOTA D.C.","BOGOTA","PARTICULAR","ACTIVO","MAQ. INDUSTRIAL","1971","6","ABRIL","2026"
"BOGOTA D.C.","BOGOTA","PÚBLICO","INCONSISTENTE","MICROBUS","1971","1","ABRIL","2026"
"BOGOTA D.C.","BOGOTA","OFICIAL","ACTIVO","MICROBUS","1971","2","ABRIL","2026"
"BOGOTA D.C.","BOGOTA","PARTICULAR","INCONSISTENTE","MICROBUS","1971","1","ABRIL","2026"
"BOGOTA D.C.","BOGOTA","PÚBLICO","ACTIVO","MICROBUS","1971","8","ABRIL","2026"
"BOGOTA D.C.","BOGOTA","PARTICULAR","ACTIVO","MICROBUS","1971","38","ABRIL","2026"
"BOGOTA D.C.","BOGOTA","PARTICULAR","INCONSISTENTE","MOTOCICLETA","1971","2","ABRIL","2026"
"BOGOTA D.C.","BOGOTA","PARTICULAR","ACTIVO","MOTOCICLETA","1971","34","ABRIL","2026"
"BOGOTA D.C.","BOGOTA","OFICIAL","ACTIVO","MOTOCICLETA","1971","3","ABRIL","2026"
"BOGOTA D.C.","BOGOTA","PÚBLICO","ACTIVO","TRACTOCAMION","1971","8","ABRIL","2026"
"BOGOTA D.C.","BOGOTA","PARTICULAR","ACTIVO","TRACTOCAMION","1971","4","ABRIL","2026"
"BOGOTA D.C.","BOGOTA","PARTICULAR","ACTIVO","VOLQUETA","1971","8","ABRIL","2026"
"BOGOTA D.C.","BOGOTA","OFICIAL","ACTIVO","VOLQUETA","1971","1","ABRIL","2026"
"BOGOTA D.C.","BOGOTA","PÚBLICO","ACTIVO","VOLQUETA","1971","4","ABRIL","2026"
"BOGOTA D.C.","BOGOTA","PÚBLICO","INCONSISTENTE","AUTOMOVIL","1972","3","ABRIL","2026"
"BOGOTA D.C.","BOGOTA","PÚBLICO","ACTIVO","AUTOMOVIL","1972","12","ABRIL","2026"
"BOGOTA D.C.","BOGOTA","OFICIAL","ACTIVO","AUTOMOVIL","1972","106","ABRIL","2026"
"BOGOTA D.C.","BOGOTA","PARTICULAR","ACTIVO","AUTOMOVIL","1972","4264","ABRIL","2026"
"BOGOTA D.C.","BOGOTA","PARTICULAR","INCONSISTENTE","AUTOMOVIL","1972","146","ABRIL","2026"
"BOGOTA D.C.","BOGOTA","OFICIAL","ACTIVO","BUS","1972","8","ABRIL","2026"
"BOGOTA D.C.","BOGOTA","PARTICULAR","INCONSISTENTE","BUS","1972","4","ABRIL","2026"
"BOGOTA D.C.","BOGOTA","PÚBLICO","ACTIVO","BUS","1972","24","ABRIL","2026"
"BOGOTA D.C.","BOGOTA","PARTICULAR","ACTIVO","BUS","1972","51","ABRIL","2026"
"BOGOTA D.C.","BOGOTA","PÚBLICO","INCONSISTENTE","BUS","1972","1","ABRIL","2026"
"BOGOTA D.C.","BOGOTA","PÚBLICO","INCONSISTENTE","BUSETA","1972","5","ABRIL","2026"
"BOGOTA D.C.","BOGOTA","PARTICULAR","INCONSISTENTE","BUSETA","1972","1","ABRIL","2026"
"BOGOTA D.C.","BOGOTA","PÚBLICO","ACTIVO","BUSETA","1972","28","ABRIL","2026"
"BOGOTA D.C.","BOGOTA","PARTICULAR","ACTIVO","BUSETA","1972","46","ABRIL","2026"
"BOGOTA D.C.","BOGOTA","PÚBLICO","ACTIVO","CAMION","1972","46","ABRIL","2026"
"BOGOTA D.C.","BOGOTA","PARTICULAR","ACTIVO","CAMION","1972","165","ABRIL","2026"
"BOGOTA D.C.","BOGOTA","PARTICULAR","INCONSISTENTE","CAMION","1972","12","ABRIL","2026"
"BOGOTA D.C.","BOGOTA","OFICIAL","ACTIVO","CAMION","1972","17","ABRIL","2026"
"BOGOTA D.C.","BOGOTA","PÚBLICO","INCONSISTENTE","CAMION","1972","1","ABRIL","2026"
"BOGOTA D.C.","BOGOTA","PARTICULAR","INCONSISTENTE","CAMIONETA","1972","11","ABRIL","2026"
"BOGOTA D.C.","BOGOTA","PARTICULAR","ACTIVO","CAMIONETA","1972","299","ABRIL","2026"
"BOGOTA D.C.","BOGOTA","OFICIAL","INCONSISTENTE","CAMIONETA","1972","1","ABRIL","2026"
"BOGOTA D.C.","BOGOTA","PÚBLICO","ACTIVO","CAMIONETA","1972","33","ABRIL","2026"
"BOGOTA D.C.","BOGOTA","OFICIAL","ACTIVO","CAMIONETA","1972","15","ABRIL","2026"
"BOGOTA D.C.","BOGOTA","PÚBLICO","ACTIVO","CAMPERO","1972","3","ABRIL","2026"
"BOGOTA D.C.","BOGOTA","OFICIAL","ACTIVO","CAMPERO","1972","43","ABRIL","2026"
"BOGOTA D.C.","BOGOTA","PARTICULAR","ACTIVO","CAMPERO","1972","586","ABRIL","2026"
"BOGOTA D.C.","BOGOTA","PARTICULAR","INCONSISTENTE","CAMPERO","1972","40","ABRIL","2026"
"BOGOTA D.C.","BOGOTA","PARTICULAR","ACTIVO","MAQ. INDUSTRIAL","1972","11","ABRIL","2026"
"BOGOTA D.C.","BOGOTA","PÚBLICO","ACTIVO","MICROBUS","1972","4","ABRIL","2026"
"BOGOTA D.C.","BOGOTA","PARTICULAR","ACTIVO","MICROBUS","1972","22","ABRIL","2026"
"BOGOTA D.C.","BOGOTA","PARTICULAR","ACTIVO","MOTOCICLETA","1972","55","ABRIL","2026"
"BOGOTA D.C.","BOGOTA","PARTICULAR","INCONSISTENTE","MOTOCICLETA","1972","1","ABRIL","2026"
"BOGOTA D.C.","BOGOTA","PARTICULAR","INCONSISTENTE","TRACTOCAMION","1972","1","ABRIL","2026"
"BOGOTA D.C.","BOGOTA","PÚBLICO","ACTIVO","TRACTOCAMION","1972","2","ABRIL","2026"
"BOGOTA D.C.","BOGOTA","PARTICULAR","ACTIVO","TRACTOCAMION","1972","2","ABRIL","2026"
"BOGOTA D.C.","BOGOTA","OFICIAL","ACTIVO","VOLQUETA","1972","2","ABRIL","2026"
"BOGOTA D.C.","BOGOTA","PÚBLICO","ACTIVO","VOLQUETA","1972","7","ABRIL","2026"
"BOGOTA D.C.","BOGOTA","PARTICULAR","ACTIVO","VOLQUETA","1972","5","ABRIL","2026"
"BOGOTA D.C.","BOGOTA","OTROS","ACTIVO","AUTOMOVIL","1973","1","ABRIL","2026"
"BOGOTA D.C.","BOGOTA","PÚBLICO","ACTIVO","AUTOMOVIL","1973","17","ABRIL","2026"
"BOGOTA D.C.","BOGOTA","PARTICULAR","INCONSISTENTE","AUTOMOVIL","1973","133","ABRIL","2026"
"BOGOTA D.C.","BOGOTA","PÚBLICO","INCONSISTENTE","AUTOMOVIL","1973","2","ABRIL","2026"
"BOGOTA D.C.","BOGOTA","OFICIAL","ACTIVO","AUTOMOVIL","1973","81","ABRIL","2026"
"BOGOTA D.C.","BOGOTA","PARTICULAR","ACTIVO","AUTOMOVIL","1973","4233","ABRIL","2026"
"BOGOTA D.C.","BOGOTA","PÚBLICO","INCONSISTENTE","BUS","1973","3","ABRIL","2026"
"BOGOTA D.C.","BOGOTA","PARTICULAR","ACTIVO","BUS","1973","39","ABRIL","2026"
"BOGOTA D.C.","BOGOTA","PARTICULAR","INCONSISTENTE","BUS","1973","9","ABRIL","2026"
"BOGOTA D.C.","BOGOTA","PÚBLICO","ACTIVO","BUS","1973","28","ABRIL","2026"
"BOGOTA D.C.","BOGOTA","OFICIAL","ACTIVO","BUS","1973","47","ABRIL","2026"
"BOGOTA D.C.","BOGOTA","PÚBLICO","ACTIVO","BUSETA","1973","17","ABRIL","2026"
"BOGOTA D.C.","BOGOTA","PARTICULAR","INCONSISTENTE","BUSETA","1973","1","ABRIL","2026"
"BOGOTA D.C.","BOGOTA","PÚBLICO","INCONSISTENTE","BUSETA","1973","3","ABRIL","2026"
"BOGOTA D.C.","BOGOTA","PARTICULAR","ACTIVO","BUSETA","1973","24","ABRIL","2026"
"BOGOTA D.C.","BOGOTA","PÚBLICO","INCONSISTENTE","CAMION","1973","1","ABRIL","2026"
"BOGOTA D.C.","BOGOTA","OFICIAL","ACTIVO","CAMION","1973","13","ABRIL","2026"
"BOGOTA D.C.","BOGOTA","PÚBLICO","ACTIVO","CAMION","1973","42","ABRIL","2026"
"BOGOTA D.C.","BOGOTA","PARTICULAR","ACTIVO","CAMION","1973","140","ABRIL","2026"
"BOGOTA D.C.","BOGOTA","PARTICULAR","INCONSISTENTE","CAMION","1973","5","ABRIL","2026"
"BOGOTA D.C.","BOGOTA","OFICIAL","ACTIVO","CAMIONETA","1973","9","ABRIL","2026"
"BOGOTA D.C.","BOGOTA","PARTICULAR","INCONSISTENTE","CAMIONETA","1973","9","ABRIL","2026"
"BOGOTA D.C.","BOGOTA","PARTICULAR","ACTIVO","CAMIONETA","1973","293","ABRIL","2026"
"BOGOTA D.C.","BOGOTA","PÚBLICO","INCONSISTENTE","CAMIONETA","1973","1","ABRIL","2026"
"BOGOTA D.C.","BOGOTA","PÚBLICO","ACTIVO","CAMIONETA","1973","21","ABRIL","2026"
"BOGOTA D.C.","BOGOTA","PÚBLICO","ACTIVO","CAMPERO","1973","3","ABRIL","2026"
"BOGOTA D.C.","BOGOTA","PARTICULAR","ACTIVO","CAMPERO","1973","664","ABRIL","2026"
"BOGOTA D.C.","BOGOTA","OTROS","ACTIVO","CAMPERO","1973","1","ABRIL","2026"
"BOGOTA D.C.","BOGOTA","OFICIAL","ACTIVO","CAMPERO","1973","42","ABRIL","2026"
"BOGOTA D.C.","BOGOTA","PARTICULAR","INCONSISTENTE","CAMPERO","1973","41","ABRIL","2026"
"BOGOTA D.C.","BOGOTA","PARTICULAR","ACTIVO","MAQ. AGRICOLA","1973","1","ABRIL","2026"
"BOGOTA D.C.","BOGOTA","OFICIAL","ACTIVO","MAQ. INDUSTRIAL","1973","1","ABRIL","2026"
"BOGOTA D.C.","BOGOTA","PARTICULAR","ACTIVO","MAQ. INDUSTRIAL","1973","9","ABRIL","2026"
"BOGOTA D.C.","BOGOTA","PARTICULAR","ACTIVO","MICROBUS","1973","10","ABRIL","2026"
"BOGOTA D.C.","BOGOTA","PÚBLICO","ACTIVO","MICROBUS","1973","1","ABRIL","2026"
"BOGOTA D.C.","BOGOTA","PARTICULAR","ACTIVO","MOTOCICLETA","1973","43","ABRIL","2026"
"BOGOTA D.C.","BOGOTA","PÚBLICO","ACTIVO","TRACTOCAMION","1973","2","ABRIL","2026"
"BOGOTA D.C.","BOGOTA","PARTICULAR","ACTIVO","TRACTOCAMION","1973","1","ABRIL","2026"
"BOGOTA D.C.","BOGOTA","PARTICULAR","ACTIVO","VOLQUETA","1973","3","ABRIL","2026"
"BOGOTA D.C.","BOGOTA","PÚBLICO","ACTIVO","VOLQUETA","1973","9","ABRIL","2026"
"BOGOTA D.C.","BOGOTA","PARTICULAR","INCONSISTENTE","AUTOMOVIL","1974","138","ABRIL","2026"
"BOGOTA D.C.","BOGOTA","OFICIAL","INCONSISTENTE","AUTOMOVIL","1974","1","ABRIL","2026"
"BOGOTA D.C.","BOGOTA","PARTICULAR","ACTIVO","AUTOMOVIL","1974","5466","ABRIL","2026"
"BOGOTA D.C.","BOGOTA","OFICIAL","ACTIVO","AUTOMOVIL","1974","91","ABRIL","2026"
"BOGOTA D.C.","BOGOTA","OTROS","ACTIVO","AUTOMOVIL","1974","1","ABRIL","2026"
"BOGOTA D.C.","BOGOTA","PÚBLICO","ACTIVO","AUTOMOVIL","1974","11","ABRIL","2026"
"BOGOTA D.C.","BOGOTA","PARTICULAR","ACTIVO","BUS","1974","25","ABRIL","2026"
"BOGOTA D.C.","BOGOTA","PARTICULAR","INCONSISTENTE","BUS","1974","1","ABRIL","2026"
"BOGOTA D.C.","BOGOTA","OFICIAL","ACTIVO","BUS","1974","3","ABRIL","2026"
"BOGOTA D.C.","BOGOTA","PÚBLICO","ACTIVO","BUS","1974","16","ABRIL","2026"
"BOGOTA D.C.","BOGOTA","PARTICULAR","ACTIVO","BUSETA","1974","16","ABRIL","2026"
"BOGOTA D.C.","BOGOTA","PÚBLICO","INCONSISTENTE","BUSETA","1974","1","ABRIL","2026"
"BOGOTA D.C.","BOGOTA","PÚBLICO","ACTIVO","BUSETA","1974","9","ABRIL","2026"
"BOGOTA D.C.","BOGOTA","PÚBLICO","ACTIVO","CAMION","1974","44","ABRIL","2026"
"BOGOTA D.C.","BOGOTA","OFICIAL","ACTIVO","CAMION","1974","7","ABRIL","2026"
"BOGOTA D.C.","BOGOTA","PARTICULAR","ACTIVO","CAMION","1974","136","ABRIL","2026"
"BOGOTA D.C.","BOGOTA","PÚBLICO","INCONSISTENTE","CAMION","1974","1","ABRIL","2026"
"BOGOTA D.C.","BOGOTA","PARTICULAR","INCONSISTENTE","CAMION","1974","11","ABRIL","2026"
"BOGOTA D.C.","BOGOTA","OFICIAL","ACTIVO","CAMIONETA","1974","13","ABRIL","2026"
"BOGOTA D.C.","BOGOTA","PARTICULAR","ACTIVO","CAMIONETA","1974","575","ABRIL","2026"
"BOGOTA D.C.","BOGOTA","PARTICULAR","INCONSISTENTE","CAMIONETA","1974","22","ABRIL","2026"
"BOGOTA D.C.","BOGOTA","PÚBLICO","ACTIVO","CAMIONETA","1974","33","ABRIL","2026"
"BOGOTA D.C.","BOGOTA","PARTICULAR","ACTIVO","CAMPERO","1974","468","ABRIL","2026"
"BOGOTA D.C.","BOGOTA","OFICIAL","ACTIVO","CAMPERO","1974","36","ABRIL","2026"
"BOGOTA D.C.","BOGOTA","PARTICULAR","INCONSISTENTE","CAMPERO","1974","25","ABRIL","2026"
"BOGOTA D.C.","BOGOTA","PARTICULAR","ACTIVO","MAQ. INDUSTRIAL","1974","7","ABRIL","2026"
"BOGOTA D.C.","BOGOTA","PARTICULAR","ACTIVO","MICROBUS","1974","22","ABRIL","2026"
"BOGOTA D.C.","BOGOTA","PÚBLICO","ACTIVO","MICROBUS","1974","1","ABRIL","2026"
"BOGOTA D.C.","BOGOTA","PARTICULAR","INCONSISTENTE","MOTOCICLETA","1974","1","ABRIL","2026"
"BOGOTA D.C.","BOGOTA","OFICIAL","ACTIVO","MOTOCICLETA","1974","10","ABRIL","2026"
"BOGOTA D.C.","BOGOTA","PARTICULAR","ACTIVO","MOTOCICLETA","1974","109","ABRIL","2026"
"BOGOTA D.C.","BOGOTA","OFICIAL","ACTIVO","TRACTOCAMION","1974","1","ABRIL","2026"
"BOGOTA D.C.","BOGOTA","PARTICULAR","ACTIVO","TRACTOCAMION","1974","3","ABRIL","2026"
"BOGOTA D.C.","BOGOTA","PÚBLICO","ACTIVO","TRACTOCAMION","1974","3","ABRIL","2026"
"BOGOTA D.C.","BOGOTA","PÚBLICO","INCONSISTENTE","TRACTOCAMION","1974","3","ABRIL","2026"
"BOGOTA D.C.","BOGOTA","PÚBLICO","ACTIVO","VOLQUETA","1974","3","ABRIL","2026"
"BOGOTA D.C.","BOGOTA","PARTICULAR","ACTIVO","VOLQUETA","1974","3","ABRIL","2026"
"BOGOTA D.C.","BOGOTA","PARTICULAR","ACTIVO","AUTOMOVIL","1975","4472","ABRIL","2026"
"BOGOTA D.C.","BOGOTA","OFICIAL","ACTIVO","AUTOMOVIL","1975","65","ABRIL","2026"
"BOGOTA D.C.","BOGOTA","PARTICULAR","INCONSISTENTE","AUTOMOVIL","1975","119","ABRIL","2026"
"BOGOTA D.C.","BOGOTA","PÚBLICO","ACTIVO","AUTOMOVIL","1975","16","ABRIL","2026"
"BOGOTA D.C.","BOGOTA","PÚBLICO","INCONSISTENTE","AUTOMOVIL","1975","1","ABRIL","2026"
"BOGOTA D.C.","BOGOTA","PÚBLICO","ACTIVO","BUS","1975","40","ABRIL","2026"
"BOGOTA D.C.","BOGOTA","OFICIAL","ACTIVO","BUS","1975","57","ABRIL","2026"
"BOGOTA D.C.","BOGOTA","PÚBLICO","INCONSISTENTE","BUS","1975","8","ABRIL","2026"
"BOGOTA D.C.","BOGOTA","PARTICULAR","INCONSISTENTE","BUS","1975","8","ABRIL","2026"
"BOGOTA D.C.","BOGOTA","PARTICULAR","ACTIVO","BUS","1975","42","ABRIL","2026"
"BOGOTA D.C.","BOGOTA","PÚBLICO","INCONSISTENTE","BUSETA","1975","1","ABRIL","2026"
"BOGOTA D.C.","BOGOTA","PARTICULAR","ACTIVO","BUSETA","1975","14","ABRIL","2026"
"BOGOTA D.C.","BOGOTA","PÚBLICO","ACTIVO","BUSETA","1975","35","ABRIL","2026"
"BOGOTA D.C.","BOGOTA","PARTICULAR","ACTIVO","CAMION","1975","188","ABRIL","2026"
"BOGOTA D.C.","BOGOTA","PÚBLICO","INCONSISTENTE","CAMION","1975","3","ABRIL","2026"
"BOGOTA D.C.","BOGOTA","PARTICULAR","INCONSISTENTE","CAMION","1975","12","ABRIL","2026"
"BOGOTA D.C.","BOGOTA","OFICIAL","ACTIVO","CAMION","1975","15","ABRIL","2026"
"BOGOTA D.C.","BOGOTA","PÚBLICO","ACTIVO","CAMION","1975","60","ABRIL","2026"
"BOGOTA D.C.","BOGOTA","PARTICULAR","ACTIVO","CAMIONETA","1975","869","ABRIL","2026"
"BOGOTA D.C.","BOGOTA","PÚBLICO","ACTIVO","CAMIONETA","1975","23","ABRIL","2026"
"BOGOTA D.C.","BOGOTA","OFICIAL","ACTIVO","CAMIONETA","1975","38","ABRIL","2026"
"BOGOTA D.C.","BOGOTA","PARTICULAR","INCONSISTENTE","CAMIONETA","1975","28","ABRIL","2026"
"BOGOTA D.C.","BOGOTA","OFICIAL","INCONSISTENTE","CAMIONETA","1975","1","ABRIL","2026"
"BOGOTA D.C.","BOGOTA","OFICIAL","ACTIVO","CAMPERO","1975","58","ABRIL","2026"
"BOGOTA D.C.","BOGOTA","PARTICULAR","INCONSISTENTE","CAMPERO","1975","26","ABRIL","2026"
"BOGOTA D.C.","BOGOTA","PÚBLICO","ACTIVO","CAMPERO","1975","3","ABRIL","2026"
"BOGOTA D.C.","BOGOTA","PARTICULAR","ACTIVO","CAMPERO","1975","499","ABRIL","2026"
"BOGOTA D.C.","BOGOTA","PARTICULAR","ACTIVO","MAQ. INDUSTRIAL","1975","7","ABRIL","2026"
"BOGOTA D.C.","BOGOTA","PARTICULAR","INCONSISTENTE","MAQ. INDUSTRIAL","1975","1","ABRIL","2026"
"BOGOTA D.C.","BOGOTA","PARTICULAR","ACTIVO","MICROBUS","1975","20","ABRIL","2026"
"BOGOTA D.C.","BOGOTA","OFICIAL","ACTIVO","MOTOCICLETA","1975","2","ABRIL","2026"
"BOGOTA D.C.","BOGOTA","PARTICULAR","INCONSISTENTE","MOTOCICLETA","1975","1","ABRIL","2026"
"BOGOTA D.C.","BOGOTA","PARTICULAR","ACTIVO","MOTOCICLETA","1975","105","ABRIL","2026"
"BOGOTA D.C.","BOGOTA","PÚBLICO","INCONSISTENTE","TRACTOCAMION","1975","1","ABRIL","2026"
"BOGOTA D.C.","BOGOTA","PARTICULAR","INCONSISTENTE","TRACTOCAMION","1975","2","ABRIL","2026"
"BOGOTA D.C.","BOGOTA","PÚBLICO","ACTIVO","TRACTOCAMION","1975","4","ABRIL","2026"
"BOGOTA D.C.","BOGOTA","PARTICULAR","ACTIVO","TRACTOCAMION","1975","3","ABRIL","2026"
"BOGOTA D.C.","BOGOTA","PÚBLICO","ACTIVO","VOLQUETA","1975","4","ABRIL","2026"
"BOGOTA D.C.","BOGOTA","PARTICULAR","ACTIVO","VOLQUETA","1975","7","ABRIL","2026"
"BOGOTA D.C.","BOGOTA","PARTICULAR","INCONSISTENTE","AUTOMOVIL","1976","132","ABRIL","2026"
"BOGOTA D.C.","BOGOTA","OFICIAL","ACTIVO","AUTOMOVIL","1976","100","ABRIL","2026"
"BOGOTA D.C.","BOGOTA","OTROS","ACTIVO","AUTOMOVIL","1976","1","ABRIL","2026"
"BOGOTA D.C.","BOGOTA","PÚBLICO","ACTIVO","AUTOMOVIL","1976","37","ABRIL","2026"
"BOGOTA D.C.","BOGOTA","PARTICULAR","ACTIVO","AUTOMOVIL","1976","4629","ABRIL","2026"
"BOGOTA D.C.","BOGOTA","PÚBLICO","INCONSISTENTE","AUTOMOVIL","1976","2","ABRIL","2026"
"BOGOTA D.C.","BOGOTA","PARTICULAR","ACTIVO","BUS","1976","37","ABRIL","2026"
"BOGOTA D.C.","BOGOTA","PÚBLICO","INCONSISTENTE","BUS","1976","18","ABRIL","2026"
"BOGOTA D.C.","BOGOTA","PARTICULAR","INCONSISTENTE","BUS","1976","13","ABRIL","2026"
"BOGOTA D.C.","BOGOTA","OFICIAL","ACTIVO","BUS","1976","3","ABRIL","2026"
"BOGOTA D.C.","BOGOTA","PÚBLICO","ACTIVO","BUS","1976","38","ABRIL","2026"
"BOGOTA D.C.","BOGOTA","PÚBLICO","ACTIVO","BUSETA","1976","49","ABRIL","2026"
"BOGOTA D.C.","BOGOTA","PÚBLICO","INCONSISTENTE","BUSETA","1976","2","ABRIL","2026"
"BOGOTA D.C.","BOGOTA","PARTICULAR","ACTIVO","BUSETA","1976","16","ABRIL","2026"
"BOGOTA D.C.","BOGOTA","OFICIAL","ACTIVO","BUSETA","1976","3","ABRIL","2026"
"BOGOTA D.C.","BOGOTA","PARTICULAR","INCONSISTENTE","BUSETA","1976","1","ABRIL","2026"
"BOGOTA D.C.","BOGOTA","PARTICULAR","ACTIVO","CAMION","1976","150","ABRIL","2026"
"BOGOTA D.C.","BOGOTA","OFICIAL","ACTIVO","CAMION","1976","14","ABRIL","2026"
"BOGOTA D.C.","BOGOTA","PARTICULAR","INCONSISTENTE","CAMION","1976","9","ABRIL","2026"
"BOGOTA D.C.","BOGOTA","PÚBLICO","INCONSISTENTE","CAMION","1976","1","ABRIL","2026"
"BOGOTA D.C.","BOGOTA","PÚBLICO","ACTIVO","CAMION","1976","66","ABRIL","2026"
"BOGOTA D.C.","BOGOTA","OFICIAL","ACTIVO","CAMIONETA","1976","47","ABRIL","2026"
"BOGOTA D.C.","BOGOTA","PARTICULAR","INCONSISTENTE","CAMIONETA","1976","27","ABRIL","2026"
"BOGOTA D.C.","BOGOTA","PARTICULAR","ACTIVO","CAMIONETA","1976","1005","ABRIL","2026"
"BOGOTA D.C.","BOGOTA","OFICIAL","INCONSISTENTE","CAMIONETA","1976","1","ABRIL","2026"
"BOGOTA D.C.","BOGOTA","PÚBLICO","ACTIVO","CAMIONETA","1976","41","ABRIL","2026"
"BOGOTA D.C.","BOGOTA","OFICIAL","ACTIVO","CAMPERO","1976","33","ABRIL","2026"
"BOGOTA D.C.","BOGOTA","PARTICULAR","ACTIVO","CAMPERO","1976","636","ABRIL","2026"
"BOGOTA D.C.","BOGOTA","PARTICULAR","INCONSISTENTE","CAMPERO","1976","40","ABRIL","2026"
"BOGOTA D.C.","BOGOTA","PÚBLICO","ACTIVO","CAMPERO","1976","5","ABRIL","2026"
"BOGOTA D.C.","BOGOTA","PARTICULAR","ACTIVO","MAQ. INDUSTRIAL","1976","8","ABRIL","2026"
"BOGOTA D.C.","BOGOTA","PARTICULAR","ACTIVO","MICROBUS","1976","20","ABRIL","2026"
"BOGOTA D.C.","BOGOTA","PARTICULAR","INCONSISTENTE","MOTOCICLETA","1976","1","ABRIL","2026"
"BOGOTA D.C.","BOGOTA","PARTICULAR","ACTIVO","MOTOCICLETA","1976","290","ABRIL","2026"
"BOGOTA D.C.","BOGOTA","OFICIAL","ACTIVO","MOTOCICLETA","1976","12","ABRIL","2026"
"BOGOTA D.C.","BOGOTA","PÚBLICO","ACTIVO","TRACTOCAMION","1976","10","ABRIL","2026"
"BOGOTA D.C.","BOGOTA","PARTICULAR","ACTIVO","TRACTOCAMION","1976","2","ABRIL","2026"
"BOGOTA D.C.","BOGOTA","PÚBLICO","INCONSISTENTE","TRACTOCAMION","1976","2","ABRIL","2026"
"BOGOTA D.C.","BOGOTA","PÚBLICO","ACTIVO","VOLQUETA","1976","5","ABRIL","2026"
"BOGOTA D.C.","BOGOTA","PARTICULAR","ACTIVO","VOLQUETA","1976","4","ABRIL","2026"
"BOGOTA D.C.","BOGOTA","PÚBLICO","INCONSISTENTE","AUTOMOVIL","1977","4","ABRIL","2026"
"BOGOTA D.C.","BOGOTA","PÚBLICO","ACTIVO","AUTOMOVIL","1977","23","ABRIL","2026"
"BOGOTA D.C.","BOGOTA","OFICIAL","ACTIVO","AUTOMOVIL","1977","69","ABRIL","2026"
"BOGOTA D.C.","BOGOTA","PARTICULAR","ACTIVO","AUTOMOVIL","1977","5282","ABRIL","2026"
"BOGOTA D.C.","BOGOTA","PARTICULAR","INCONSISTENTE","AUTOMOVIL","1977","125","ABRIL","2026"
"BOGOTA D.C.","BOGOTA","PARTICULAR","INCONSISTENTE","BUS","1977","7","ABRIL","2026"
"BOGOTA D.C.","BOGOTA","PÚBLICO","ACTIVO","BUS","1977","37","ABRIL","2026"
"BOGOTA D.C.","BOGOTA","PÚBLICO","INCONSISTENTE","BUS","1977","15","ABRIL","2026"
"BOGOTA D.C.","BOGOTA","PARTICULAR","ACTIVO","BUS","1977","16","ABRIL","2026"
"BOGOTA D.C.","BOGOTA","OFICIAL","ACTIVO","BUS","1977","5","ABRIL","2026"
"BOGOTA D.C.","BOGOTA","PARTICULAR","INCONSISTENTE","BUSETA","1977","1","ABRIL","2026"
"BOGOTA D.C.","BOGOTA","PÚBLICO","ACTIVO","BUSETA","1977","33","ABRIL","2026"
"BOGOTA D.C.","BOGOTA","OFICIAL","ACTIVO","BUSETA","1977","4","ABRIL","2026"
"BOGOTA D.C.","BOGOTA","PARTICULAR","ACTIVO","BUSETA","1977","11","ABRIL","2026"
"BOGOTA D.C.","BOGOTA","OFICIAL","ACTIVO","CAMION","1977","5","ABRIL","2026"
"BOGOTA D.C.","BOGOTA","PÚBLICO","ACTIVO","CAMION","1977","63","ABRIL","2026"
"BOGOTA D.C.","BOGOTA","PARTICULAR","INCONSISTENTE","CAMION","1977","12","ABRIL","2026"
"BOGOTA D.C.","BOGOTA","PARTICULAR","ACTIVO","CAMION","1977","189","ABRIL","2026"
"BOGOTA D.C.","BOGOTA","PÚBLICO","INCONSISTENTE","CAMION","1977","1","ABRIL","2026"
"BOGOTA D.C.","BOGOTA","PARTICULAR","INCONSISTENTE","CAMIONETA","1977","38","ABRIL","2026"
"BOGOTA D.C.","BOGOTA","PÚBLICO","ACTIVO","CAMIONETA","1977","61","ABRIL","2026"
"BOGOTA D.C.","BOGOTA","OFICIAL","ACTIVO","CAMIONETA","1977","23","ABRIL","2026"
"BOGOTA D.C.","BOGOTA","PARTICULAR","ACTIVO","CAMIONETA","1977","1245","ABRIL","2026"
"BOGOTA D.C.","BOGOTA","PARTICULAR","ACTIVO","CAMPERO","1977","835","ABRIL","2026"
"BOGOTA D.C.","BOGOTA","OFICIAL","ACTIVO","CAMPERO","1977","20","ABRIL","2026"
"BOGOTA D.C.","BOGOTA","PARTICULAR","INCONSISTENTE","CAMPERO","1977","48","ABRIL","2026"
"BOGOTA D.C.","BOGOTA","PÚBLICO","ACTIVO","CAMPERO","1977","5","ABRIL","2026"
"BOGOTA D.C.","BOGOTA","OTROS","ACTIVO","CAMPERO","1977","1","ABRIL","2026"
"BOGOTA D.C.","BOGOTA","PARTICULAR","ACTIVO","MAQ. INDUSTRIAL","1977","29","ABRIL","2026"
"BOGOTA D.C.","BOGOTA","OFICIAL","ACTIVO","MAQ. INDUSTRIAL","1977","2","ABRIL","2026"
"BOGOTA D.C.","BOGOTA","PARTICULAR","INCONSISTENTE","MICROBUS","1977","1","ABRIL","2026"
"BOGOTA D.C.","BOGOTA","PARTICULAR","ACTIVO","MICROBUS","1977","13","ABRIL","2026"
"BOGOTA D.C.","BOGOTA","PARTICULAR","ACTIVO","MOTOCARRO","1977","1","ABRIL","2026"
"BOGOTA D.C.","BOGOTA","PARTICULAR","INCONSISTENTE","MOTOCICLETA","1977","5","ABRIL","2026"
"BOGOTA D.C.","BOGOTA","PARTICULAR","ACTIVO","MOTOCICLETA","1977","862","ABRIL","2026"
"BOGOTA D.C.","BOGOTA","OFICIAL","ACTIVO","MOTOCICLETA","1977","13","ABRIL","2026"
"BOGOTA D.C.","BOGOTA","PARTICULAR","ACTIVO","MOTOTRICICLO","1977","1","ABRIL","2026"
"BOGOTA D.C.","BOGOTA","PÚBLICO","INCONSISTENTE","TRACTOCAMION","1977","3","ABRIL","2026"
"BOGOTA D.C.","BOGOTA","PARTICULAR","ACTIVO","TRACTOCAMION","1977","2","ABRIL","2026"
"BOGOTA D.C.","BOGOTA","PÚBLICO","ACTIVO","TRACTOCAMION","1977","5","ABRIL","2026"
"BOGOTA D.C.","BOGOTA","PARTICULAR","INCONSISTENTE","TRACTOCAMION","1977","1","ABRIL","2026"
"BOGOTA D.C.","BOGOTA","PARTICULAR","ACTIVO","VOLQUETA","1977","5","ABRIL","2026"
"BOGOTA D.C.","BOGOTA","PÚBLICO","ACTIVO","VOLQUETA","1977","9","ABRIL","2026"
"BOGOTA D.C.","BOGOTA","PARTICULAR","INCONSISTENTE","AUTOMOVIL","1978","108","ABRIL","2026"
"BOGOTA D.C.","BOGOTA","OFICIAL","ACTIVO","AUTOMOVIL","1978","75","ABRIL","2026"
"BOGOTA D.C.","BOGOTA","PÚBLICO","ACTIVO","AUTOMOVIL","1978","42","ABRIL","2026"
"BOGOTA D.C.","BOGOTA","OTROS","ACTIVO","AUTOMOVIL","1978","1","ABRIL","2026"
"BOGOTA D.C.","BOGOTA","PÚBLICO","INCONSISTENTE","AUTOMOVIL","1978","4","ABRIL","2026"
"BOGOTA D.C.","BOGOTA","PARTICULAR","ACTIVO","AUTOMOVIL","1978","5690","ABRIL","2026"
"BOGOTA D.C.","BOGOTA","PARTICULAR","ACTIVO","BUS","1978","22","ABRIL","2026"
"BOGOTA D.C.","BOGOTA","PÚBLICO","INCONSISTENTE","BUS","1978","7","ABRIL","2026"
"BOGOTA D.C.","BOGOTA","PARTICULAR","INCONSISTENTE","BUS","1978","4","ABRIL","2026"
"BOGOTA D.C.","BOGOTA","OFICIAL","ACTIVO","BUS","1978","1","ABRIL","2026"
"BOGOTA D.C.","BOGOTA","PÚBLICO","ACTIVO","BUS","1978","30","ABRIL","2026"
"BOGOTA D.C.","BOGOTA","PÚBLICO","ACTIVO","BUSETA","1978","24","ABRIL","2026"
"BOGOTA D.C.","BOGOTA","PARTICULAR","INCONSISTENTE","BUSETA","1978","1","ABRIL","2026"
"BOGOTA D.C.","BOGOTA","PARTICULAR","ACTIVO","BUSETA","1978","16","ABRIL","2026"
"BOGOTA D.C.","BOGOTA","PÚBLICO","INCONSISTENTE","BUSETA","1978","1","ABRIL","2026"
"BOGOTA D.C.","BOGOTA","OFICIAL","ACTIVO","CAMION","1978","4","ABRIL","2026"
"BOGOTA D.C.","BOGOTA","PARTICULAR","ACTIVO","CAMION","1978","253","ABRIL","2026"
"BOGOTA D.C.","BOGOTA","PÚBLICO","ACTIVO","CAMION","1978","81","ABRIL","2026"
"BOGOTA D.C.","BOGOTA","PÚBLICO","INCONSISTENTE","CAMION","1978","4","ABRIL","2026"
"BOGOTA D.C.","BOGOTA","PARTICULAR","INCONSISTENTE","CAMION","1978","25","ABRIL","2026"
"BOGOTA D.C.","BOGOTA","PARTICULAR","INCONSISTENTE","CAMIONETA","1978","37","ABRIL","2026"
"BOGOTA D.C.","BOGOTA","PÚBLICO","ACTIVO","CAMIONETA","1978","73","ABRIL","2026"
"BOGOTA D.C.","BOGOTA","OFICIAL","ACTIVO","CAMIONETA","1978","10","ABRIL","2026"
"BOGOTA D.C.","BOGOTA","PÚBLICO","INCONSISTENTE","CAMIONETA","1978","3","ABRIL","2026"
"BOGOTA D.C.","BOGOTA","PARTICULAR","ACTIVO","CAMIONETA","1978","1564","ABRIL","2026"
"BOGOTA D.C.","BOGOTA","PARTICULAR","INCONSISTENTE","CAMPERO","1978","61","ABRIL","2026"
"BOGOTA D.C.","BOGOTA","PÚBLICO","ACTIVO","CAMPERO","1978","1","ABRIL","2026"
"BOGOTA D.C.","BOGOTA","PARTICULAR","ACTIVO","CAMPERO","1978","1228","ABRIL","2026"
"BOGOTA D.C.","BOGOTA","OFICIAL","INCONSISTENTE","CAMPERO","1978","1","ABRIL","2026"
"BOGOTA D.C.","BOGOTA","OFICIAL","ACTIVO","CAMPERO","1978","23","ABRIL","2026"
"BOGOTA D.C.","BOGOTA","PARTICULAR","ACTIVO","MAQ. INDUSTRIAL","1978","27","ABRIL","2026"
"BOGOTA D.C.","BOGOTA","OFICIAL","ACTIVO","MICROBUS","1978","2","ABRIL","2026"
"BOGOTA D.C.","BOGOTA","PARTICULAR","ACTIVO","MICROBUS","1978","22","ABRIL","2026"
"BOGOTA D.C.","BOGOTA","PÚBLICO","ACTIVO","MICROBUS","1978","2","ABRIL","2026"
"BOGOTA D.C.","BOGOTA","PARTICULAR","ACTIVO","MOTOCICLETA","1978","2634","ABRIL","2026"
"BOGOTA D.C.","BOGOTA","OFICIAL","ACTIVO","MOTOCICLETA","1978","224","ABRIL","2026"
"BOGOTA D.C.","BOGOTA","PARTICULAR","INCONSISTENTE","MOTOCICLETA","1978","29","ABRIL","2026"
"BOGOTA D.C.","BOGOTA","PARTICULAR","INCONSISTENTE","TRACTOCAMION","1978","4","ABRIL","2026"
"BOGOTA D.C.","BOGOTA","OTROS","ACTIVO","TRACTOCAMION","1978","1","ABRIL","2026"
"BOGOTA D.C.","BOGOTA","PARTICULAR","ACTIVO","TRACTOCAMION","1978","6","ABRIL","2026"
"BOGOTA D.C.","BOGOTA","PÚBLICO","ACTIVO","TRACTOCAMION","1978","11","ABRIL","2026"
"BOGOTA D.C.","BOGOTA","PÚBLICO","INCONSISTENTE","TRACTOCAMION","1978","2","ABRIL","2026"
"BOGOTA D.C.","BOGOTA","PÚBLICO","ACTIVO","VOLQUETA","1978","9","ABRIL","2026"
"BOGOTA D.C.","BOGOTA","PARTICULAR","ACTIVO","VOLQUETA","1978","8","ABRIL","2026"
"BOGOTA D.C.","BOGOTA","PÚBLICO","INCONSISTENTE","AUTOMOVIL","1979","6","ABRIL","2026"
"BOGOTA D.C.","BOGOTA","PÚBLICO","ACTIVO","AUTOMOVIL","1979","37","ABRIL","2026"
"BOGOTA D.C.","BOGOTA","OFICIAL","ACTIVO","AUTOMOVIL","1979","68","ABRIL","2026"
"BOGOTA D.C.","BOGOTA","PARTICULAR","ACTIVO","AUTOMOVIL","1979","4739","ABRIL","2026"
"BOGOTA D.C.","BOGOTA","PARTICULAR","INCONSISTENTE","AUTOMOVIL","1979","113","ABRIL","2026"
"BOGOTA D.C.","BOGOTA","PÚBLICO","INCONSISTENTE","BUS","1979","19","ABRIL","2026"
"BOGOTA D.C.","BOGOTA","OFICIAL","ACTIVO","BUS","1979","4","ABRIL","2026"
"BOGOTA D.C.","BOGOTA","PÚBLICO","ACTIVO","BUS","1979","32","ABRIL","2026"
"BOGOTA D.C.","BOGOTA","PARTICULAR","INCONSISTENTE","BUS","1979","10","ABRIL","2026"
"BOGOTA D.C.","BOGOTA","PARTICULAR","ACTIVO","BUS","1979","18","ABRIL","2026"
"BOGOTA D.C.","BOGOTA","PÚBLICO","ACTIVO","BUSETA","1979","55","ABRIL","2026"
"BOGOTA D.C.","BOGOTA","PARTICULAR","ACTIVO","BUSETA","1979","10","ABRIL","2026"
"BOGOTA D.C.","BOGOTA","PÚBLICO","ACTIVO","CAMION","1979","94","ABRIL","2026"
"BOGOTA D.C.","BOGOTA","PÚBLICO","INCONSISTENTE","CAMION","1979","2","ABRIL","2026"
"BOGOTA D.C.","BOGOTA","PARTICULAR","ACTIVO","CAMION","1979","229","ABRIL","2026"
"BOGOTA D.C.","BOGOTA","OFICIAL","ACTIVO","CAMION","1979","62","ABRIL","2026"
"BOGOTA D.C.","BOGOTA","PARTICULAR","INCONSISTENTE","CAMION","1979","10","ABRIL","2026"
"BOGOTA D.C.","BOGOTA","PARTICULAR","ACTIVO","CAMIONETA","1979","1313","ABRIL","2026"
"BOGOTA D.C.","BOGOTA","PÚBLICO","ACTIVO","CAMIONETA","1979","74","ABRIL","2026"
"BOGOTA D.C.","BOGOTA","PARTICULAR","INCONSISTENTE","CAMIONETA","1979","40","ABRIL","2026"
"BOGOTA D.C.","BOGOTA","OFICIAL","ACTIVO","CAMIONETA","1979","47","ABRIL","2026"
"BOGOTA D.C.","BOGOTA","OFICIAL","INCONSISTENTE","CAMIONETA","1979","4","ABRIL","2026"
"BOGOTA D.C.","BOGOTA","OFICIAL","ACTIVO","CAMPERO","1979","40","ABRIL","2026"
"BOGOTA D.C.","BOGOTA","PARTICULAR","ACTIVO","CAMPERO","1979","1388","ABRIL","2026"
"BOGOTA D.C.","BOGOTA","PÚBLICO","ACTIVO","CAMPERO","1979","5","ABRIL","2026"
"BOGOTA D.C.","BOGOTA","PARTICULAR","INCONSISTENTE","CAMPERO","1979","49","ABRIL","2026"
"BOGOTA D.C.","BOGOTA","PARTICULAR","ACTIVO","MAQ. AGRICOLA","1979","1","ABRIL","2026"
"BOGOTA D.C.","BOGOTA","PARTICULAR","ACTIVO","MAQ. INDUSTRIAL","1979","23","ABRIL","2026"
"BOGOTA D.C.","BOGOTA","OFICIAL","ACTIVO","MICROBUS","1979","2","ABRIL","2026"
"BOGOTA D.C.","BOGOTA","PARTICULAR","ACTIVO","MICROBUS","1979","35","ABRIL","2026"
"BOGOTA D.C.","BOGOTA","PÚBLICO","ACTIVO","MICROBUS","1979","2","ABRIL","2026"
"BOGOTA D.C.","BOGOTA","OFICIAL","ACTIVO","MOTOCICLETA","1979","205","ABRIL","2026"
"BOGOTA D.C.","BOGOTA","OFICIAL","INCONSISTENTE","MOTOCICLETA","1979","1","ABRIL","2026"
"BOGOTA D.C.","BOGOTA","PARTICULAR","ACTIVO","MOTOCICLETA","1979","3253","ABRIL","2026"
"BOGOTA D.C.","BOGOTA","PARTICULAR","INCONSISTENTE","MOTOCICLETA","1979","38","ABRIL","2026"
"BOGOTA D.C.","BOGOTA","OFICIAL","ACTIVO","TRACTOCAMION","1979","2","ABRIL","2026"
"BOGOTA D.C.","BOGOTA","PARTICULAR","INCONSISTENTE","TRACTOCAMION","1979","2","ABRIL","2026"
"BOGOTA D.C.","BOGOTA","PARTICULAR","ACTIVO","TRACTOCAMION","1979","7","ABRIL","2026"
"BOGOTA D.C.","BOGOTA","PÚBLICO","ACTIVO","TRACTOCAMION","1979","1","ABRIL","2026"
"BOGOTA D.C.","BOGOTA","PÚBLICO","ACTIVO","VOLQUETA","1979","11","ABRIL","2026"
"BOGOTA D.C.","BOGOTA","PARTICULAR","ACTIVO","VOLQUETA","1979","3","ABRIL","2026"
"BOGOTA D.C.","BOGOTA","OFICIAL","ACTIVO","AUTOMOVIL","1980","101","ABRIL","2026"
"BOGOTA D.C.","BOGOTA","PÚBLICO","INCONSISTENTE","AUTOMOVIL","1980","11","ABRIL","2026"
"BOGOTA D.C.","BOGOTA","PARTICULAR","ACTIVO","AUTOMOVIL","1980","5023","ABRIL","2026"
"BOGOTA D.C.","BOGOTA","OTROS","ACTIVO","AUTOMOVIL","1980","1","ABRIL","2026"
"BOGOTA D.C.","BOGOTA","PÚBLICO","ACTIVO","AUTOMOVIL","1980","49","ABRIL","2026"
"BOGOTA D.C.","BOGOTA","PARTICULAR","INCONSISTENTE","AUTOMOVIL","1980","104","ABRIL","2026"
"BOGOTA D.C.","BOGOTA","PARTICULAR","INCONSISTENTE","BUS","1980","6","ABRIL","2026"
"BOGOTA D.C.","BOGOTA","PARTICULAR","ACTIVO","BUS","1980","25","ABRIL","2026"
"BOGOTA D.C.","BOGOTA","PÚBLICO","INCONSISTENTE","BUS","1980","25","ABRIL","2026"
"BOGOTA D.C.","BOGOTA","PÚBLICO","ACTIVO","BUS","1980","11","ABRIL","2026"
"BOGOTA D.C.","BOGOTA","PÚBLICO","INCONSISTENTE","BUSETA","1980","1","ABRIL","2026"
"BOGOTA D.C.","BOGOTA","PÚBLICO","ACTIVO","BUSETA","1980","160","ABRIL","2026"
"BOGOTA D.C.","BOGOTA","PARTICULAR","ACTIVO","BUSETA","1980","10","ABRIL","2026"
"BOGOTA D.C.","BOGOTA","PARTICULAR","INCONSISTENTE","CAMION","1980","17","ABRIL","2026"
"BOGOTA D.C.","BOGOTA","PARTICULAR","ACTIVO","CAMION","1980","208","ABRIL","2026"
"BOGOTA D.C.","BOGOTA","PÚBLICO","ACTIVO","CAMION","1980","79","ABRIL","2026"
"BOGOTA D.C.","BOGOTA","OFICIAL","ACTIVO","CAMION","1980","20","ABRIL","2026"
"BOGOTA D.C.","BOGOTA","PÚBLICO","ACTIVO","CAMIONETA","1980","86","ABRIL","2026"
"BOGOTA D.C.","BOGOTA","OFICIAL","ACTIVO","CAMIONETA","1980","17","ABRIL","2026"
"BOGOTA D.C.","BOGOTA","PARTICULAR","ACTIVO","CAMIONETA","1980","1512","ABRIL","2026"
"BOGOTA D.C.","BOGOTA","PARTICULAR","INCONSISTENTE","CAMIONETA","1980","40","ABRIL","2026"
"BOGOTA D.C.","BOGOTA","PARTICULAR","ACTIVO","CAMPERO","1980","1454","ABRIL","2026"
"BOGOTA D.C.","BOGOTA","OFICIAL","ACTIVO","CAMPERO","1980","55","ABRIL","2026"
"BOGOTA D.C.","BOGOTA","PÚBLICO","ACTIVO","CAMPERO","1980","3","ABRIL","2026"
"BOGOTA D.C.","BOGOTA","PARTICULAR","INCONSISTENTE","CAMPERO","1980","66","ABRIL","2026"
"BOGOTA D.C.","BOGOTA","PARTICULAR","ACTIVO","MAQ. INDUSTRIAL","1980","16","ABRIL","2026"
"BOGOTA D.C.","BOGOTA","OFICIAL","ACTIVO","MICROBUS","1980","1","ABRIL","2026"
"BOGOTA D.C.","BOGOTA","PARTICULAR","ACTIVO","MICROBUS","1980","25","ABRIL","2026"
"BOGOTA D.C.","BOGOTA","PARTICULAR","ACTIVO","MOTOCARRO","1980","4","ABRIL","2026"
"BOGOTA D.C.","BOGOTA","PARTICULAR","ACTIVO","MOTOCICLETA","1980","3014","ABRIL","2026"
"BOGOTA D.C.","BOGOTA","OFICIAL","ACTIVO","MOTOCICLETA","1980","235","ABRIL","2026"
"BOGOTA D.C.","BOGOTA","PARTICULAR","INCONSISTENTE","MOTOCICLETA","1980","43","ABRIL","2026"
"BOGOTA D.C.","BOGOTA","OFICIAL","ACTIVO","TRACTOCAMION","1980","1","ABRIL","2026"
"BOGOTA D.C.","BOGOTA","PÚBLICO","ACTIVO","TRACTOCAMION","1980","2","ABRIL","2026"
"BOGOTA D.C.","BOGOTA","PARTICULAR","INCONSISTENTE","TRACTOCAMION","1980","1","ABRIL","2026"
"BOGOTA D.C.","BOGOTA","PARTICULAR","ACTIVO","TRACTOCAMION","1980","17","ABRIL","2026"
"BOGOTA D.C.","BOGOTA","PÚBLICO","INCONSISTENTE","TRACTOCAMION","1980","3","ABRIL","2026"
"BOGOTA D.C.","BOGOTA","PÚBLICO","ACTIVO","VOLQUETA","1980","13","ABRIL","2026"
"BOGOTA D.C.","BOGOTA","PARTICULAR","ACTIVO","VOLQUETA","1980","9","ABRIL","2026"
"BOGOTA D.C.","BOGOTA","PÚBLICO","INCONSISTENTE","AUTOMOVIL","1981","18","ABRIL","2026"
"BOGOTA D.C.","BOGOTA","OTROS","ACTIVO","AUTOMOVIL","1981","1","ABRIL","2026"
"BOGOTA D.C.","BOGOTA","PARTICULAR","INCONSISTENTE","AUTOMOVIL","1981","93","ABRIL","2026"
"BOGOTA D.C.","BOGOTA","PARTICULAR","ACTIVO","AUTOMOVIL","1981","5950","ABRIL","2026"
"BOGOTA D.C.","BOGOTA","OFICIAL","ACTIVO","AUTOMOVIL","1981","61","ABRIL","2026"
"BOGOTA D.C.","BOGOTA","PÚBLICO","ACTIVO","AUTOMOVIL","1981","41","ABRIL","2026"
"BOGOTA D.C.","BOGOTA","OFICIAL","ACTIVO","BUS","1981","4","ABRIL","2026"
"BOGOTA D.C.","BOGOTA","PARTICULAR","INCONSISTENTE","BUS","1981","1","ABRIL","2026"
"BOGOTA D.C.","BOGOTA","PÚBLICO","ACTIVO","BUS","1981","30","ABRIL","2026"
"BOGOTA D.C.","BOGOTA","PÚBLICO","INCONSISTENTE","BUS","1981","6","ABRIL","2026"
"BOGOTA D.C.","BOGOTA","PARTICULAR","ACTIVO","BUS","1981","16","ABRIL","2026"
"BOGOTA D.C.","BOGOTA","PÚBLICO","INCONSISTENTE","BUSETA","1981","4","ABRIL","2026"
"BOGOTA D.C.","BOGOTA","PARTICULAR","INCONSISTENTE","BUSETA","1981","2","ABRIL","2026"
"BOGOTA D.C.","BOGOTA","PARTICULAR","ACTIVO","BUSETA","1981","14","ABRIL","2026"
"BOGOTA D.C.","BOGOTA","PÚBLICO","ACTIVO","BUSETA","1981","125","ABRIL","2026"
"BOGOTA D.C.","BOGOTA","PARTICULAR","INCONSISTENTE","CAMION","1981","8","ABRIL","2026"
"BOGOTA D.C.","BOGOTA","OFICIAL","ACTIVO","CAMION","1981","20","ABRIL","2026"
"BOGOTA D.C.","BOGOTA","PARTICULAR","ACTIVO","CAMION","1981","179","ABRIL","2026"
"BOGOTA D.C.","BOGOTA","PÚBLICO","ACTIVO","CAMION","1981","51","ABRIL","2026"
"BOGOTA D.C.","BOGOTA","PARTICULAR","ACTIVO","CAMIONETA","1981","1629","ABRIL","2026"
"BOGOTA D.C.","BOGOTA","PARTICULAR","INCONSISTENTE","CAMIONETA","1981","28","ABRIL","2026"
"BOGOTA D.C.","BOGOTA","PÚBLICO","ACTIVO","CAMIONETA","1981","67","ABRIL","2026"
"BOGOTA D.C.","BOGOTA","OFICIAL","ACTIVO","CAMIONETA","1981","34","ABRIL","2026"
"BOGOTA D.C.","BOGOTA","OTROS","ACTIVO","CAMPERO","1981","1","ABRIL","2026"
"BOGOTA D.C.","BOGOTA","PARTICULAR","INCONSISTENTE","CAMPERO","1981","70","ABRIL","2026"
"BOGOTA D.C.","BOGOTA","PÚBLICO","ACTIVO","CAMPERO","1981","7","ABRIL","2026"
"BOGOTA D.C.","BOGOTA","PARTICULAR","ACTIVO","CAMPERO","1981","1751","ABRIL","2026"
"BOGOTA D.C.","BOGOTA","OFICIAL","ACTIVO","CAMPERO","1981","36","ABRIL","2026"
"BOGOTA D.C.","BOGOTA","PARTICULAR","ACTIVO","MAQ. AGRICOLA","1981","2","ABRIL","2026"
"BOGOTA D.C.","BOGOTA","PARTICULAR","ACTIVO","MAQ. INDUSTRIAL","1981","38","ABRIL","2026"
"BOGOTA D.C.","BOGOTA","PARTICULAR","ACTIVO","MICROBUS","1981","36","ABRIL","2026"
"BOGOTA D.C.","BOGOTA","PÚBLICO","ACTIVO","MICROBUS","1981","3","ABRIL","2026"
"BOGOTA D.C.","BOGOTA","PARTICULAR","INCONSISTENTE","MOTOCARRO","1981","2","ABRIL","2026"
"BOGOTA D.C.","BOGOTA","PARTICULAR","ACTIVO","MOTOCARRO","1981","18","ABRIL","2026"
"BOGOTA D.C.","BOGOTA","PARTICULAR","INCONSISTENTE","MOTOCICLETA","1981","36","ABRIL","2026"
"BOGOTA D.C.","BOGOTA","OFICIAL","ACTIVO","MOTOCICLETA","1981","134","ABRIL","2026"
"BOGOTA D.C.","BOGOTA","PARTICULAR","ACTIVO","MOTOCICLETA","1981","3577","ABRIL","2026"
"BOGOTA D.C.","BOGOTA","PARTICULAR","ACTIVO","MOTOTRICICLO","1981","4","ABRIL","2026"
"BOGOTA D.C.","BOGOTA","PARTICULAR","INCONSISTENTE","TRACTOCAMION","1981","1","ABRIL","2026"
"BOGOTA D.C.","BOGOTA","PÚBLICO","ACTIVO","TRACTOCAMION","1981","10","ABRIL","2026"
"BOGOTA D.C.","BOGOTA","PARTICULAR","ACTIVO","TRACTOCAMION","1981","4","ABRIL","2026"
"BOGOTA D.C.","BOGOTA","PARTICULAR","ACTIVO","VOLQUETA","1981","9","ABRIL","2026"
"BOGOTA D.C.","BOGOTA","PÚBLICO","ACTIVO","VOLQUETA","1981","12","ABRIL","2026"
"BOGOTA D.C.","BOGOTA","PÚBLICO","INCONSISTENTE","AUTOMOVIL","1982","1","ABRIL","2026"
"BOGOTA D.C.","BOGOTA","PÚBLICO","ACTIVO","AUTOMOVIL","1982","54","ABRIL","2026"
"BOGOTA D.C.","BOGOTA","PARTICULAR","ACTIVO","AUTOMOVIL","1982","5884","ABRIL","2026"
"BOGOTA D.C.","BOGOTA","PARTICULAR","INCONSISTENTE","AUTOMOVIL","1982","53","ABRIL","2026"
"BOGOTA D.C.","BOGOTA","OFICIAL","ACTIVO","AUTOMOVIL","1982","68","ABRIL","2026"
"BOGOTA D.C.","BOGOTA","PÚBLICO","INCONSISTENTE","BUS","1982","3","ABRIL","2026"
"BOGOTA D.C.","BOGOTA","OFICIAL","ACTIVO","BUS","1982","15","ABRIL","2026"
"BOGOTA D.C.","BOGOTA","PARTICULAR","ACTIVO","BUS","1982","33","ABRIL","2026"
"BOGOTA D.C.","BOGOTA","PARTICULAR","INCONSISTENTE","BUS","1982","1","ABRIL","2026"
"BOGOTA D.C.","BOGOTA","PÚBLICO","ACTIVO","BUS","1982","42","ABRIL","2026"
"BOGOTA D.C.","BOGOTA","PARTICULAR","INCONSISTENTE","BUSETA","1982","4","ABRIL","2026"
"BOGOTA D.C.","BOGOTA","PÚBLICO","ACTIVO","BUSETA","1982","159","ABRIL","2026"
"BOGOTA D.C.","BOGOTA","PARTICULAR","ACTIVO","BUSETA","1982","17","ABRIL","2026"
"BOGOTA D.C.","BOGOTA","OFICIAL","ACTIVO","BUSETA","1982","1","ABRIL","2026"
"BOGOTA D.C.","BOGOTA","PÚBLICO","INCONSISTENTE","BUSETA","1982","5","ABRIL","2026"
"BOGOTA D.C.","BOGOTA","PÚBLICO","INCONSISTENTE","CAMION","1982","1","ABRIL","2026"
"BOGOTA D.C.","BOGOTA","PÚBLICO","ACTIVO","CAMION","1982","46","ABRIL","2026"
"BOGOTA D.C.","BOGOTA","PARTICULAR","ACTIVO","CAMION","1982","160","ABRIL","2026"
"BOGOTA D.C.","BOGOTA","PARTICULAR","INCONSISTENTE","CAMION","1982","6","ABRIL","2026"
"BOGOTA D.C.","BOGOTA","OFICIAL","ACTIVO","CAMION","1982","7","ABRIL","2026"
"BOGOTA D.C.","BOGOTA","OFICIAL","ACTIVO","CAMIONETA","1982","28","ABRIL","2026"
"BOGOTA D.C.","BOGOTA","PARTICULAR","ACTIVO","CAMIONETA","1982","1649","ABRIL","2026"
"BOGOTA D.C.","BOGOTA","PÚBLICO","INCONSISTENTE","CAMIONETA","1982","1","ABRIL","2026"
"BOGOTA D.C.","BOGOTA","PÚBLICO","ACTIVO","CAMIONETA","1982","64","ABRIL","2026"
"BOGOTA D.C.","BOGOTA","PARTICULAR","INCONSISTENTE","CAMIONETA","1982","36","ABRIL","2026"
"BOGOTA D.C.","BOGOTA","PARTICULAR","INCONSISTENTE","CAMPERO","1982","70","ABRIL","2026"
"BOGOTA D.C.","BOGOTA","OFICIAL","INCONSISTENTE","CAMPERO","1982","2","ABRIL","2026"
"BOGOTA D.C.","BOGOTA","PÚBLICO","ACTIVO","CAMPERO","1982","3","ABRIL","2026"
"BOGOTA D.C.","BOGOTA","OFICIAL","ACTIVO","CAMPERO","1982","58","ABRIL","2026"
"BOGOTA D.C.","BOGOTA","PARTICULAR","ACTIVO","CAMPERO","1982","1995","ABRIL","2026"
"BOGOTA D.C.","BOGOTA","PARTICULAR","ACTIVO","MAQ. INDUSTRIAL","1982","33","ABRIL","2026"
"BOGOTA D.C.","BOGOTA","PÚBLICO","INCONSISTENTE","MICROBUS","1982","2","ABRIL","2026"
"BOGOTA D.C.","BOGOTA","PARTICULAR","INCONSISTENTE","MICROBUS","1982","1","ABRIL","2026"
"BOGOTA D.C.","BOGOTA","PÚBLICO","ACTIVO","MICROBUS","1982","6","ABRIL","2026"
"BOGOTA D.C.","BOGOTA","PARTICULAR","ACTIVO","MICROBUS","1982","43","ABRIL","2026"
"BOGOTA D.C.","BOGOTA","PARTICULAR","ACTIVO","MOTOCARRO","1982","71","ABRIL","2026"
"BOGOTA D.C.","BOGOTA","PARTICULAR","INCONSISTENTE","MOTOCARRO","1982","4","ABRIL","2026"
"BOGOTA D.C.","BOGOTA","OFICIAL","ACTIVO","MOTOCICLETA","1982","27","ABRIL","2026"
"BOGOTA D.C.","BOGOTA","PARTICULAR","ACTIVO","MOTOCICLETA","1982","1372","ABRIL","2026"
"BOGOTA D.C.","BOGOTA","PARTICULAR","INCONSISTENTE","MOTOCICLETA","1982","8","ABRIL","2026"
"BOGOTA D.C.","BOGOTA","PARTICULAR","ACTIVO","MOTOTRICICLO","1982","2","ABRIL","2026"
"BOGOTA D.C.","BOGOTA","NO REGISTRA","ACTIVO","SEMIREMOLQUE","1982","1","ABRIL","2026"
"BOGOTA D.C.","BOGOTA","PARTICULAR","ACTIVO","TRACTOCAMION","1982","5","ABRIL","2026"
"BOGOTA D.C.","BOGOTA","PÚBLICO","ACTIVO","TRACTOCAMION","1982","8","ABRIL","2026"
"BOGOTA D.C.","BOGOTA","PARTICULAR","ACTIVO","VOLQUETA","1982","12","ABRIL","2026"
"BOGOTA D.C.","BOGOTA","PÚBLICO","ACTIVO","VOLQUETA","1982","9","ABRIL","2026"
"BOGOTA D.C.","BOGOTA","OFICIAL","ACTIVO","AUTOMOVIL","1983","47","ABRIL","2026"
"BOGOTA D.C.","BOGOTA","OTROS","ACTIVO","AUTOMOVIL","1983","3","ABRIL","2026"
"BOGOTA D.C.","BOGOTA","PÚBLICO","INCONSISTENTE","AUTOMOVIL","1983","7","ABRIL","2026"
"BOGOTA D.C.","BOGOTA","PÚBLICO","ACTIVO","AUTOMOVIL","1983","58","ABRIL","2026"
"BOGOTA D.C.","BOGOTA","PARTICULAR","INCONSISTENTE","AUTOMOVIL","1983","84","ABRIL","2026"
"BOGOTA D.C.","BOGOTA","PARTICULAR","ACTIVO","AUTOMOVIL","1983","7196","ABRIL","2026"
"BOGOTA D.C.","BOGOTA","OFICIAL","ACTIVO","BUS","1983","14","ABRIL","2026"
"BOGOTA D.C.","BOGOTA","PÚBLICO","ACTIVO","BUS","1983","41","ABRIL","2026"
"BOGOTA D.C.","BOGOTA","PARTICULAR","INCONSISTENTE","BUS","1983","1","ABRIL","2026"
"BOGOTA D.C.","BOGOTA","PÚBLICO","INCONSISTENTE","BUS","1983","3","ABRIL","2026"
"BOGOTA D.C.","BOGOTA","PARTICULAR","ACTIVO","BUS","1983","30","ABRIL","2026"
"BOGOTA D.C.","BOGOTA","PÚBLICO","ACTIVO","BUSETA","1983","99","ABRIL","2026"
"BOGOTA D.C.","BOGOTA","OFICIAL","ACTIVO","BUSETA","1983","3","ABRIL","2026"
"BOGOTA D.C.","BOGOTA","PARTICULAR","ACTIVO","BUSETA","1983","8","ABRIL","2026"
"BOGOTA D.C.","BOGOTA","PÚBLICO","INCONSISTENTE","BUSETA","1983","1","ABRIL","2026"
"BOGOTA D.C.","BOGOTA","PARTICULAR","INCONSISTENTE","CAMION","1983","4","ABRIL","2026"
"BOGOTA D.C.","BOGOTA","PÚBLICO","ACTIVO","CAMION","1983","38","ABRIL","2026"
"BOGOTA D.C.","BOGOTA","PARTICULAR","ACTIVO","CAMION","1983","190","ABRIL","2026"
"BOGOTA D.C.","BOGOTA","OFICIAL","ACTIVO","CAMION","1983","5","ABRIL","2026"
"BOGOTA D.C.","BOGOTA","OFICIAL","INCONSISTENTE","CAMIONETA","1983","1","ABRIL","2026"
"BOGOTA D.C.","BOGOTA","PARTICULAR","INCONSISTENTE","CAMIONETA","1983","36","ABRIL","2026"
"BOGOTA D.C.","BOGOTA","PÚBLICO","ACTIVO","CAMIONETA","1983","98","ABRIL","2026"
"BOGOTA D.C.","BOGOTA","OFICIAL","ACTIVO","CAMIONETA","1983","24","ABRIL","2026"
"BOGOTA D.C.","BOGOTA","PARTICULAR","ACTIVO","CAMIONETA","1983","1812","ABRIL","2026"
"BOGOTA D.C.","BOGOTA","PARTICULAR","INCONSISTENTE","CAMPERO","1983","64","ABRIL","2026"
"BOGOTA D.C.","BOGOTA","PARTICULAR","ACTIVO","CAMPERO","1983","1955","ABRIL","2026"
"BOGOTA D.C.","BOGOTA","PÚBLICO","ACTIVO","CAMPERO","1983","8","ABRIL","2026"
"BOGOTA D.C.","BOGOTA","OFICIAL","ACTIVO","CAMPERO","1983","34","ABRIL","2026"
"BOGOTA D.C.","BOGOTA","OFICIAL","ACTIVO","MAQ. AGRICOLA","1983","1","ABRIL","2026"
"BOGOTA D.C.","BOGOTA","PARTICULAR","ACTIVO","MAQ. AGRICOLA","1983","3","ABRIL","2026"
"BOGOTA D.C.","BOGOTA","OFICIAL","ACTIVO","MAQ. INDUSTRIAL","1983","1","ABRIL","2026"
"BOGOTA D.C.","BOGOTA","PARTICULAR","ACTIVO","MAQ. INDUSTRIAL","1983","15","ABRIL","2026"
"BOGOTA D.C.","BOGOTA","PARTICULAR","ACTIVO","MICROBUS","1983","41","ABRIL","2026"
"BOGOTA D.C.","BOGOTA","PÚBLICO","INCONSISTENTE","MICROBUS","1983","1","ABRIL","2026"
"BOGOTA D.C.","BOGOTA","PARTICULAR","INCONSISTENTE","MICROBUS","1983","1","ABRIL","2026"
"BOGOTA D.C.","BOGOTA","PÚBLICO","ACTIVO","MICROBUS","1983","2","ABRIL","2026"
"BOGOTA D.C.","BOGOTA","OFICIAL","ACTIVO","MOTOCARRO","1983","1","ABRIL","2026"
"BOGOTA D.C.","BOGOTA","PARTICULAR","INCONSISTENTE","MOTOCARRO","1983","1","ABRIL","2026"
"BOGOTA D.C.","BOGOTA","PARTICULAR","ACTIVO","MOTOCARRO","1983","56","ABRIL","2026"
"BOGOTA D.C.","BOGOTA","PARTICULAR","ACTIVO","MOTOCICLETA","1983","811","ABRIL","2026"
"BOGOTA D.C.","BOGOTA","OFICIAL","ACTIVO","MOTOCICLETA","1983","33","ABRIL","2026"
"BOGOTA D.C.","BOGOTA","PARTICULAR","INCONSISTENTE","MOTOCICLETA","1983","11","ABRIL","2026"
"BOGOTA D.C.","BOGOTA","PARTICULAR","ACTIVO","MOTOTRICICLO","1983","1","ABRIL","2026"
"BOGOTA D.C.","BOGOTA","NO REGISTRA","ACTIVO","SEMIREMOLQUE","1983","4","ABRIL","2026"
"BOGOTA D.C.","BOGOTA","PARTICULAR","ACTIVO","TRACTOCAMION","1983","2","ABRIL","2026"
"BOGOTA D.C.","BOGOTA","OFICIAL","ACTIVO","TRACTOCAMION","1983","2","ABRIL","2026"
"BOGOTA D.C.","BOGOTA","PÚBLICO","ACTIVO","VOLQUETA","1983","7","ABRIL","2026"
"BOGOTA D.C.","BOGOTA","PARTICULAR","ACTIVO","VOLQUETA","1983","7","ABRIL","2026"
"BOGOTA D.C.","BOGOTA","PÚBLICO","ACTIVO","AUTOMOVIL","1984","21","ABRIL","2026"
"BOGOTA D.C.","BOGOTA","PÚBLICO","INCONSISTENTE","AUTOMOVIL","1984","5","ABRIL","2026"
"BOGOTA D.C.","BOGOTA","OTROS","ACTIVO","AUTOMOVIL","1984","1","ABRIL","2026"
"BOGOTA D.C.","BOGOTA","PARTICULAR","ACTIVO","AUTOMOVIL","1984","8377","ABRIL","2026"
"BOGOTA D.C.","BOGOTA","PARTICULAR","INCONSISTENTE","AUTOMOVIL","1984","125","ABRIL","2026"
"BOGOTA D.C.","BOGOTA","OFICIAL","ACTIVO","AUTOMOVIL","1984","35","ABRIL","2026"
"BOGOTA D.C.","BOGOTA","PARTICULAR","INCONSISTENTE","BUS","1984","2","ABRIL","2026"
"BOGOTA D.C.","BOGOTA","PARTICULAR","ACTIVO","BUS","1984","21","ABRIL","2026"
"BOGOTA D.C.","BOGOTA","OFICIAL","ACTIVO","BUS","1984","12","ABRIL","2026"
"BOGOTA D.C.","BOGOTA","PÚBLICO","INCONSISTENTE","BUS","1984","3","ABRIL","2026"
"BOGOTA D.C.","BOGOTA","PÚBLICO","ACTIVO","BUS","1984","60","ABRIL","2026"
"BOGOTA D.C.","BOGOTA","PÚBLICO","ACTIVO","BUSETA","1984","103","ABRIL","2026"
"BOGOTA D.C.","BOGOTA","PÚBLICO","INCONSISTENTE","BUSETA","1984","3","ABRIL","2026"
"BOGOTA D.C.","BOGOTA","PARTICULAR","ACTIVO","BUSETA","1984","19","ABRIL","2026"
"BOGOTA D.C.","BOGOTA","PARTICULAR","INCONSISTENTE","BUSETA","1984","1","ABRIL","2026"
"BOGOTA D.C.","BOGOTA","PÚBLICO","ACTIVO","CAMION","1984","81","ABRIL","2026"
"BOGOTA D.C.","BOGOTA","OFICIAL","ACTIVO","CAMION","1984","84","ABRIL","2026"
"BOGOTA D.C.","BOGOTA","PARTICULAR","INCONSISTENTE","CAMION","1984","11","ABRIL","2026"
"BOGOTA D.C.","BOGOTA","PARTICULAR","ACTIVO","CAMION","1984","211","ABRIL","2026"
"BOGOTA D.C.","BOGOTA","OTROS","ACTIVO","CAMIONETA","1984","1","ABRIL","2026"
"BOGOTA D.C.","BOGOTA","PÚBLICO","ACTIVO","CAMIONETA","1984","143","ABRIL","2026"
"BOGOTA D.C.","BOGOTA","PARTICULAR","INCONSISTENTE","CAMIONETA","1984","39","ABRIL","2026"
"BOGOTA D.C.","BOGOTA","PARTICULAR","ACTIVO","CAMIONETA","1984","2045","ABRIL","2026"
"BOGOTA D.C.","BOGOTA","OFICIAL","ACTIVO","CAMIONETA","1984","25","ABRIL","2026"
"BOGOTA D.C.","BOGOTA","PARTICULAR","INCONSISTENTE","CAMPERO","1984","49","ABRIL","2026"
"BOGOTA D.C.","BOGOTA","PARTICULAR","ACTIVO","CAMPERO","1984","1380","ABRIL","2026"
"BOGOTA D.C.","BOGOTA","OFICIAL","ACTIVO","CAMPERO","1984","11","ABRIL","2026"
"BOGOTA D.C.","BOGOTA","PÚBLICO","ACTIVO","CAMPERO","1984","1","ABRIL","2026"
"BOGOTA D.C.","BOGOTA","PARTICULAR","ACTIVO","MAQ. AGRICOLA","1984","4","ABRIL","2026"
"BOGOTA D.C.","BOGOTA","OFICIAL","ACTIVO","MAQ. INDUSTRIAL","1984","6","ABRIL","2026"
"BOGOTA D.C.","BOGOTA","PARTICULAR","ACTIVO","MAQ. INDUSTRIAL","1984","16","ABRIL","2026"
"BOGOTA D.C.","BOGOTA","PÚBLICO","ACTIVO","MICROBUS","1984","2","ABRIL","2026"
"BOGOTA D.C.","BOGOTA","PARTICULAR","ACTIVO","MICROBUS","1984","35","ABRIL","2026"
"BOGOTA D.C.","BOGOTA","PARTICULAR","INCONSISTENTE","MICROBUS","1984","1","ABRIL","2026"
"BOGOTA D.C.","BOGOTA","PARTICULAR","INCONSISTENTE","MOTOCARRO","1984","1","ABRIL","2026"
"BOGOTA D.C.","BOGOTA","PARTICULAR","ACTIVO","MOTOCARRO","1984","10","ABRIL","2026"
"BOGOTA D.C.","BOGOTA","PARTICULAR","ACTIVO","MOTOCICLETA","1984","735","ABRIL","2026"
"BOGOTA D.C.","BOGOTA","PARTICULAR","INCONSISTENTE","MOTOCICLETA","1984","9","ABRIL","2026"
"BOGOTA D.C.","BOGOTA","OFICIAL","ACTIVO","MOTOCICLETA","1984","9","ABRIL","2026"
"BOGOTA D.C.","BOGOTA","PARTICULAR","ACTIVO","MOTOTRICICLO","1984","2","ABRIL","2026"
"BOGOTA D.C.","BOGOTA","PARTICULAR","ACTIVO","TRACTOCAMION","1984","6","ABRIL","2026"
"BOGOTA D.C.","BOGOTA","PÚBLICO","ACTIVO","TRACTOCAMION","1984","5","ABRIL","2026"
"BOGOTA D.C.","BOGOTA","PÚBLICO","ACTIVO","VOLQUETA","1984","11","ABRIL","2026"
"BOGOTA D.C.","BOGOTA","PARTICULAR","ACTIVO","VOLQUETA","1984","13","ABRIL","2026"
"BOGOTA D.C.","BOGOTA","PARTICULAR","INCONSISTENTE","AUTOMOVIL","1985","119","ABRIL","2026"
"BOGOTA D.C.","BOGOTA","OFICIAL","ACTIVO","AUTOMOVIL","1985","32","ABRIL","2026"
"BOGOTA D.C.","BOGOTA","PARTICULAR","ACTIVO","AUTOMOVIL","1985","8841","ABRIL","2026"
"BOGOTA D.C.","BOGOTA","PÚBLICO","INCONSISTENTE","AUTOMOVIL","1985","1","ABRIL","2026"
"BOGOTA D.C.","BOGOTA","OTROS","ACTIVO","AUTOMOVIL","1985","1","ABRIL","2026"
"BOGOTA D.C.","BOGOTA","PÚBLICO","ACTIVO","AUTOMOVIL","1985","15","ABRIL","2026"
"BOGOTA D.C.","BOGOTA","OFICIAL","ACTIVO","BUS","1985","11","ABRIL","2026"
"BOGOTA D.C.","BOGOTA","PARTICULAR","ACTIVO","BUS","1985","6","ABRIL","2026"
"BOGOTA D.C.","BOGOTA","PARTICULAR","INCONSISTENTE","BUS","1985","3","ABRIL","2026"
"BOGOTA D.C.","BOGOTA","PÚBLICO","ACTIVO","BUS","1985","49","ABRIL","2026"
"BOGOTA D.C.","BOGOTA","PÚBLICO","INCONSISTENTE","BUSETA","1985","1","ABRIL","2026"
"BOGOTA D.C.","BOGOTA","PÚBLICO","ACTIVO","BUSETA","1985","25","ABRIL","2026"
"BOGOTA D.C.","BOGOTA","PARTICULAR","ACTIVO","BUSETA","1985","3","ABRIL","2026"
"BOGOTA D.C.","BOGOTA","PÚBLICO","INCONSISTENTE","CAMION","1985","1","ABRIL","2026"
"BOGOTA D.C.","BOGOTA","PARTICULAR","INCONSISTENTE","CAMION","1985","5","ABRIL","2026"
"BOGOTA D.C.","BOGOTA","OFICIAL","ACTIVO","CAMION","1985","26","ABRIL","2026"
"BOGOTA D.C.","BOGOTA","PARTICULAR","ACTIVO","CAMION","1985","114","ABRIL","2026"
"BOGOTA D.C.","BOGOTA","PÚBLICO","ACTIVO","CAMION","1985","50","ABRIL","2026"
"BOGOTA D.C.","BOGOTA","PARTICULAR","INCONSISTENTE","CAMIONETA","1985","39","ABRIL","2026"
"BOGOTA D.C.","BOGOTA","OFICIAL","INCONSISTENTE","CAMIONETA","1985","2","ABRIL","2026"
"BOGOTA D.C.","BOGOTA","PARTICULAR","ACTIVO","CAMIONETA","1985","1792","ABRIL","2026"
"BOGOTA D.C.","BOGOTA","OFICIAL","ACTIVO","CAMIONETA","1985","23","ABRIL","2026"
"BOGOTA D.C.","BOGOTA","PÚBLICO","ACTIVO","CAMIONETA","1985","102","ABRIL","2026"
"BOGOTA D.C.","BOGOTA","OTROS","ACTIVO","CAMPERO","1985","1","ABRIL","2026"
"BOGOTA D.C.","BOGOTA","PARTICULAR","INCONSISTENTE","CAMPERO","1985","13","ABRIL","2026"
"BOGOTA D.C.","BOGOTA","PARTICULAR","ACTIVO","CAMPERO","1985","509","ABRIL","2026"
"BOGOTA D.C.","BOGOTA","OFICIAL","ACTIVO","CAMPERO","1985","6","ABRIL","2026"
"BOGOTA D.C.","BOGOTA","PARTICULAR","ACTIVO","MAQ. AGRICOLA","1985","1","ABRIL","2026"
"BOGOTA D.C.","BOGOTA","PARTICULAR","ACTIVO","MAQ. INDUSTRIAL","1985","10","ABRIL","2026"
"BOGOTA D.C.","BOGOTA","PÚBLICO","ACTIVO","MICROBUS","1985","9","ABRIL","2026"
"BOGOTA D.C.","BOGOTA","PARTICULAR","ACTIVO","MICROBUS","1985","33","ABRIL","2026"
"BOGOTA D.C.","BOGOTA","PARTICULAR","ACTIVO","MOTOCARRO","1985","2","ABRIL","2026"
"BOGOTA D.C.","BOGOTA","OFICIAL","ACTIVO","MOTOCARRO","1985","1","ABRIL","2026"
"BOGOTA D.C.","BOGOTA","PARTICULAR","ACTIVO","MOTOCICLETA","1985","559","ABRIL","2026"
"BOGOTA D.C.","BOGOTA","PARTICULAR","INCONSISTENTE","MOTOCICLETA","1985","4","ABRIL","2026"
"BOGOTA D.C.","BOGOTA","OFICIAL","ACTIVO","MOTOCICLETA","1985","5","ABRIL","2026"
"BOGOTA D.C.","BOGOTA","PARTICULAR","ACTIVO","TRACTOCAMION","1985","6","ABRIL","2026"
"BOGOTA D.C.","BOGOTA","PÚBLICO","ACTIVO","TRACTOCAMION","1985","5","ABRIL","2026"
"BOGOTA D.C.","BOGOTA","OFICIAL","ACTIVO","TRACTOCAMION","1985","2","ABRIL","2026"
"BOGOTA D.C.","BOGOTA","PARTICULAR","INCONSISTENTE","TRACTOCAMION","1985","1","ABRIL","2026"
"BOGOTA D.C.","BOGOTA","PÚBLICO","ACTIVO","VOLQUETA","1985","5","ABRIL","2026"
"BOGOTA D.C.","BOGOTA","PARTICULAR","ACTIVO","VOLQUETA","1985","2","ABRIL","2026"
"BOGOTA D.C.","BOGOTA","PARTICULAR","INCONSISTENTE","AUTOMOVIL","1986","115","ABRIL","2026"
"BOGOTA D.C.","BOGOTA","PÚBLICO","ACTIVO","AUTOMOVIL","1986","46","ABRIL","2026"
"BOGOTA D.C.","BOGOTA","PÚBLICO","INCONSISTENTE","AUTOMOVIL","1986","7","ABRIL","2026"
"BOGOTA D.C.","BOGOTA","OFICIAL","ACTIVO","AUTOMOVIL","1986","30","ABRIL","2026"
"BOGOTA D.C.","BOGOTA","OFICIAL","INCONSISTENTE","AUTOMOVIL","1986","1","ABRIL","2026"
"BOGOTA D.C.","BOGOTA","OTROS","ACTIVO","AUTOMOVIL","1986","2","ABRIL","2026"
"BOGOTA D.C.","BOGOTA","PARTICULAR","ACTIVO","AUTOMOVIL","1986","9345","ABRIL","2026"
"BOGOTA D.C.","BOGOTA","OFICIAL","ACTIVO","BUS","1986","8","ABRIL","2026"
"BOGOTA D.C.","BOGOTA","PÚBLICO","INCONSISTENTE","BUS","1986","5","ABRIL","2026"
"BOGOTA D.C.","BOGOTA","PÚBLICO","ACTIVO","BUS","1986","87","ABRIL","2026"
"BOGOTA D.C.","BOGOTA","PARTICULAR","INCONSISTENTE","BUS","1986","1","ABRIL","2026"
"BOGOTA D.C.","BOGOTA","PARTICULAR","ACTIVO","BUS","1986","12","ABRIL","2026"
"BOGOTA D.C.","BOGOTA","PARTICULAR","ACTIVO","BUSETA","1986","1","ABRIL","2026"
"BOGOTA D.C.","BOGOTA","PARTICULAR","INCONSISTENTE","BUSETA","1986","1","ABRIL","2026"
"BOGOTA D.C.","BOGOTA","OFICIAL","ACTIVO","BUSETA","1986","3","ABRIL","2026"
"BOGOTA D.C.","BOGOTA","PÚBLICO","ACTIVO","BUSETA","1986","3","ABRIL","2026"
"BOGOTA D.C.","BOGOTA","PARTICULAR","INCONSISTENTE","CAMION","1986","7","ABRIL","2026"
"BOGOTA D.C.","BOGOTA","OFICIAL","ACTIVO","CAMION","1986","8","ABRIL","2026"
"BOGOTA D.C.","BOGOTA","PARTICULAR","ACTIVO","CAMION","1986","145","ABRIL","2026"
"BOGOTA D.C.","BOGOTA","PÚBLICO","ACTIVO","CAMION","1986","59","ABRIL","2026"
"BOGOTA D.C.","BOGOTA","OFICIAL","ACTIVO","CAMIONETA","1986","46","ABRIL","2026"
"BOGOTA D.C.","BOGOTA","PÚBLICO","ACTIVO","CAMIONETA","1986","171","ABRIL","2026"
"BOGOTA D.C.","BOGOTA","OFICIAL","INCONSISTENTE","CAMIONETA","1986","3","ABRIL","2026"
"BOGOTA D.C.","BOGOTA","PÚBLICO","INCONSISTENTE","CAMIONETA","1986","1","ABRIL","2026"
"BOGOTA D.C.","BOGOTA","PARTICULAR","ACTIVO","CAMIONETA","1986","1885","ABRIL","2026"
"BOGOTA D.C.","BOGOTA","PARTICULAR","INCONSISTENTE","CAMIONETA","1986","34","ABRIL","2026"
"BOGOTA D.C.","BOGOTA","PARTICULAR","ACTIVO","CAMPERO","1986","457","ABRIL","2026"
"BOGOTA D.C.","BOGOTA","OFICIAL","ACTIVO","CAMPERO","1986","17","ABRIL","2026"
"BOGOTA D.C.","BOGOTA","PARTICULAR","INCONSISTENTE","CAMPERO","1986","9","ABRIL","2026"
"BOGOTA D.C.","BOGOTA","PÚBLICO","ACTIVO","CAMPERO","1986","6","ABRIL","2026"
"BOGOTA D.C.","BOGOTA","OTROS","ACTIVO","CAMPERO","1986","2","ABRIL","2026"
"BOGOTA D.C.","BOGOTA","PARTICULAR","ACTIVO","MAQ. AGRICOLA","1986","3","ABRIL","2026"
"BOGOTA D.C.","BOGOTA","PARTICULAR","ACTIVO","MAQ. INDUSTRIAL","1986","9","ABRIL","2026"
"BOGOTA D.C.","BOGOTA","PARTICULAR","ACTIVO","MICROBUS","1986","20","ABRIL","2026"
"BOGOTA D.C.","BOGOTA","PÚBLICO","ACTIVO","MICROBUS","1986","1","ABRIL","2026"
"BOGOTA D.C.","BOGOTA","PARTICULAR","ACTIVO","MOTOCARRO","1986","9","ABRIL","2026"
"BOGOTA D.C.","BOGOTA","PARTICULAR","INCONSISTENTE","MOTOCICLETA","1986","6","ABRIL","2026"
"BOGOTA D.C.","BOGOTA","PARTICULAR","ACTIVO","MOTOCICLETA","1986","558","ABRIL","2026"
"BOGOTA D.C.","BOGOTA","OFICIAL","ACTIVO","MOTOCICLETA","1986","66","ABRIL","2026"
"BOGOTA D.C.","BOGOTA","PARTICULAR","ACTIVO","MOTOTRICICLO","1986","1","ABRIL","2026"
"BOGOTA D.C.","BOGOTA","PARTICULAR","ACTIVO","TRACTOCAMION","1986","4","ABRIL","2026"
"BOGOTA D.C.","BOGOTA","PÚBLICO","ACTIVO","TRACTOCAMION","1986","6","ABRIL","2026"
"BOGOTA D.C.","BOGOTA","PARTICULAR","ACTIVO","VOLQUETA","1986","6","ABRIL","2026"
"BOGOTA D.C.","BOGOTA","PÚBLICO","ACTIVO","VOLQUETA","1986","5","ABRIL","2026"
"BOGOTA D.C.","BOGOTA","OFICIAL","ACTIVO","AUTOMOVIL","1987","43","ABRIL","2026"
"BOGOTA D.C.","BOGOTA","PÚBLICO","ACTIVO","AUTOMOVIL","1987","51","ABRIL","2026"
"BOGOTA D.C.","BOGOTA","PÚBLICO","INCONSISTENTE","AUTOMOVIL","1987","5","ABRIL","2026"
"BOGOTA D.C.","BOGOTA","PARTICULAR","ACTIVO","AUTOMOVIL","1987","8850","ABRIL","2026"
"BOGOTA D.C.","BOGOTA","PARTICULAR","INCONSISTENTE","AUTOMOVIL","1987","125","ABRIL","2026"
"BOGOTA D.C.","BOGOTA","PARTICULAR","ACTIVO","BUS","1987","13","ABRIL","2026"
"BOGOTA D.C.","BOGOTA","PÚBLICO","ACTIVO","BUS","1987","53","ABRIL","2026"
"BOGOTA D.C.","BOGOTA","OFICIAL","ACTIVO","BUS","1987","2","ABRIL","2026"
"BOGOTA D.C.","BOGOTA","PARTICULAR","INCONSISTENTE","BUS","1987","2","ABRIL","2026"
"BOGOTA D.C.","BOGOTA","PARTICULAR","ACTIVO","BUSETA","1987","5","ABRIL","2026"
"BOGOTA D.C.","BOGOTA","OFICIAL","ACTIVO","CAMION","1987","13","ABRIL","2026"
"BOGOTA D.C.","BOGOTA","PARTICULAR","ACTIVO","CAMION","1987","153","ABRIL","2026"
"BOGOTA D.C.","BOGOTA","PÚBLICO","ACTIVO","CAMION","1987","105","ABRIL","2026"
"BOGOTA D.C.","BOGOTA","PARTICULAR","INCONSISTENTE","CAMION","1987","14","ABRIL","2026"
"BOGOTA D.C.","BOGOTA","PARTICULAR","ACTIVO","CAMIONETA","1987","1157","ABRIL","2026"
"BOGOTA D.C.","BOGOTA","OFICIAL","ACTIVO","CAMIONETA","1987","11","ABRIL","2026"
"BOGOTA D.C.","BOGOTA","PARTICULAR","INCONSISTENTE","CAMIONETA","1987","24","ABRIL","2026"
"BOGOTA D.C.","BOGOTA","PÚBLICO","ACTIVO","CAMIONETA","1987","114","ABRIL","2026"
"BOGOTA D.C.","BOGOTA","PARTICULAR","ACTIVO","CAMPERO","1987","493","ABRIL","2026"
"BOGOTA D.C.","BOGOTA","PARTICULAR","INCONSISTENTE","CAMPERO","1987","13","ABRIL","2026"
"BOGOTA D.C.","BOGOTA","PÚBLICO","ACTIVO","CAMPERO","1987","1","ABRIL","2026"
"BOGOTA D.C.","BOGOTA","OFICIAL","ACTIVO","CAMPERO","1987","5","ABRIL","2026"
"BOGOTA D.C.","BOGOTA","PARTICULAR","ACTIVO","MAQ. AGRICOLA","1987","8","ABRIL","2026"
"BOGOTA D.C.","BOGOTA","PARTICULAR","ACTIVO","MAQ. INDUSTRIAL","1987","16","ABRIL","2026"
"BOGOTA D.C.","BOGOTA","PÚBLICO","ACTIVO","MICROBUS","1987","3","ABRIL","2026"
"BOGOTA D.C.","BOGOTA","PARTICULAR","INCONSISTENTE","MICROBUS","1987","1","ABRIL","2026"
"BOGOTA D.C.","BOGOTA","PARTICULAR","ACTIVO","MICROBUS","1987","17","ABRIL","2026"
"BOGOTA D.C.","BOGOTA","PARTICULAR","ACTIVO","MOTOCARRO","1987","1","ABRIL","2026"
"BOGOTA D.C.","BOGOTA","PARTICULAR","INCONSISTENTE","MOTOCICLETA","1987","2","ABRIL","2026"
"BOGOTA D.C.","BOGOTA","OFICIAL","ACTIVO","MOTOCICLETA","1987","6","ABRIL","2026"
"BOGOTA D.C.","BOGOTA","PARTICULAR","ACTIVO","MOTOCICLETA","1987","493","ABRIL","2026"
"BOGOTA D.C.","BOGOTA","PARTICULAR","ACTIVO","MOTOTRICICLO","1987","1","ABRIL","2026"
"BOGOTA D.C.","BOGOTA","PÚBLICO","ACTIVO","TRACTOCAMION","1987","3","ABRIL","2026"
"BOGOTA D.C.","BOGOTA","OFICIAL","ACTIVO","TRACTOCAMION","1987","1","ABRIL","2026"
"BOGOTA D.C.","BOGOTA","PÚBLICO","INCONSISTENTE","TRACTOCAMION","1987","1","ABRIL","2026"
"BOGOTA D.C.","BOGOTA","PARTICULAR","ACTIVO","TRACTOCAMION","1987","2","ABRIL","2026"
"BOGOTA D.C.","BOGOTA","PÚBLICO","ACTIVO","VOLQUETA","1987","14","ABRIL","2026"
"BOGOTA D.C.","BOGOTA","PARTICULAR","ACTIVO","VOLQUETA","1987","13","ABRIL","2026"
"BOGOTA D.C.","BOGOTA","PARTICULAR","INCONSISTENTE","AUTOMOVIL","1988","99","ABRIL","2026"
"BOGOTA D.C.","BOGOTA","PARTICULAR","ACTIVO","AUTOMOVIL","1988","9528","ABRIL","2026"
"BOGOTA D.C.","BOGOTA","PÚBLICO","INCONSISTENTE","AUTOMOVIL","1988","6","ABRIL","2026"
"BOGOTA D.C.","BOGOTA","PÚBLICO","ACTIVO","AUTOMOVIL","1988","76","ABRIL","2026"
"BOGOTA D.C.","BOGOTA","OFICIAL","ACTIVO","AUTOMOVIL","1988","40","ABRIL","2026"
"BOGOTA D.C.","BOGOTA","PÚBLICO","INCONSISTENTE","BUS","1988","2","ABRIL","2026"
"BOGOTA D.C.","BOGOTA","PÚBLICO","ACTIVO","BUS","1988","68","ABRIL","2026"
"BOGOTA D.C.","BOGOTA","PARTICULAR","ACTIVO","BUS","1988","20","ABRIL","2026"
"BOGOTA D.C.","BOGOTA","OFICIAL","ACTIVO","BUS","1988","1","ABRIL","2026"
"BOGOTA D.C.","BOGOTA","PARTICULAR","INCONSISTENTE","BUSETA","1988","1","ABRIL","2026"
"BOGOTA D.C.","BOGOTA","PARTICULAR","ACTIVO","BUSETA","1988","3","ABRIL","2026"
"BOGOTA D.C.","BOGOTA","OFICIAL","ACTIVO","BUSETA","1988","1","ABRIL","2026"
"BOGOTA D.C.","BOGOTA","PÚBLICO","INCONSISTENTE","CAMION","1988","2","ABRIL","2026"
"BOGOTA D.C.","BOGOTA","OFICIAL","ACTIVO","CAMION","1988","5","ABRIL","2026"
"BOGOTA D.C.","BOGOTA","PÚBLICO","ACTIVO","CAMION","1988","72","ABRIL","2026"
"BOGOTA D.C.","BOGOTA","PARTICULAR","INCONSISTENTE","CAMION","1988","9","ABRIL","2026"
"BOGOTA D.C.","BOGOTA","PARTICULAR","ACTIVO","CAMION","1988","131","ABRIL","2026"
"BOGOTA D.C.","BOGOTA","OFICIAL","ACTIVO","CAMIONETA","1988","14","ABRIL","2026"
"BOGOTA D.C.","BOGOTA","PARTICULAR","INCONSISTENTE","CAMIONETA","1988","17","ABRIL","2026"
"BOGOTA D.C.","BOGOTA","PARTICULAR","ACTIVO","CAMIONETA","1988","1310","ABRIL","2026"
"BOGOTA D.C.","BOGOTA","PÚBLICO","ACTIVO","CAMIONETA","1988","126","ABRIL","2026"
"BOGOTA D.C.","BOGOTA","PARTICULAR","ACTIVO","CAMPERO","1988","734","ABRIL","2026"
"BOGOTA D.C.","BOGOTA","OFICIAL","ACTIVO","CAMPERO","1988","6","ABRIL","2026"
"BOGOTA D.C.","BOGOTA","PÚBLICO","ACTIVO","CAMPERO","1988","2","ABRIL","2026"
"BOGOTA D.C.","BOGOTA","PARTICULAR","INCONSISTENTE","CAMPERO","1988","15","ABRIL","2026"
"BOGOTA D.C.","BOGOTA","PARTICULAR","ACTIVO","MAQ. INDUSTRIAL","1988","30","ABRIL","2026"
"BOGOTA D.C.","BOGOTA","PÚBLICO","ACTIVO","MICROBUS","1988","3","ABRIL","2026"
"BOGOTA D.C.","BOGOTA","PARTICULAR","ACTIVO","MICROBUS","1988","13","ABRIL","2026"
"BOGOTA D.C.","BOGOTA","PARTICULAR","ACTIVO","MOTOCARRO","1988","4","ABRIL","2026"
"BOGOTA D.C.","BOGOTA","PARTICULAR","ACTIVO","MOTOCICLETA","1988","349","ABRIL","2026"
"BOGOTA D.C.","BOGOTA","OFICIAL","ACTIVO","MOTOCICLETA","1988","4","ABRIL","2026"
"BOGOTA D.C.","BOGOTA","PARTICULAR","INCONSISTENTE","MOTOCICLETA","1988","1","ABRIL","2026"
"BOGOTA D.C.","BOGOTA","PARTICULAR","ACTIVO","MOTOTRICICLO","1988","1","ABRIL","2026"
"BOGOTA D.C.","BOGOTA","NO REGISTRA","ACTIVO","SEMIREMOLQUE","1988","1","ABRIL","2026"
"BOGOTA D.C.","BOGOTA","PÚBLICO","ACTIVO","TRACTOCAMION","1988","2","ABRIL","2026"
"BOGOTA D.C.","BOGOTA","PARTICULAR","ACTIVO","TRACTOCAMION","1988","2","ABRIL","2026"
"BOGOTA D.C.","BOGOTA","PARTICULAR","ACTIVO","VOLQUETA","1988","11","ABRIL","2026"
"BOGOTA D.C.","BOGOTA","PÚBLICO","ACTIVO","VOLQUETA","1988","9","ABRIL","2026"
"BOGOTA D.C.","BOGOTA","PÚBLICO","INCONSISTENTE","AUTOMOVIL","1989","1","ABRIL","2026"
"BOGOTA D.C.","BOGOTA","OFICIAL","ACTIVO","AUTOMOVIL","1989","36","ABRIL","2026"
"BOGOTA D.C.","BOGOTA","PARTICULAR","INCONSISTENTE","AUTOMOVIL","1989","78","ABRIL","2026"
"BOGOTA D.C.","BOGOTA","PÚBLICO","ACTIVO","AUTOMOVIL","1989","43","ABRIL","2026"
"BOGOTA D.C.","BOGOTA","OTROS","ACTIVO","AUTOMOVIL","1989","3","ABRIL","2026"
"BOGOTA D.C.","BOGOTA","PARTICULAR","ACTIVO","AUTOMOVIL","1989","8998","ABRIL","2026"
"BOGOTA D.C.","BOGOTA","PARTICULAR","ACTIVO","BUS","1989","11","ABRIL","2026"
"BOGOTA D.C.","BOGOTA","OFICIAL","ACTIVO","BUS","1989","2","ABRIL","2026"
"BOGOTA D.C.","BOGOTA","PÚBLICO","ACTIVO","BUS","1989","91","ABRIL","2026"
"BOGOTA D.C.","BOGOTA","PÚBLICO","INCONSISTENTE","BUS","1989","1","ABRIL","2026"
"BOGOTA D.C.","BOGOTA","OTROS","ACTIVO","BUS","1989","1","ABRIL","2026"
"BOGOTA D.C.","BOGOTA","PÚBLICO","ACTIVO","BUSETA","1989","2","ABRIL","2026"
"BOGOTA D.C.","BOGOTA","PARTICULAR","ACTIVO","BUSETA","1989","1","ABRIL","2026"
"BOGOTA D.C.","BOGOTA","PARTICULAR","ACTIVO","CAMION","1989","141","ABRIL","2026"
"BOGOTA D.C.","BOGOTA","OFICIAL","ACTIVO","CAMION","1989","6","ABRIL","2026"
"BOGOTA D.C.","BOGOTA","PARTICULAR","INCONSISTENTE","CAMION","1989","6","ABRIL","2026"
"BOGOTA D.C.","BOGOTA","PÚBLICO","INCONSISTENTE","CAMION","1989","1","ABRIL","2026"
"BOGOTA D.C.","BOGOTA","PÚBLICO","ACTIVO","CAMION","1989","50","ABRIL","2026"
"BOGOTA D.C.","BOGOTA","PARTICULAR","ACTIVO","CAMIONETA","1989","1240","ABRIL","2026"
"BOGOTA D.C.","BOGOTA","PARTICULAR","INCONSISTENTE","CAMIONETA","1989","21","ABRIL","2026"
"BOGOTA D.C.","BOGOTA","PÚBLICO","INCONSISTENTE","CAMIONETA","1989","1","ABRIL","2026"
"BOGOTA D.C.","BOGOTA","OFICIAL","ACTIVO","CAMIONETA","1989","5","ABRIL","2026"
"BOGOTA D.C.","BOGOTA","PÚBLICO","ACTIVO","CAMIONETA","1989","137","ABRIL","2026"
"BOGOTA D.C.","BOGOTA","PÚBLICO","ACTIVO","CAMPERO","1989","4","ABRIL","2026"
"BOGOTA D.C.","BOGOTA","OFICIAL","INCONSISTENTE","CAMPERO","1989","1","ABRIL","2026"
"BOGOTA D.C.","BOGOTA","OFICIAL","ACTIVO","CAMPERO","1989","22","ABRIL","2026"
"BOGOTA D.C.","BOGOTA","PARTICULAR","INCONSISTENTE","CAMPERO","1989","22","ABRIL","2026"
"BOGOTA D.C.","BOGOTA","PARTICULAR","ACTIVO","CAMPERO","1989","1323","ABRIL","2026"
"BOGOTA D.C.","BOGOTA","PARTICULAR","ACTIVO","CUATRIMOTO","1989","1","ABRIL","2026"
"BOGOTA D.C.","BOGOTA","PARTICULAR","ACTIVO","MAQ. INDUSTRIAL","1989","16","ABRIL","2026"
"BOGOTA D.C.","BOGOTA","PARTICULAR","ACTIVO","MICROBUS","1989","55","ABRIL","2026"
"BOGOTA D.C.","BOGOTA","PÚBLICO","ACTIVO","MICROBUS","1989","3","ABRIL","2026"
"BOGOTA D.C.","BOGOTA","OFICIAL","ACTIVO","MICROBUS","1989","1","ABRIL","2026"
"BOGOTA D.C.","BOGOTA","PARTICULAR","ACTIVO","MOTOCARRO","1989","5","ABRIL","2026"
"BOGOTA D.C.","BOGOTA","PARTICULAR","INCONSISTENTE","MOTOCICLETA","1989","4","ABRIL","2026"
"BOGOTA D.C.","BOGOTA","OFICIAL","ACTIVO","MOTOCICLETA","1989","28","ABRIL","2026"
"BOGOTA D.C.","BOGOTA","PARTICULAR","ACTIVO","MOTOCICLETA","1989","207","ABRIL","2026"
"BOGOTA D.C.","BOGOTA","PARTICULAR","ACTIVO","MOTOTRICICLO","1989","1","ABRIL","2026"
"BOGOTA D.C.","BOGOTA","PARTICULAR","ACTIVO","TRACTOCAMION","1989","1","ABRIL","2026"
"BOGOTA D.C.","BOGOTA","OFICIAL","ACTIVO","TRACTOCAMION","1989","1","ABRIL","2026"
"BOGOTA D.C.","BOGOTA","PÚBLICO","ACTIVO","TRACTOCAMION","1989","4","ABRIL","2026"
"BOGOTA D.C.","BOGOTA","PÚBLICO","ACTIVO","VOLQUETA","1989","16","ABRIL","2026"
"BOGOTA D.C.","BOGOTA","PARTICULAR","ACTIVO","VOLQUETA","1989","5","ABRIL","2026"
"BOGOTA D.C.","BOGOTA","PARTICULAR","INCONSISTENTE","AUTOMOVIL","1990","61","ABRIL","2026"
"BOGOTA D.C.","BOGOTA","PARTICULAR","ACTIVO","AUTOMOVIL","1990","6597","ABRIL","2026"
"BOGOTA D.C.","BOGOTA","PÚBLICO","INCONSISTENTE","AUTOMOVIL","1990","3","ABRIL","2026"
"BOGOTA D.C.","BOGOTA","PÚBLICO","ACTIVO","AUTOMOVIL","1990","40","ABRIL","2026"
"BOGOTA D.C.","BOGOTA","OFICIAL","ACTIVO","AUTOMOVIL","1990","26","ABRIL","2026"
"BOGOTA D.C.","BOGOTA","PÚBLICO","INCONSISTENTE","BUS","1990","2","ABRIL","2026"
"BOGOTA D.C.","BOGOTA","PÚBLICO","ACTIVO","BUS","1990","94","ABRIL","2026"
"BOGOTA D.C.","BOGOTA","OFICIAL","ACTIVO","BUS","1990","2","ABRIL","2026"
"BOGOTA D.C.","BOGOTA","PARTICULAR","ACTIVO","BUS","1990","11","ABRIL","2026"
"BOGOTA D.C.","BOGOTA","PÚBLICO","ACTIVO","BUSETA","1990","1","ABRIL","2026"
"BOGOTA D.C.","BOGOTA","PARTICULAR","ACTIVO","BUSETA","1990","5","ABRIL","2026"
"BOGOTA D.C.","BOGOTA","OFICIAL","ACTIVO","CAMION","1990","2","ABRIL","2026"
"BOGOTA D.C.","BOGOTA","PARTICULAR","INCONSISTENTE","CAMION","1990","1","ABRIL","2026"
"BOGOTA D.C.","BOGOTA","PARTICULAR","ACTIVO","CAMION","1990","147","ABRIL","2026"
"BOGOTA D.C.","BOGOTA","PÚBLICO","ACTIVO","CAMION","1990","62","ABRIL","2026"
"BOGOTA D.C.","BOGOTA","PÚBLICO","ACTIVO","CAMIONETA","1990","144","ABRIL","2026"
"BOGOTA D.C.","BOGOTA","OFICIAL","ACTIVO","CAMIONETA","1990","12","ABRIL","2026"
"BOGOTA D.C.","BOGOTA","PARTICULAR","INCONSISTENTE","CAMIONETA","1990","17","ABRIL","2026"
"BOGOTA D.C.","BOGOTA","PARTICULAR","ACTIVO","CAMIONETA","1990","998","ABRIL","2026"
"BOGOTA D.C.","BOGOTA","PÚBLICO","ACTIVO","CAMPERO","1990","10","ABRIL","2026"
"BOGOTA D.C.","BOGOTA","PARTICULAR","ACTIVO","CAMPERO","1990","1139","ABRIL","2026"
"BOGOTA D.C.","BOGOTA","PARTICULAR","INCONSISTENTE","CAMPERO","1990","17","ABRIL","2026"
"BOGOTA D.C.","BOGOTA","PÚBLICO","INCONSISTENTE","CAMPERO","1990","1","ABRIL","2026"
"BOGOTA D.C.","BOGOTA","OFICIAL","ACTIVO","CAMPERO","1990","21","ABRIL","2026"
"BOGOTA D.C.","BOGOTA","PARTICULAR","ACTIVO","MAQ. INDUSTRIAL","1990","26","ABRIL","2026"
"BOGOTA D.C.","BOGOTA","PÚBLICO","INCONSISTENTE","MICROBUS","1990","2","ABRIL","2026"
"BOGOTA D.C.","BOGOTA","PÚBLICO","ACTIVO","MICROBUS","1990","28","ABRIL","2026"
"BOGOTA D.C.","BOGOTA","PARTICULAR","ACTIVO","MICROBUS","1990","37","ABRIL","2026"
"BOGOTA D.C.","BOGOTA","PARTICULAR","ACTIVO","MOTOCARRO","1990","1","ABRIL","2026"
"BOGOTA D.C.","BOGOTA","PARTICULAR","ACTIVO","MOTOCICLETA","1990","205","ABRIL","2026"
"BOGOTA D.C.","BOGOTA","OFICIAL","ACTIVO","MOTOCICLETA","1990","12","ABRIL","2026"
"BOGOTA D.C.","BOGOTA","PARTICULAR","INCONSISTENTE","MOTOCICLETA","1990","2","ABRIL","2026"
"BOGOTA D.C.","BOGOTA","PARTICULAR","ACTIVO","MOTOTRICICLO","1990","1","ABRIL","2026"
"BOGOTA D.C.","BOGOTA","PARTICULAR","ACTIVO","TRACTOCAMION","1990","6","ABRIL","2026"
"BOGOTA D.C.","BOGOTA","OFICIAL","ACTIVO","TRACTOCAMION","1990","1","ABRIL","2026"
"BOGOTA D.C.","BOGOTA","PÚBLICO","ACTIVO","TRACTOCAMION","1990","3","ABRIL","2026"
"BOGOTA D.C.","BOGOTA","PÚBLICO","ACTIVO","VOLQUETA","1990","6","ABRIL","2026"
"BOGOTA D.C.","BOGOTA","PARTICULAR","ACTIVO","VOLQUETA","1990","4","ABRIL","2026"
"BOGOTA D.C.","BOGOTA","OTROS","ACTIVO","AUTOMOVIL","1991","1","ABRIL","2026"
"BOGOTA D.C.","BOGOTA","PARTICULAR","INCONSISTENTE","AUTOMOVIL","1991","57","ABRIL","2026"
"BOGOTA D.C.","BOGOTA","PÚBLICO","ACTIVO","AUTOMOVIL","1991","43","ABRIL","2026"
"BOGOTA D.C.","BOGOTA","OFICIAL","ACTIVO","AUTOMOVIL","1991","38","ABRIL","2026"
"BOGOTA D.C.","BOGOTA","PARTICULAR","ACTIVO","AUTOMOVIL","1991","6742","ABRIL","2026"
"BOGOTA D.C.","BOGOTA","PÚBLICO","INCONSISTENTE","AUTOMOVIL","1991","2","ABRIL","2026"
"BOGOTA D.C.","BOGOTA","PÚBLICO","ACTIVO","BUS","1991","115","ABRIL","2026"
"BOGOTA D.C.","BOGOTA","PARTICULAR","ACTIVO","BUS","1991","7","ABRIL","2026"
"BOGOTA D.C.","BOGOTA","PARTICULAR","ACTIVO","BUSETA","1991","3","ABRIL","2026"
"BOGOTA D.C.","BOGOTA","PÚBLICO","ACTIVO","BUSETA","1991","4","ABRIL","2026"
"BOGOTA D.C.","BOGOTA","OFICIAL","ACTIVO","CAMION","1991","4","ABRIL","2026"
"BOGOTA D.C.","BOGOTA","PARTICULAR","ACTIVO","CAMION","1991","89","ABRIL","2026"
"BOGOTA D.C.","BOGOTA","PÚBLICO","ACTIVO","CAMION","1991","64","ABRIL","2026"
"BOGOTA D.C.","BOGOTA","PARTICULAR","INCONSISTENTE","CAMIONETA","1991","25","ABRIL","2026"
"BOGOTA D.C.","BOGOTA","PARTICULAR","ACTIVO","CAMIONETA","1991","1582","ABRIL","2026"
"BOGOTA D.C.","BOGOTA","PÚBLICO","ACTIVO","CAMIONETA","1991","119","ABRIL","2026"
"BOGOTA D.C.","BOGOTA","OFICIAL","ACTIVO","CAMIONETA","1991","9","ABRIL","2026"
"BOGOTA D.C.","BOGOTA","PÚBLICO","ACTIVO","CAMPERO","1991","3","ABRIL","2026"
"BOGOTA D.C.","BOGOTA","PARTICULAR","ACTIVO","CAMPERO","1991","1328","ABRIL","2026"
"BOGOTA D.C.","BOGOTA","OFICIAL","ACTIVO","CAMPERO","1991","16","ABRIL","2026"
"BOGOTA D.C.","BOGOTA","PARTICULAR","INCONSISTENTE","CAMPERO","1991","12","ABRIL","2026"
"BOGOTA D.C.","BOGOTA","PARTICULAR","ACTIVO","CUATRIMOTO","1991","1","ABRIL","2026"
"BOGOTA D.C.","BOGOTA","PARTICULAR","ACTIVO","MAQ. AGRICOLA","1991","1","ABRIL","2026"
"BOGOTA D.C.","BOGOTA","OFICIAL","ACTIVO","MAQ. INDUSTRIAL","1991","1","ABRIL","2026"
"BOGOTA D.C.","BOGOTA","PARTICULAR","ACTIVO","MAQ. INDUSTRIAL","1991","10","ABRIL","2026"
"BOGOTA D.C.","BOGOTA","PARTICULAR","ACTIVO","MICROBUS","1991","73","ABRIL","2026"
"BOGOTA D.C.","BOGOTA","PARTICULAR","INCONSISTENTE","MICROBUS","1991","2","ABRIL","2026"
"BOGOTA D.C.","BOGOTA","OFICIAL","ACTIVO","MICROBUS","1991","1","ABRIL","2026"
"BOGOTA D.C.","BOGOTA","PÚBLICO","INCONSISTENTE","MICROBUS","1991","1","ABRIL","2026"
"BOGOTA D.C.","BOGOTA","PÚBLICO","ACTIVO","MICROBUS","1991","109","ABRIL","2026"
"BOGOTA D.C.","BOGOTA","PARTICULAR","ACTIVO","MOTOCARRO","1991","1","ABRIL","2026"
"BOGOTA D.C.","BOGOTA","PARTICULAR","ACTIVO","MOTOCICLETA","1991","384","ABRIL","2026"
"BOGOTA D.C.","BOGOTA","PARTICULAR","INCONSISTENTE","MOTOCICLETA","1991","4","ABRIL","2026"
"BOGOTA D.C.","BOGOTA","OFICIAL","ACTIVO","MOTOCICLETA","1991","83","ABRIL","2026"
"BOGOTA D.C.","BOGOTA","PARTICULAR","ACTIVO","TRACTOCAMION","1991","2","ABRIL","2026"
"BOGOTA D.C.","BOGOTA","PÚBLICO","ACTIVO","TRACTOCAMION","1991","5","ABRIL","2026"
"BOGOTA D.C.","BOGOTA","PÚBLICO","INCONSISTENTE","TRACTOCAMION","1991","1","ABRIL","2026"
"BOGOTA D.C.","BOGOTA","PARTICULAR","ACTIVO","VOLQUETA","1991","3","ABRIL","2026"
"BOGOTA D.C.","BOGOTA","PÚBLICO","ACTIVO","VOLQUETA","1991","3","ABRIL","2026"
"BOGOTA D.C.","BOGOTA","PARTICULAR","ACTIVO","AUTOMOVIL","1992","10113","ABRIL","2026"
"BOGOTA D.C.","BOGOTA","PARTICULAR","INCONSISTENTE","AUTOMOVIL","1992","62","ABRIL","2026"
"BOGOTA D.C.","BOGOTA","PÚBLICO","ACTIVO","AUTOMOVIL","1992","64","ABRIL","2026"
"BOGOTA D.C.","BOGOTA","OFICIAL","ACTIVO","AUTOMOVIL","1992","42","ABRIL","2026"
"BOGOTA D.C.","BOGOTA","PÚBLICO","INCONSISTENTE","AUTOMOVIL","1992","4","ABRIL","2026"
"BOGOTA D.C.","BOGOTA","PARTICULAR","ACTIVO","BUS","1992","14","ABRIL","2026"
"BOGOTA D.C.","BOGOTA","PÚBLICO","ACTIVO","BUS","1992","180","ABRIL","2026"
"BOGOTA D.C.","BOGOTA","PÚBLICO","INCONSISTENTE","BUS","1992","1","ABRIL","2026"
"BOGOTA D.C.","BOGOTA","PARTICULAR","ACTIVO","BUSETA","1992","7","ABRIL","2026"
"BOGOTA D.C.","BOGOTA","PÚBLICO","ACTIVO","BUSETA","1992","14","ABRIL","2026"
"BOGOTA D.C.","BOGOTA","PÚBLICO","INCONSISTENTE","BUSETA","1992","1","ABRIL","2026"
"BOGOTA D.C.","BOGOTA","PARTICULAR","ACTIVO","CAMION","1992","75","ABRIL","2026"
"BOGOTA D.C.","BOGOTA","PÚBLICO","ACTIVO","CAMION","1992","70","ABRIL","2026"
"BOGOTA D.C.","BOGOTA","PARTICULAR","INCONSISTENTE","CAMION","1992","1","ABRIL","2026"
"BOGOTA D.C.","BOGOTA","OFICIAL","ACTIVO","CAMION","1992","3","ABRIL","2026"
"BOGOTA D.C.","BOGOTA","PARTICULAR","ACTIVO","CAMIONETA","1992","1986","ABRIL","2026"
"BOGOTA D.C.","BOGOTA","PÚBLICO","ACTIVO","CAMIONETA","1992","136","ABRIL","2026"
"BOGOTA D.C.","BOGOTA","PARTICULAR","INCONSISTENTE","CAMIONETA","1992","18","ABRIL","2026"
"BOGOTA D.C.","BOGOTA","OFICIAL","ACTIVO","CAMIONETA","1992","20","ABRIL","2026"
"BOGOTA D.C.","BOGOTA","PARTICULAR","ACTIVO","CAMPERO","1992","1902","ABRIL","2026"
"BOGOTA D.C.","BOGOTA","PÚBLICO","ACTIVO","CAMPERO","1992","4","ABRIL","2026"
"BOGOTA D.C.","BOGOTA","OFICIAL","ACTIVO","CAMPERO","1992","31","ABRIL","2026"
"BOGOTA D.C.","BOGOTA","PARTICULAR","INCONSISTENTE","CAMPERO","1992","18","ABRIL","2026"
"BOGOTA D.C.","BOGOTA","PARTICULAR","ACTIVO","MAQ. INDUSTRIAL","1992","14","ABRIL","2026"
"BOGOTA D.C.","BOGOTA","PÚBLICO","INCONSISTENTE","MICROBUS","1992","3","ABRIL","2026"
"BOGOTA D.C.","BOGOTA","PARTICULAR","INCONSISTENTE","MICROBUS","1992","3","ABRIL","2026"
"BOGOTA D.C.","BOGOTA","PÚBLICO","ACTIVO","MICROBUS","1992","251","ABRIL","2026"
"BOGOTA D.C.","BOGOTA","PARTICULAR","ACTIVO","MICROBUS","1992","129","ABRIL","2026"
"BOGOTA D.C.","BOGOTA","PARTICULAR","ACTIVO","MOTOCICLETA","1992","523","ABRIL","2026"
"BOGOTA D.C.","BOGOTA","PARTICULAR","INCONSISTENTE","MOTOCICLETA","1992","9","ABRIL","2026"
"BOGOTA D.C.","BOGOTA","OFICIAL","ACTIVO","MOTOCICLETA","1992","24","ABRIL","2026"
"BOGOTA D.C.","BOGOTA","PARTICULAR","ACTIVO","TRACTOCAMION","1992","2","ABRIL","2026"
"BOGOTA D.C.","BOGOTA","PÚBLICO","ACTIVO","TRACTOCAMION","1992","2","ABRIL","2026"
"BOGOTA D.C.","BOGOTA","OFICIAL","ACTIVO","TRACTOCAMION","1992","1","ABRIL","2026"
"BOGOTA D.C.","BOGOTA","PÚBLICO","ACTIVO","VOLQUETA","1992","2","ABRIL","2026"
"BOGOTA D.C.","BOGOTA","PARTICULAR","ACTIVO","VOLQUETA","1992","4","ABRIL","2026"
"BOGOTA D.C.","BOGOTA","PÚBLICO","ACTIVO","AUTOMOVIL","1993","140","ABRIL","2026"
"BOGOTA D.C.","BOGOTA","PARTICULAR","ACTIVO","AUTOMOVIL","1993","24655","ABRIL","2026"
"BOGOTA D.C.","BOGOTA","OFICIAL","ACTIVO","AUTOMOVIL","1993","48","ABRIL","2026"
"BOGOTA D.C.","BOGOTA","PÚBLICO","INCONSISTENTE","AUTOMOVIL","1993","7","ABRIL","2026"
"BOGOTA D.C.","BOGOTA","PARTICULAR","INCONSISTENTE","AUTOMOVIL","1993","118","ABRIL","2026"
"BOGOTA D.C.","BOGOTA","OTROS","ACTIVO","AUTOMOVIL","1993","1","ABRIL","2026"
"BOGOTA D.C.","BOGOTA","PÚBLICO","ACTIVO","BUS","1993","249","ABRIL","2026"
"BOGOTA D.C.","BOGOTA","OFICIAL","ACTIVO","BUS","1993","2","ABRIL","2026"
"BOGOTA D.C.","BOGOTA","PARTICULAR","ACTIVO","BUS","1993","16","ABRIL","2026"
"BOGOTA D.C.","BOGOTA","PARTICULAR","ACTIVO","BUSETA","1993","15","ABRIL","2026"
"BOGOTA D.C.","BOGOTA","OFICIAL","ACTIVO","BUSETA","1993","3","ABRIL","2026"
"BOGOTA D.C.","BOGOTA","PÚBLICO","ACTIVO","BUSETA","1993","62","ABRIL","2026"
"BOGOTA D.C.","BOGOTA","PÚBLICO","INCONSISTENTE","BUSETA","1993","1","ABRIL","2026"
"BOGOTA D.C.","BOGOTA","PÚBLICO","ACTIVO","CAMION","1993","159","ABRIL","2026"
"BOGOTA D.C.","BOGOTA","OFICIAL","ACTIVO","CAMION","1993","3","ABRIL","2026"
"BOGOTA D.C.","BOGOTA","PARTICULAR","INCONSISTENTE","CAMION","1993","2","ABRIL","2026"
"BOGOTA D.C.","BOGOTA","PARTICULAR","ACTIVO","CAMION","1993","143","ABRIL","2026"
"BOGOTA D.C.","BOGOTA","PÚBLICO","INCONSISTENTE","CAMIONETA","1993","3","ABRIL","2026"
"BOGOTA D.C.","BOGOTA","PARTICULAR","ACTIVO","CAMIONETA","1993","4928","ABRIL","2026"
"BOGOTA D.C.","BOGOTA","PARTICULAR","INCONSISTENTE","CAMIONETA","1993","49","ABRIL","2026"
"BOGOTA D.C.","BOGOTA","PÚBLICO","ACTIVO","CAMIONETA","1993","397","ABRIL","2026"
"BOGOTA D.C.","BOGOTA","OFICIAL","ACTIVO","CAMIONETA","1993","20","ABRIL","2026"
"BOGOTA D.C.","BOGOTA","OFICIAL","INCONSISTENTE","CAMPERO","1993","1","ABRIL","2026"
"BOGOTA D.C.","BOGOTA","OFICIAL","ACTIVO","CAMPERO","1993","25","ABRIL","2026"
"BOGOTA D.C.","BOGOTA","PÚBLICO","ACTIVO","CAMPERO","1993","5","ABRIL","2026"
"BOGOTA D.C.","BOGOTA","PARTICULAR","INCONSISTENTE","CAMPERO","1993","29","ABRIL","2026"
"BOGOTA D.C.","BOGOTA","PARTICULAR","ACTIVO","CAMPERO","1993","3887","ABRIL","2026"
"BOGOTA D.C.","BOGOTA","PARTICULAR","ACTIVO","MAQ. INDUSTRIAL","1993","28","ABRIL","2026"
"BOGOTA D.C.","BOGOTA","OFICIAL","ACTIVO","MICROBUS","1993","2","ABRIL","2026"
"BOGOTA D.C.","BOGOTA","PÚBLICO","ACTIVO","MICROBUS","1993","427","ABRIL","2026"
"BOGOTA D.C.","BOGOTA","PÚBLICO","INCONSISTENTE","MICROBUS","1993","6","ABRIL","2026"
"BOGOTA D.C.","BOGOTA","PARTICULAR","ACTIVO","MICROBUS","1993","187","ABRIL","2026"
"BOGOTA D.C.","BOGOTA","PARTICULAR","INCONSISTENTE","MICROBUS","1993","6","ABRIL","2026"
"BOGOTA D.C.","BOGOTA","PARTICULAR","ACTIVO","MOTOCARRO","1993","1","ABRIL","2026"
"BOGOTA D.C.","BOGOTA","PARTICULAR","INCONSISTENTE","MOTOCICLETA","1993","5","ABRIL","2026"
"BOGOTA D.C.","BOGOTA","PARTICULAR","ACTIVO","MOTOCICLETA","1993","737","ABRIL","2026"
"BOGOTA D.C.","BOGOTA","OFICIAL","ACTIVO","MOTOCICLETA","1993","26","ABRIL","2026"
"BOGOTA D.C.","BOGOTA","PÚBLICO","INCONSISTENTE","TRACTOCAMION","1993","1","ABRIL","2026"
"BOGOTA D.C.","BOGOTA","PÚBLICO","ACTIVO","TRACTOCAMION","1993","10","ABRIL","2026"
"BOGOTA D.C.","BOGOTA","PARTICULAR","INCONSISTENTE","TRACTOCAMION","1993","1","ABRIL","2026"
"BOGOTA D.C.","BOGOTA","PÚBLICO","ACTIVO","VOLQUETA","1993","4","ABRIL","2026"
"BOGOTA D.C.","BOGOTA","PARTICULAR","ACTIVO","VOLQUETA","1993","6","ABRIL","2026"
"BOGOTA D.C.","BOGOTA","PARTICULAR","INCONSISTENTE","AUTOMOVIL","1994","126","ABRIL","2026"
"BOGOTA D.C.","BOGOTA","OFICIAL","ACTIVO","AUTOMOVIL","1994","46","ABRIL","2026"
"BOGOTA D.C.","BOGOTA","PARTICULAR","ACTIVO","AUTOMOVIL","1994","25693","ABRIL","2026"
"BOGOTA D.C.","BOGOTA","PÚBLICO","ACTIVO","AUTOMOVIL","1994","120","ABRIL","2026"
"BOGOTA D.C.","BOGOTA","OTROS","ACTIVO","AUTOMOVIL","1994","1","ABRIL","2026"
"BOGOTA D.C.","BOGOTA","PÚBLICO","ACTIVO","BUS","1994","110","ABRIL","2026"
"BOGOTA D.C.","BOGOTA","OFICIAL","ACTIVO","BUS","1994","1","ABRIL","2026"
"BOGOTA D.C.","BOGOTA","PARTICULAR","ACTIVO","BUS","1994","25","ABRIL","2026"
"BOGOTA D.C.","BOGOTA","PÚBLICO","ACTIVO","BUSETA","1994","114","ABRIL","2026"
"BOGOTA D.C.","BOGOTA","PARTICULAR","ACTIVO","BUSETA","1994","27","ABRIL","2026"
"BOGOTA D.C.","BOGOTA","PARTICULAR","ACTIVO","CAMION","1994","162","ABRIL","2026"
"BOGOTA D.C.","BOGOTA","OFICIAL","ACTIVO","CAMION","1994","17","ABRIL","2026"
"BOGOTA D.C.","BOGOTA","PARTICULAR","INCONSISTENTE","CAMION","1994","2","ABRIL","2026"
"BOGOTA D.C.","BOGOTA","PÚBLICO","INCONSISTENTE","CAMION","1994","1","ABRIL","2026"
"BOGOTA D.C.","BOGOTA","PÚBLICO","ACTIVO","CAMION","1994","217","ABRIL","2026"
"BOGOTA D.C.","BOGOTA","OFICIAL","ACTIVO","CAMIONETA","1994","26","ABRIL","2026"
"BOGOTA D.C.","BOGOTA","PARTICULAR","ACTIVO","CAMIONETA","1994","5068","ABRIL","2026"
"BOGOTA D.C.","BOGOTA","PARTICULAR","INCONSISTENTE","CAMIONETA","1994","41","ABRIL","2026"
"BOGOTA D.C.","BOGOTA","PÚBLICO","INCONSISTENTE","CAMIONETA","1994","1","ABRIL","2026"
"BOGOTA D.C.","BOGOTA","PÚBLICO","ACTIVO","CAMIONETA","1994","460","ABRIL","2026"
"BOGOTA D.C.","BOGOTA","OFICIAL","ACTIVO","CAMPERO","1994","32","ABRIL","2026"
"BOGOTA D.C.","BOGOTA","PARTICULAR","ACTIVO","CAMPERO","1994","4279","ABRIL","2026"
"BOGOTA D.C.","BOGOTA","PARTICULAR","INCONSISTENTE","CAMPERO","1994","24","ABRIL","2026"
"BOGOTA D.C.","BOGOTA","PARTICULAR","ACTIVO","CUATRIMOTO","1994","1","ABRIL","2026"
"BOGOTA D.C.","BOGOTA","PARTICULAR","INCONSISTENTE","MAQ. INDUSTRIAL","1994","1","ABRIL","2026"
"BOGOTA D.C.","BOGOTA","PARTICULAR","ACTIVO","MAQ. INDUSTRIAL","1994","2","ABRIL","2026"
"BOGOTA D.C.","BOGOTA","OFICIAL","ACTIVO","MAQ. INDUSTRIAL","1994","1","ABRIL","2026"
"BOGOTA D.C.","BOGOTA","PÚBLICO","INCONSISTENTE","MICROBUS","1994","5","ABRIL","2026"
"BOGOTA D.C.","BOGOTA","PARTICULAR","INCONSISTENTE","MICROBUS","1994","6","ABRIL","2026"
"BOGOTA D.C.","BOGOTA","PARTICULAR","ACTIVO","MICROBUS","1994","186","ABRIL","2026"
"BOGOTA D.C.","BOGOTA","PÚBLICO","ACTIVO","MICROBUS","1994","413","ABRIL","2026"
"BOGOTA D.C.","BOGOTA","OFICIAL","ACTIVO","MICROBUS","1994","4","ABRIL","2026"
"BOGOTA D.C.","BOGOTA","PARTICULAR","ACTIVO","MOTOCARRO","1994","5","ABRIL","2026"
"BOGOTA D.C.","BOGOTA","OFICIAL","ACTIVO","MOTOCICLETA","1994","26","ABRIL","2026"
"BOGOTA D.C.","BOGOTA","OFICIAL","INCONSISTENTE","MOTOCICLETA","1994","2","ABRIL","2026"
"BOGOTA D.C.","BOGOTA","PARTICULAR","ACTIVO","MOTOCICLETA","1994","732","ABRIL","2026"
"BOGOTA D.C.","BOGOTA","PARTICULAR","INCONSISTENTE","MOTOCICLETA","1994","6","ABRIL","2026"
"BOGOTA D.C.","BOGOTA","NO REGISTRA","ACTIVO","SEMIREMOLQUE","1994","1","ABRIL","2026"
"BOGOTA D.C.","BOGOTA","PÚBLICO","ACTIVO","TRACTOCAMION","1994","6","ABRIL","2026"
"BOGOTA D.C.","BOGOTA","PARTICULAR","ACTIVO","TRACTOCAMION","1994","4","ABRIL","2026"
"BOGOTA D.C.","BOGOTA","OFICIAL","ACTIVO","VOLQUETA","1994","1","ABRIL","2026"
"BOGOTA D.C.","BOGOTA","PARTICULAR","ACTIVO","VOLQUETA","1994","23","ABRIL","2026"
"BOGOTA D.C.","BOGOTA","PÚBLICO","ACTIVO","VOLQUETA","1994","11","ABRIL","2026"
"BOGOTA D.C.","BOGOTA","PARTICULAR","INCONSISTENTE","AUTOMOVIL","1995","47","ABRIL","2026"
"BOGOTA D.C.","BOGOTA","PARTICULAR","ACTIVO","AUTOMOVIL","1995","18411","ABRIL","2026"
"BOGOTA D.C.","BOGOTA","PÚBLICO","ACTIVO","AUTOMOVIL","1995","219","ABRIL","2026"
"BOGOTA D.C.","BOGOTA","OFICIAL","ACTIVO","AUTOMOVIL","1995","54","ABRIL","2026"
"BOGOTA D.C.","BOGOTA","PÚBLICO","ACTIVO","BUS","1995","42","ABRIL","2026"
"BOGOTA D.C.","BOGOTA","PARTICULAR","ACTIVO","BUS","1995","20","ABRIL","2026"
"BOGOTA D.C.","BOGOTA","OFICIAL","ACTIVO","BUS","1995","2","ABRIL","2026"
"BOGOTA D.C.","BOGOTA","PARTICULAR","ACTIVO","BUSETA","1995","11","ABRIL","2026"
"BOGOTA D.C.","BOGOTA","PÚBLICO","ACTIVO","BUSETA","1995","99","ABRIL","2026"
"BOGOTA D.C.","BOGOTA","PARTICULAR","INCONSISTENTE","BUSETA","1995","1","ABRIL","2026"
"BOGOTA D.C.","BOGOTA","OFICIAL","ACTIVO","BUSETA","1995","4","ABRIL","2026"
"BOGOTA D.C.","BOGOTA","PÚBLICO","INCONSISTENTE","CAMION","1995","2","ABRIL","2026"
"BOGOTA D.C.","BOGOTA","OFICIAL","ACTIVO","CAMION","1995","25","ABRIL","2026"
"BOGOTA D.C.","BOGOTA","PÚBLICO","ACTIVO","CAMION","1995","102","ABRIL","2026"
"BOGOTA D.C.","BOGOTA","PARTICULAR","ACTIVO","CAMION","1995","125","ABRIL","2026"
"BOGOTA D.C.","BOGOTA","PARTICULAR","INCONSISTENTE","CAMION","1995","2","ABRIL","2026"
"BOGOTA D.C.","BOGOTA","PÚBLICO","ACTIVO","CAMIONETA","1995","403","ABRIL","2026"
"BOGOTA D.C.","BOGOTA","PARTICULAR","ACTIVO","CAMIONETA","1995","3925","ABRIL","2026"
"BOGOTA D.C.","BOGOTA","OFICIAL","INCONSISTENTE","CAMIONETA","1995","1","ABRIL","2026"
"BOGOTA D.C.","BOGOTA","OFICIAL","ACTIVO","CAMIONETA","1995","45","ABRIL","2026"
"BOGOTA D.C.","BOGOTA","PARTICULAR","INCONSISTENTE","CAMIONETA","1995","18","ABRIL","2026"
"BOGOTA D.C.","BOGOTA","OFICIAL","ACTIVO","CAMPERO","1995","34","ABRIL","2026"
"BOGOTA D.C.","BOGOTA","PARTICULAR","ACTIVO","CAMPERO","1995","3196","ABRIL","2026"
"BOGOTA D.C.","BOGOTA","PARTICULAR","INCONSISTENTE","CAMPERO","1995","21","ABRIL","2026"
"BOGOTA D.C.","BOGOTA","PÚBLICO","ACTIVO","CAMPERO","1995","3","ABRIL","2026"
"BOGOTA D.C.","BOGOTA","PARTICULAR","ACTIVO","MAQ. INDUSTRIAL","1995","2","ABRIL","2026"
"BOGOTA D.C.","BOGOTA","PARTICULAR","INCONSISTENTE","MICROBUS","1995","6","ABRIL","2026"
"BOGOTA D.C.","BOGOTA","PÚBLICO","ACTIVO","MICROBUS","1995","551","ABRIL","2026"
"BOGOTA D.C.","BOGOTA","PARTICULAR","ACTIVO","MICROBUS","1995","216","ABRIL","2026"
"BOGOTA D.C.","BOGOTA","PÚBLICO","INCONSISTENTE","MICROBUS","1995","1","ABRIL","2026"
"BOGOTA D.C.","BOGOTA","PARTICULAR","ACTIVO","MOTOCARRO","1995","6","ABRIL","2026"
"BOGOTA D.C.","BOGOTA","PARTICULAR","INCONSISTENTE","MOTOCICLETA","1995","9","ABRIL","2026"
"BOGOTA D.C.","BOGOTA","OFICIAL","ACTIVO","MOTOCICLETA","1995","40","ABRIL","2026"
"BOGOTA D.C.","BOGOTA","OFICIAL","INCONSISTENTE","MOTOCICLETA","1995","6","ABRIL","2026"
"BOGOTA D.C.","BOGOTA","PARTICULAR","ACTIVO","MOTOCICLETA","1995","630","ABRIL","2026"
"BOGOTA D.C.","BOGOTA","OTROS","ACTIVO","TRACTOCAMION","1995","1","ABRIL","2026"
"BOGOTA D.C.","BOGOTA","PÚBLICO","ACTIVO","TRACTOCAMION","1995","9","ABRIL","2026"
"BOGOTA D.C.","BOGOTA","PARTICULAR","ACTIVO","TRACTOCAMION","1995","1","ABRIL","2026"
"BOGOTA D.C.","BOGOTA","OFICIAL","ACTIVO","VOLQUETA","1995","3","ABRIL","2026"
"BOGOTA D.C.","BOGOTA","PÚBLICO","ACTIVO","VOLQUETA","1995","10","ABRIL","2026"
"BOGOTA D.C.","BOGOTA","OTROS","ACTIVO","VOLQUETA","1995","1","ABRIL","2026"
"BOGOTA D.C.","BOGOTA","PARTICULAR","ACTIVO","VOLQUETA","1995","9","ABRIL","2026"
"BOGOTA D.C.","BOGOTA","PÚBLICO","ACTIVO","AUTOMOVIL","1996","184","ABRIL","2026"
"BOGOTA D.C.","BOGOTA","OFICIAL","ACTIVO","AUTOMOVIL","1996","50","ABRIL","2026"
"BOGOTA D.C.","BOGOTA","PARTICULAR","INCONSISTENTE","AUTOMOVIL","1996","54","ABRIL","2026"
"BOGOTA D.C.","BOGOTA","PARTICULAR","ACTIVO","AUTOMOVIL","1996","22583","ABRIL","2026"
"BOGOTA D.C.","BOGOTA","OFICIAL","ACTIVO","BUS","1996","18","ABRIL","2026"
"BOGOTA D.C.","BOGOTA","PARTICULAR","ACTIVO","BUS","1996","26","ABRIL","2026"
"BOGOTA D.C.","BOGOTA","PÚBLICO","ACTIVO","BUS","1996","35","ABRIL","2026"
"BOGOTA D.C.","BOGOTA","PARTICULAR","INCONSISTENTE","BUSETA","1996","1","ABRIL","2026"
"BOGOTA D.C.","BOGOTA","PÚBLICO","INCONSISTENTE","BUSETA","1996","1","ABRIL","2026"
"BOGOTA D.C.","BOGOTA","PÚBLICO","ACTIVO","BUSETA","1996","41","ABRIL","2026"
"BOGOTA D.C.","BOGOTA","PARTICULAR","ACTIVO","BUSETA","1996","10","ABRIL","2026"
"BOGOTA D.C.","BOGOTA","OFICIAL","ACTIVO","BUSETA","1996","5","ABRIL","2026"
"BOGOTA D.C.","BOGOTA","OFICIAL","ACTIVO","CAMION","1996","43","ABRIL","2026"
"BOGOTA D.C.","BOGOTA","PARTICULAR","ACTIVO","CAMION","1996","105","ABRIL","2026"
"BOGOTA D.C.","BOGOTA","PÚBLICO","ACTIVO","CAMION","1996","104","ABRIL","2026"
"BOGOTA D.C.","BOGOTA","OTROS","ACTIVO","CAMIONETA","1996","1","ABRIL","2026"
"BOGOTA D.C.","BOGOTA","PARTICULAR","ACTIVO","CAMIONETA","1996","5120","ABRIL","2026"
"BOGOTA D.C.","BOGOTA","PARTICULAR","INCONSISTENTE","CAMIONETA","1996","17","ABRIL","2026"
"BOGOTA D.C.","BOGOTA","PÚBLICO","ACTIVO","CAMIONETA","1996","487","ABRIL","2026"
"BOGOTA D.C.","BOGOTA","OFICIAL","ACTIVO","CAMIONETA","1996","70","ABRIL","2026"
"BOGOTA D.C.","BOGOTA","PÚBLICO","INCONSISTENTE","CAMIONETA","1996","1","ABRIL","2026"
"BOGOTA D.C.","BOGOTA","PARTICULAR","INCONSISTENTE","CAMPERO","1996","16","ABRIL","2026"
"BOGOTA D.C.","BOGOTA","PÚBLICO","ACTIVO","CAMPERO","1996","3","ABRIL","2026"
"BOGOTA D.C.","BOGOTA","PARTICULAR","ACTIVO","CAMPERO","1996","4366","ABRIL","2026"
"BOGOTA D.C.","BOGOTA","OFICIAL","ACTIVO","CAMPERO","1996","50","ABRIL","2026"
"BOGOTA D.C.","BOGOTA","PARTICULAR","ACTIVO","MAQ. INDUSTRIAL","1996","7","ABRIL","2026"
"BOGOTA D.C.","BOGOTA","OFICIAL","ACTIVO","MAQ. INDUSTRIAL","1996","1","ABRIL","2026"
"BOGOTA D.C.","BOGOTA","PÚBLICO","ACTIVO","MAQ. INDUSTRIAL","1996","1","ABRIL","2026"
"BOGOTA D.C.","BOGOTA","PARTICULAR","INCONSISTENTE","MICROBUS","1996","1","ABRIL","2026"
"BOGOTA D.C.","BOGOTA","OFICIAL","ACTIVO","MICROBUS","1996","4","ABRIL","2026"
"BOGOTA D.C.","BOGOTA","PARTICULAR","ACTIVO","MICROBUS","1996","83","ABRIL","2026"
"BOGOTA D.C.","BOGOTA","PÚBLICO","ACTIVO","MICROBUS","1996","153","ABRIL","2026"
"BOGOTA D.C.","BOGOTA","PARTICULAR","ACTIVO","MOTOCARRO","1996","12","ABRIL","2026"
"BOGOTA D.C.","BOGOTA","OFICIAL","ACTIVO","MOTOCICLETA","1996","32","ABRIL","2026"
"BOGOTA D.C.","BOGOTA","PARTICULAR","ACTIVO","MOTOCICLETA","1996","612","ABRIL","2026"
"BOGOTA D.C.","BOGOTA","PARTICULAR","INCONSISTENTE","MOTOCICLETA","1996","11","ABRIL","2026"
"BOGOTA D.C.","BOGOTA","PARTICULAR","ACTIVO","TRACTOCAMION","1996","2","ABRIL","2026"
"BOGOTA D.C.","BOGOTA","PÚBLICO","ACTIVO","TRACTOCAMION","1996","1","ABRIL","2026"
"BOGOTA D.C.","BOGOTA","PÚBLICO","ACTIVO","VOLQUETA","1996","5","ABRIL","2026"
"BOGOTA D.C.","BOGOTA","PARTICULAR","ACTIVO","VOLQUETA","1996","25","ABRIL","2026"
"BOGOTA D.C.","BOGOTA","OFICIAL","ACTIVO","VOLQUETA","1996","10","ABRIL","2026"
"BOGOTA D.C.","BOGOTA","PARTICULAR","INCONSISTENTE","AUTOMOVIL","1997","56","ABRIL","2026"
"BOGOTA D.C.","BOGOTA","PÚBLICO","ACTIVO","AUTOMOVIL","1997","315","ABRIL","2026"
"BOGOTA D.C.","BOGOTA","OTROS","ACTIVO","AUTOMOVIL","1997","1","ABRIL","2026"
"BOGOTA D.C.","BOGOTA","PÚBLICO","INCONSISTENTE","AUTOMOVIL","1997","1","ABRIL","2026"
"BOGOTA D.C.","BOGOTA","PARTICULAR","ACTIVO","AUTOMOVIL","1997","25809","ABRIL","2026"
"BOGOTA D.C.","BOGOTA","OFICIAL","ACTIVO","AUTOMOVIL","1997","23","ABRIL","2026"
"BOGOTA D.C.","BOGOTA","PÚBLICO","ACTIVO","BUS","1997","20","ABRIL","2026"
"BOGOTA D.C.","BOGOTA","PARTICULAR","ACTIVO","BUS","1997","27","ABRIL","2026"
"BOGOTA D.C.","BOGOTA","PÚBLICO","ACTIVO","BUSETA","1997","33","ABRIL","2026"
"BOGOTA D.C.","BOGOTA","OFICIAL","ACTIVO","BUSETA","1997","5","ABRIL","2026"
"BOGOTA D.C.","BOGOTA","PARTICULAR","ACTIVO","BUSETA","1997","9","ABRIL","2026"
"BOGOTA D.C.","BOGOTA","OFICIAL","ACTIVO","CAMION","1997","17","ABRIL","2026"
"BOGOTA D.C.","BOGOTA","PÚBLICO","ACTIVO","CAMION","1997","75","ABRIL","2026"
"BOGOTA D.C.","BOGOTA","PARTICULAR","ACTIVO","CAMION","1997","114","ABRIL","2026"
"BOGOTA D.C.","BOGOTA","PÚBLICO","INCONSISTENTE","CAMION","1997","2","ABRIL","2026"
"BOGOTA D.C.","BOGOTA","PÚBLICO","ACTIVO","CAMIONETA","1997","433","ABRIL","2026"
"BOGOTA D.C.","BOGOTA","PARTICULAR","INCONSISTENTE","CAMIONETA","1997","17","ABRIL","2026"
"BOGOTA D.C.","BOGOTA","PARTICULAR","ACTIVO","CAMIONETA","1997","6583","ABRIL","2026"
"BOGOTA D.C.","BOGOTA","OFICIAL","ACTIVO","CAMIONETA","1997","49","ABRIL","2026"
"BOGOTA D.C.","BOGOTA","OFICIAL","ACTIVO","CAMPERO","1997","49","ABRIL","2026"
"BOGOTA D.C.","BOGOTA","PÚBLICO","ACTIVO","CAMPERO","1997","6","ABRIL","2026"
"BOGOTA D.C.","BOGOTA","PARTICULAR","INCONSISTENTE","CAMPERO","1997","11","ABRIL","2026"
"BOGOTA D.C.","BOGOTA","PARTICULAR","ACTIVO","CAMPERO","1997","5270","ABRIL","2026"
"BOGOTA D.C.","BOGOTA","PARTICULAR","ACTIVO","MAQ. INDUSTRIAL","1997","1","ABRIL","2026"
"BOGOTA D.C.","BOGOTA","PÚBLICO","ACTIVO","MICROBUS","1997","441","ABRIL","2026"
"BOGOTA D.C.","BOGOTA","PÚBLICO","INCONSISTENTE","MICROBUS","1997","2","ABRIL","2026"
"BOGOTA D.C.","BOGOTA","OFICIAL","ACTIVO","MICROBUS","1997","3","ABRIL","2026"
"BOGOTA D.C.","BOGOTA","PARTICULAR","INCONSISTENTE","MICROBUS","1997","2","ABRIL","2026"
"BOGOTA D.C.","BOGOTA","PARTICULAR","ACTIVO","MICROBUS","1997","167","ABRIL","2026"
"BOGOTA D.C.","BOGOTA","PARTICULAR","ACTIVO","MOTOCARRO","1997","5","ABRIL","2026"
"BOGOTA D.C.","BOGOTA","PARTICULAR","ACTIVO","MOTOCICLETA","1997","404","ABRIL","2026"
"BOGOTA D.C.","BOGOTA","PARTICULAR","INCONSISTENTE","MOTOCICLETA","1997","7","ABRIL","2026"
"BOGOTA D.C.","BOGOTA","OFICIAL","ACTIVO","MOTOCICLETA","1997","7","ABRIL","2026"
"BOGOTA D.C.","BOGOTA","NO REGISTRA","ACTIVO","SEMIREMOLQUE","1997","1","ABRIL","2026"
"BOGOTA D.C.","BOGOTA","PARTICULAR","ACTIVO","TRACTOCAMION","1997","2","ABRIL","2026"
"BOGOTA D.C.","BOGOTA","PARTICULAR","ACTIVO","VOLQUETA","1997","9","ABRIL","2026"
"BOGOTA D.C.","BOGOTA","OFICIAL","ACTIVO","VOLQUETA","1997","1","ABRIL","2026"
"BOGOTA D.C.","BOGOTA","PÚBLICO","ACTIVO","VOLQUETA","1997","4","ABRIL","2026"
"BOGOTA D.C.","BOGOTA","OFICIAL","ACTIVO","AUTOMOVIL","1998","28","ABRIL","2026"
"BOGOTA D.C.","BOGOTA","PARTICULAR","ACTIVO","AUTOMOVIL","1998","16094","ABRIL","2026"
"BOGOTA D.C.","BOGOTA","PÚBLICO","ACTIVO","AUTOMOVIL","1998","303","ABRIL","2026"
"BOGOTA D.C.","BOGOTA","PARTICULAR","INCONSISTENTE","AUTOMOVIL","1998","26","ABRIL","2026"
"BOGOTA D.C.","BOGOTA","PARTICULAR","ACTIVO","BUS","1998","19","ABRIL","2026"
"BOGOTA D.C.","BOGOTA","PÚBLICO","ACTIVO","BUS","1998","15","ABRIL","2026"
"BOGOTA D.C.","BOGOTA","OFICIAL","ACTIVO","BUS","1998","8","ABRIL","2026"
"BOGOTA D.C.","BOGOTA","PARTICULAR","ACTIVO","BUSETA","1998","7","ABRIL","2026"
"BOGOTA D.C.","BOGOTA","OFICIAL","ACTIVO","BUSETA","1998","4","ABRIL","2026"
"BOGOTA D.C.","BOGOTA","PÚBLICO","ACTIVO","BUSETA","1998","38","ABRIL","2026"
"BOGOTA D.C.","BOGOTA","OFICIAL","ACTIVO","CAMION","1998","40","ABRIL","2026"
"BOGOTA D.C.","BOGOTA","PARTICULAR","ACTIVO","CAMION","1998","219","ABRIL","2026"
"BOGOTA D.C.","BOGOTA","PARTICULAR","INCONSISTENTE","CAMION","1998","2","ABRIL","2026"
"BOGOTA D.C.","BOGOTA","PÚBLICO","ACTIVO","CAMION","1998","42","ABRIL","2026"
"BOGOTA D.C.","BOGOTA","PARTICULAR","ACTIVO","CAMIONETA","1998","4551","ABRIL","2026"
"BOGOTA D.C.","BOGOTA","PÚBLICO","INCONSISTENTE","CAMIONETA","1998","1","ABRIL","2026"
"BOGOTA D.C.","BOGOTA","PARTICULAR","INCONSISTENTE","CAMIONETA","1998","10","ABRIL","2026"
"BOGOTA D.C.","BOGOTA","OFICIAL","ACTIVO","CAMIONETA","1998","66","ABRIL","2026"
"BOGOTA D.C.","BOGOTA","PÚBLICO","ACTIVO","CAMIONETA","1998","331","ABRIL","2026"
"BOGOTA D.C.","BOGOTA","PARTICULAR","ACTIVO","CAMPERO","1998","4079","ABRIL","2026"
"BOGOTA D.C.","BOGOTA","PARTICULAR","INCONSISTENTE","CAMPERO","1998","8","ABRIL","2026"
"BOGOTA D.C.","BOGOTA","OFICIAL","ACTIVO","CAMPERO","1998","26","ABRIL","2026"
"BOGOTA D.C.","BOGOTA","PARTICULAR","ACTIVO","MAQ. INDUSTRIAL","1998","4","ABRIL","2026"
"BOGOTA D.C.","BOGOTA","PARTICULAR","ACTIVO","MICROBUS","1998","134","ABRIL","2026"
"BOGOTA D.C.","BOGOTA","PÚBLICO","ACTIVO","MICROBUS","1998","224","ABRIL","2026"
"BOGOTA D.C.","BOGOTA","PARTICULAR","INCONSISTENTE","MICROBUS","1998","1","ABRIL","2026"
"BOGOTA D.C.","BOGOTA","OFICIAL","ACTIVO","MICROBUS","1998","1","ABRIL","2026"
"BOGOTA D.C.","BOGOTA","OFICIAL","ACTIVO","MOTOCARRO","1998","1","ABRIL","2026"
"BOGOTA D.C.","BOGOTA","PARTICULAR","ACTIVO","MOTOCARRO","1998","3","ABRIL","2026"
"BOGOTA D.C.","BOGOTA","PARTICULAR","ACTIVO","MOTOCICLETA","1998","558","ABRIL","2026"
"BOGOTA D.C.","BOGOTA","PARTICULAR","INCONSISTENTE","MOTOCICLETA","1998","3","ABRIL","2026"
"BOGOTA D.C.","BOGOTA","OFICIAL","ACTIVO","MOTOCICLETA","1998","47","ABRIL","2026"
"BOGOTA D.C.","BOGOTA","OFICIAL","INCONSISTENTE","MOTOCICLETA","1998","1","ABRIL","2026"
"BOGOTA D.C.","BOGOTA","PARTICULAR","ACTIVO","TRACTOCAMION","1998","11","ABRIL","2026"
"BOGOTA D.C.","BOGOTA","PÚBLICO","ACTIVO","TRACTOCAMION","1998","3","ABRIL","2026"
"BOGOTA D.C.","BOGOTA","PARTICULAR","ACTIVO","TRICIMOTO","1998","1","ABRIL","2026"
"BOGOTA D.C.","BOGOTA","PÚBLICO","ACTIVO","VOLQUETA","1998","1","ABRIL","2026"
"BOGOTA D.C.","BOGOTA","OFICIAL","ACTIVO","VOLQUETA","1998","3","ABRIL","2026"
"BOGOTA D.C.","BOGOTA","PARTICULAR","ACTIVO","VOLQUETA","1998","10","ABRIL","2026"
"BOGOTA D.C.","BOGOTA","PARTICULAR","INCONSISTENTE","AUTOMOVIL","1999","21","ABRIL","2026"
"BOGOTA D.C.","BOGOTA","OFICIAL","ACTIVO","AUTOMOVIL","1999","13","ABRIL","2026"
"BOGOTA D.C.","BOGOTA","PÚBLICO","ACTIVO","AUTOMOVIL","1999","358","ABRIL","2026"
"BOGOTA D.C.","BOGOTA","OTROS","ACTIVO","AUTOMOVIL","1999","1","ABRIL","2026"
"BOGOTA D.C.","BOGOTA","PARTICULAR","ACTIVO","AUTOMOVIL","1999","9201","ABRIL","2026"
"BOGOTA D.C.","BOGOTA","PÚBLICO","ACTIVO","BUS","1999","18","ABRIL","2026"
"BOGOTA D.C.","BOGOTA","PARTICULAR","ACTIVO","BUS","1999","43","ABRIL","2026"
"BOGOTA D.C.","BOGOTA","OFICIAL","ACTIVO","BUS","1999","13","ABRIL","2026"
"BOGOTA D.C.","BOGOTA","OFICIAL","ACTIVO","BUSETA","1999","1","ABRIL","2026"
"BOGOTA D.C.","BOGOTA","PÚBLICO","ACTIVO","BUSETA","1999","20","ABRIL","2026"
"BOGOTA D.C.","BOGOTA","PARTICULAR","ACTIVO","BUSETA","1999","9","ABRIL","2026"
"BOGOTA D.C.","BOGOTA","OFICIAL","ACTIVO","CAMION","1999","23","ABRIL","2026"
"BOGOTA D.C.","BOGOTA","PARTICULAR","ACTIVO","CAMION","1999","79","ABRIL","2026"
"BOGOTA D.C.","BOGOTA","PÚBLICO","ACTIVO","CAMION","1999","15","ABRIL","2026"
"BOGOTA D.C.","BOGOTA","OFICIAL","ACTIVO","CAMIONETA","1999","76","ABRIL","2026"
"BOGOTA D.C.","BOGOTA","PÚBLICO","ACTIVO","CAMIONETA","1999","130","ABRIL","2026"
"BOGOTA D.C.","BOGOTA","PARTICULAR","INCONSISTENTE","CAMIONETA","1999","2","ABRIL","2026"
"BOGOTA D.C.","BOGOTA","PARTICULAR","ACTIVO","CAMIONETA","1999","1848","ABRIL","2026"
"BOGOTA D.C.","BOGOTA","PARTICULAR","INCONSISTENTE","CAMPERO","1999","3","ABRIL","2026"
"BOGOTA D.C.","BOGOTA","PARTICULAR","ACTIVO","CAMPERO","1999","2154","ABRIL","2026"
"BOGOTA D.C.","BOGOTA","PÚBLICO","ACTIVO","CAMPERO","1999","1","ABRIL","2026"
"BOGOTA D.C.","BOGOTA","OFICIAL","ACTIVO","CAMPERO","1999","37","ABRIL","2026"
"BOGOTA D.C.","BOGOTA","PARTICULAR","ACTIVO","CICLOMOTOR","1999","1","ABRIL","2026"
"BOGOTA D.C.","BOGOTA","PARTICULAR","ACTIVO","MAQ. INDUSTRIAL","1999","2","ABRIL","2026"
"BOGOTA D.C.","BOGOTA","OFICIAL","ACTIVO","MICROBUS","1999","3","ABRIL","2026"
"BOGOTA D.C.","BOGOTA","PARTICULAR","INCONSISTENTE","MICROBUS","1999","1","ABRIL","2026"
"BOGOTA D.C.","BOGOTA","PARTICULAR","ACTIVO","MICROBUS","1999","76","ABRIL","2026"
"BOGOTA D.C.","BOGOTA","PÚBLICO","ACTIVO","MICROBUS","1999","62","ABRIL","2026"
"BOGOTA D.C.","BOGOTA","PARTICULAR","ACTIVO","MOTOCARRO","1999","2","ABRIL","2026"
"BOGOTA D.C.","BOGOTA","PARTICULAR","ACTIVO","MOTOCICLETA","1999","382","ABRIL","2026"
"BOGOTA D.C.","BOGOTA","PARTICULAR","INCONSISTENTE","MOTOCICLETA","1999","1","ABRIL","2026"
"BOGOTA D.C.","BOGOTA","OFICIAL","ACTIVO","MOTOCICLETA","1999","12","ABRIL","2026"
"BOGOTA D.C.","BOGOTA","NO REGISTRA","ACTIVO","SEMIREMOLQUE","1999","1","ABRIL","2026"
"BOGOTA D.C.","BOGOTA","PARTICULAR","ACTIVO","TRACTOCAMION","1999","5","ABRIL","2026"
"BOGOTA D.C.","BOGOTA","PARTICULAR","ACTIVO","VOLQUETA","1999","8","ABRIL","2026"
"BOGOTA D.C.","BOGOTA","OTROS","ACTIVO","VOLQUETA","1999","1","ABRIL","2026"
"BOGOTA D.C.","BOGOTA","PARTICULAR","ACTIVO","AUTOMOVIL","2000","8351","ABRIL","2026"
"BOGOTA D.C.","BOGOTA","PÚBLICO","ACTIVO","AUTOMOVIL","2000","421","ABRIL","2026"
"BOGOTA D.C.","BOGOTA","PARTICULAR","INCONSISTENTE","AUTOMOVIL","2000","5","ABRIL","2026"
"BOGOTA D.C.","BOGOTA","OFICIAL","ACTIVO","AUTOMOVIL","2000","14","ABRIL","2026"
"BOGOTA D.C.","BOGOTA","OFICIAL","ACTIVO","BUS","2000","11","ABRIL","2026"
"BOGOTA D.C.","BOGOTA","PARTICULAR","ACTIVO","BUS","2000","24","ABRIL","2026"
"BOGOTA D.C.","BOGOTA","PÚBLICO","ACTIVO","BUS","2000","29","ABRIL","2026"
"BOGOTA D.C.","BOGOTA","OFICIAL","ACTIVO","BUSETA","2000","2","ABRIL","2026"
"BOGOTA D.C.","BOGOTA","PARTICULAR","ACTIVO","BUSETA","2000","9","ABRIL","2026"
"BOGOTA D.C.","BOGOTA","PÚBLICO","ACTIVO","BUSETA","2000","20","ABRIL","2026"
"BOGOTA D.C.","BOGOTA","OFICIAL","ACTIVO","CAMION","2000","17","ABRIL","2026"
"BOGOTA D.C.","BOGOTA","PARTICULAR","ACTIVO","CAMION","2000","92","ABRIL","2026"
"BOGOTA D.C.","BOGOTA","PÚBLICO","ACTIVO","CAMION","2000","47","ABRIL","2026"
"BOGOTA D.C.","BOGOTA","PARTICULAR","INCONSISTENTE","CAMIONETA","2000","3","ABRIL","2026"
"BOGOTA D.C.","BOGOTA","PARTICULAR","ACTIVO","CAMIONETA","2000","1484","ABRIL","2026"
"BOGOTA D.C.","BOGOTA","OFICIAL","ACTIVO","CAMIONETA","2000","26","ABRIL","2026"
"BOGOTA D.C.","BOGOTA","PÚBLICO","ACTIVO","CAMIONETA","2000","114","ABRIL","2026"
"BOGOTA D.C.","BOGOTA","OFICIAL","INCONSISTENTE","CAMPERO","2000","1","ABRIL","2026"
"BOGOTA D.C.","BOGOTA","PARTICULAR","INCONSISTENTE","CAMPERO","2000","1","ABRIL","2026"
"BOGOTA D.C.","BOGOTA","PARTICULAR","ACTIVO","CAMPERO","2000","1688","ABRIL","2026"
"BOGOTA D.C.","BOGOTA","OFICIAL","ACTIVO","CAMPERO","2000","32","ABRIL","2026"
"BOGOTA D.C.","BOGOTA","PARTICULAR","ACTIVO","MAQ. INDUSTRIAL","2000","1","ABRIL","2026"
"BOGOTA D.C.","BOGOTA","PÚBLICO","ACTIVO","MICROBUS","2000","56","ABRIL","2026"
"BOGOTA D.C.","BOGOTA","PARTICULAR","ACTIVO","MICROBUS","2000","48","ABRIL","2026"
"BOGOTA D.C.","BOGOTA","PARTICULAR","INCONSISTENTE","MICROBUS","2000","3","ABRIL","2026"
"BOGOTA D.C.","BOGOTA","OFICIAL","ACTIVO","MICROBUS","2000","6","ABRIL","2026"
"BOGOTA D.C.","BOGOTA","PARTICULAR","ACTIVO","MOTOCARRO","2000","1","ABRIL","2026"
"BOGOTA D.C.","BOGOTA","OFICIAL","ACTIVO","MOTOCICLETA","2000","10","ABRIL","2026"
"BOGOTA D.C.","BOGOTA","PARTICULAR","ACTIVO","MOTOCICLETA","2000","405","ABRIL","2026"
"BOGOTA D.C.","BOGOTA","PARTICULAR","ACTIVO","TRACTOCAMION","2000","7","ABRIL","2026"
"BOGOTA D.C.","BOGOTA","OTROS","ACTIVO","VOLQUETA","2000","2","ABRIL","2026"
"BOGOTA D.C.","BOGOTA","PARTICULAR","ACTIVO","VOLQUETA","2000","8","ABRIL","2026"
"BOGOTA D.C.","BOGOTA","PARTICULAR","ACTIVO","AUTOMOVIL","2001","11745","ABRIL","2026"
"BOGOTA D.C.","BOGOTA","OFICIAL","ACTIVO","AUTOMOVIL","2001","27","ABRIL","2026"
"BOGOTA D.C.","BOGOTA","PÚBLICO","ACTIVO","AUTOMOVIL","2001","431","ABRIL","2026"
"BOGOTA D.C.","BOGOTA","PARTICULAR","INCONSISTENTE","AUTOMOVIL","2001","7","ABRIL","2026"
"BOGOTA D.C.","BOGOTA","PARTICULAR","ACTIVO","BUS","2001","7","ABRIL","2026"
"BOGOTA D.C.","BOGOTA","PÚBLICO","ACTIVO","BUS","2001","61","ABRIL","2026"
"BOGOTA D.C.","BOGOTA","PÚBLICO","ACTIVO","BUSETA","2001","15","ABRIL","2026"
"BOGOTA D.C.","BOGOTA","PARTICULAR","ACTIVO","BUSETA","2001","6","ABRIL","2026"
"BOGOTA D.C.","BOGOTA","PÚBLICO","INCONSISTENTE","BUSETA","2001","1","ABRIL","2026"
"BOGOTA D.C.","BOGOTA","OFICIAL","ACTIVO","BUSETA","2001","1","ABRIL","2026"
"BOGOTA D.C.","BOGOTA","OFICIAL","ACTIVO","CAMION","2001","26","ABRIL","2026"
"BOGOTA D.C.","BOGOTA","PARTICULAR","ACTIVO","CAMION","2001","46","ABRIL","2026"
"BOGOTA D.C.","BOGOTA","PÚBLICO","ACTIVO","CAMION","2001","30","ABRIL","2026"
"BOGOTA D.C.","BOGOTA","OFICIAL","ACTIVO","CAMIONETA","2001","63","ABRIL","2026"
"BOGOTA D.C.","BOGOTA","PÚBLICO","ACTIVO","CAMIONETA","2001","142","ABRIL","2026"
"BOGOTA D.C.","BOGOTA","PARTICULAR","ACTIVO","CAMIONETA","2001","1249","ABRIL","2026"
"BOGOTA D.C.","BOGOTA","PARTICULAR","INCONSISTENTE","CAMIONETA","2001","3","ABRIL","2026"
"BOGOTA D.C.","BOGOTA","OFICIAL","ACTIVO","CAMPERO","2001","22","ABRIL","2026"
"BOGOTA D.C.","BOGOTA","PARTICULAR","INCONSISTENTE","CAMPERO","2001","1","ABRIL","2026"
"BOGOTA D.C.","BOGOTA","PARTICULAR","ACTIVO","CAMPERO","2001","1554","ABRIL","2026"
"BOGOTA D.C.","BOGOTA","PARTICULAR","ACTIVO","CUATRIMOTO","2001","1","ABRIL","2026"
"BOGOTA D.C.","BOGOTA","PARTICULAR","INCONSISTENTE","MAQ. INDUSTRIAL","2001","2","ABRIL","2026"
"BOGOTA D.C.","BOGOTA","PARTICULAR","ACTIVO","MAQ. INDUSTRIAL","2001","2","ABRIL","2026"
"BOGOTA D.C.","BOGOTA","PÚBLICO","ACTIVO","MICROBUS","2001","93","ABRIL","2026"
"BOGOTA D.C.","BOGOTA","PARTICULAR","ACTIVO","MICROBUS","2001","36","ABRIL","2026"
"BOGOTA D.C.","BOGOTA","PARTICULAR","ACTIVO","MOTOCARRO","2001","7","ABRIL","2026"
"BOGOTA D.C.","BOGOTA","PARTICULAR","INCONSISTENTE","MOTOCICLETA","2001","2","ABRIL","2026"
"BOGOTA D.C.","BOGOTA","OFICIAL","ACTIVO","MOTOCICLETA","2001","25","ABRIL","2026"
"BOGOTA D.C.","BOGOTA","PARTICULAR","ACTIVO","MOTOCICLETA","2001","324","ABRIL","2026"
"BOGOTA D.C.","BOGOTA","PARTICULAR","ACTIVO","TRACTOCAMION","2001","2","ABRIL","2026"
"BOGOTA D.C.","BOGOTA","PARTICULAR","ACTIVO","VOLQUETA","2001","7","ABRIL","2026"
"BOGOTA D.C.","BOGOTA","PÚBLICO","ACTIVO","VOLQUETA","2001","2","ABRIL","2026"
"BOGOTA D.C.","BOGOTA","OFICIAL","ACTIVO","AUTOMOVIL","2002","62","ABRIL","2026"
"BOGOTA D.C.","BOGOTA","PARTICULAR","ACTIVO","AUTOMOVIL","2002","20863","ABRIL","2026"
"BOGOTA D.C.","BOGOTA","PÚBLICO","ACTIVO","AUTOMOVIL","2002","967","ABRIL","2026"
"BOGOTA D.C.","BOGOTA","PARTICULAR","INCONSISTENTE","AUTOMOVIL","2002","12","ABRIL","2026"
"BOGOTA D.C.","BOGOTA","PÚBLICO","ACTIVO","BUS","2002","51","ABRIL","2026"
"BOGOTA D.C.","BOGOTA","PARTICULAR","ACTIVO","BUS","2002","13","ABRIL","2026"
"BOGOTA D.C.","BOGOTA","OFICIAL","ACTIVO","BUS","2002","17","ABRIL","2026"
"BOGOTA D.C.","BOGOTA","PARTICULAR","ACTIVO","BUSETA","2002","12","ABRIL","2026"
"BOGOTA D.C.","BOGOTA","OFICIAL","ACTIVO","BUSETA","2002","11","ABRIL","2026"
"BOGOTA D.C.","BOGOTA","PÚBLICO","ACTIVO","BUSETA","2002","14","ABRIL","2026"
"BOGOTA D.C.","BOGOTA","PARTICULAR","ACTIVO","CAMION","2002","31","ABRIL","2026"
"BOGOTA D.C.","BOGOTA","OTROS","ACTIVO","CAMION","2002","2","ABRIL","2026"
"BOGOTA D.C.","BOGOTA","PARTICULAR","INCONSISTENTE","CAMION","2002","1","ABRIL","2026"
"BOGOTA D.C.","BOGOTA","OFICIAL","ACTIVO","CAMION","2002","45","ABRIL","2026"
"BOGOTA D.C.","BOGOTA","PÚBLICO","ACTIVO","CAMION","2002","59","ABRIL","2026"
"BOGOTA D.C.","BOGOTA","PARTICULAR","INCONSISTENTE","CAMIONETA","2002","3","ABRIL","2026"
"BOGOTA D.C.","BOGOTA","PÚBLICO","ACTIVO","CAMIONETA","2002","202","ABRIL","2026"
"BOGOTA D.C.","BOGOTA","PARTICULAR","ACTIVO","CAMIONETA","2002","1656","ABRIL","2026"
"BOGOTA D.C.","BOGOTA","OFICIAL","ACTIVO","CAMIONETA","2002","142","ABRIL","2026"
"BOGOTA D.C.","BOGOTA","OFICIAL","INCONSISTENTE","CAMIONETA","2002","1","ABRIL","2026"
"BOGOTA D.C.","BOGOTA","PARTICULAR","ACTIVO","CAMPERO","2002","2865","ABRIL","2026"
"BOGOTA D.C.","BOGOTA","OFICIAL","ACTIVO","CAMPERO","2002","61","ABRIL","2026"
"BOGOTA D.C.","BOGOTA","PARTICULAR","INCONSISTENTE","CAMPERO","2002","1","ABRIL","2026"
"BOGOTA D.C.","BOGOTA","PARTICULAR","ACTIVO","MAQ. INDUSTRIAL","2002","3","ABRIL","2026"
"BOGOTA D.C.","BOGOTA","PARTICULAR","ACTIVO","MICROBUS","2002","45","ABRIL","2026"
"BOGOTA D.C.","BOGOTA","PÚBLICO","ACTIVO","MICROBUS","2002","151","ABRIL","2026"
"BOGOTA D.C.","BOGOTA","OFICIAL","ACTIVO","MICROBUS","2002","8","ABRIL","2026"
"BOGOTA D.C.","BOGOTA","OFICIAL","ACTIVO","MOTOCICLETA","2002","92","ABRIL","2026"
"BOGOTA D.C.","BOGOTA","PARTICULAR","INCONSISTENTE","MOTOCICLETA","2002","4","ABRIL","2026"
"BOGOTA D.C.","BOGOTA","PARTICULAR","ACTIVO","MOTOCICLETA","2002","818","ABRIL","2026"
"BOGOTA D.C.","BOGOTA","NO REGISTRA","ACTIVO","SEMIREMOLQUE","2002","1","ABRIL","2026"
"BOGOTA D.C.","BOGOTA","PARTICULAR","ACTIVO","TRACTOCAMION","2002","5","ABRIL","2026"
"BOGOTA D.C.","BOGOTA","PÚBLICO","ACTIVO","TRACTOCAMION","2002","3","ABRIL","2026"
"BOGOTA D.C.","BOGOTA","PARTICULAR","ACTIVO","VOLQUETA","2002","3","ABRIL","2026"
"BOGOTA D.C.","BOGOTA","PARTICULAR","ACTIVO","AUTOMOVIL","2003","21913","ABRIL","2026"
"BOGOTA D.C.","BOGOTA","PARTICULAR","INCONSISTENTE","AUTOMOVIL","2003","6","ABRIL","2026"
"BOGOTA D.C.","BOGOTA","OFICIAL","ACTIVO","AUTOMOVIL","2003","45","ABRIL","2026"
"BOGOTA D.C.","BOGOTA","PÚBLICO","ACTIVO","AUTOMOVIL","2003","887","ABRIL","2026"
"BOGOTA D.C.","BOGOTA","PÚBLICO","ACTIVO","BUS","2003","39","ABRIL","2026"
"BOGOTA D.C.","BOGOTA","PARTICULAR","ACTIVO","BUS","2003","23","ABRIL","2026"
"BOGOTA D.C.","BOGOTA","OFICIAL","ACTIVO","BUS","2003","6","ABRIL","2026"
"BOGOTA D.C.","BOGOTA","PÚBLICO","ACTIVO","BUSETA","2003","14","ABRIL","2026"
"BOGOTA D.C.","BOGOTA","PARTICULAR","ACTIVO","BUSETA","2003","3","ABRIL","2026"
"BOGOTA D.C.","BOGOTA","OTROS","ACTIVO","CAMION","2003","1","ABRIL","2026"
"BOGOTA D.C.","BOGOTA","PARTICULAR","ACTIVO","CAMION","2003","44","ABRIL","2026"
"BOGOTA D.C.","BOGOTA","OFICIAL","ACTIVO","CAMION","2003","201","ABRIL","2026"
"BOGOTA D.C.","BOGOTA","PÚBLICO","ACTIVO","CAMION","2003","163","ABRIL","2026"
"BOGOTA D.C.","BOGOTA","PÚBLICO","ACTIVO","CAMIONETA","2003","351","ABRIL","2026"
"BOGOTA D.C.","BOGOTA","OFICIAL","ACTIVO","CAMIONETA","2003","94","ABRIL","2026"
"BOGOTA D.C.","BOGOTA","PARTICULAR","ACTIVO","CAMIONETA","2003","1918","ABRIL","2026"
"BOGOTA D.C.","BOGOTA","PARTICULAR","INCONSISTENTE","CAMIONETA","2003","2","ABRIL","2026"
"BOGOTA D.C.","BOGOTA","PARTICULAR","ACTIVO","CAMPERO","2003","3929","ABRIL","2026"
"BOGOTA D.C.","BOGOTA","PARTICULAR","INCONSISTENTE","CAMPERO","2003","2","ABRIL","2026"
"BOGOTA D.C.","BOGOTA","OFICIAL","ACTIVO","CAMPERO","2003","44","ABRIL","2026"
"BOGOTA D.C.","BOGOTA","OFICIAL","ACTIVO","MAQ. INDUSTRIAL","2003","1","ABRIL","2026"
"BOGOTA D.C.","BOGOTA","PARTICULAR","ACTIVO","MAQ. INDUSTRIAL","2003","3","ABRIL","2026"
"BOGOTA D.C.","BOGOTA","OFICIAL","ACTIVO","MICROBUS","2003","6","ABRIL","2026"
"BOGOTA D.C.","BOGOTA","PARTICULAR","ACTIVO","MICROBUS","2003","41","ABRIL","2026"
"BOGOTA D.C.","BOGOTA","PÚBLICO","ACTIVO","MICROBUS","2003","89","ABRIL","2026"
"BOGOTA D.C.","BOGOTA","PARTICULAR","ACTIVO","MOTOCARRO","2003","1","ABRIL","2026"
"BOGOTA D.C.","BOGOTA","PARTICULAR","ACTIVO","MOTOCICLETA","2003","1283","ABRIL","2026"
"BOGOTA D.C.","BOGOTA","OFICIAL","ACTIVO","MOTOCICLETA","2003","209","ABRIL","2026"
"BOGOTA D.C.","BOGOTA","PARTICULAR","ACTIVO","MOTOTRICICLO","2003","1","ABRIL","2026"
"BOGOTA D.C.","BOGOTA","PARTICULAR","ACTIVO","TRACTOCAMION","2003","4","ABRIL","2026"
"BOGOTA D.C.","BOGOTA","PÚBLICO","ACTIVO","TRACTOCAMION","2003","3","ABRIL","2026"
"BOGOTA D.C.","BOGOTA","PARTICULAR","ACTIVO","VOLQUETA","2003","3","ABRIL","2026"
"BOGOTA D.C.","BOGOTA","OFICIAL","ACTIVO","VOLQUETA","2003","6","ABRIL","2026"
"BOGOTA D.C.","BOGOTA","PÚBLICO","ACTIVO","VOLQUETA","2003","14","ABRIL","2026"
"BOGOTA D.C.","BOGOTA","PÚBLICO","ACTIVO","AUTOMOVIL","2004","1321","ABRIL","2026"
"BOGOTA D.C.","BOGOTA","PARTICULAR","ACTIVO","AUTOMOVIL","2004","27912","ABRIL","2026"
"BOGOTA D.C.","BOGOTA","OFICIAL","ACTIVO","AUTOMOVIL","2004","95","ABRIL","2026"
"BOGOTA D.C.","BOGOTA","PARTICULAR","INCONSISTENTE","AUTOMOVIL","2004","4","ABRIL","2026"
"BOGOTA D.C.","BOGOTA","PARTICULAR","ACTIVO","BUS","2004","49","ABRIL","2026"
"BOGOTA D.C.","BOGOTA","OFICIAL","ACTIVO","BUS","2004","5","ABRIL","2026"
"BOGOTA D.C.","BOGOTA","PÚBLICO","ACTIVO","BUS","2004","41","ABRIL","2026"
"BOGOTA D.C.","BOGOTA","OFICIAL","ACTIVO","BUSETA","2004","1","ABRIL","2026"
"BOGOTA D.C.","BOGOTA","PÚBLICO","ACTIVO","BUSETA","2004","15","ABRIL","2026"
"BOGOTA D.C.","BOGOTA","PARTICULAR","ACTIVO","BUSETA","2004","4","ABRIL","2026"
"BOGOTA D.C.","BOGOTA","OFICIAL","ACTIVO","CAMION","2004","219","ABRIL","2026"
"BOGOTA D.C.","BOGOTA","PARTICULAR","INCONSISTENTE","CAMION","2004","1","ABRIL","2026"
"BOGOTA D.C.","BOGOTA","PARTICULAR","ACTIVO","CAMION","2004","103","ABRIL","2026"
"BOGOTA D.C.","BOGOTA","PÚBLICO","ACTIVO","CAMION","2004","600","ABRIL","2026"
"BOGOTA D.C.","BOGOTA","PARTICULAR","ACTIVO","CAMIONETA","2004","2530","ABRIL","2026"
"BOGOTA D.C.","BOGOTA","PÚBLICO","ACTIVO","CAMIONETA","2004","1356","ABRIL","2026"
"BOGOTA D.C.","BOGOTA","OFICIAL","ACTIVO","CAMIONETA","2004","647","ABRIL","2026"
"BOGOTA D.C.","BOGOTA","OTROS","ACTIVO","CAMPERO","2004","1","ABRIL","2026"
"BOGOTA D.C.","BOGOTA","OFICIAL","ACTIVO","CAMPERO","2004","53","ABRIL","2026"
"BOGOTA D.C.","BOGOTA","PARTICULAR","INCONSISTENTE","CAMPERO","2004","1","ABRIL","2026"
"BOGOTA D.C.","BOGOTA","PARTICULAR","ACTIVO","CAMPERO","2004","5602","ABRIL","2026"
"BOGOTA D.C.","BOGOTA","PÚBLICO","ACTIVO","CAMPERO","2004","13","ABRIL","2026"
"BOGOTA D.C.","BOGOTA","PARTICULAR","ACTIVO","CUATRIMOTO","2004","3","ABRIL","2026"
"BOGOTA D.C.","BOGOTA","PARTICULAR","ACTIVO","MAQ. AGRICOLA","2004","3","ABRIL","2026"
"BOGOTA D.C.","BOGOTA","PARTICULAR","ACTIVO","MAQ. INDUSTRIAL","2004","4","ABRIL","2026"
"BOGOTA D.C.","BOGOTA","PÚBLICO","ACTIVO","MICROBUS","2004","77","ABRIL","2026"
"BOGOTA D.C.","BOGOTA","OFICIAL","ACTIVO","MICROBUS","2004","3","ABRIL","2026"
"BOGOTA D.C.","BOGOTA","PARTICULAR","ACTIVO","MICROBUS","2004","37","ABRIL","2026"
"BOGOTA D.C.","BOGOTA","PARTICULAR","ACTIVO","MOTOCARRO","2004","4","ABRIL","2026"
"BOGOTA D.C.","BOGOTA","OFICIAL","ACTIVO","MOTOCARRO","2004","2","ABRIL","2026"
"BOGOTA D.C.","BOGOTA","OFICIAL","ACTIVO","MOTOCICLETA","2004","855","ABRIL","2026"
"BOGOTA D.C.","BOGOTA","PARTICULAR","ACTIVO","MOTOCICLETA","2004","2245","ABRIL","2026"
"BOGOTA D.C.","BOGOTA","PARTICULAR","INCONSISTENTE","MOTOCICLETA","2004","12","ABRIL","2026"
"BOGOTA D.C.","BOGOTA","PARTICULAR","ACTIVO","MOTOTRICICLO","2004","1","ABRIL","2026"
"BOGOTA D.C.","BOGOTA","PARTICULAR","ACTIVO","TRACTOCAMION","2004","5","ABRIL","2026"
"BOGOTA D.C.","BOGOTA","PÚBLICO","ACTIVO","VOLQUETA","2004","8","ABRIL","2026"
"BOGOTA D.C.","BOGOTA","OFICIAL","ACTIVO","VOLQUETA","2004","1","ABRIL","2026"
"BOGOTA D.C.","BOGOTA","PARTICULAR","ACTIVO","VOLQUETA","2004","8","ABRIL","2026"
"BOGOTA D.C.","BOGOTA","OTROS","ACTIVO","VOLQUETA","2004","1","ABRIL","2026"
"BOGOTA D.C.","BOGOTA","PÚBLICO","ACTIVO","AUTOMOVIL","2005","2139","ABRIL","2026"
"BOGOTA D.C.","BOGOTA","PARTICULAR","INCONSISTENTE","AUTOMOVIL","2005","11","ABRIL","2026"
"BOGOTA D.C.","BOGOTA","OFICIAL","ACTIVO","AUTOMOVIL","2005","103","ABRIL","2026"
"BOGOTA D.C.","BOGOTA","PARTICULAR","ACTIVO","AUTOMOVIL","2005","36984","ABRIL","2026"
"BOGOTA D.C.","BOGOTA","PARTICULAR","ACTIVO","BUS","2005","28","ABRIL","2026"
"BOGOTA D.C.","BOGOTA","PÚBLICO","ACTIVO","BUS","2005","32","ABRIL","2026"
"BOGOTA D.C.","BOGOTA","OFICIAL","ACTIVO","BUS","2005","5","ABRIL","2026"
"BOGOTA D.C.","BOGOTA","PÚBLICO","ACTIVO","BUSETA","2005","6","ABRIL","2026"
"BOGOTA D.C.","BOGOTA","OFICIAL","ACTIVO","BUSETA","2005","18","ABRIL","2026"
"BOGOTA D.C.","BOGOTA","PARTICULAR","ACTIVO","BUSETA","2005","6","ABRIL","2026"
"BOGOTA D.C.","BOGOTA","PARTICULAR","INCONSISTENTE","CAMION","2005","1","ABRIL","2026"
"BOGOTA D.C.","BOGOTA","PARTICULAR","ACTIVO","CAMION","2005","210","ABRIL","2026"
"BOGOTA D.C.","BOGOTA","PÚBLICO","ACTIVO","CAMION","2005","282","ABRIL","2026"
"BOGOTA D.C.","BOGOTA","OFICIAL","ACTIVO","CAMION","2005","12","ABRIL","2026"
"BOGOTA D.C.","BOGOTA","PARTICULAR","INCONSISTENTE","CAMIONETA","2005","5","ABRIL","2026"
"BOGOTA D.C.","BOGOTA","OTROS","ACTIVO","CAMIONETA","2005","1","ABRIL","2026"
"BOGOTA D.C.","BOGOTA","PARTICULAR","ACTIVO","CAMIONETA","2005","3991","ABRIL","2026"
"BOGOTA D.C.","BOGOTA","PÚBLICO","ACTIVO","CAMIONETA","2005","651","ABRIL","2026"
"BOGOTA D.C.","BOGOTA","OFICIAL","ACTIVO","CAMIONETA","2005","147","ABRIL","2026"
"BOGOTA D.C.","BOGOTA","PARTICULAR","ACTIVO","CAMPERO","2005","7295","ABRIL","2026"
"BOGOTA D.C.","BOGOTA","PÚBLICO","ACTIVO","CAMPERO","2005","1","ABRIL","2026"
"BOGOTA D.C.","BOGOTA","PARTICULAR","INCONSISTENTE","CAMPERO","2005","4","ABRIL","2026"
"BOGOTA D.C.","BOGOTA","OFICIAL","ACTIVO","CAMPERO","2005","85","ABRIL","2026"
"BOGOTA D.C.","BOGOTA","PARTICULAR","ACTIVO","CUATRIMOTO","2005","3","ABRIL","2026"
"BOGOTA D.C.","BOGOTA","PARTICULAR","ACTIVO","MAQ. AGRICOLA","2005","1","ABRIL","2026"
"BOGOTA D.C.","BOGOTA","PARTICULAR","ACTIVO","MAQ. INDUSTRIAL","2005","5","ABRIL","2026"
"BOGOTA D.C.","BOGOTA","PÚBLICO","ACTIVO","MAQ. INDUSTRIAL","2005","1","ABRIL","2026"
"BOGOTA D.C.","BOGOTA","OFICIAL","ACTIVO","MICROBUS","2005","6","ABRIL","2026"
"BOGOTA D.C.","BOGOTA","PÚBLICO","ACTIVO","MICROBUS","2005","38","ABRIL","2026"
"BOGOTA D.C.","BOGOTA","PARTICULAR","ACTIVO","MICROBUS","2005","61","ABRIL","2026"
"BOGOTA D.C.","BOGOTA","PARTICULAR","ACTIVO","MOTOCARRO","2005","6","ABRIL","2026"
"BOGOTA D.C.","BOGOTA","PARTICULAR","ACTIVO","MOTOCICLETA","2005","12434","ABRIL","2026"
"BOGOTA D.C.","BOGOTA","PARTICULAR","INCONSISTENTE","MOTOCICLETA","2005","32","ABRIL","2026"
"BOGOTA D.C.","BOGOTA","OFICIAL","ACTIVO","MOTOCICLETA","2005","762","ABRIL","2026"
"BOGOTA D.C.","BOGOTA","PARTICULAR","ACTIVO","MOTOTRICICLO","2005","4","ABRIL","2026"
"BOGOTA D.C.","BOGOTA","NO REGISTRA","ACTIVO","SEMIREMOLQUE","2005","1","ABRIL","2026"
"BOGOTA D.C.","BOGOTA","PARTICULAR","ACTIVO","TRACTOCAMION","2005","17","ABRIL","2026"
"BOGOTA D.C.","BOGOTA","PÚBLICO","ACTIVO","TRACTOCAMION","2005","13","ABRIL","2026"
"BOGOTA D.C.","BOGOTA","PARTICULAR","ACTIVO","VOLQUETA","2005","13","ABRIL","2026"
"BOGOTA D.C.","BOGOTA","OFICIAL","ACTIVO","VOLQUETA","2005","11","ABRIL","2026"
"BOGOTA D.C.","BOGOTA","PÚBLICO","ACTIVO","VOLQUETA","2005","2","ABRIL","2026"
"BOGOTA D.C.","BOGOTA","OFICIAL","ACTIVO","AUTOMOVIL","2006","187","ABRIL","2026"
"BOGOTA D.C.","BOGOTA","PARTICULAR","INCONSISTENTE","AUTOMOVIL","2006","6","ABRIL","2026"
"BOGOTA D.C.","BOGOTA","PARTICULAR","ACTIVO","AUTOMOVIL","2006","45622","ABRIL","2026"
"BOGOTA D.C.","BOGOTA","PÚBLICO","ACTIVO","AUTOMOVIL","2006","1990","ABRIL","2026"
"BOGOTA D.C.","BOGOTA","OFICIAL","ACTIVO","BUS","2006","13","ABRIL","2026"
"BOGOTA D.C.","BOGOTA","PÚBLICO","ACTIVO","BUS","2006","37","ABRIL","2026"
"BOGOTA D.C.","BOGOTA","PARTICULAR","ACTIVO","BUS","2006","37","ABRIL","2026"
"BOGOTA D.C.","BOGOTA","PÚBLICO","ACTIVO","BUSETA","2006","27","ABRIL","2026"
"BOGOTA D.C.","BOGOTA","PARTICULAR","ACTIVO","BUSETA","2006","5","ABRIL","2026"
"BOGOTA D.C.","BOGOTA","OFICIAL","ACTIVO","BUSETA","2006","20","ABRIL","2026"
"BOGOTA D.C.","BOGOTA","PARTICULAR","ACTIVO","CAMION","2006","166","ABRIL","2026"
"BOGOTA D.C.","BOGOTA","PÚBLICO","ACTIVO","CAMION","2006","442","ABRIL","2026"
"BOGOTA D.C.","BOGOTA","OFICIAL","ACTIVO","CAMION","2006","118","ABRIL","2026"
"BOGOTA D.C.","BOGOTA","PÚBLICO","ACTIVO","CAMIONETA","2006","786","ABRIL","2026"
"BOGOTA D.C.","BOGOTA","PARTICULAR","INCONSISTENTE","CAMIONETA","2006","3","ABRIL","2026"
"BOGOTA D.C.","BOGOTA","PARTICULAR","ACTIVO","CAMIONETA","2006","6096","ABRIL","2026"
"BOGOTA D.C.","BOGOTA","OFICIAL","ACTIVO","CAMIONETA","2006","653","ABRIL","2026"
"BOGOTA D.C.","BOGOTA","PARTICULAR","INCONSISTENTE","CAMPERO","2006","2","ABRIL","2026"
"BOGOTA D.C.","BOGOTA","PARTICULAR","ACTIVO","CAMPERO","2006","11493","ABRIL","2026"
"BOGOTA D.C.","BOGOTA","OFICIAL","ACTIVO","CAMPERO","2006","160","ABRIL","2026"
"BOGOTA D.C.","BOGOTA","PARTICULAR","ACTIVO","CUATRIMOTO","2006","15","ABRIL","2026"
"BOGOTA D.C.","BOGOTA","PARTICULAR","ACTIVO","MAQ. AGRICOLA","2006","8","ABRIL","2026"
"BOGOTA D.C.","BOGOTA","PARTICULAR","ACTIVO","MAQ. INDUSTRIAL","2006","56","ABRIL","2026"
"BOGOTA D.C.","BOGOTA","PARTICULAR","ACTIVO","MICROBUS","2006","118","ABRIL","2026"
"BOGOTA D.C.","BOGOTA","PÚBLICO","ACTIVO","MICROBUS","2006","49","ABRIL","2026"
"BOGOTA D.C.","BOGOTA","OFICIAL","ACTIVO","MICROBUS","2006","10","ABRIL","2026"
"BOGOTA D.C.","BOGOTA","PARTICULAR","ACTIVO","MOTOCARRO","2006","32","ABRIL","2026"
"BOGOTA D.C.","BOGOTA","PARTICULAR","ACTIVO","MOTOCICLETA","2006","32108","ABRIL","2026"
"BOGOTA D.C.","BOGOTA","OFICIAL","ACTIVO","MOTOCICLETA","2006","808","ABRIL","2026"
"BOGOTA D.C.","BOGOTA","PARTICULAR","INCONSISTENTE","MOTOCICLETA","2006","39","ABRIL","2026"
"BOGOTA D.C.","BOGOTA","PARTICULAR","ACTIVO","MOTOTRICICLO","2006","5","ABRIL","2026"
"BOGOTA D.C.","BOGOTA","NO REGISTRA","ACTIVO","SEMIREMOLQUE","2006","3","ABRIL","2026"
"BOGOTA D.C.","BOGOTA","PÚBLICO","ACTIVO","TRACTOCAMION","2006","16","ABRIL","2026"
"BOGOTA D.C.","BOGOTA","PARTICULAR","ACTIVO","TRACTOCAMION","2006","11","ABRIL","2026"
"BOGOTA D.C.","BOGOTA","PÚBLICO","ACTIVO","VOLQUETA","2006","6","ABRIL","2026"
"BOGOTA D.C.","BOGOTA","OFICIAL","ACTIVO","VOLQUETA","2006","2","ABRIL","2026"
"BOGOTA D.C.","BOGOTA","PARTICULAR","ACTIVO","VOLQUETA","2006","23","ABRIL","2026"
"BOGOTA D.C.","BOGOTA","PÚBLICO","ACTIVO","AUTOMOVIL","2007","2158","ABRIL","2026"
"BOGOTA D.C.","BOGOTA","OFICIAL","ACTIVO","AUTOMOVIL","2007","297","ABRIL","2026"
"BOGOTA D.C.","BOGOTA","PARTICULAR","ACTIVO","AUTOMOVIL","2007","56242","ABRIL","2026"
"BOGOTA D.C.","BOGOTA","OFICIAL","ACTIVO","BUS","2007","17","ABRIL","2026"
"BOGOTA D.C.","BOGOTA","PÚBLICO","ACTIVO","BUS","2007","37","ABRIL","2026"
"BOGOTA D.C.","BOGOTA","PARTICULAR","ACTIVO","BUS","2007","38","ABRIL","2026"
"BOGOTA D.C.","BOGOTA","PARTICULAR","ACTIVO","BUSETA","2007","22","ABRIL","2026"
"BOGOTA D.C.","BOGOTA","OFICIAL","ACTIVO","BUSETA","2007","24","ABRIL","2026"
"BOGOTA D.C.","BOGOTA","OFICIAL","ACTIVO","CAMION","2007","112","ABRIL","2026"
"BOGOTA D.C.","BOGOTA","PÚBLICO","ACTIVO","CAMION","2007","355","ABRIL","2026"
"BOGOTA D.C.","BOGOTA","PARTICULAR","ACTIVO","CAMION","2007","160","ABRIL","2026"
"BOGOTA D.C.","BOGOTA","PARTICULAR","INCONSISTENTE","CAMION","2007","1","ABRIL","2026"
"BOGOTA D.C.","BOGOTA","PARTICULAR","ACTIVO","CAMIONETA","2007","8745","ABRIL","2026"
"BOGOTA D.C.","BOGOTA","PÚBLICO","ACTIVO","CAMIONETA","2007","1086","ABRIL","2026"
"BOGOTA D.C.","BOGOTA","OFICIAL","ACTIVO","CAMIONETA","2007","443","ABRIL","2026"
"BOGOTA D.C.","BOGOTA","PÚBLICO","ACTIVO","CAMPERO","2007","13","ABRIL","2026"
"BOGOTA D.C.","BOGOTA","OFICIAL","ACTIVO","CAMPERO","2007","353","ABRIL","2026"
"BOGOTA D.C.","BOGOTA","OFICIAL","INCONSISTENTE","CAMPERO","2007","1","ABRIL","2026"
"BOGOTA D.C.","BOGOTA","PARTICULAR","ACTIVO","CAMPERO","2007","14182","ABRIL","2026"
"BOGOTA D.C.","BOGOTA","PARTICULAR","ACTIVO","CICLOMOTOR","2007","1","ABRIL","2026"
"BOGOTA D.C.","BOGOTA","PARTICULAR","ACTIVO","CUATRIMOTO","2007","57","ABRIL","2026"
"BOGOTA D.C.","BOGOTA","OFICIAL","ACTIVO","CUATRIMOTO","2007","1","ABRIL","2026"
"BOGOTA D.C.","BOGOTA","PARTICULAR","ACTIVO","MAQ. AGRICOLA","2007","1","ABRIL","2026"
"BOGOTA D.C.","BOGOTA","PARTICULAR","ACTIVO","MAQ. INDUSTRIAL","2007","18","ABRIL","2026"
"BOGOTA D.C.","BOGOTA","OFICIAL","ACTIVO","MICROBUS","2007","18","ABRIL","2026"
"BOGOTA D.C.","BOGOTA","PARTICULAR","ACTIVO","MICROBUS","2007","133","ABRIL","2026"
"BOGOTA D.C.","BOGOTA","PÚBLICO","ACTIVO","MICROBUS","2007","66","ABRIL","2026"
"BOGOTA D.C.","BOGOTA","PARTICULAR","ACTIVO","MOTOCARRO","2007","50","ABRIL","2026"
"BOGOTA D.C.","BOGOTA","PARTICULAR","ACTIVO","MOTOCICLETA","2007","30837","ABRIL","2026"
"BOGOTA D.C.","BOGOTA","OTROS","ACTIVO","MOTOCICLETA","2007","2","ABRIL","2026"
"BOGOTA D.C.","BOGOTA","OFICIAL","ACTIVO","MOTOCICLETA","2007","918","ABRIL","2026"
"BOGOTA D.C.","BOGOTA","PARTICULAR","INCONSISTENTE","MOTOCICLETA","2007","12","ABRIL","2026"
"BOGOTA D.C.","BOGOTA","PARTICULAR","ACTIVO","MOTOTRICICLO","2007","21","ABRIL","2026"
"BOGOTA D.C.","BOGOTA","NO REGISTRA","ACTIVO","SEMIREMOLQUE","2007","4","ABRIL","2026"
"BOGOTA D.C.","BOGOTA","PARTICULAR","ACTIVO","TRACTOCAMION","2007","10","ABRIL","2026"
"BOGOTA D.C.","BOGOTA","PÚBLICO","ACTIVO","TRACTOCAMION","2007","18","ABRIL","2026"
"BOGOTA D.C.","BOGOTA","OFICIAL","ACTIVO","TRACTOCAMION","2007","3","ABRIL","2026"
"BOGOTA D.C.","BOGOTA","PÚBLICO","ACTIVO","VOLQUETA","2007","10","ABRIL","2026"
"BOGOTA D.C.","BOGOTA","OFICIAL","ACTIVO","VOLQUETA","2007","2","ABRIL","2026"
"BOGOTA D.C.","BOGOTA","PARTICULAR","ACTIVO","VOLQUETA","2007","9","ABRIL","2026"
"BOGOTA D.C.","BOGOTA","PARTICULAR","ACTIVO","AUTOMOVIL","2008","53307","ABRIL","2026"
"BOGOTA D.C.","BOGOTA","OFICIAL","ACTIVO","AUTOMOVIL","2008","211","ABRIL","2026"
"BOGOTA D.C.","BOGOTA","PÚBLICO","ACTIVO","AUTOMOVIL","2008","1915","ABRIL","2026"
"BOGOTA D.C.","BOGOTA","PARTICULAR","ACTIVO","BUS","2008","33","ABRIL","2026"
"BOGOTA D.C.","BOGOTA","OFICIAL","ACTIVO","BUS","2008","23","ABRIL","2026"
"BOGOTA D.C.","BOGOTA","PÚBLICO","ACTIVO","BUS","2008","91","ABRIL","2026"
"BOGOTA D.C.","BOGOTA","PÚBLICO","ACTIVO","BUSETA","2008","16","ABRIL","2026"
"BOGOTA D.C.","BOGOTA","OFICIAL","ACTIVO","BUSETA","2008","1","ABRIL","2026"
"BOGOTA D.C.","BOGOTA","PARTICULAR","ACTIVO","BUSETA","2008","9","ABRIL","2026"
"BOGOTA D.C.","BOGOTA","PÚBLICO","ACTIVO","CAMION","2008","432","ABRIL","2026"
"BOGOTA D.C.","BOGOTA","OFICIAL","ACTIVO","CAMION","2008","36","ABRIL","2026"
"BOGOTA D.C.","BOGOTA","PARTICULAR","ACTIVO","CAMION","2008","101","ABRIL","2026"
"BOGOTA D.C.","BOGOTA","OFICIAL","ACTIVO","CAMIONETA","2008","661","ABRIL","2026"
"BOGOTA D.C.","BOGOTA","PARTICULAR","ACTIVO","CAMIONETA","2008","8550","ABRIL","2026"
"BOGOTA D.C.","BOGOTA","PÚBLICO","ACTIVO","CAMIONETA","2008","779","ABRIL","2026"
"BOGOTA D.C.","BOGOTA","PÚBLICO","ACTIVO","CAMPERO","2008","12","ABRIL","2026"
"BOGOTA D.C.","BOGOTA","PARTICULAR","ACTIVO","CAMPERO","2008","13170","ABRIL","2026"
"BOGOTA D.C.","BOGOTA","PARTICULAR","INCONSISTENTE","CAMPERO","2008","1","ABRIL","2026"
"BOGOTA D.C.","BOGOTA","OFICIAL","ACTIVO","CAMPERO","2008","166","ABRIL","2026"
"BOGOTA D.C.","BOGOTA","PARTICULAR","ACTIVO","CUATRIMOTO","2008","116","ABRIL","2026"
"BOGOTA D.C.","BOGOTA","OFICIAL","ACTIVO","MAQ. AGRICOLA","2008","2","ABRIL","2026"
"BOGOTA D.C.","BOGOTA","PARTICULAR","ACTIVO","MAQ. AGRICOLA","2008","4","ABRIL","2026"
"BOGOTA D.C.","BOGOTA","PARTICULAR","ACTIVO","MAQ. INDUSTRIAL","2008","26","ABRIL","2026"
"BOGOTA D.C.","BOGOTA","PARTICULAR","ACTIVO","MICROBUS","2008","68","ABRIL","2026"
"BOGOTA D.C.","BOGOTA","PÚBLICO","ACTIVO","MICROBUS","2008","52","ABRIL","2026"
"BOGOTA D.C.","BOGOTA","OFICIAL","ACTIVO","MICROBUS","2008","36","ABRIL","2026"
"BOGOTA D.C.","BOGOTA","OFICIAL","ACTIVO","MOTOCARRO","2008","1","ABRIL","2026"
"BOGOTA D.C.","BOGOTA","PARTICULAR","ACTIVO","MOTOCARRO","2008","77","ABRIL","2026"
"BOGOTA D.C.","BOGOTA","PARTICULAR","INCONSISTENTE","MOTOCICLETA","2008","5","ABRIL","2026"
"BOGOTA D.C.","BOGOTA","OFICIAL","ACTIVO","MOTOCICLETA","2008","910","ABRIL","2026"
"BOGOTA D.C.","BOGOTA","PARTICULAR","ACTIVO","MOTOCICLETA","2008","27066","ABRIL","2026"
"BOGOTA D.C.","BOGOTA","OTROS","ACTIVO","MOTOCICLETA","2008","1","ABRIL","2026"
"BOGOTA D.C.","BOGOTA","PARTICULAR","ACTIVO","MOTOTRICICLO","2008","4","ABRIL","2026"
"BOGOTA D.C.","BOGOTA","NO REGISTRA","ACTIVO","SEMIREMOLQUE","2008","2","ABRIL","2026"
"BOGOTA D.C.","BOGOTA","PÚBLICO","ACTIVO","TRACTOCAMION","2008","9","ABRIL","2026"
"BOGOTA D.C.","BOGOTA","PARTICULAR","ACTIVO","TRACTOCAMION","2008","14","ABRIL","2026"
"BOGOTA D.C.","BOGOTA","PÚBLICO","ACTIVO","VOLQUETA","2008","13","ABRIL","2026"
"BOGOTA D.C.","BOGOTA","OFICIAL","ACTIVO","VOLQUETA","2008","9","ABRIL","2026"
"BOGOTA D.C.","BOGOTA","PARTICULAR","ACTIVO","VOLQUETA","2008","4","ABRIL","2026"
"BOGOTA D.C.","BOGOTA","PÚBLICO","ACTIVO","AUTOMOVIL","2009","2832","ABRIL","2026"
"BOGOTA D.C.","BOGOTA","PARTICULAR","ACTIVO","AUTOMOVIL","2009","43328","ABRIL","2026"
"BOGOTA D.C.","BOGOTA","OFICIAL","ACTIVO","AUTOMOVIL","2009","464","ABRIL","2026"
"BOGOTA D.C.","BOGOTA","OFICIAL","ACTIVO","BUS","2009","13","ABRIL","2026"
"BOGOTA D.C.","BOGOTA","PÚBLICO","ACTIVO","BUS","2009","123","ABRIL","2026"
"BOGOTA D.C.","BOGOTA","PARTICULAR","ACTIVO","BUS","2009","17","ABRIL","2026"
"BOGOTA D.C.","BOGOTA","OFICIAL","ACTIVO","BUSETA","2009","12","ABRIL","2026"
"BOGOTA D.C.","BOGOTA","PARTICULAR","ACTIVO","BUSETA","2009","4","ABRIL","2026"
"BOGOTA D.C.","BOGOTA","PÚBLICO","ACTIVO","BUSETA","2009","94","ABRIL","2026"
"BOGOTA D.C.","BOGOTA","OFICIAL","ACTIVO","CAMION","2009","308","ABRIL","2026"
"BOGOTA D.C.","BOGOTA","PARTICULAR","ACTIVO","CAMION","2009","86","ABRIL","2026"
"BOGOTA D.C.","BOGOTA","PÚBLICO","ACTIVO","CAMION","2009","338","ABRIL","2026"
"BOGOTA D.C.","BOGOTA","PARTICULAR","INCONSISTENTE","CAMIONETA","2009","2","ABRIL","2026"
"BOGOTA D.C.","BOGOTA","PARTICULAR","ACTIVO","CAMIONETA","2009","8215","ABRIL","2026"
"BOGOTA D.C.","BOGOTA","PÚBLICO","ACTIVO","CAMIONETA","2009","640","ABRIL","2026"
"BOGOTA D.C.","BOGOTA","OFICIAL","ACTIVO","CAMIONETA","2009","1867","ABRIL","2026"
"BOGOTA D.C.","BOGOTA","OFICIAL","ACTIVO","CAMPERO","2009","357","ABRIL","2026"
"BOGOTA D.C.","BOGOTA","PÚBLICO","ACTIVO","CAMPERO","2009","13","ABRIL","2026"
"BOGOTA D.C.","BOGOTA","PARTICULAR","ACTIVO","CAMPERO","2009","9210","ABRIL","2026"
"BOGOTA D.C.","BOGOTA","OFICIAL","ACTIVO","CUATRIMOTO","2009","1","ABRIL","2026"
"BOGOTA D.C.","BOGOTA","PARTICULAR","ACTIVO","CUATRIMOTO","2009","167","ABRIL","2026"
"BOGOTA D.C.","BOGOTA","PARTICULAR","ACTIVO","MAQ. AGRICOLA","2009","1","ABRIL","2026"
"BOGOTA D.C.","BOGOTA","PARTICULAR","ACTIVO","MAQ. INDUSTRIAL","2009","14","ABRIL","2026"
"BOGOTA D.C.","BOGOTA","PÚBLICO","ACTIVO","MICROBUS","2009","65","ABRIL","2026"
"BOGOTA D.C.","BOGOTA","PARTICULAR","ACTIVO","MICROBUS","2009","59","ABRIL","2026"
"BOGOTA D.C.","BOGOTA","OFICIAL","ACTIVO","MICROBUS","2009","57","ABRIL","2026"
"BOGOTA D.C.","BOGOTA","OFICIAL","ACTIVO","MOTOCARRO","2009","8","ABRIL","2026"
"BOGOTA D.C.","BOGOTA","PARTICULAR","ACTIVO","MOTOCARRO","2009","117","ABRIL","2026"
"BOGOTA D.C.","BOGOTA","PARTICULAR","ACTIVO","MOTOCICLETA","2009","22368","ABRIL","2026"
"BOGOTA D.C.","BOGOTA","OFICIAL","ACTIVO","MOTOCICLETA","2009","2331","ABRIL","2026"
"BOGOTA D.C.","BOGOTA","PARTICULAR","INCONSISTENTE","MOTOCICLETA","2009","6","ABRIL","2026"
"BOGOTA D.C.","BOGOTA","NO REGISTRA","ACTIVO","SEMIREMOLQUE","2009","1","ABRIL","2026"
"BOGOTA D.C.","BOGOTA","PÚBLICO","ACTIVO","TRACTOCAMION","2009","15","ABRIL","2026"
"BOGOTA D.C.","BOGOTA","OFICIAL","ACTIVO","TRACTOCAMION","2009","2","ABRIL","2026"
"BOGOTA D.C.","BOGOTA","PARTICULAR","ACTIVO","TRACTOCAMION","2009","12","ABRIL","2026"
"BOGOTA D.C.","BOGOTA","PÚBLICO","ACTIVO","VOLQUETA","2009","7","ABRIL","2026"
"BOGOTA D.C.","BOGOTA","OFICIAL","ACTIVO","VOLQUETA","2009","2","ABRIL","2026"
"BOGOTA D.C.","BOGOTA","PARTICULAR","ACTIVO","AUTOMOVIL","2010","60775","ABRIL","2026"
"BOGOTA D.C.","BOGOTA","PÚBLICO","ACTIVO","AUTOMOVIL","2010","3342","ABRIL","2026"
"BOGOTA D.C.","BOGOTA","OFICIAL","ACTIVO","AUTOMOVIL","2010","229","ABRIL","2026"
"BOGOTA D.C.","BOGOTA","PARTICULAR","ACTIVO","BUS","2010","36","ABRIL","2026"
"BOGOTA D.C.","BOGOTA","OFICIAL","ACTIVO","BUS","2010","16","ABRIL","2026"
"BOGOTA D.C.","BOGOTA","PÚBLICO","ACTIVO","BUS","2010","301","ABRIL","2026"
"BOGOTA D.C.","BOGOTA","PÚBLICO","ACTIVO","BUSETA","2010","10","ABRIL","2026"
"BOGOTA D.C.","BOGOTA","OFICIAL","ACTIVO","BUSETA","2010","70","ABRIL","2026"
"BOGOTA D.C.","BOGOTA","PARTICULAR","ACTIVO","BUSETA","2010","9","ABRIL","2026"
"BOGOTA D.C.","BOGOTA","PARTICULAR","ACTIVO","CAMION","2010","93","ABRIL","2026"
"BOGOTA D.C.","BOGOTA","PÚBLICO","ACTIVO","CAMION","2010","871","ABRIL","2026"
"BOGOTA D.C.","BOGOTA","OFICIAL","ACTIVO","CAMION","2010","346","ABRIL","2026"
"BOGOTA D.C.","BOGOTA","PARTICULAR","ACTIVO","CAMIONETA","2010","14851","ABRIL","2026"
"BOGOTA D.C.","BOGOTA","OFICIAL","ACTIVO","CAMIONETA","2010","1457","ABRIL","2026"
"BOGOTA D.C.","BOGOTA","PÚBLICO","ACTIVO","CAMIONETA","2010","1110","ABRIL","2026"
"BOGOTA D.C.","BOGOTA","PÚBLICO","ACTIVO","CAMPERO","2010","12","ABRIL","2026"
"BOGOTA D.C.","BOGOTA","OFICIAL","ACTIVO","CAMPERO","2010","326","ABRIL","2026"
"BOGOTA D.C.","BOGOTA","PARTICULAR","ACTIVO","CAMPERO","2010","13439","ABRIL","2026"
"BOGOTA D.C.","BOGOTA","PARTICULAR","ACTIVO","CUATRIMOTO","2010","278","ABRIL","2026"
"BOGOTA D.C.","BOGOTA","OFICIAL","ACTIVO","CUATRIMOTO","2010","3","ABRIL","2026"
"BOGOTA D.C.","BOGOTA","PARTICULAR","ACTIVO","MAQ. INDUSTRIAL","2010","1","ABRIL","2026"
"BOGOTA D.C.","BOGOTA","PARTICULAR","ACTIVO","MICROBUS","2010","92","ABRIL","2026"
"BOGOTA D.C.","BOGOTA","OFICIAL","ACTIVO","MICROBUS","2010","39","ABRIL","2026"
"BOGOTA D.C.","BOGOTA","PÚBLICO","ACTIVO","MICROBUS","2010","68","ABRIL","2026"
"BOGOTA D.C.","BOGOTA","PARTICULAR","ACTIVO","MOTOCARRO","2010","146","ABRIL","2026"
"BOGOTA D.C.","BOGOTA","OFICIAL","ACTIVO","MOTOCARRO","2010","2","ABRIL","2026"
"BOGOTA D.C.","BOGOTA","PARTICULAR","ACTIVO","MOTOCICLETA","2010","39822","ABRIL","2026"
"BOGOTA D.C.","BOGOTA","OFICIAL","ACTIVO","MOTOCICLETA","2010","3706","ABRIL","2026"
"BOGOTA D.C.","BOGOTA","OFICIAL","ACTIVO","MOTOTRICICLO","2010","2","ABRIL","2026"
"BOGOTA D.C.","BOGOTA","PARTICULAR","ACTIVO","MOTOTRICICLO","2010","2","ABRIL","2026"
"BOGOTA D.C.","BOGOTA","NO REGISTRA","ACTIVO","SEMIREMOLQUE","2010","2","ABRIL","2026"
"BOGOTA D.C.","BOGOTA","PÚBLICO","ACTIVO","TRACTOCAMION","2010","8","ABRIL","2026"
"BOGOTA D.C.","BOGOTA","PARTICULAR","ACTIVO","TRACTOCAMION","2010","11","ABRIL","2026"
"BOGOTA D.C.","BOGOTA","OFICIAL","ACTIVO","TRACTOCAMION","2010","2","ABRIL","2026"
"BOGOTA D.C.","BOGOTA","OFICIAL","ACTIVO","VOLQUETA","2010","49","ABRIL","2026"
"BOGOTA D.C.","BOGOTA","PÚBLICO","ACTIVO","VOLQUETA","2010","19","ABRIL","2026"
"BOGOTA D.C.","BOGOTA","PARTICULAR","ACTIVO","VOLQUETA","2010","7","ABRIL","2026"
"BOGOTA D.C.","BOGOTA","PÚBLICO","ACTIVO","AUTOMOVIL","2011","3402","ABRIL","2026"
"BOGOTA D.C.","BOGOTA","OFICIAL","ACTIVO","AUTOMOVIL","2011","347","ABRIL","2026"
"BOGOTA D.C.","BOGOTA","PARTICULAR","ACTIVO","AUTOMOVIL","2011","78810","ABRIL","2026"
"BOGOTA D.C.","BOGOTA","PARTICULAR","ACTIVO","BUS","2011","46","ABRIL","2026"
"BOGOTA D.C.","BOGOTA","OFICIAL","ACTIVO","BUS","2011","33","ABRIL","2026"
"BOGOTA D.C.","BOGOTA","PÚBLICO","ACTIVO","BUS","2011","44","ABRIL","2026"
"BOGOTA D.C.","BOGOTA","OFICIAL","ACTIVO","BUSETA","2011","10","ABRIL","2026"
"BOGOTA D.C.","BOGOTA","PARTICULAR","ACTIVO","BUSETA","2011","11","ABRIL","2026"
"BOGOTA D.C.","BOGOTA","OFICIAL","ACTIVO","CAMION","2011","46","ABRIL","2026"
"BOGOTA D.C.","BOGOTA","PARTICULAR","ACTIVO","CAMION","2011","110","ABRIL","2026"
"BOGOTA D.C.","BOGOTA","PÚBLICO","ACTIVO","CAMION","2011","305","ABRIL","2026"
"BOGOTA D.C.","BOGOTA","PÚBLICO","ACTIVO","CAMIONETA","2011","1958","ABRIL","2026"
"BOGOTA D.C.","BOGOTA","OFICIAL","ACTIVO","CAMIONETA","2011","1202","ABRIL","2026"
"BOGOTA D.C.","BOGOTA","PARTICULAR","ACTIVO","CAMIONETA","2011","16461","ABRIL","2026"
"BOGOTA D.C.","BOGOTA","PARTICULAR","ACTIVO","CAMPERO","2011","13833","ABRIL","2026"
"BOGOTA D.C.","BOGOTA","PÚBLICO","ACTIVO","CAMPERO","2011","10","ABRIL","2026"
"BOGOTA D.C.","BOGOTA","OFICIAL","ACTIVO","CAMPERO","2011","175","ABRIL","2026"
"BOGOTA D.C.","BOGOTA","PARTICULAR","ACTIVO","CUATRIMOTO","2011","369","ABRIL","2026"
"BOGOTA D.C.","BOGOTA","OFICIAL","ACTIVO","CUATRIMOTO","2011","7","ABRIL","2026"
"BOGOTA D.C.","BOGOTA","OFICIAL","ACTIVO","MICROBUS","2011","31","ABRIL","2026"
"BOGOTA D.C.","BOGOTA","PÚBLICO","ACTIVO","MICROBUS","2011","83","ABRIL","2026"
"BOGOTA D.C.","BOGOTA","PARTICULAR","ACTIVO","MICROBUS","2011","61","ABRIL","2026"
"BOGOTA D.C.","BOGOTA","OFICIAL","ACTIVO","MOTOCARRO","2011","12","ABRIL","2026"
"BOGOTA D.C.","BOGOTA","PARTICULAR","ACTIVO","MOTOCARRO","2011","246","ABRIL","2026"
"BOGOTA D.C.","BOGOTA","OFICIAL","ACTIVO","MOTOCICLETA","2011","2127","ABRIL","2026"
"BOGOTA D.C.","BOGOTA","PARTICULAR","ACTIVO","MOTOCICLETA","2011","60916","ABRIL","2026"
"BOGOTA D.C.","BOGOTA","PARTICULAR","ACTIVO","MOTOTRICICLO","2011","2","ABRIL","2026"
"BOGOTA D.C.","BOGOTA","NO REGISTRA","ACTIVO","SEMIREMOLQUE","2011","1","ABRIL","2026"
"BOGOTA D.C.","BOGOTA","OFICIAL","ACTIVO","TRACTOCAMION","2011","2","ABRIL","2026"
"BOGOTA D.C.","BOGOTA","PARTICULAR","ACTIVO","TRACTOCAMION","2011","18","ABRIL","2026"
"BOGOTA D.C.","BOGOTA","PÚBLICO","ACTIVO","TRACTOCAMION","2011","33","ABRIL","2026"
"BOGOTA D.C.","BOGOTA","PÚBLICO","ACTIVO","VOLQUETA","2011","39","ABRIL","2026"
"BOGOTA D.C.","BOGOTA","OFICIAL","ACTIVO","VOLQUETA","2011","19","ABRIL","2026"
"BOGOTA D.C.","BOGOTA","PARTICULAR","ACTIVO","VOLQUETA","2011","11","ABRIL","2026"
"BOGOTA D.C.","BOGOTA","OFICIAL","ACTIVO","AUTOMOVIL","2012","414","ABRIL","2026"
"BOGOTA D.C.","BOGOTA","PÚBLICO","ACTIVO","AUTOMOVIL","2012","3063","ABRIL","2026"
"BOGOTA D.C.","BOGOTA","PARTICULAR","ACTIVO","AUTOMOVIL","2012","68762","ABRIL","2026"
"BOGOTA D.C.","BOGOTA","PARTICULAR","ACTIVO","BUS","2012","36","ABRIL","2026"
"BOGOTA D.C.","BOGOTA","OFICIAL","ACTIVO","BUS","2012","40","ABRIL","2026"
"BOGOTA D.C.","BOGOTA","PÚBLICO","ACTIVO","BUS","2012","156","ABRIL","2026"
"BOGOTA D.C.","BOGOTA","PÚBLICO","ACTIVO","BUSETA","2012","5","ABRIL","2026"
"BOGOTA D.C.","BOGOTA","OFICIAL","ACTIVO","BUSETA","2012","25","ABRIL","2026"
"BOGOTA D.C.","BOGOTA","PARTICULAR","ACTIVO","BUSETA","2012","9","ABRIL","2026"
"BOGOTA D.C.","BOGOTA","PARTICULAR","ACTIVO","CAMION","2012","119","ABRIL","2026"
"BOGOTA D.C.","BOGOTA","PÚBLICO","ACTIVO","CAMION","2012","469","ABRIL","2026"
"BOGOTA D.C.","BOGOTA","OFICIAL","ACTIVO","CAMION","2012","123","ABRIL","2026"
"BOGOTA D.C.","BOGOTA","PÚBLICO","ACTIVO","CAMIONETA","2012","1644","ABRIL","2026"
"BOGOTA D.C.","BOGOTA","PARTICULAR","ACTIVO","CAMIONETA","2012","19836","ABRIL","2026"
"BOGOTA D.C.","BOGOTA","OFICIAL","ACTIVO","CAMIONETA","2012","843","ABRIL","2026"
"BOGOTA D.C.","BOGOTA","PARTICULAR","ACTIVO","CAMPERO","2012","14303","ABRIL","2026"
"BOGOTA D.C.","BOGOTA","PÚBLICO","ACTIVO","CAMPERO","2012","11","ABRIL","2026"
"BOGOTA D.C.","BOGOTA","OFICIAL","ACTIVO","CAMPERO","2012","377","ABRIL","2026"
"BOGOTA D.C.","BOGOTA","OFICIAL","ACTIVO","CUATRIMOTO","2012","4","ABRIL","2026"
"BOGOTA D.C.","BOGOTA","PARTICULAR","ACTIVO","CUATRIMOTO","2012","345","ABRIL","2026"
"BOGOTA D.C.","BOGOTA","PÚBLICO","ACTIVO","MICROBUS","2012","80","ABRIL","2026"
"BOGOTA D.C.","BOGOTA","PARTICULAR","ACTIVO","MICROBUS","2012","57","ABRIL","2026"
"BOGOTA D.C.","BOGOTA","OFICIAL","ACTIVO","MICROBUS","2012","46","ABRIL","2026"
"BOGOTA D.C.","BOGOTA","PARTICULAR","ACTIVO","MOTOCARRO","2012","184","ABRIL","2026"
"BOGOTA D.C.","BOGOTA","OFICIAL","ACTIVO","MOTOCICLETA","2012","1874","ABRIL","2026"
"BOGOTA D.C.","BOGOTA","PARTICULAR","ACTIVO","MOTOCICLETA","2012","56568","ABRIL","2026"
"BOGOTA D.C.","BOGOTA","PARTICULAR","ACTIVO","MOTOTRICICLO","2012","2","ABRIL","2026"
"BOGOTA D.C.","BOGOTA","NO REGISTRA","ACTIVO","SEMIREMOLQUE","2012","8","ABRIL","2026"
"BOGOTA D.C.","BOGOTA","OTROS","ACTIVO","TRACTOCAMION","2012","1","ABRIL","2026"
"BOGOTA D.C.","BOGOTA","PARTICULAR","ACTIVO","TRACTOCAMION","2012","12","ABRIL","2026"
"BOGOTA D.C.","BOGOTA","OFICIAL","ACTIVO","TRACTOCAMION","2012","1","ABRIL","2026"
"BOGOTA D.C.","BOGOTA","PÚBLICO","ACTIVO","TRACTOCAMION","2012","55","ABRIL","2026"
"BOGOTA D.C.","BOGOTA","PÚBLICO","ACTIVO","VOLQUETA","2012","30","ABRIL","2026"
"BOGOTA D.C.","BOGOTA","OFICIAL","ACTIVO","VOLQUETA","2012","84","ABRIL","2026"
"BOGOTA D.C.","BOGOTA","PARTICULAR","ACTIVO","VOLQUETA","2012","4","ABRIL","2026"
"BOGOTA D.C.","BOGOTA","PÚBLICO","ACTIVO","AUTOMOVIL","2013","3268","ABRIL","2026"
"BOGOTA D.C.","BOGOTA","PARTICULAR","ACTIVO","AUTOMOVIL","2013","61029","ABRIL","2026"
"BOGOTA D.C.","BOGOTA","OFICIAL","ACTIVO","AUTOMOVIL","2013","279","ABRIL","2026"
"BOGOTA D.C.","BOGOTA","OFICIAL","ACTIVO","BUS","2013","47","ABRIL","2026"
"BOGOTA D.C.","BOGOTA","PARTICULAR","ACTIVO","BUS","2013","24","ABRIL","2026"
"BOGOTA D.C.","BOGOTA","PÚBLICO","ACTIVO","BUS","2013","1520","ABRIL","2026"
"BOGOTA D.C.","BOGOTA","PÚBLICO","ACTIVO","BUSETA","2013","7","ABRIL","2026"
"BOGOTA D.C.","BOGOTA","OFICIAL","ACTIVO","BUSETA","2013","167","ABRIL","2026"
"BOGOTA D.C.","BOGOTA","PARTICULAR","ACTIVO","BUSETA","2013","17","ABRIL","2026"
"BOGOTA D.C.","BOGOTA","PÚBLICO","ACTIVO","CAMION","2013","146","ABRIL","2026"
"BOGOTA D.C.","BOGOTA","PARTICULAR","ACTIVO","CAMION","2013","204","ABRIL","2026"
"BOGOTA D.C.","BOGOTA","OFICIAL","ACTIVO","CAMION","2013","175","ABRIL","2026"
"BOGOTA D.C.","BOGOTA","OFICIAL","ACTIVO","CAMIONETA","2013","934","ABRIL","2026"
"BOGOTA D.C.","BOGOTA","PARTICULAR","ACTIVO","CAMIONETA","2013","25724","ABRIL","2026"
"BOGOTA D.C.","BOGOTA","PÚBLICO","ACTIVO","CAMIONETA","2013","2279","ABRIL","2026"
"BOGOTA D.C.","BOGOTA","PARTICULAR","ACTIVO","CAMPERO","2013","12751","ABRIL","2026"
"BOGOTA D.C.","BOGOTA","PÚBLICO","ACTIVO","CAMPERO","2013","22","ABRIL","2026"
"BOGOTA D.C.","BOGOTA","OFICIAL","ACTIVO","CAMPERO","2013","467","ABRIL","2026"
"BOGOTA D.C.","BOGOTA","PARTICULAR","ACTIVO","CUATRIMOTO","2013","343","ABRIL","2026"
"BOGOTA D.C.","BOGOTA","OFICIAL","ACTIVO","CUATRIMOTO","2013","10","ABRIL","2026"
"BOGOTA D.C.","BOGOTA","PARTICULAR","ACTIVO","MICROBUS","2013","54","ABRIL","2026"
"BOGOTA D.C.","BOGOTA","OFICIAL","ACTIVO","MICROBUS","2013","42","ABRIL","2026"
"BOGOTA D.C.","BOGOTA","PÚBLICO","ACTIVO","MICROBUS","2013","93","ABRIL","2026"
"BOGOTA D.C.","BOGOTA","PARTICULAR","ACTIVO","MOTOCARRO","2013","163","ABRIL","2026"
"BOGOTA D.C.","BOGOTA","PARTICULAR","ACTIVO","MOTOCICLETA","2013","50165","ABRIL","2026"
"BOGOTA D.C.","BOGOTA","OFICIAL","ACTIVO","MOTOCICLETA","2013","2307","ABRIL","2026"
"BOGOTA D.C.","BOGOTA","PARTICULAR","ACTIVO","MOTOTRICICLO","2013","1","ABRIL","2026"
"BOGOTA D.C.","BOGOTA","NO REGISTRA","ACTIVO","SEMIREMOLQUE","2013","2","ABRIL","2026"
"BOGOTA D.C.","BOGOTA","PARTICULAR","ACTIVO","TRACTOCAMION","2013","8","ABRIL","2026"
"BOGOTA D.C.","BOGOTA","OFICIAL","ACTIVO","TRACTOCAMION","2013","9","ABRIL","2026"
"BOGOTA D.C.","BOGOTA","PÚBLICO","ACTIVO","TRACTOCAMION","2013","2","ABRIL","2026"
"BOGOTA D.C.","BOGOTA","OFICIAL","ACTIVO","VOLQUETA","2013","43","ABRIL","2026"
"BOGOTA D.C.","BOGOTA","PÚBLICO","ACTIVO","VOLQUETA","2013","15","ABRIL","2026"
"BOGOTA D.C.","BOGOTA","PARTICULAR","ACTIVO","VOLQUETA","2013","24","ABRIL","2026"
"BOGOTA D.C.","BOGOTA","PÚBLICO","ACTIVO","AUTOMOVIL","2014","3742","ABRIL","2026"
"BOGOTA D.C.","BOGOTA","PARTICULAR","ACTIVO","AUTOMOVIL","2014","63076","ABRIL","2026"
"BOGOTA D.C.","BOGOTA","OFICIAL","ACTIVO","AUTOMOVIL","2014","574","ABRIL","2026"
"BOGOTA D.C.","BOGOTA","OFICIAL","ACTIVO","BUS","2014","41","ABRIL","2026"
"BOGOTA D.C.","BOGOTA","PÚBLICO","ACTIVO","BUS","2014","2531","ABRIL","2026"
"BOGOTA D.C.","BOGOTA","PARTICULAR","ACTIVO","BUS","2014","32","ABRIL","2026"
"BOGOTA D.C.","BOGOTA","PÚBLICO","ACTIVO","BUSETA","2014","2","ABRIL","2026"
"BOGOTA D.C.","BOGOTA","PARTICULAR","ACTIVO","BUSETA","2014","7","ABRIL","2026"
"BOGOTA D.C.","BOGOTA","OFICIAL","ACTIVO","BUSETA","2014","29","ABRIL","2026"
"BOGOTA D.C.","BOGOTA","PARTICULAR","ACTIVO","CAMION","2014","93","ABRIL","2026"
"BOGOTA D.C.","BOGOTA","PÚBLICO","ACTIVO","CAMION","2014","187","ABRIL","2026"
"BOGOTA D.C.","BOGOTA","OFICIAL","ACTIVO","CAMION","2014","127","ABRIL","2026"
"BOGOTA D.C.","BOGOTA","OFICIAL","ACTIVO","CAMION CARGA EXTENSA","2014","1","ABRIL","2026"
"BOGOTA D.C.","BOGOTA","PARTICULAR","ACTIVO","CAMIONETA","2014","29999","ABRIL","2026"
"BOGOTA D.C.","BOGOTA","PÚBLICO","ACTIVO","CAMIONETA","2014","2000","ABRIL","2026"
"BOGOTA D.C.","BOGOTA","OFICIAL","ACTIVO","CAMIONETA","2014","859","ABRIL","2026"
"BOGOTA D.C.","BOGOTA","PÚBLICO","ACTIVO","CAMPERO","2014","104","ABRIL","2026"
"BOGOTA D.C.","BOGOTA","PARTICULAR","ACTIVO","CAMPERO","2014","12836","ABRIL","2026"
"BOGOTA D.C.","BOGOTA","OFICIAL","ACTIVO","CAMPERO","2014","1146","ABRIL","2026"
"BOGOTA D.C.","BOGOTA","NO REGISTRA","ACTIVO","CARRETILLA ELEVADORA","2014","1","ABRIL","2026"
"BOGOTA D.C.","BOGOTA","PARTICULAR","ACTIVO","CUATRIMOTO","2014","128","ABRIL","2026"
"BOGOTA D.C.","BOGOTA","NO REGISTRA","ACTIVO","EXCAVADORA","2014","12","ABRIL","2026"
"BOGOTA D.C.","BOGOTA","PARTICULAR","ACTIVO","MICROBUS","2014","42","ABRIL","2026"
"BOGOTA D.C.","BOGOTA","OFICIAL","ACTIVO","MICROBUS","2014","119","ABRIL","2026"
"BOGOTA D.C.","BOGOTA","PÚBLICO","ACTIVO","MICROBUS","2014","87","ABRIL","2026"
"BOGOTA D.C.","BOGOTA","NO REGISTRA","ACTIVO","MINICARGADOR","2014","8","ABRIL","2026"
"BOGOTA D.C.","BOGOTA","NO REGISTRA","ACTIVO","MONTACARGAS","2014","4","ABRIL","2026"
"BOGOTA D.C.","BOGOTA","PARTICULAR","ACTIVO","MOTOCARRO","2014","129","ABRIL","2026"
"BOGOTA D.C.","BOGOTA","PARTICULAR","ACTIVO","MOTOCICLETA","2014","38494","ABRIL","2026"
"BOGOTA D.C.","BOGOTA","OFICIAL","ACTIVO","MOTOCICLETA","2014","4976","ABRIL","2026"
"BOGOTA D.C.","BOGOTA","PARTICULAR","ACTIVO","MOTOTRICICLO","2014","12","ABRIL","2026"
"BOGOTA D.C.","BOGOTA","NO REGISTRA","ACTIVO","REMOLQUE","2014","7","ABRIL","2026"
"BOGOTA D.C.","BOGOTA","NO REGISTRA","ACTIVO","RETROEXCAVADORA","2014","4","ABRIL","2026"
"BOGOTA D.C.","BOGOTA","NO REGISTRA","ACTIVO","SEMIREMOLQUE","2014","71","ABRIL","2026"
"BOGOTA D.C.","BOGOTA","PARTICULAR","ACTIVO","SIN CLASE","2014","2","ABRIL","2026"
"BOGOTA D.C.","BOGOTA","PÚBLICO","ACTIVO","TRACTOCAMION","2014","6","ABRIL","2026"
"BOGOTA D.C.","BOGOTA","OFICIAL","ACTIVO","TRACTOCAMION","2014","3","ABRIL","2026"
"BOGOTA D.C.","BOGOTA","PARTICULAR","ACTIVO","TRACTOCAMION","2014","4","ABRIL","2026"
"BOGOTA D.C.","BOGOTA","NO REGISTRA","ACTIVO","TRACTOR","2014","3","ABRIL","2026"
"BOGOTA D.C.","BOGOTA","NO REGISTRA","ACTIVO","TRITURADORA","2014","1","ABRIL","2026"
"BOGOTA D.C.","BOGOTA","NO REGISTRA","ACTIVO","VIBROCOMPACTADORA","2014","2","ABRIL","2026"
"BOGOTA D.C.","BOGOTA","PÚBLICO","ACTIVO","VOLQUETA","2014","17","ABRIL","2026"
"BOGOTA D.C.","BOGOTA","PARTICULAR","ACTIVO","VOLQUETA","2014","1","ABRIL","2026"
"BOGOTA D.C.","BOGOTA","OFICIAL","ACTIVO","VOLQUETA","2014","11","ABRIL","2026"
"BOGOTA D.C.","BOGOTA","NO REGISTRA","ACTIVO","AUTOHORMIGONERA","2015","3","ABRIL","2026"
"BOGOTA D.C.","BOGOTA","OFICIAL","ACTIVO","AUTOMOVIL","2015","502","ABRIL","2026"
"BOGOTA D.C.","BOGOTA","PÚBLICO","ACTIVO","AUTOMOVIL","2015","3620","ABRIL","2026"
"BOGOTA D.C.","BOGOTA","PARTICULAR","ACTIVO","AUTOMOVIL","2015","52541","ABRIL","2026"
"BOGOTA D.C.","BOGOTA","NO REGISTRA","ACTIVO","BULDOZER","2015","9","ABRIL","2026"
"BOGOTA D.C.","BOGOTA","OFICIAL","ACTIVO","BUS","2015","87","ABRIL","2026"
"BOGOTA D.C.","BOGOTA","PÚBLICO","ACTIVO","BUS","2015","624","ABRIL","2026"
"BOGOTA D.C.","BOGOTA","PARTICULAR","ACTIVO","BUS","2015","28","ABRIL","2026"
"BOGOTA D.C.","BOGOTA","PARTICULAR","ACTIVO","BUSETA","2015","8","ABRIL","2026"
"BOGOTA D.C.","BOGOTA","PÚBLICO","ACTIVO","BUSETA","2015","2","ABRIL","2026"
"BOGOTA D.C.","BOGOTA","OFICIAL","ACTIVO","BUSETA","2015","87","ABRIL","2026"
"BOGOTA D.C.","BOGOTA","OFICIAL","ACTIVO","CAMION","2015","240","ABRIL","2026"
"BOGOTA D.C.","BOGOTA","PARTICULAR","ACTIVO","CAMION","2015","70","ABRIL","2026"
"BOGOTA D.C.","BOGOTA","PÚBLICO","ACTIVO","CAMION","2015","127","ABRIL","2026"
"BOGOTA D.C.","BOGOTA","OFICIAL","ACTIVO","CAMION CISTERNA","2015","1","ABRIL","2026"
"BOGOTA D.C.","BOGOTA","OFICIAL","ACTIVO","CAMIÓN GRÚA","2015","1","ABRIL","2026"
"BOGOTA D.C.","BOGOTA","NO REGISTRA","ACTIVO","CAMIÓN GRÚA","2015","1","ABRIL","2026"
"BOGOTA D.C.","BOGOTA","PARTICULAR","ACTIVO","CAMIONETA","2015","24123","ABRIL","2026"
"BOGOTA D.C.","BOGOTA","OFICIAL","ACTIVO","CAMIONETA","2015","1319","ABRIL","2026"
"BOGOTA D.C.","BOGOTA","PÚBLICO","ACTIVO","CAMIONETA","2015","1203","ABRIL","2026"
"BOGOTA D.C.","BOGOTA","OFICIAL","ACTIVO","CAMPERO","2015","687","ABRIL","2026"
"BOGOTA D.C.","BOGOTA","PARTICULAR","ACTIVO","CAMPERO","2015","8174","ABRIL","2026"
"BOGOTA D.C.","BOGOTA","PÚBLICO","ACTIVO","CAMPERO","2015","89","ABRIL","2026"
"BOGOTA D.C.","BOGOTA","NO REGISTRA","ACTIVO","CARGADOR","2015","13","ABRIL","2026"
"BOGOTA D.C.","BOGOTA","NO REGISTRA","ACTIVO","CARGADORA FRONTAL","2015","23","ABRIL","2026"
"BOGOTA D.C.","BOGOTA","NO REGISTRA","ACTIVO","CARRETILLA ELEVADORA","2015","10","ABRIL","2026"
"BOGOTA D.C.","BOGOTA","NO REGISTRA","ACTIVO","COMPACTADOR","2015","3","ABRIL","2026"
"BOGOTA D.C.","BOGOTA","NO REGISTRA","ACTIVO","COSECHADORA","2015","1","ABRIL","2026"
"BOGOTA D.C.","BOGOTA","PARTICULAR","ACTIVO","CUADRICICLO","2015","1","ABRIL","2026"
"BOGOTA D.C.","BOGOTA","OFICIAL","ACTIVO","CUATRIMOTO","2015","40","ABRIL","2026"
"BOGOTA D.C.","BOGOTA","PARTICULAR","ACTIVO","CUATRIMOTO","2015","137","ABRIL","2026"
"BOGOTA D.C.","BOGOTA","NO REGISTRA","ACTIVO","DUMPER (VOLQUETA ARTICULADA)","2015","1","ABRIL","2026"
"BOGOTA D.C.","BOGOTA","NO REGISTRA","ACTIVO","EXCAVADORA","2015","91","ABRIL","2026"
"BOGOTA D.C.","BOGOTA","PARTICULAR","ACTIVO","EXCAVADORA","2015","1","ABRIL","2026"
"BOGOTA D.C.","BOGOTA","NO REGISTRA","ACTIVO","FRESADORA","2015","2","ABRIL","2026"
"BOGOTA D.C.","BOGOTA","NO REGISTRA","ACTIVO","GRUA","2015","4","ABRIL","2026"
"BOGOTA D.C.","BOGOTA","NO REGISTRA","ACTIVO","MANIPULADOR TELESCOPICO","2015","2","ABRIL","2026"
"BOGOTA D.C.","BOGOTA","NO REGISTRA","ACTIVO","MAQUINA BARREDORA","2015","1","ABRIL","2026"
"BOGOTA D.C.","BOGOTA","OFICIAL","ACTIVO","MICROBUS","2015","112","ABRIL","2026"
"BOGOTA D.C.","BOGOTA","PARTICULAR","ACTIVO","MICROBUS","2015","46","ABRIL","2026"
"BOGOTA D.C.","BOGOTA","PÚBLICO","ACTIVO","MICROBUS","2015","45","ABRIL","2026"
"BOGOTA D.C.","BOGOTA","NO REGISTRA","ACTIVO","MINI EXCAVADORA","2015","2","ABRIL","2026"
"BOGOTA D.C.","BOGOTA","NO REGISTRA","ACTIVO","MINICARGADOR","2015","44","ABRIL","2026"
"BOGOTA D.C.","BOGOTA","NO REGISTRA","ACTIVO","MONTACARGAS","2015","57","ABRIL","2026"
"BOGOTA D.C.","BOGOTA","PÚBLICO","ACTIVO","MOTOCARRO","2015","2","ABRIL","2026"
"BOGOTA D.C.","BOGOTA","PARTICULAR","ACTIVO","MOTOCARRO","2015","89","ABRIL","2026"
"BOGOTA D.C.","BOGOTA","PARTICULAR","ACTIVO","MOTOCICLETA","2015","31482","ABRIL","2026"
"BOGOTA D.C.","BOGOTA","OFICIAL","ACTIVO","MOTOCICLETA","2015","6253","ABRIL","2026"
"BOGOTA D.C.","BOGOTA","NO REGISTRA","ACTIVO","MOTONIVELADORA","2015","3","ABRIL","2026"
"BOGOTA D.C.","BOGOTA","PARTICULAR","ACTIVO","MOTOTRICICLO","2015","3","ABRIL","2026"
"BOGOTA D.C.","BOGOTA","NO REGISTRA","ACTIVO","PAVIMENTADORA","2015","1","ABRIL","2026"
"BOGOTA D.C.","BOGOTA","NO REGISTRA","ACTIVO","PERFORADORA","2015","5","ABRIL","2026"
"BOGOTA D.C.","BOGOTA","NO REGISTRA","ACTIVO","REMOLQUE","2015","3","ABRIL","2026"
"BOGOTA D.C.","BOGOTA","NO REGISTRA","ACTIVO","RETROEXCAVADORA","2015","48","ABRIL","2026"
"BOGOTA D.C.","BOGOTA","NO REGISTRA","ACTIVO","SEMIREMOLQUE","2015","87","ABRIL","2026"
"BOGOTA D.C.","BOGOTA","NO REGISTRA","ACTIVO","TALADRO PERFORACION POZO PETROLERO","2015","9","ABRIL","2026"
"BOGOTA D.C.","BOGOTA","OFICIAL","ACTIVO","TRACTOCAMION","2015","3","ABRIL","2026"
"BOGOTA D.C.","BOGOTA","PARTICULAR","ACTIVO","TRACTOCAMION","2015","1","ABRIL","2026"
"BOGOTA D.C.","BOGOTA","NO REGISTRA","ACTIVO","TRACTOR","2015","99","ABRIL","2026"
"BOGOTA D.C.","BOGOTA","NO REGISTRA","ACTIVO","VIBROCOMPACTADORA","2015","9","ABRIL","2026"
"BOGOTA D.C.","BOGOTA","PARTICULAR","ACTIVO","VOLQUETA","2015","2","ABRIL","2026"
"BOGOTA D.C.","BOGOTA","PÚBLICO","ACTIVO","VOLQUETA","2015","7","ABRIL","2026"
"BOGOTA D.C.","BOGOTA","OFICIAL","ACTIVO","VOLQUETA","2015","17","ABRIL","2026"
"BOGOTA D.C.","BOGOTA","NO REGISTRA","ACTIVO","AUTOHORMIGONERA","2016","1","ABRIL","2026"
"BOGOTA D.C.","BOGOTA","PARTICULAR","ACTIVO","AUTOMOVIL","2016","47405","ABRIL","2026"
"BOGOTA D.C.","BOGOTA","OFICIAL","ACTIVO","AUTOMOVIL","2016","189","ABRIL","2026"
"BOGOTA D.C.","BOGOTA","PÚBLICO","ACTIVO","AUTOMOVIL","2016","2486","ABRIL","2026"
"BOGOTA D.C.","BOGOTA","NO REGISTRA","ACTIVO","BULDOZER","2016","28","ABRIL","2026"
"BOGOTA D.C.","BOGOTA","PÚBLICO","ACTIVO","BUS","2016","218","ABRIL","2026"
"BOGOTA D.C.","BOGOTA","PARTICULAR","ACTIVO","BUS","2016","33","ABRIL","2026"
"BOGOTA D.C.","BOGOTA","OFICIAL","ACTIVO","BUS","2016","39","ABRIL","2026"
"BOGOTA D.C.","BOGOTA","PÚBLICO","ACTIVO","BUSETA","2016","12","ABRIL","2026"
"BOGOTA D.C.","BOGOTA","PARTICULAR","ACTIVO","BUSETA","2016","5","ABRIL","2026"
"BOGOTA D.C.","BOGOTA","OFICIAL","ACTIVO","BUSETA","2016","9","ABRIL","2026"
"BOGOTA D.C.","BOGOTA","OFICIAL","ACTIVO","CAMION","2016","137","ABRIL","2026"
"BOGOTA D.C.","BOGOTA","PÚBLICO","ACTIVO","CAMION","2016","64","ABRIL","2026"
"BOGOTA D.C.","BOGOTA","PARTICULAR","ACTIVO","CAMION","2016","53","ABRIL","2026"
"BOGOTA D.C.","BOGOTA","OFICIAL","ACTIVO","CAMIÓN","2016","7","ABRIL","2026"
"BOGOTA D.C.","BOGOTA","OFICIAL","ACTIVO","CAMIONETA","2016","762","ABRIL","2026"
"BOGOTA D.C.","BOGOTA","PARTICULAR","ACTIVO","CAMIONETA","2016","23575","ABRIL","2026"
"BOGOTA D.C.","BOGOTA","PÚBLICO","ACTIVO","CAMIONETA","2016","869","ABRIL","2026"
"BOGOTA D.C.","BOGOTA","PÚBLICO","ACTIVO","CAMPERO","2016","52","ABRIL","2026"
"BOGOTA D.C.","BOGOTA","OFICIAL","ACTIVO","CAMPERO","2016","241","ABRIL","2026"
"BOGOTA D.C.","BOGOTA","PARTICULAR","ACTIVO","CAMPERO","2016","7191","ABRIL","2026"
"BOGOTA D.C.","BOGOTA","NO REGISTRA","ACTIVO","CARGADOR","2016","46","ABRIL","2026"
"BOGOTA D.C.","BOGOTA","NO REGISTRA","ACTIVO","CARGADORA FRONTAL","2016","3","ABRIL","2026"
"BOGOTA D.C.","BOGOTA","NO REGISTRA","ACTIVO","CARRETILLA ELEVADORA","2016","1","ABRIL","2026"
"BOGOTA D.C.","BOGOTA","NO REGISTRA","ACTIVO","COMPACTADOR","2016","3","ABRIL","2026"
"BOGOTA D.C.","BOGOTA","NO REGISTRA","ACTIVO","COSECHADORA","2016","4","ABRIL","2026"
"BOGOTA D.C.","BOGOTA","OFICIAL","ACTIVO","CUATRIMOTO","2016","2","ABRIL","2026"
"BOGOTA D.C.","BOGOTA","PARTICULAR","ACTIVO","CUATRIMOTO","2016","55","ABRIL","2026"
"BOGOTA D.C.","BOGOTA","NO REGISTRA","ACTIVO","EXCAVADORA","2016","167","ABRIL","2026"
"BOGOTA D.C.","BOGOTA","NO REGISTRA","ACTIVO","GATOR","2016","1","ABRIL","2026"
"BOGOTA D.C.","BOGOTA","NO REGISTRA","ACTIVO","GRUA","2016","1","ABRIL","2026"
"BOGOTA D.C.","BOGOTA","NO REGISTRA","ACTIVO","MANIPULADOR TELESCOPICO","2016","1","ABRIL","2026"
"BOGOTA D.C.","BOGOTA","PARTICULAR","ACTIVO","MICROBUS","2016","18","ABRIL","2026"
"BOGOTA D.C.","BOGOTA","PÚBLICO","ACTIVO","MICROBUS","2016","52","ABRIL","2026"
"BOGOTA D.C.","BOGOTA","OFICIAL","ACTIVO","MICROBUS","2016","15","ABRIL","2026"
"BOGOTA D.C.","BOGOTA","NO REGISTRA","ACTIVO","MINI EXCAVADORA","2016","9","ABRIL","2026"
"BOGOTA D.C.","BOGOTA","NO REGISTRA","ACTIVO","MINI RETROEXCAVADORA","2016","1","ABRIL","2026"
"BOGOTA D.C.","BOGOTA","NO REGISTRA","ACTIVO","MINICARGADOR","2016","17","ABRIL","2026"
"BOGOTA D.C.","BOGOTA","NO REGISTRA","ACTIVO","MONTACARGAS","2016","12","ABRIL","2026"
"BOGOTA D.C.","BOGOTA","PARTICULAR","ACTIVO","MOTOCARRO","2016","31","ABRIL","2026"
"BOGOTA D.C.","BOGOTA","PARTICULAR","ACTIVO","MOTOCICLETA","2016","11862","ABRIL","2026"
"BOGOTA D.C.","BOGOTA","OFICIAL","ACTIVO","MOTOCICLETA","2016","2445","ABRIL","2026"
"BOGOTA D.C.","BOGOTA","NO REGISTRA","ACTIVO","MOTONIVELADORA","2016","20","ABRIL","2026"
"BOGOTA D.C.","BOGOTA","PARTICULAR","ACTIVO","MOTOTRICICLO","2016","4","ABRIL","2026"
"BOGOTA D.C.","BOGOTA","NO REGISTRA","ACTIVO","PERFORADORA","2016","3","ABRIL","2026"
"BOGOTA D.C.","BOGOTA","NO REGISTRA","ACTIVO","RETROEXCAVADORA","2016","92","ABRIL","2026"
"BOGOTA D.C.","BOGOTA","NO REGISTRA","ACTIVO","SEMIREMOLQUE","2016","34","ABRIL","2026"
"BOGOTA D.C.","BOGOTA","OFICIAL","ACTIVO","TRACTOCAMION","2016","4","ABRIL","2026"
"BOGOTA D.C.","BOGOTA","PARTICULAR","ACTIVO","TRACTOCAMION","2016","3","ABRIL","2026"
"BOGOTA D.C.","BOGOTA","NO REGISTRA","ACTIVO","TRACTOR","2016","19","ABRIL","2026"
"BOGOTA D.C.","BOGOTA","NO REGISTRA","ACTIVO","TRACTOR SOBRE ORUGA","2016","1","ABRIL","2026"
"BOGOTA D.C.","BOGOTA","NO REGISTRA","ACTIVO","VIBROCOMPACTADORA","2016","13","ABRIL","2026"
"BOGOTA D.C.","BOGOTA","PÚBLICO","ACTIVO","VOLQUETA","2016","7","ABRIL","2026"
"BOGOTA D.C.","BOGOTA","OFICIAL","ACTIVO","VOLQUETA","2016","5","ABRIL","2026"
"BOGOTA D.C.","BOGOTA","NO REGISTRA","ACTIVO","APLANADORA","2017","1","ABRIL","2026"
"BOGOTA D.C.","BOGOTA","NO REGISTRA","ACTIVO","AUTOHORMIGONERA","2017","1","ABRIL","2026"
"BOGOTA D.C.","BOGOTA","PÚBLICO","ACTIVO","AUTOMOVIL","2017","2098","ABRIL","2026"
"BOGOTA D.C.","BOGOTA","OFICIAL","ACTIVO","AUTOMOVIL","2017","186","ABRIL","2026"
"BOGOTA D.C.","BOGOTA","PARTICULAR","ACTIVO","AUTOMOVIL","2017","42730","ABRIL","2026"
"BOGOTA D.C.","BOGOTA","NO REGISTRA","ACTIVO","BULDOZER","2017","10","ABRIL","2026"
"BOGOTA D.C.","BOGOTA","PÚBLICO","ACTIVO","BUS","2017","137","ABRIL","2026"
"BOGOTA D.C.","BOGOTA","PARTICULAR","ACTIVO","BUS","2017","14","ABRIL","2026"
"BOGOTA D.C.","BOGOTA","OFICIAL","ACTIVO","BUS","2017","44","ABRIL","2026"
"BOGOTA D.C.","BOGOTA","PÚBLICO","ACTIVO","BUSETA","2017","3","ABRIL","2026"
"BOGOTA D.C.","BOGOTA","PÚBLICO","ACTIVO","CAMION","2017","53","ABRIL","2026"
"BOGOTA D.C.","BOGOTA","OFICIAL","ACTIVO","CAMION","2017","79","ABRIL","2026"
"BOGOTA D.C.","BOGOTA","PARTICULAR","ACTIVO","CAMION","2017","41","ABRIL","2026"
"BOGOTA D.C.","BOGOTA","OFICIAL","ACTIVO","CAMIÓN","2017","7","ABRIL","2026"
"BOGOTA D.C.","BOGOTA","OFICIAL","ACTIVO","CAMIONETA","2017","605","ABRIL","2026"
"BOGOTA D.C.","BOGOTA","PÚBLICO","ACTIVO","CAMIONETA","2017","529","ABRIL","2026"
"BOGOTA D.C.","BOGOTA","PARTICULAR","ACTIVO","CAMIONETA","2017","25671","ABRIL","2026"
"BOGOTA D.C.","BOGOTA","PARTICULAR","ACTIVO","CAMPERO","2017","6253","ABRIL","2026"
"BOGOTA D.C.","BOGOTA","OFICIAL","ACTIVO","CAMPERO","2017","175","ABRIL","2026"
"BOGOTA D.C.","BOGOTA","PÚBLICO","ACTIVO","CAMPERO","2017","26","ABRIL","2026"
"BOGOTA D.C.","BOGOTA","NO REGISTRA","ACTIVO","CARGADOR","2017","29","ABRIL","2026"
"BOGOTA D.C.","BOGOTA","NO REGISTRA","ACTIVO","COMPACTADOR","2017","2","ABRIL","2026"
"BOGOTA D.C.","BOGOTA","NO REGISTRA","ACTIVO","CRIBAS","2017","1","ABRIL","2026"
"BOGOTA D.C.","BOGOTA","PARTICULAR","ACTIVO","CUADRICICLO","2017","10","ABRIL","2026"
"BOGOTA D.C.","BOGOTA","PARTICULAR","ACTIVO","CUATRIMOTO","2017","61","ABRIL","2026"
"BOGOTA D.C.","BOGOTA","NO REGISTRA","ACTIVO","EXCAVADORA","2017","79","ABRIL","2026"
"BOGOTA D.C.","BOGOTA","NO REGISTRA","ACTIVO","GRUA","2017","3","ABRIL","2026"
"BOGOTA D.C.","BOGOTA","NO REGISTRA","ACTIVO","JUMBO DE PERFORACION","2017","5","ABRIL","2026"
"BOGOTA D.C.","BOGOTA","NO REGISTRA","ACTIVO","MANIPULADOR TELESCOPICO","2017","1","ABRIL","2026"
"BOGOTA D.C.","BOGOTA","PÚBLICO","ACTIVO","MICROBUS","2017","22","ABRIL","2026"
"BOGOTA D.C.","BOGOTA","PARTICULAR","ACTIVO","MICROBUS","2017","12","ABRIL","2026"
"BOGOTA D.C.","BOGOTA","OFICIAL","ACTIVO","MICROBUS","2017","51","ABRIL","2026"
"BOGOTA D.C.","BOGOTA","NO REGISTRA","ACTIVO","MINI EXCAVADORA","2017","6","ABRIL","2026"
"BOGOTA D.C.","BOGOTA","NO REGISTRA","ACTIVO","MINICARGADOR","2017","31","ABRIL","2026"
"BOGOTA D.C.","BOGOTA","NO REGISTRA","ACTIVO","MONTACARGAS","2017","11","ABRIL","2026"
"BOGOTA D.C.","BOGOTA","PARTICULAR","ACTIVO","MOTOCARRO","2017","19","ABRIL","2026"
"BOGOTA D.C.","BOGOTA","PARTICULAR","ACTIVO","MOTOCICLETA","2017","6386","ABRIL","2026"
"BOGOTA D.C.","BOGOTA","OFICIAL","ACTIVO","MOTOCICLETA","2017","3936","ABRIL","2026"
"BOGOTA D.C.","BOGOTA","PARTICULAR","ACTIVO","MOTOTRICICLO","2017","2","ABRIL","2026"
"BOGOTA D.C.","BOGOTA","NO REGISTRA","ACTIVO","PALA DRAGA","2017","2","ABRIL","2026"
"BOGOTA D.C.","BOGOTA","NO REGISTRA","ACTIVO","PERFORADORA","2017","6","ABRIL","2026"
"BOGOTA D.C.","BOGOTA","NO REGISTRA","ACTIVO","PILOTEADORA","2017","1","ABRIL","2026"
"BOGOTA D.C.","BOGOTA","NO REGISTRA","ACTIVO","REMOLQUE","2017","1","ABRIL","2026"
"BOGOTA D.C.","BOGOTA","NO REGISTRA","ACTIVO","RETROCARGADOR","2017","6","ABRIL","2026"
"BOGOTA D.C.","BOGOTA","NO REGISTRA","ACTIVO","RETROEXCAVADORA","2017","58","ABRIL","2026"
"BOGOTA D.C.","BOGOTA","PARTICULAR","ACTIVO","RETROEXCAVADORA","2017","1","ABRIL","2026"
"BOGOTA D.C.","BOGOTA","NO REGISTRA","ACTIVO","SEMIREMOLQUE","2017","10","ABRIL","2026"
"BOGOTA D.C.","BOGOTA","NO REGISTRA","ACTIVO","TALADRO PERFORACION POZO PETROLERO","2017","1","ABRIL","2026"
"BOGOTA D.C.","BOGOTA","OFICIAL","ACTIVO","TRACTOCAMION","2017","1","ABRIL","2026"
"BOGOTA D.C.","BOGOTA","NO REGISTRA","ACTIVO","TRACTOR","2017","6","ABRIL","2026"
"BOGOTA D.C.","BOGOTA","NO REGISTRA","ACTIVO","TRITURADORA","2017","2","ABRIL","2026"
"BOGOTA D.C.","BOGOTA","NO REGISTRA","ACTIVO","VIBROCOMPACTADORA","2017","1","ABRIL","2026"
"BOGOTA D.C.","BOGOTA","OFICIAL","ACTIVO","VOLQUETA","2017","3","ABRIL","2026"
"BOGOTA D.C.","BOGOTA","PÚBLICO","ACTIVO","VOLQUETA","2017","1","ABRIL","2026"
"BOGOTA D.C.","BOGOTA","PARTICULAR","ACTIVO","VOLQUETA","2017","2","ABRIL","2026"
"BOGOTA D.C.","BOGOTA","NO REGISTRA","ACTIVO","AUTOHORMIGONERA","2018","4","ABRIL","2026"
"BOGOTA D.C.","BOGOTA","PÚBLICO","ACTIVO","AUTOMOVIL","2018","2204","ABRIL","2026"
"BOGOTA D.C.","BOGOTA","PARTICULAR","ACTIVO","AUTOMOVIL","2018","41712","ABRIL","2026"
"BOGOTA D.C.","BOGOTA","OFICIAL","ACTIVO","AUTOMOVIL","2018","141","ABRIL","2026"
"BOGOTA D.C.","BOGOTA","NO REGISTRA","ACTIVO","BARREDORA","2018","3","ABRIL","2026"
"BOGOTA D.C.","BOGOTA","NO REGISTRA","ACTIVO","BULDOZER","2018","14","ABRIL","2026"
"BOGOTA D.C.","BOGOTA","PÚBLICO","ACTIVO","BUS","2018","89","ABRIL","2026"
"BOGOTA D.C.","BOGOTA","OFICIAL","ACTIVO","BUS","2018","11","ABRIL","2026"
"BOGOTA D.C.","BOGOTA","PARTICULAR","ACTIVO","BUS","2018","13","ABRIL","2026"
"BOGOTA D.C.","BOGOTA","PÚBLICO","ACTIVO","BUSETA","2018","4","ABRIL","2026"
"BOGOTA D.C.","BOGOTA","OFICIAL","ACTIVO","BUSETA","2018","3","ABRIL","2026"
"BOGOTA D.C.","BOGOTA","PARTICULAR","ACTIVO","BUSETA","2018","1","ABRIL","2026"
"BOGOTA D.C.","BOGOTA","OFICIAL","ACTIVO","CAMION","2018","90","ABRIL","2026"
"BOGOTA D.C.","BOGOTA","PARTICULAR","ACTIVO","CAMION","2018","41","ABRIL","2026"
"BOGOTA D.C.","BOGOTA","PÚBLICO","ACTIVO","CAMION","2018","404","ABRIL","2026"
"BOGOTA D.C.","BOGOTA","OFICIAL","ACTIVO","CAMIÓN","2018","1","ABRIL","2026"
"BOGOTA D.C.","BOGOTA","OFICIAL","ACTIVO","CAMIONETA","2018","701","ABRIL","2026"
"BOGOTA D.C.","BOGOTA","PÚBLICO","ACTIVO","CAMIONETA","2018","587","ABRIL","2026"
"BOGOTA D.C.","BOGOTA","PARTICULAR","ACTIVO","CAMIONETA","2018","29759","ABRIL","2026"
"BOGOTA D.C.","BOGOTA","OFICIAL","ACTIVO","CAMPERO","2018","92","ABRIL","2026"
"BOGOTA D.C.","BOGOTA","PARTICULAR","ACTIVO","CAMPERO","2018","5934","ABRIL","2026"
"BOGOTA D.C.","BOGOTA","PÚBLICO","ACTIVO","CAMPERO","2018","77","ABRIL","2026"
"BOGOTA D.C.","BOGOTA","NO REGISTRA","ACTIVO","CARGADOR","2018","23","ABRIL","2026"
"BOGOTA D.C.","BOGOTA","PARTICULAR","ACTIVO","CICLOMOTOR","2018","10","ABRIL","2026"
"BOGOTA D.C.","BOGOTA","NO REGISTRA","ACTIVO","COMPACTADOR","2018","1","ABRIL","2026"
"BOGOTA D.C.","BOGOTA","NO REGISTRA","ACTIVO","CORTADORA","2018","3","ABRIL","2026"
"BOGOTA D.C.","BOGOTA","NO REGISTRA","ACTIVO","COSECHADORA","2018","1","ABRIL","2026"
"BOGOTA D.C.","BOGOTA","PARTICULAR","ACTIVO","CUADRICICLO","2018","60","ABRIL","2026"
"BOGOTA D.C.","BOGOTA","PARTICULAR","ACTIVO","CUATRIMOTO","2018","62","ABRIL","2026"
"BOGOTA D.C.","BOGOTA","NO REGISTRA","ACTIVO","EXCAVADORA","2018","48","ABRIL","2026"
"BOGOTA D.C.","BOGOTA","NO REGISTRA","ACTIVO","FRESADORA","2018","1","ABRIL","2026"
"BOGOTA D.C.","BOGOTA","NO REGISTRA","ACTIVO","GRUA","2018","7","ABRIL","2026"
"BOGOTA D.C.","BOGOTA","NO REGISTRA","ACTIVO","JUMBO DE PERFORACION","2018","1","ABRIL","2026"
"BOGOTA D.C.","BOGOTA","NO REGISTRA","ACTIVO","MAQUINA BARREDORA","2018","4","ABRIL","2026"
"BOGOTA D.C.","BOGOTA","PÚBLICO","ACTIVO","MICROBUS","2018","4","ABRIL","2026"
"BOGOTA D.C.","BOGOTA","PARTICULAR","ACTIVO","MICROBUS","2018","6","ABRIL","2026"
"BOGOTA D.C.","BOGOTA","OFICIAL","ACTIVO","MICROBUS","2018","27","ABRIL","2026"
"BOGOTA D.C.","BOGOTA","NO REGISTRA","ACTIVO","MINI EXCAVADORA","2018","3","ABRIL","2026"
"BOGOTA D.C.","BOGOTA","PARTICULAR","ACTIVO","MINICARGADOR","2018","1","ABRIL","2026"
"BOGOTA D.C.","BOGOTA","NO REGISTRA","ACTIVO","MINICARGADOR","2018","36","ABRIL","2026"
"BOGOTA D.C.","BOGOTA","NO REGISTRA","ACTIVO","MONTACARGAS","2018","20","ABRIL","2026"
"BOGOTA D.C.","BOGOTA","PARTICULAR","ACTIVO","MOTOCARRO","2018","6","ABRIL","2026"
"BOGOTA D.C.","BOGOTA","OFICIAL","ACTIVO","MOTOCICLETA","2018","1703","ABRIL","2026"
"BOGOTA D.C.","BOGOTA","PARTICULAR","ACTIVO","MOTOCICLETA","2018","4568","ABRIL","2026"
"BOGOTA D.C.","BOGOTA","NO REGISTRA","ACTIVO","MOTONIVELADORA","2018","3","ABRIL","2026"
"BOGOTA D.C.","BOGOTA","PARTICULAR","ACTIVO","MOTOTRICICLO","2018","1","ABRIL","2026"
"BOGOTA D.C.","BOGOTA","NO REGISTRA","ACTIVO","PAVIMENTADORA","2018","2","ABRIL","2026"
"BOGOTA D.C.","BOGOTA","NO REGISTRA","ACTIVO","PERFORADORA","2018","1","ABRIL","2026"
"BOGOTA D.C.","BOGOTA","NO REGISTRA","ACTIVO","PILOTEADORA","2018","2","ABRIL","2026"
"BOGOTA D.C.","BOGOTA","NO REGISTRA","ACTIVO","PLATAFORMA DE ELEVACION","2018","1","ABRIL","2026"
"BOGOTA D.C.","BOGOTA","NO REGISTRA","ACTIVO","PRENSA HIDRAULICA","2018","1","ABRIL","2026"
"BOGOTA D.C.","BOGOTA","NO REGISTRA","ACTIVO","REMOLQUE","2018","6","ABRIL","2026"
"BOGOTA D.C.","BOGOTA","NO REGISTRA","ACTIVO","RETROCARGADOR","2018","3","ABRIL","2026"
"BOGOTA D.C.","BOGOTA","NO REGISTRA","ACTIVO","RETROEXCAVADORA","2018","22","ABRIL","2026"
"BOGOTA D.C.","BOGOTA","NO REGISTRA","ACTIVO","SEMIREMOLQUE","2018","8","ABRIL","2026"
"BOGOTA D.C.","BOGOTA","NO REGISTRA","ACTIVO","TALADRO","2018","3","ABRIL","2026"
"BOGOTA D.C.","BOGOTA","PARTICULAR","ACTIVO","TRACTOCAMION","2018","1","ABRIL","2026"
"BOGOTA D.C.","BOGOTA","PÚBLICO","ACTIVO","TRACTOCAMION","2018","3","ABRIL","2026"
"BOGOTA D.C.","BOGOTA","OFICIAL","ACTIVO","TRACTOCAMION","2018","3","ABRIL","2026"
"BOGOTA D.C.","BOGOTA","NO REGISTRA","ACTIVO","TRACTOR","2018","10","ABRIL","2026"
"BOGOTA D.C.","BOGOTA","NO REGISTRA","ACTIVO","TRACTOR SOBRE ORUGA","2018","2","ABRIL","2026"
"BOGOTA D.C.","BOGOTA","NO REGISTRA","ACTIVO","VIBROCOMPACTADORA","2018","7","ABRIL","2026"
"BOGOTA D.C.","BOGOTA","PÚBLICO","ACTIVO","VOLQUETA","2018","93","ABRIL","2026"
"BOGOTA D.C.","BOGOTA","PARTICULAR","ACTIVO","VOLQUETA","2018","4","ABRIL","2026"
"BOGOTA D.C.","BOGOTA","OFICIAL","ACTIVO","VOLQUETA","2018","10","ABRIL","2026"
"BOGOTA D.C.","BOGOTA","NO REGISTRA","ACTIVO","AUTOHORMIGONERA","2019","2","ABRIL","2026"
"BOGOTA D.C.","BOGOTA","OFICIAL","ACTIVO","AUTOMOVIL","2019","34","ABRIL","2026"
"BOGOTA D.C.","BOGOTA","PARTICULAR","ACTIVO","AUTOMOVIL","2019","36128","ABRIL","2026"
"BOGOTA D.C.","BOGOTA","PÚBLICO","ACTIVO","AUTOMOVIL","2019","2377","ABRIL","2026"
"BOGOTA D.C.","BOGOTA","NO REGISTRA","ACTIVO","BARREDORA","2019","2","ABRIL","2026"
"BOGOTA D.C.","BOGOTA","NO REGISTRA","ACTIVO","BULDOZER","2019","2","ABRIL","2026"
"BOGOTA D.C.","BOGOTA","OFICIAL","ACTIVO","BUS","2019","9","ABRIL","2026"
"BOGOTA D.C.","BOGOTA","PÚBLICO","ACTIVO","BUS","2019","982","ABRIL","2026"
"BOGOTA D.C.","BOGOTA","PARTICULAR","ACTIVO","BUS","2019","37","ABRIL","2026"
"BOGOTA D.C.","BOGOTA","PARTICULAR","ACTIVO","BUSETA","2019","4","ABRIL","2026"
"BOGOTA D.C.","BOGOTA","PÚBLICO","ACTIVO","BUSETA","2019","5","ABRIL","2026"
"BOGOTA D.C.","BOGOTA","PÚBLICO","ACTIVO","CAMION","2019","102","ABRIL","2026"
"BOGOTA D.C.","BOGOTA","PARTICULAR","ACTIVO","CAMION","2019","52","ABRIL","2026"
"BOGOTA D.C.","BOGOTA","OFICIAL","ACTIVO","CAMION","2019","31","ABRIL","2026"
"BOGOTA D.C.","BOGOTA","OFICIAL","ACTIVO","CAMIÓN","2019","1","ABRIL","2026"
"BOGOTA D.C.","BOGOTA","NO REGISTRA","ACTIVO","CAMIÓN GRÚA","2019","2","ABRIL","2026"
"BOGOTA D.C.","BOGOTA","NO REGISTRA","ACTIVO","CAMIONETA","2019","1","ABRIL","2026"
"BOGOTA D.C.","BOGOTA","OFICIAL","ACTIVO","CAMIONETA","2019","284","ABRIL","2026"
"BOGOTA D.C.","BOGOTA","PÚBLICO","ACTIVO","CAMIONETA","2019","822","ABRIL","2026"
"BOGOTA D.C.","BOGOTA","PARTICULAR","ACTIVO","CAMIONETA","2019","28495","ABRIL","2026"
"BOGOTA D.C.","BOGOTA","OFICIAL","ACTIVO","CAMPERO","2019","54","ABRIL","2026"
"BOGOTA D.C.","BOGOTA","PÚBLICO","ACTIVO","CAMPERO","2019","125","ABRIL","2026"
"BOGOTA D.C.","BOGOTA","PARTICULAR","ACTIVO","CAMPERO","2019","5705","ABRIL","2026"
"BOGOTA D.C.","BOGOTA","NO REGISTRA","ACTIVO","CARGADOR","2019","24","ABRIL","2026"
"BOGOTA D.C.","BOGOTA","PARTICULAR","ACTIVO","CICLOMOTOR","2019","27","ABRIL","2026"
"BOGOTA D.C.","BOGOTA","NO REGISTRA","ACTIVO","COMPACTADOR","2019","4","ABRIL","2026"
"BOGOTA D.C.","BOGOTA","NO REGISTRA","ACTIVO","COSECHADORA","2019","1","ABRIL","2026"
"BOGOTA D.C.","BOGOTA","PARTICULAR","ACTIVO","CUADRICICLO","2019","87","ABRIL","2026"
"BOGOTA D.C.","BOGOTA","PARTICULAR","ACTIVO","CUATRIMOTO","2019","66","ABRIL","2026"
"BOGOTA D.C.","BOGOTA","OFICIAL","ACTIVO","CUATRIMOTO","2019","14","ABRIL","2026"
"BOGOTA D.C.","BOGOTA","NO REGISTRA","ACTIVO","EXCAVADORA","2019","27","ABRIL","2026"
"BOGOTA D.C.","BOGOTA","NO REGISTRA","ACTIVO","FRESADORA","2019","1","ABRIL","2026"
"BOGOTA D.C.","BOGOTA","NO REGISTRA","ACTIVO","GRUA","2019","8","ABRIL","2026"
"BOGOTA D.C.","BOGOTA","NO REGISTRA","ACTIVO","JUMBO DE PERFORACION","2019","1","ABRIL","2026"
"BOGOTA D.C.","BOGOTA","NO REGISTRA","ACTIVO","MANIPULADOR TELESCOPICO","2019","3","ABRIL","2026"
"BOGOTA D.C.","BOGOTA","NO REGISTRA","ACTIVO","MAQUINA BARREDORA","2019","2","ABRIL","2026"
"BOGOTA D.C.","BOGOTA","PÚBLICO","ACTIVO","MICROBUS","2019","31","ABRIL","2026"
"BOGOTA D.C.","BOGOTA","OFICIAL","ACTIVO","MICROBUS","2019","16","ABRIL","2026"
"BOGOTA D.C.","BOGOTA","PARTICULAR","ACTIVO","MICROBUS","2019","15","ABRIL","2026"
"BOGOTA D.C.","BOGOTA","NO REGISTRA","ACTIVO","MINI EXCAVADORA","2019","1","ABRIL","2026"
"BOGOTA D.C.","BOGOTA","NO REGISTRA","ACTIVO","MINICARGADOR","2019","30","ABRIL","2026"
"BOGOTA D.C.","BOGOTA","NO REGISTRA","ACTIVO","MONTACARGAS","2019","16","ABRIL","2026"
"BOGOTA D.C.","BOGOTA","PARTICULAR","ACTIVO","MOTOCARRO","2019","29","ABRIL","2026"
"BOGOTA D.C.","BOGOTA","PARTICULAR","ACTIVO","MOTOCICLETA","2019","4234","ABRIL","2026"
"BOGOTA D.C.","BOGOTA","OFICIAL","ACTIVO","MOTOCICLETA","2019","1153","ABRIL","2026"
"BOGOTA D.C.","BOGOTA","NO REGISTRA","ACTIVO","MOTONIVELADORA","2019","4","ABRIL","2026"
"BOGOTA D.C.","BOGOTA","NO REGISTRA","ACTIVO","PALA DRAGA","2019","1","ABRIL","2026"
"BOGOTA D.C.","BOGOTA","NO REGISTRA","ACTIVO","PALA FRONTAL","2019","1","ABRIL","2026"
"BOGOTA D.C.","BOGOTA","NO REGISTRA","ACTIVO","PAVIMENTADORA","2019","3","ABRIL","2026"
"BOGOTA D.C.","BOGOTA","NO REGISTRA","ACTIVO","PERFORADORA","2019","7","ABRIL","2026"
"BOGOTA D.C.","BOGOTA","NO REGISTRA","ACTIVO","PLATAFORMA DE ELEVACION","2019","1","ABRIL","2026"
"BOGOTA D.C.","BOGOTA","NO REGISTRA","ACTIVO","PULVERIZADOR AGRICOLA","2019","1","ABRIL","2026"
"BOGOTA D.C.","BOGOTA","NO REGISTRA","ACTIVO","REMOLQUE","2019","4","ABRIL","2026"
"BOGOTA D.C.","BOGOTA","NO REGISTRA","ACTIVO","RETROCARGADOR","2019","3","ABRIL","2026"
"BOGOTA D.C.","BOGOTA","NO REGISTRA","ACTIVO","RETROEXCAVADORA","2019","23","ABRIL","2026"
"BOGOTA D.C.","BOGOTA","NO REGISTRA","ACTIVO","SEMIREMOLQUE","2019","19","ABRIL","2026"
"BOGOTA D.C.","BOGOTA","NO REGISTRA","ACTIVO","TALADRO PERFORACION POZO PETROLERO","2019","2","ABRIL","2026"
"BOGOTA D.C.","BOGOTA","OFICIAL","ACTIVO","TRACTOCAMION","2019","2","ABRIL","2026"
"BOGOTA D.C.","BOGOTA","PÚBLICO","ACTIVO","TRACTOCAMION","2019","4","ABRIL","2026"
"BOGOTA D.C.","BOGOTA","PARTICULAR","ACTIVO","TRACTOCAMION","2019","1","ABRIL","2026"
"BOGOTA D.C.","BOGOTA","NO REGISTRA","ACTIVO","TRACTOR","2019","14","ABRIL","2026"
"BOGOTA D.C.","BOGOTA","NO REGISTRA","ACTIVO","TRACTOR SOBRE ORUGA","2019","4","ABRIL","2026"
"BOGOTA D.C.","BOGOTA","PARTICULAR","ACTIVO","TRICIMOTO","2019","2","ABRIL","2026"
"BOGOTA D.C.","BOGOTA","NO REGISTRA","ACTIVO","VIBROCOMPACTADORA","2019","11","ABRIL","2026"
"BOGOTA D.C.","BOGOTA","OFICIAL","ACTIVO","VOLQUETA","2019","2","ABRIL","2026"
"BOGOTA D.C.","BOGOTA","PÚBLICO","ACTIVO","VOLQUETA","2019","11","ABRIL","2026"
"BOGOTA D.C.","BOGOTA","NO REGISTRA","ACTIVO","APLANADORA","2020","2","ABRIL","2026"
"BOGOTA D.C.","BOGOTA","PÚBLICO","ACTIVO","AUTOMOVIL","2020","754","ABRIL","2026"
"BOGOTA D.C.","BOGOTA","PARTICULAR","ACTIVO","AUTOMOVIL","2020","20737","ABRIL","2026"
"BOGOTA D.C.","BOGOTA","OFICIAL","ACTIVO","AUTOMOVIL","2020","25","ABRIL","2026"
"BOGOTA D.C.","BOGOTA","NO REGISTRA","ACTIVO","BARREDORA","2020","1","ABRIL","2026"
"BOGOTA D.C.","BOGOTA","NO REGISTRA","ACTIVO","BULDOZER","2020","4","ABRIL","2026"
"BOGOTA D.C.","BOGOTA","PARTICULAR","ACTIVO","BUS","2020","8","ABRIL","2026"
"BOGOTA D.C.","BOGOTA","OFICIAL","ACTIVO","BUS","2020","1","ABRIL","2026"
"BOGOTA D.C.","BOGOTA","PÚBLICO","ACTIVO","BUS","2020","1893","ABRIL","2026"
"BOGOTA D.C.","BOGOTA","PARTICULAR","ACTIVO","BUSETA","2020","2","ABRIL","2026"
"BOGOTA D.C.","BOGOTA","PÚBLICO","ACTIVO","BUSETA","2020","1","ABRIL","2026"
"BOGOTA D.C.","BOGOTA","PARTICULAR","ACTIVO","CAMION","2020","25","ABRIL","2026"
"BOGOTA D.C.","BOGOTA","OFICIAL","ACTIVO","CAMION","2020","14","ABRIL","2026"
"BOGOTA D.C.","BOGOTA","PÚBLICO","ACTIVO","CAMION","2020","43","ABRIL","2026"
"BOGOTA D.C.","BOGOTA","NO REGISTRA","ACTIVO","CAMIÓN GRÚA","2020","1","ABRIL","2026"
"BOGOTA D.C.","BOGOTA","PARTICULAR","ACTIVO","CAMIONETA","2020","19483","ABRIL","2026"
"BOGOTA D.C.","BOGOTA","OFICIAL","ACTIVO","CAMIONETA","2020","252","ABRIL","2026"
"BOGOTA D.C.","BOGOTA","PÚBLICO","ACTIVO","CAMIONETA","2020","761","ABRIL","2026"
"BOGOTA D.C.","BOGOTA","PARTICULAR","ACTIVO","CAMPERO","2020","2936","ABRIL","2026"
"BOGOTA D.C.","BOGOTA","PÚBLICO","ACTIVO","CAMPERO","2020","195","ABRIL","2026"
"BOGOTA D.C.","BOGOTA","OFICIAL","ACTIVO","CAMPERO","2020","65","ABRIL","2026"
"BOGOTA D.C.","BOGOTA","NO REGISTRA","ACTIVO","CARGADOR","2020","4","ABRIL","2026"
"BOGOTA D.C.","BOGOTA","NO REGISTRA","ACTIVO","CARRETILLA APILADORA","2020","3","ABRIL","2026"
"BOGOTA D.C.","BOGOTA","PARTICULAR","ACTIVO","CICLOMOTOR","2020","23","ABRIL","2026"
"BOGOTA D.C.","BOGOTA","NO REGISTRA","ACTIVO","COMPACTADOR","2020","2","ABRIL","2026"
"BOGOTA D.C.","BOGOTA","PARTICULAR","ACTIVO","CUADRICICLO","2020","48","ABRIL","2026"
"BOGOTA D.C.","BOGOTA","PARTICULAR","ACTIVO","CUATRIMOTO","2020","37","ABRIL","2026"
"BOGOTA D.C.","BOGOTA","NO REGISTRA","ACTIVO","EXCAVADORA","2020","8","ABRIL","2026"
"BOGOTA D.C.","BOGOTA","NO REGISTRA","ACTIVO","GRUA","2020","1","ABRIL","2026"
"BOGOTA D.C.","BOGOTA","PARTICULAR","ACTIVO","MICROBUS","2020","11","ABRIL","2026"
"BOGOTA D.C.","BOGOTA","OFICIAL","ACTIVO","MICROBUS","2020","2","ABRIL","2026"
"BOGOTA D.C.","BOGOTA","PÚBLICO","ACTIVO","MICROBUS","2020","8","ABRIL","2026"
"BOGOTA D.C.","BOGOTA","NO REGISTRA","ACTIVO","MINI EXCAVADORA","2020","1","ABRIL","2026"
"BOGOTA D.C.","BOGOTA","NO REGISTRA","ACTIVO","MINICARGADOR","2020","5","ABRIL","2026"
"BOGOTA D.C.","BOGOTA","NO REGISTRA","ACTIVO","MONTACARGAS","2020","5","ABRIL","2026"
"BOGOTA D.C.","BOGOTA","PARTICULAR","ACTIVO","MOTOCARRO","2020","10","ABRIL","2026"
"BOGOTA D.C.","BOGOTA","OFICIAL","ACTIVO","MOTOCICLETA","2020","58","ABRIL","2026"
"BOGOTA D.C.","BOGOTA","PARTICULAR","ACTIVO","MOTOCICLETA","2020","2186","ABRIL","2026"
"BOGOTA D.C.","BOGOTA","NO REGISTRA","ACTIVO","MOTONIVELADORA","2020","2","ABRIL","2026"
"BOGOTA D.C.","BOGOTA","PARTICULAR","ACTIVO","MOTOTRICICLO","2020","7","ABRIL","2026"
"BOGOTA D.C.","BOGOTA","NO REGISTRA","ACTIVO","PERFORADORA","2020","1","ABRIL","2026"
"BOGOTA D.C.","BOGOTA","NO REGISTRA","ACTIVO","RECICLADORA","2020","1","ABRIL","2026"
"BOGOTA D.C.","BOGOTA","NO REGISTRA","ACTIVO","RETROCARGADOR","2020","1","ABRIL","2026"
"BOGOTA D.C.","BOGOTA","NO REGISTRA","ACTIVO","RETROEXCAVADORA","2020","11","ABRIL","2026"
"BOGOTA D.C.","BOGOTA","NO REGISTRA","ACTIVO","SEMIREMOLQUE","2020","9","ABRIL","2026"
"BOGOTA D.C.","BOGOTA","PARTICULAR","ACTIVO","TRACTOCAMION","2020","4","ABRIL","2026"
"BOGOTA D.C.","BOGOTA","PÚBLICO","ACTIVO","TRACTOCAMION","2020","5","ABRIL","2026"
"BOGOTA D.C.","BOGOTA","NO REGISTRA","ACTIVO","TRACTOR","2020","6","ABRIL","2026"
"BOGOTA D.C.","BOGOTA","NO REGISTRA","ACTIVO","VIBROCOMPACTADORA","2020","1","ABRIL","2026"
"BOGOTA D.C.","BOGOTA","OFICIAL","ACTIVO","VOLQUETA","2020","6","ABRIL","2026"
"BOGOTA D.C.","BOGOTA","PÚBLICO","ACTIVO","VOLQUETA","2020","3","ABRIL","2026"
"BOGOTA D.C.","BOGOTA","NO REGISTRA","ACTIVO","AUTOHORMIGONERA","2021","2","ABRIL","2026"
"BOGOTA D.C.","BOGOTA","PARTICULAR","ACTIVO","AUTOMOVIL","2021","22561","ABRIL","2026"
"BOGOTA D.C.","BOGOTA","OFICIAL","ACTIVO","AUTOMOVIL","2021","30","ABRIL","2026"
"BOGOTA D.C.","BOGOTA","PÚBLICO","ACTIVO","AUTOMOVIL","2021","1518","ABRIL","2026"
"BOGOTA D.C.","BOGOTA","NO REGISTRA","ACTIVO","BULDOZER","2021","4","ABRIL","2026"
"BOGOTA D.C.","BOGOTA","PÚBLICO","ACTIVO","BUS","2021","807","ABRIL","2026"
"BOGOTA D.C.","BOGOTA","PARTICULAR","ACTIVO","BUS","2021","6","ABRIL","2026"
"BOGOTA D.C.","BOGOTA","OFICIAL","ACTIVO","BUS","2021","10","ABRIL","2026"
"BOGOTA D.C.","BOGOTA","OFICIAL","ACTIVO","BUSETA","2021","11","ABRIL","2026"
"BOGOTA D.C.","BOGOTA","PÚBLICO","ACTIVO","CAMION","2021","51","ABRIL","2026"
"BOGOTA D.C.","BOGOTA","PARTICULAR","ACTIVO","CAMION","2021","13","ABRIL","2026"
"BOGOTA D.C.","BOGOTA","OFICIAL","ACTIVO","CAMION","2021","11","ABRIL","2026"
"BOGOTA D.C.","BOGOTA","PARTICULAR","ACTIVO","CAMIONETA","2021","26675","ABRIL","2026"
"BOGOTA D.C.","BOGOTA","PÚBLICO","ACTIVO","CAMIONETA","2021","692","ABRIL","2026"
"BOGOTA D.C.","BOGOTA","OFICIAL","ACTIVO","CAMIONETA","2021","192","ABRIL","2026"
"BOGOTA D.C.","BOGOTA","PÚBLICO","ACTIVO","CAMPERO","2021","121","ABRIL","2026"
"BOGOTA D.C.","BOGOTA","OFICIAL","ACTIVO","CAMPERO","2021","14","ABRIL","2026"
"BOGOTA D.C.","BOGOTA","PARTICULAR","ACTIVO","CAMPERO","2021","4052","ABRIL","2026"
"BOGOTA D.C.","BOGOTA","NO REGISTRA","ACTIVO","CARGADOR","2021","10","ABRIL","2026"
"BOGOTA D.C.","BOGOTA","PARTICULAR","ACTIVO","CICLOMOTOR","2021","19","ABRIL","2026"
"BOGOTA D.C.","BOGOTA","NO REGISTRA","ACTIVO","COMPACTADOR","2021","3","ABRIL","2026"
"BOGOTA D.C.","BOGOTA","NO REGISTRA","ACTIVO","COSECHADORA","2021","1","ABRIL","2026"
"BOGOTA D.C.","BOGOTA","PARTICULAR","ACTIVO","CUADRICICLO","2021","78","ABRIL","2026"
"BOGOTA D.C.","BOGOTA","PARTICULAR","ACTIVO","CUATRIMOTO","2021","31","ABRIL","2026"
"BOGOTA D.C.","BOGOTA","NO REGISTRA","ACTIVO","EXCAVADORA","2021","21","ABRIL","2026"
"BOGOTA D.C.","BOGOTA","NO REGISTRA","ACTIVO","GRUA","2021","1","ABRIL","2026"
"BOGOTA D.C.","BOGOTA","NO REGISTRA","ACTIVO","HORMIGONERA PARA TÚNELES","2021","1","ABRIL","2026"
"BOGOTA D.C.","BOGOTA","PÚBLICO","ACTIVO","MICROBUS","2021","10","ABRIL","2026"
"BOGOTA D.C.","BOGOTA","OFICIAL","ACTIVO","MICROBUS","2021","4","ABRIL","2026"
"BOGOTA D.C.","BOGOTA","PARTICULAR","ACTIVO","MICROBUS","2021","27","ABRIL","2026"
"BOGOTA D.C.","BOGOTA","NO REGISTRA","ACTIVO","MINI RETROEXCAVADORA","2021","1","ABRIL","2026"
"BOGOTA D.C.","BOGOTA","NO REGISTRA","ACTIVO","MINICARGADOR","2021","16","ABRIL","2026"
"BOGOTA D.C.","BOGOTA","NO REGISTRA","ACTIVO","MONTACARGAS","2021","10","ABRIL","2026"
"BOGOTA D.C.","BOGOTA","PARTICULAR","ACTIVO","MOTOCARRO","2021","25","ABRIL","2026"
"BOGOTA D.C.","BOGOTA","OFICIAL","ACTIVO","MOTOCICLETA","2021","295","ABRIL","2026"
"BOGOTA D.C.","BOGOTA","PARTICULAR","ACTIVO","MOTOCICLETA","2021","2411","ABRIL","2026"
"BOGOTA D.C.","BOGOTA","NO REGISTRA","ACTIVO","MOTONIVELADORA","2021","1","ABRIL","2026"
"BOGOTA D.C.","BOGOTA","PARTICULAR","ACTIVO","MOTOTRICICLO","2021","13","ABRIL","2026"
"BOGOTA D.C.","BOGOTA","NO REGISTRA","ACTIVO","REMOLQUE","2021","3","ABRIL","2026"
"BOGOTA D.C.","BOGOTA","NO REGISTRA","ACTIVO","RETROCARGADOR","2021","1","ABRIL","2026"
"BOGOTA D.C.","BOGOTA","NO REGISTRA","ACTIVO","RETROEXCAVADORA","2021","9","ABRIL","2026"
"BOGOTA D.C.","BOGOTA","NO REGISTRA","ACTIVO","SEMIREMOLQUE","2021","3","ABRIL","2026"
"BOGOTA D.C.","BOGOTA","PÚBLICO","ACTIVO","TRACTOCAMION","2021","5","ABRIL","2026"
"BOGOTA D.C.","BOGOTA","NO REGISTRA","ACTIVO","TRACTOR","2021","16","ABRIL","2026"
"BOGOTA D.C.","BOGOTA","PARTICULAR","ACTIVO","TRICIMOTO","2021","4","ABRIL","2026"
"BOGOTA D.C.","BOGOTA","NO REGISTRA","ACTIVO","VIBROCOMPACTADORA","2021","5","ABRIL","2026"
"BOGOTA D.C.","BOGOTA","PÚBLICO","ACTIVO","VOLQUETA","2021","5","ABRIL","2026"
"BOGOTA D.C.","BOGOTA","NO REGISTRA","ACTIVO","ZANJADORA","2021","1","ABRIL","2026"
"BOGOTA D.C.","BOGOTA","PÚBLICO","ACTIVO","AUTOMOVIL","2022","2003","ABRIL","2026"
"BOGOTA D.C.","BOGOTA","OFICIAL","ACTIVO","AUTOMOVIL","2022","40","ABRIL","2026"
"BOGOTA D.C.","BOGOTA","PARTICULAR","ACTIVO","AUTOMOVIL","2022","18480","ABRIL","2026"
"BOGOTA D.C.","BOGOTA","NO REGISTRA","ACTIVO","BULDOZER","2022","1","ABRIL","2026"
"BOGOTA D.C.","BOGOTA","PÚBLICO","ACTIVO","BUS","2022","1402","ABRIL","2026"
"BOGOTA D.C.","BOGOTA","OFICIAL","ACTIVO","BUS","2022","6","ABRIL","2026"
"BOGOTA D.C.","BOGOTA","PARTICULAR","ACTIVO","BUS","2022","11","ABRIL","2026"
"BOGOTA D.C.","BOGOTA","OFICIAL","ACTIVO","BUSETA","2022","1","ABRIL","2026"
"BOGOTA D.C.","BOGOTA","PÚBLICO","ACTIVO","BUSETA","2022","3","ABRIL","2026"
"BOGOTA D.C.","BOGOTA","PARTICULAR","ACTIVO","CAMION","2022","18","ABRIL","2026"
"BOGOTA D.C.","BOGOTA","PÚBLICO","ACTIVO","CAMION","2022","71","ABRIL","2026"
"BOGOTA D.C.","BOGOTA","OFICIAL","ACTIVO","CAMION","2022","22","ABRIL","2026"
"BOGOTA D.C.","BOGOTA","NO REGISTRA","ACTIVO","CAMIÓN","2022","1","ABRIL","2026"
"BOGOTA D.C.","BOGOTA","PARTICULAR","ACTIVO","CAMIONETA","2022","23651","ABRIL","2026"
"BOGOTA D.C.","BOGOTA","OFICIAL","ACTIVO","CAMIONETA","2022","242","ABRIL","2026"
"BOGOTA D.C.","BOGOTA","PÚBLICO","ACTIVO","CAMIONETA","2022","513","ABRIL","2026"
"BOGOTA D.C.","BOGOTA","PARTICULAR","ACTIVO","CAMPERO","2022","3861","ABRIL","2026"
"BOGOTA D.C.","BOGOTA","OFICIAL","ACTIVO","CAMPERO","2022","43","ABRIL","2026"
"BOGOTA D.C.","BOGOTA","PÚBLICO","ACTIVO","CAMPERO","2022","41","ABRIL","2026"
"BOGOTA D.C.","BOGOTA","NO REGISTRA","ACTIVO","CARGADOR","2022","9","ABRIL","2026"
"BOGOTA D.C.","BOGOTA","NO REGISTRA","ACTIVO","CARRETILLA APILADORA","2022","1","ABRIL","2026"
"BOGOTA D.C.","BOGOTA","PARTICULAR","ACTIVO","CICLOMOTOR","2022","28","ABRIL","2026"
"BOGOTA D.C.","BOGOTA","NO REGISTRA","ACTIVO","COMPACTADOR","2022","1","ABRIL","2026"
"BOGOTA D.C.","BOGOTA","PARTICULAR","ACTIVO","CUADRICICLO","2022","73","ABRIL","2026"
"BOGOTA D.C.","BOGOTA","PARTICULAR","ACTIVO","CUATRIMOTO","2022","33","ABRIL","2026"
"BOGOTA D.C.","BOGOTA","NO REGISTRA","ACTIVO","DUMPER (VOLQUETA ARTICULADA)","2022","1","ABRIL","2026"
"BOGOTA D.C.","BOGOTA","NO REGISTRA","ACTIVO","EXCAVADORA","2022","11","ABRIL","2026"
"BOGOTA D.C.","BOGOTA","NO REGISTRA","ACTIVO","FRESADORA","2022","1","ABRIL","2026"
"BOGOTA D.C.","BOGOTA","NO REGISTRA","ACTIVO","MANIPULADOR TELESCOPICO","2022","1","ABRIL","2026"
"BOGOTA D.C.","BOGOTA","PARTICULAR","ACTIVO","MICROBUS","2022","18","ABRIL","2026"
"BOGOTA D.C.","BOGOTA","PÚBLICO","ACTIVO","MICROBUS","2022","16","ABRIL","2026"
"BOGOTA D.C.","BOGOTA","OFICIAL","ACTIVO","MICROBUS","2022","9","ABRIL","2026"
"BOGOTA D.C.","BOGOTA","NO REGISTRA","ACTIVO","MINI EXCAVADORA","2022","1","ABRIL","2026"
"BOGOTA D.C.","BOGOTA","NO REGISTRA","ACTIVO","MINICARGADOR","2022","5","ABRIL","2026"
"BOGOTA D.C.","BOGOTA","NO REGISTRA","ACTIVO","MONTACARGAS","2022","1","ABRIL","2026"
"BOGOTA D.C.","BOGOTA","PARTICULAR","ACTIVO","MOTOCARRO","2022","15","ABRIL","2026"
"BOGOTA D.C.","BOGOTA","OFICIAL","ACTIVO","MOTOCICLETA","2022","744","ABRIL","2026"
"BOGOTA D.C.","BOGOTA","PARTICULAR","ACTIVO","MOTOCICLETA","2022","2163","ABRIL","2026"
"BOGOTA D.C.","BOGOTA","NO REGISTRA","ACTIVO","MOTONIVELADORA","2022","2","ABRIL","2026"
"BOGOTA D.C.","BOGOTA","PARTICULAR","ACTIVO","MOTOTRICICLO","2022","1","ABRIL","2026"
"BOGOTA D.C.","BOGOTA","NO REGISTRA","ACTIVO","PALA FRONTAL","2022","1","ABRIL","2026"
"BOGOTA D.C.","BOGOTA","NO REGISTRA","ACTIVO","PERFORADORA","2022","1","ABRIL","2026"
"BOGOTA D.C.","BOGOTA","NO REGISTRA","ACTIVO","PILOTEADORA","2022","1","ABRIL","2026"
"BOGOTA D.C.","BOGOTA","NO REGISTRA","ACTIVO","REMOLQUE","2022","6","ABRIL","2026"
"BOGOTA D.C.","BOGOTA","NO REGISTRA","ACTIVO","RETROEXCAVADORA","2022","9","ABRIL","2026"
"BOGOTA D.C.","BOGOTA","NO REGISTRA","ACTIVO","SEMIREMOLQUE","2022","11","ABRIL","2026"
"BOGOTA D.C.","BOGOTA","PÚBLICO","ACTIVO","TRACTOCAMION","2022","2","ABRIL","2026"
"BOGOTA D.C.","BOGOTA","PARTICULAR","ACTIVO","TRACTOCAMION","2022","1","ABRIL","2026"
"BOGOTA D.C.","BOGOTA","NO REGISTRA","ACTIVO","TRACTOR","2022","9","ABRIL","2026"
"BOGOTA D.C.","BOGOTA","PARTICULAR","ACTIVO","TRICIMOTO","2022","10","ABRIL","2026"
"BOGOTA D.C.","BOGOTA","NO REGISTRA","ACTIVO","VIBROCOMPACTADORA","2022","2","ABRIL","2026"
"BOGOTA D.C.","BOGOTA","PÚBLICO","ACTIVO","VOLQUETA","2022","5","ABRIL","2026"
"BOGOTA D.C.","BOGOTA","OFICIAL","ACTIVO","VOLQUETA","2022","9","ABRIL","2026"
"BOGOTA D.C.","BOGOTA","NO REGISTRA","ACTIVO","AUTOHORMIGONERA","2023","1","ABRIL","2026"
"BOGOTA D.C.","BOGOTA","OFICIAL","ACTIVO","AUTOMOVIL","2023","31","ABRIL","2026"
"BOGOTA D.C.","BOGOTA","PÚBLICO","ACTIVO","AUTOMOVIL","2023","1511","ABRIL","2026"
"BOGOTA D.C.","BOGOTA","PARTICULAR","ACTIVO","AUTOMOVIL","2023","10294","ABRIL","2026"
"BOGOTA D.C.","BOGOTA","NO REGISTRA","ACTIVO","BULDOZER","2023","2","ABRIL","2026"
"BOGOTA D.C.","BOGOTA","PARTICULAR","ACTIVO","BUS","2023","7","ABRIL","2026"
"BOGOTA D.C.","BOGOTA","PÚBLICO","ACTIVO","BUS","2023","10","ABRIL","2026"
"BOGOTA D.C.","BOGOTA","PÚBLICO","ACTIVO","BUSETA","2023","2","ABRIL","2026"
"BOGOTA D.C.","BOGOTA","PARTICULAR","ACTIVO","BUSETA","2023","9","ABRIL","2026"
"BOGOTA D.C.","BOGOTA","PÚBLICO","ACTIVO","CAMION","2023","28","ABRIL","2026"
"BOGOTA D.C.","BOGOTA","OFICIAL","ACTIVO","CAMION","2023","5","ABRIL","2026"
"BOGOTA D.C.","BOGOTA","PARTICULAR","ACTIVO","CAMION","2023","12","ABRIL","2026"
"BOGOTA D.C.","BOGOTA","OFICIAL","ACTIVO","CAMIONETA","2023","132","ABRIL","2026"
"BOGOTA D.C.","BOGOTA","PÚBLICO","ACTIVO","CAMIONETA","2023","372","ABRIL","2026"
"BOGOTA D.C.","BOGOTA","PARTICULAR","ACTIVO","CAMIONETA","2023","20349","ABRIL","2026"
"BOGOTA D.C.","BOGOTA","PÚBLICO","ACTIVO","CAMPERO","2023","25","ABRIL","2026"
"BOGOTA D.C.","BOGOTA","PARTICULAR","ACTIVO","CAMPERO","2023","2977","ABRIL","2026"
"BOGOTA D.C.","BOGOTA","OFICIAL","ACTIVO","CAMPERO","2023","58","ABRIL","2026"
"BOGOTA D.C.","BOGOTA","NO REGISTRA","ACTIVO","CARGADOR","2023","13","ABRIL","2026"
"BOGOTA D.C.","BOGOTA","NO REGISTRA","ACTIVO","CARRETILLA APILADORA","2023","1","ABRIL","2026"
"BOGOTA D.C.","BOGOTA","PARTICULAR","ACTIVO","CICLOMOTOR","2023","188","ABRIL","2026"
"BOGOTA D.C.","BOGOTA","NO REGISTRA","ACTIVO","COMPACTADOR","2023","4","ABRIL","2026"
"BOGOTA D.C.","BOGOTA","PARTICULAR","ACTIVO","CUADRICICLO","2023","22","ABRIL","2026"
"BOGOTA D.C.","BOGOTA","PARTICULAR","ACTIVO","CUATRIMOTO","2023","44","ABRIL","2026"
"BOGOTA D.C.","BOGOTA","NO REGISTRA","ACTIVO","EXCAVADORA","2023","29","ABRIL","2026"
"BOGOTA D.C.","BOGOTA","NO REGISTRA","ACTIVO","GRUA","2023","2","ABRIL","2026"
"BOGOTA D.C.","BOGOTA","PARTICULAR","ACTIVO","MICROBUS","2023","7","ABRIL","2026"
"BOGOTA D.C.","BOGOTA","OFICIAL","ACTIVO","MICROBUS","2023","5","ABRIL","2026"
"BOGOTA D.C.","BOGOTA","PÚBLICO","ACTIVO","MICROBUS","2023","29","ABRIL","2026"
"BOGOTA D.C.","BOGOTA","NO REGISTRA","ACTIVO","MINI EXCAVADORA","2023","4","ABRIL","2026"
"BOGOTA D.C.","BOGOTA","NO REGISTRA","ACTIVO","MINICARGADOR","2023","17","ABRIL","2026"
"BOGOTA D.C.","BOGOTA","NO REGISTRA","ACTIVO","MONTACARGAS","2023","9","ABRIL","2026"
"BOGOTA D.C.","BOGOTA","PARTICULAR","ACTIVO","MOTOCARRO","2023","18","ABRIL","2026"
"BOGOTA D.C.","BOGOTA","OFICIAL","ACTIVO","MOTOCICLETA","2023","184","ABRIL","2026"
"BOGOTA D.C.","BOGOTA","PARTICULAR","ACTIVO","MOTOCICLETA","2023","1899","ABRIL","2026"
"BOGOTA D.C.","BOGOTA","NO REGISTRA","ACTIVO","MOTONIVELADORA","2023","4","ABRIL","2026"
"BOGOTA D.C.","BOGOTA","PARTICULAR","ACTIVO","MOTOTRICICLO","2023","10","ABRIL","2026"
"BOGOTA D.C.","BOGOTA","NO REGISTRA","ACTIVO","PERFORADORA","2023","3","ABRIL","2026"
"BOGOTA D.C.","BOGOTA","NO REGISTRA","ACTIVO","PILOTEADORA","2023","1","ABRIL","2026"
"BOGOTA D.C.","BOGOTA","NO REGISTRA","ACTIVO","RETROEXCAVADORA","2023","12","ABRIL","2026"
"BOGOTA D.C.","BOGOTA","NO REGISTRA","ACTIVO","SEMIREMOLQUE","2023","6","ABRIL","2026"
"BOGOTA D.C.","BOGOTA","PÚBLICO","ACTIVO","TRACTOCAMION","2023","1","ABRIL","2026"
"BOGOTA D.C.","BOGOTA","NO REGISTRA","ACTIVO","TRACTOR","2023","8","ABRIL","2026"
"BOGOTA D.C.","BOGOTA","PARTICULAR","ACTIVO","TRICIMOTO","2023","6","ABRIL","2026"
"BOGOTA D.C.","BOGOTA","OFICIAL","ACTIVO","VOLQUETA","2023","30","ABRIL","2026"
"BOGOTA D.C.","BOGOTA","PÚBLICO","ACTIVO","VOLQUETA","2023","4","ABRIL","2026"
"BOGOTA D.C.","BOGOTA","PARTICULAR","ACTIVO","AUTOMOVIL","2024","10665","ABRIL","2026"
"BOGOTA D.C.","BOGOTA","PÚBLICO","ACTIVO","AUTOMOVIL","2024","1815","ABRIL","2026"
"BOGOTA D.C.","BOGOTA","OFICIAL","ACTIVO","AUTOMOVIL","2024","47","ABRIL","2026"
"BOGOTA D.C.","BOGOTA","PÚBLICO","ACTIVO","BUS","2024","20","ABRIL","2026"
"BOGOTA D.C.","BOGOTA","PARTICULAR","ACTIVO","BUSETA","2024","4","ABRIL","2026"
"BOGOTA D.C.","BOGOTA","PÚBLICO","ACTIVO","BUSETA","2024","1","ABRIL","2026"
"BOGOTA D.C.","BOGOTA","PARTICULAR","ACTIVO","CAMION","2024","13","ABRIL","2026"
"BOGOTA D.C.","BOGOTA","PÚBLICO","ACTIVO","CAMION","2024","38","ABRIL","2026"
"BOGOTA D.C.","BOGOTA","OFICIAL","ACTIVO","CAMION","2024","10","ABRIL","2026"
"BOGOTA D.C.","BOGOTA","NO REGISTRA","ACTIVO","CAMIÓN GRÚA","2024","1","ABRIL","2026"
"BOGOTA D.C.","BOGOTA","NO REGISTRA","ACTIVO","CAMIÓN TIJERA","2024","1","ABRIL","2026"
"BOGOTA D.C.","BOGOTA","OFICIAL","ACTIVO","CAMIONETA","2024","158","ABRIL","2026"
"BOGOTA D.C.","BOGOTA","PARTICULAR","ACTIVO","CAMIONETA","2024","27075","ABRIL","2026"
"BOGOTA D.C.","BOGOTA","PÚBLICO","ACTIVO","CAMIONETA","2024","498","ABRIL","2026"
"BOGOTA D.C.","BOGOTA","OFICIAL","ACTIVO","CAMPERO","2024","51","ABRIL","2026"
"BOGOTA D.C.","BOGOTA","PARTICULAR","ACTIVO","CAMPERO","2024","3642","ABRIL","2026"
"BOGOTA D.C.","BOGOTA","PÚBLICO","ACTIVO","CAMPERO","2024","41","ABRIL","2026"
"BOGOTA D.C.","BOGOTA","NO REGISTRA","ACTIVO","CARGADOR","2024","9","ABRIL","2026"
"BOGOTA D.C.","BOGOTA","NO REGISTRA","ACTIVO","CARRETILLA APILADORA","2024","2","ABRIL","2026"
"BOGOTA D.C.","BOGOTA","PARTICULAR","ACTIVO","CICLOMOTOR","2024","84","ABRIL","2026"
"BOGOTA D.C.","BOGOTA","PARTICULAR","ACTIVO","CUADRICICLO","2024","55","ABRIL","2026"
"BOGOTA D.C.","BOGOTA","PARTICULAR","ACTIVO","CUATRIMOTO","2024","26","ABRIL","2026"
"BOGOTA D.C.","BOGOTA","NO REGISTRA","ACTIVO","EXCAVADORA","2024","6","ABRIL","2026"
"BOGOTA D.C.","BOGOTA","NO REGISTRA","ACTIVO","JUMBO DE PERFORACION","2024","1","ABRIL","2026"
"BOGOTA D.C.","BOGOTA","PÚBLICO","ACTIVO","MICROBUS","2024","24","ABRIL","2026"
"BOGOTA D.C.","BOGOTA","PARTICULAR","ACTIVO","MICROBUS","2024","6","ABRIL","2026"
"BOGOTA D.C.","BOGOTA","OFICIAL","ACTIVO","MICROBUS","2024","4","ABRIL","2026"
"BOGOTA D.C.","BOGOTA","NO REGISTRA","ACTIVO","MINI EXCAVADORA","2024","1","ABRIL","2026"
"BOGOTA D.C.","BOGOTA","NO REGISTRA","ACTIVO","MINICARGADOR","2024","6","ABRIL","2026"
"BOGOTA D.C.","BOGOTA","NO REGISTRA","ACTIVO","MONTACARGAS","2024","6","ABRIL","2026"
"BOGOTA D.C.","BOGOTA","PARTICULAR","ACTIVO","MOTOCARRO","2024","135","ABRIL","2026"
"BOGOTA D.C.","BOGOTA","OFICIAL","ACTIVO","MOTOCICLETA","2024","412","ABRIL","2026"
"BOGOTA D.C.","BOGOTA","PARTICULAR","ACTIVO","MOTOCICLETA","2024","2780","ABRIL","2026"
"BOGOTA D.C.","BOGOTA","NO REGISTRA","ACTIVO","MOTONIVELADORA","2024","2","ABRIL","2026"
"BOGOTA D.C.","BOGOTA","PARTICULAR","ACTIVO","MOTOTRICICLO","2024","6","ABRIL","2026"
"BOGOTA D.C.","BOGOTA","NO REGISTRA","ACTIVO","PAVIMENTADORA","2024","1","ABRIL","2026"
"BOGOTA D.C.","BOGOTA","NO REGISTRA","ACTIVO","PERFORADORA","2024","3","ABRIL","2026"
"BOGOTA D.C.","BOGOTA","NO REGISTRA","ACTIVO","PULVERIZADOR AGRICOLA","2024","1","ABRIL","2026"
"BOGOTA D.C.","BOGOTA","NO REGISTRA","ACTIVO","REMOLQUE","2024","13","ABRIL","2026"
"BOGOTA D.C.","BOGOTA","NO REGISTRA","ACTIVO","RETROCARGADOR","2024","2","ABRIL","2026"
"BOGOTA D.C.","BOGOTA","NO REGISTRA","ACTIVO","RETROEXCAVADORA","2024","3","ABRIL","2026"
"BOGOTA D.C.","BOGOTA","PARTICULAR","ACTIVO","TRACTOCAMION","2024","1","ABRIL","2026"
"BOGOTA D.C.","BOGOTA","NO REGISTRA","ACTIVO","TRACTOR","2024","3","ABRIL","2026"
"BOGOTA D.C.","BOGOTA","PARTICULAR","ACTIVO","TRICIMOTO","2024","6","ABRIL","2026"
"BOGOTA D.C.","BOGOTA","OFICIAL","ACTIVO","VOLQUETA","2024","1","ABRIL","2026"
"BOGOTA D.C.","BOGOTA","PÚBLICO","ACTIVO","VOLQUETA","2024","1","ABRIL","2026"
"BOGOTA D.C.","BOGOTA","NO REGISTRA","ACTIVO","APILADOR","2025","1","ABRIL","2026"
"BOGOTA D.C.","BOGOTA","OFICIAL","ACTIVO","AUTOMOVIL","2025","15","ABRIL","2026"
"BOGOTA D.C.","BOGOTA","PÚBLICO","ACTIVO","AUTOMOVIL","2025","1393","ABRIL","2026"
"BOGOTA D.C.","BOGOTA","PARTICULAR","ACTIVO","AUTOMOVIL","2025","12592","ABRIL","2026"
"BOGOTA D.C.","BOGOTA","NO REGISTRA","ACTIVO","BULDOZER","2025","5","ABRIL","2026"
"BOGOTA D.C.","BOGOTA","PARTICULAR","ACTIVO","BUS","2025","7","ABRIL","2026"
"BOGOTA D.C.","BOGOTA","OFICIAL","ACTIVO","BUS","2025","8","ABRIL","2026"
"BOGOTA D.C.","BOGOTA","PÚBLICO","ACTIVO","BUS","2025","6","ABRIL","2026"
"BOGOTA D.C.","BOGOTA","OFICIAL","ACTIVO","BUSETA","2025","2","ABRIL","2026"
"BOGOTA D.C.","BOGOTA","PÚBLICO","ACTIVO","BUSETA","2025","2","ABRIL","2026"
"BOGOTA D.C.","BOGOTA","PARTICULAR","ACTIVO","BUSETA","2025","2","ABRIL","2026"
"BOGOTA D.C.","BOGOTA","PÚBLICO","ACTIVO","CAMION","2025","52","ABRIL","2026"
"BOGOTA D.C.","BOGOTA","OFICIAL","ACTIVO","CAMION","2025","8","ABRIL","2026"
"BOGOTA D.C.","BOGOTA","PARTICULAR","ACTIVO","CAMION","2025","21","ABRIL","2026"
"BOGOTA D.C.","BOGOTA","NO REGISTRA","ACTIVO","CAMIÓN","2025","2","ABRIL","2026"
"BOGOTA D.C.","BOGOTA","NO REGISTRA","ACTIVO","CAMION CISTERNA","2025","1","ABRIL","2026"
"BOGOTA D.C.","BOGOTA","NO REGISTRA","ACTIVO","CAMIÓN GRÚA","2025","1","ABRIL","2026"
"BOGOTA D.C.","BOGOTA","OFICIAL","ACTIVO","CAMIONETA","2025","189","ABRIL","2026"
"BOGOTA D.C.","BOGOTA","PÚBLICO","ACTIVO","CAMIONETA","2025","683","ABRIL","2026"
"BOGOTA D.C.","BOGOTA","PARTICULAR","ACTIVO","CAMIONETA","2025","42001","ABRIL","2026"
"BOGOTA D.C.","BOGOTA","PÚBLICO","ACTIVO","CAMPERO","2025","35","ABRIL","2026"
"BOGOTA D.C.","BOGOTA","PARTICULAR","ACTIVO","CAMPERO","2025","2831","ABRIL","2026"
"BOGOTA D.C.","BOGOTA","OFICIAL","ACTIVO","CAMPERO","2025","74","ABRIL","2026"
"BOGOTA D.C.","BOGOTA","NO REGISTRA","ACTIVO","CARGADOR","2025","8","ABRIL","2026"
"BOGOTA D.C.","BOGOTA","PARTICULAR","ACTIVO","CICLOMOTOR","2025","15","ABRIL","2026"
"BOGOTA D.C.","BOGOTA","PARTICULAR","ACTIVO","CUADRICICLO","2025","41","ABRIL","2026"
"BOGOTA D.C.","BOGOTA","OFICIAL","ACTIVO","CUATRIMOTO","2025","1","ABRIL","2026"
"BOGOTA D.C.","BOGOTA","PARTICULAR","ACTIVO","CUATRIMOTO","2025","22","ABRIL","2026"
"BOGOTA D.C.","BOGOTA","NO REGISTRA","ACTIVO","DUMPER (VOLQUETA ARTICULADA)","2025","6","ABRIL","2026"
"BOGOTA D.C.","BOGOTA","NO REGISTRA","ACTIVO","EXCAVADORA","2025","16","ABRIL","2026"
"BOGOTA D.C.","BOGOTA","OFICIAL","ACTIVO","MICROBUS","2025","3","ABRIL","2026"
"BOGOTA D.C.","BOGOTA","PARTICULAR","ACTIVO","MICROBUS","2025","8","ABRIL","2026"
"BOGOTA D.C.","BOGOTA","PÚBLICO","ACTIVO","MICROBUS","2025","28","ABRIL","2026"
"BOGOTA D.C.","BOGOTA","NO REGISTRA","ACTIVO","MINI EXCAVADORA","2025","2","ABRIL","2026"
"BOGOTA D.C.","BOGOTA","NO REGISTRA","ACTIVO","MINICARGADOR","2025","17","ABRIL","2026"
"BOGOTA D.C.","BOGOTA","NO REGISTRA","ACTIVO","MONTACARGAS","2025","9","ABRIL","2026"
"BOGOTA D.C.","BOGOTA","PARTICULAR","ACTIVO","MOTOCARRO","2025","34","ABRIL","2026"
"BOGOTA D.C.","BOGOTA","PARTICULAR","ACTIVO","MOTOCICLETA","2025","2554","ABRIL","2026"
"BOGOTA D.C.","BOGOTA","OFICIAL","ACTIVO","MOTOCICLETA","2025","581","ABRIL","2026"
"BOGOTA D.C.","BOGOTA","NO REGISTRA","ACTIVO","PALA FRONTAL","2025","1","ABRIL","2026"
"BOGOTA D.C.","BOGOTA","NO REGISTRA","ACTIVO","RETROEXCAVADORA","2025","4","ABRIL","2026"
"BOGOTA D.C.","BOGOTA","NO REGISTRA","ACTIVO","SEMIREMOLQUE","2025","8","ABRIL","2026"
"BOGOTA D.C.","BOGOTA","OFICIAL","ACTIVO","SIN CLASE","2025","1","ABRIL","2026"
"BOGOTA D.C.","BOGOTA","PÚBLICO","ACTIVO","TRACTOCAMION","2025","5","ABRIL","2026"
"BOGOTA D.C.","BOGOTA","NO REGISTRA","ACTIVO","TRACTOR","2025","2","ABRIL","2026"
"BOGOTA D.C.","BOGOTA","NO REGISTRA","ACTIVO","TRACTOR SOBRE ORUGA","2025","1","ABRIL","2026"
"BOGOTA D.C.","BOGOTA","PARTICULAR","ACTIVO","TRICIMOTO","2025","2","ABRIL","2026"
"BOGOTA D.C.","BOGOTA","NO REGISTRA","ACTIVO","VIBROCOMPACTADORA","2025","2","ABRIL","2026"
"BOGOTA D.C.","BOGOTA","OFICIAL","ACTIVO","VOLQUETA","2025","16","ABRIL","2026"
"BOGOTA D.C.","BOGOTA","PÚBLICO","ACTIVO","VOLQUETA","2025","2","ABRIL","2026"
"BOGOTA D.C.","BOGOTA","PÚBLICO","ACTIVO","AUTOMOVIL","2026","342","ABRIL","2026"
"BOGOTA D.C.","BOGOTA","PARTICULAR","ACTIVO","AUTOMOVIL","2026","4358","ABRIL","2026"
"BOGOTA D.C.","BOGOTA","PÚBLICO","ACTIVO","BUS","2026","32","ABRIL","2026"
"BOGOTA D.C.","BOGOTA","PARTICULAR","ACTIVO","BUS","2026","2","ABRIL","2026"
"BOGOTA D.C.","BOGOTA","PARTICULAR","ACTIVO","BUSETA","2026","4","ABRIL","2026"
"BOGOTA D.C.","BOGOTA","PARTICULAR","ACTIVO","CAMION","2026","2","ABRIL","2026"
"BOGOTA D.C.","BOGOTA","PÚBLICO","ACTIVO","CAMION","2026","25","ABRIL","2026"
"BOGOTA D.C.","BOGOTA","OFICIAL","ACTIVO","CAMION","2026","22","ABRIL","2026"
"BOGOTA D.C.","BOGOTA","NO REGISTRA","ACTIVO","CAMIÓN GRÚA","2026","1","ABRIL","2026"
"BOGOTA D.C.","BOGOTA","PARTICULAR","ACTIVO","CAMIONETA","2026","15017","ABRIL","2026"
"BOGOTA D.C.","BOGOTA","PÚBLICO","ACTIVO","CAMIONETA","2026","197","ABRIL","2026"
"BOGOTA D.C.","BOGOTA","OFICIAL","ACTIVO","CAMIONETA","2026","37","ABRIL","2026"
"BOGOTA D.C.","BOGOTA","OFICIAL","ACTIVO","CAMPERO","2026","2","ABRIL","2026"
"BOGOTA D.C.","BOGOTA","PARTICULAR","ACTIVO","CAMPERO","2026","973","ABRIL","2026"
"BOGOTA D.C.","BOGOTA","PÚBLICO","ACTIVO","CAMPERO","2026","19","ABRIL","2026"
"BOGOTA D.C.","BOGOTA","NO REGISTRA","ACTIVO","CARGADOR","2026","2","ABRIL","2026"
"BOGOTA D.C.","BOGOTA","PARTICULAR","ACTIVO","CUADRICICLO","2026","3","ABRIL","2026"
"BOGOTA D.C.","BOGOTA","PARTICULAR","ACTIVO","CUATRIMOTO","2026","13","ABRIL","2026"
"BOGOTA D.C.","BOGOTA","NO REGISTRA","ACTIVO","EXCAVADORA","2026","1","ABRIL","2026"
"BOGOTA D.C.","BOGOTA","PARTICULAR","ACTIVO","MICROBUS","2026","2","ABRIL","2026"
"BOGOTA D.C.","BOGOTA","PÚBLICO","ACTIVO","MICROBUS","2026","4","ABRIL","2026"
"BOGOTA D.C.","BOGOTA","NO REGISTRA","ACTIVO","MINICARGADOR","2026","3","ABRIL","2026"
"BOGOTA D.C.","BOGOTA","NO REGISTRA","ACTIVO","MONTACARGAS","2026","7","ABRIL","2026"
"BOGOTA D.C.","BOGOTA","PARTICULAR","ACTIVO","MOTOCARRO","2026","4","ABRIL","2026"
"BOGOTA D.C.","BOGOTA","PARTICULAR","ACTIVO","MOTOCICLETA","2026","740","ABRIL","2026"
"BOGOTA D.C.","BOGOTA","OFICIAL","ACTIVO","MOTOCICLETA","2026","415","ABRIL","2026"
"BOGOTA D.C.","BOGOTA","NO REGISTRA","ACTIVO","RETROEXCAVADORA","2026","4","ABRIL","2026"
"BOGOTA D.C.","BOGOTA","PARTICULAR","ACTIVO","TRACTOCAMION","2026","1","ABRIL","2026"
"BOGOTA D.C.","BOGOTA","NO REGISTRA","ACTIVO","VIBROCOMPACTADORA","2026","1","ABRIL","2026"
"BOGOTA D.C.","BOGOTA","PÚBLICO","ACTIVO","VOLQUETA","2026","2","ABRIL","2026"
"BOGOTA D.C.","BOGOTA","OFICIAL","ACTIVO","VOLQUETA","2026","1","ABRIL","2026"
