{"type":"FeatureCollection","features":[{"type":"Feature","id":1,"geometry":{"type":"Point","coordinates":[-74.097008393388691,4.5657181096729644]},"properties":{"objectid":1,"numero_estacion":"10000","nombre_estacion":"Portal 20 de Julio","coordenada_x_estacion":997836.05949999997,"coordenada_y_estacion":996629.25439999998,"ubicacion_estacion":"Kra 5 a Cl 33 Sur","troncal_estacion":"Cr 7-10","numero_vagones_estacion":1,"numero_accesos_estacion":0,"biciestacion_estacion":"1","capacidad_biciestacion_estacion":216,"tipo_estacion":1,"biciparqueadero_estacion":1,"latitud_estacion":4.5657181099999997,"longitud_estacion":-74.097008389999999,"codigo_nodo_estacion":10500,"componente_wifi":"Valor SI al campo","componente_aplificacion":null,"globalid":"{B78C011F-6DE5-44A3-A7CA-3A399CB5B6C2}","created_user":null,"created_date":null,"last_edited_user":"editorTroncal","last_edited_date":1722866215000,"log_replica":null,"id_trazado_troncal":"TZ018"}},{"type":"Feature","id":2,"geometry":{"type":"Point","coordinates":[-74.094278892803402,4.7468150638759088]},"properties":{"objectid":2,"numero_estacion":"03000","nombre_estacion":"Portal Suba","coordenada_x_estacion":998139.42420000001,"coordenada_y_estacion":1016655.2375,"ubicacion_estacion":"Av Suba Av C. Cali","troncal_estacion":"Suba","numero_vagones_estacion":1,"numero_accesos_estacion":0,"biciestacion_estacion":"1","capacidad_biciestacion_estacion":324,"tipo_estacion":1,"biciparqueadero_estacion":1,"latitud_estacion":4.7468150600000003,"longitud_estacion":-74.094278889999998,"codigo_nodo_estacion":3000,"componente_wifi":"Valor SI al campo","componente_aplificacion":null,"globalid":"{BD590104-0BBB-459F-B755-35AB19174FA0}","created_user":null,"created_date":null,"last_edited_user":"editorTroncal","last_edited_date":1758817360000,"log_replica":null,"id_trazado_troncal":"TZ003"}},{"type":"Feature","id":3,"geometry":{"type":"Point","coordinates":[-74.12139544897596,4.6816043028457317]},"properties":{"objectid":3,"numero_estacion":"06000","nombre_estacion":"Portal El Dorado – C.C. NUESTRO BOGOTÁ","coordenada_x_estacion":995130.6531,"coordenada_y_estacion":1009444.2454,"ubicacion_estacion":"KR 87","troncal_estacion":"Calle 26","numero_vagones_estacion":1,"numero_accesos_estacion":0,"biciestacion_estacion":"1","capacidad_biciestacion_estacion":532,"tipo_estacion":1,"biciparqueadero_estacion":1,"latitud_estacion":4.6816042999999992,"longitud_estacion":-74.121395450000009,"codigo_nodo_estacion":6000,"componente_wifi":"Valor SI al campo","componente_aplificacion":null,"globalid":"{C0133415-310E-46CF-B5A9-666EA6E61807}","created_user":null,"created_date":null,"last_edited_user":"editorTroncal","last_edited_date":1735306701000,"log_replica":null,"id_trazado_troncal":"TZ016"}},{"type":"Feature","id":4,"geometry":{"type":"Point","coordinates":[-74.110506257108,4.7098294798463334]},"properties":{"objectid":4,"numero_estacion":"04000","nombre_estacion":"Portal 80","coordenada_x_estacion":996338.96250000002,"coordenada_y_estacion":1012565.3683,"ubicacion_estacion":"KR 96","troncal_estacion":"Calle 80","numero_vagones_estacion":1,"numero_accesos_estacion":0,"biciestacion_estacion":"1","capacidad_biciestacion_estacion":353,"tipo_estacion":1,"biciparqueadero_estacion":1,"latitud_estacion":4.7098294799999998,"longitud_estacion":-74.110506260000008,"codigo_nodo_estacion":4000,"componente_wifi":"PENDIENTE","componente_aplificacion":null,"globalid":"{C034C342-CDED-440B-8018-ACD556FFB217}","created_user":null,"created_date":null,"last_edited_user":"editorTroncal","last_edited_date":1722866217000,"log_replica":null,"id_trazado_troncal":"TZ005"}},{"type":"Feature","id":5,"geometry":{"type":"Point","coordinates":[-74.173058452395992,4.6293813020654246]},"properties":{"objectid":5,"numero_estacion":"05000","nombre_estacion":"Portal Américas","coordenada_x_estacion":989397.82770000002,"coordenada_y_estacion":1003669.9042,"ubicacion_estacion":"Av.Cali - CL 43 sur","troncal_estacion":"Americas","numero_vagones_estacion":1,"numero_accesos_estacion":0,"biciestacion_estacion":"1","capacidad_biciestacion_estacion":785,"tipo_estacion":1,"biciparqueadero_estacion":1,"latitud_estacion":4.6293812999999995,"longitud_estacion":-74.173058449999999,"codigo_nodo_estacion":5000,"componente_wifi":"Valor SI al campo","componente_aplificacion":null,"globalid":"{42C4A5F7-4BB2-43F1-9F34-3DD9E16D232C}","created_user":null,"created_date":null,"last_edited_user":"editorTroncal","last_edited_date":1722866217000,"log_replica":null,"id_trazado_troncal":"TZ009"}},{"type":"Feature","id":6,"geometry":{"type":"Point","coordinates":[-74.169397986805706,4.5970126857980302]},"properties":{"objectid":6,"numero_estacion":"07000","nombre_estacion":"Portal Sur - JFK Coop. Financiera","coordenada_x_estacion":989803.52720000001,"coordenada_y_estacion":1000090.4772,"ubicacion_estacion":"AutoSur-Kr 82","troncal_estacion":"NQS","numero_vagones_estacion":1,"numero_accesos_estacion":0,"biciestacion_estacion":"1","capacidad_biciestacion_estacion":220,"tipo_estacion":1,"biciparqueadero_estacion":1,"latitud_estacion":4.5970126899999997,"longitud_estacion":-74.169397990000007,"codigo_nodo_estacion":7000,"componente_wifi":"PENDIENTE","componente_aplificacion":null,"globalid":"{98739849-3736-44EC-BAB8-A048BA2E2972}","created_user":null,"created_date":null,"last_edited_user":"editorTroncal","last_edited_date":1722866218000,"log_replica":null,"id_trazado_troncal":"TZ010"}},{"type":"Feature","id":7,"geometry":{"type":"Point","coordinates":[-74.13924019044012,4.569571454989191]},"properties":{"objectid":7,"numero_estacion":"08000","nombre_estacion":"Portal Tunal","coordenada_x_estacion":993149.69169999997,"coordenada_y_estacion":997055.62710000004,"ubicacion_estacion":"Av. Boyaca - Av Villavicencio","troncal_estacion":"Tunal","numero_vagones_estacion":1,"numero_accesos_estacion":0,"biciestacion_estacion":"0","capacidad_biciestacion_estacion":0,"tipo_estacion":1,"biciparqueadero_estacion":0,"latitud_estacion":4.5695714599999997,"longitud_estacion":-74.13924019000001,"codigo_nodo_estacion":8000,"componente_wifi":"Valor SI al campo","componente_aplificacion":null,"globalid":"{DE0322D2-9085-4AD4-BA9E-2F530F05F25B}","created_user":null,"created_date":null,"last_edited_user":"editorTroncal","last_edited_date":1722866218000,"log_replica":null,"id_trazado_troncal":"TZ014"}},{"type":"Feature","id":8,"geometry":{"type":"Point","coordinates":[-74.119390978249996,4.5317145749027139]},"properties":{"objectid":8,"numero_estacion":"09000","nombre_estacion":"Portal Usme","coordenada_x_estacion":995352.07720000006,"coordenada_y_estacion":992869.20559999999,"ubicacion_estacion":"CL 65C Sur","troncal_estacion":"Caracas","numero_vagones_estacion":1,"numero_accesos_estacion":0,"biciestacion_estacion":"0","capacidad_biciestacion_estacion":0,"tipo_estacion":1,"biciparqueadero_estacion":0,"latitud_estacion":4.53171458,"longitud_estacion":-74.119390979999991,"codigo_nodo_estacion":9000,"componente_wifi":"Valor SI al campo","componente_aplificacion":null,"globalid":"{C9978169-88EB-4454-899D-7613804E8B9F}","created_user":null,"created_date":null,"last_edited_user":"editorTroncal","last_edited_date":1722866219000,"log_replica":null,"id_trazado_troncal":"TZ013"}},{"type":"Feature","id":9,"geometry":{"type":"Point","coordinates":[-74.074571227161002,4.6663498308286826]},"properties":{"objectid":9,"numero_estacion":"07103","nombre_estacion":"AV. Chile","coordenada_x_estacion":1000326.9067000001,"coordenada_y_estacion":1007756.2952000001,"ubicacion_estacion":"Kr 30 Cl 72","troncal_estacion":"NQS","numero_vagones_estacion":3,"numero_accesos_estacion":2,"biciestacion_estacion":"0","capacidad_biciestacion_estacion":0,"tipo_estacion":4,"biciparqueadero_estacion":0,"latitud_estacion":4.6663413799999995,"longitud_estacion":-74.074561560000006,"codigo_nodo_estacion":7103,"componente_wifi":null,"componente_aplificacion":null,"globalid":"{57C9788C-069C-476E-910F-0D2335C50534}","created_user":null,"created_date":null,"last_edited_user":"editorTroncal","last_edited_date":1722866219000,"log_replica":null,"id_trazado_troncal":"TZ008"}},{"type":"Feature","id":10,"geometry":{"type":"Point","coordinates":[-74.099041168451492,4.6468855229774269]},"properties":{"objectid":10,"numero_estacion":"06103","nombre_estacion":"CAN - British Council","coordenada_x_estacion":997610.04350000003,"coordenada_y_estacion":1005604.3582,"ubicacion_estacion":"KR 60","troncal_estacion":"Calle 26","numero_vagones_estacion":2,"numero_accesos_estacion":1,"biciestacion_estacion":"0","capacidad_biciestacion_estacion":0,"tipo_estacion":4,"biciparqueadero_estacion":0,"latitud_estacion":4.6468808899999994,"longitud_estacion":-74.099047589999998,"codigo_nodo_estacion":6103,"componente_wifi":null,"componente_aplificacion":null,"globalid":"{5FD58C2C-6805-41FB-9E0B-580B17796F0E}","created_user":null,"created_date":null,"last_edited_user":"editorTroncal","last_edited_date":1735306701000,"log_replica":null,"id_trazado_troncal":"TZ016"}},{"type":"Feature","id":11,"geometry":{"type":"Point","coordinates":[-74.078809039476255,4.6454014658030447]},"properties":{"objectid":11,"numero_estacion":"07106","nombre_estacion":"Campín - UAN","coordenada_x_estacion":999867.82759999996,"coordenada_y_estacion":1005440.124,"ubicacion_estacion":"Kr 30 Cl 53","troncal_estacion":"NQS","numero_vagones_estacion":2,"numero_accesos_estacion":2,"biciestacion_estacion":"0","capacidad_biciestacion_estacion":0,"tipo_estacion":4,"biciparqueadero_estacion":0,"latitud_estacion":4.6453960299999997,"longitud_estacion":-74.07869912999999,"codigo_nodo_estacion":7106,"componente_wifi":null,"componente_aplificacion":null,"globalid":"{C7FE97EC-5E36-4B70-BCF3-09944D46C204}","created_user":null,"created_date":null,"last_edited_user":"editorTroncal","last_edited_date":1722866220000,"log_replica":null,"id_trazado_troncal":"TZ008"}},{"type":"Feature","id":12,"geometry":{"type":"Point","coordinates":[-74.071482909938652,4.6108892226974003]},"properties":{"objectid":12,"numero_estacion":"10008","nombre_estacion":"San Diego","coordenada_x_estacion":1000667.0148,"coordenada_y_estacion":1001625.2083000001,"ubicacion_estacion":"Kra 10- CL 23","troncal_estacion":"Cr 7-10","numero_vagones_estacion":2,"numero_accesos_estacion":2,"biciestacion_estacion":"0","capacidad_biciestacion_estacion":0,"tipo_estacion":4,"biciparqueadero_estacion":0,"latitud_estacion":4.6108973300000002,"longitud_estacion":-74.071496699999997,"codigo_nodo_estacion":10008,"componente_wifi":null,"componente_aplificacion":null,"globalid":"{7864D35D-5E80-40CF-94A1-ED91FC8B3DCF}","created_user":null,"created_date":null,"last_edited_user":"editorTroncal","last_edited_date":1722866220000,"log_replica":null,"id_trazado_troncal":"TZ018"}},{"type":"Feature","id":13,"geometry":{"type":"Point","coordinates":[-74.096003155131115,4.6991654523731627]},"properties":{"objectid":13,"numero_estacion":"04100","nombre_estacion":"Granja - Kr 77","coordenada_x_estacion":997946.62280000001,"coordenada_y_estacion":1011384.1234,"ubicacion_estacion":"KR 77 Bis","troncal_estacion":"Calle 80","numero_vagones_estacion":4,"numero_accesos_estacion":2,"biciestacion_estacion":"0","capacidad_biciestacion_estacion":0,"tipo_estacion":2,"biciparqueadero_estacion":0,"latitud_estacion":4.6991479199999997,"longitud_estacion":-74.096015510000001,"codigo_nodo_estacion":4100,"componente_wifi":null,"componente_aplificacion":null,"globalid":"{2CAD6A7C-1FB3-4C3C-9148-15E549A934C0}","created_user":null,"created_date":null,"last_edited_user":"editorTroncal","last_edited_date":1722866221000,"log_replica":null,"id_trazado_troncal":"TZ005"}},{"type":"Feature","id":14,"geometry":{"type":"Point","coordinates":[-74.093868891940843,4.611686207934004]},"properties":{"objectid":14,"numero_estacion":"07111","nombre_estacion":"Ricaurte - NQS","coordenada_x_estacion":998184.56339999998,"coordenada_y_estacion":1001712.4604,"ubicacion_estacion":"Kr 30 Cl 10","troncal_estacion":"NQS","numero_vagones_estacion":3,"numero_accesos_estacion":2,"biciestacion_estacion":"1","capacidad_biciestacion_estacion":165,"tipo_estacion":3,"biciparqueadero_estacion":1,"latitud_estacion":4.6116862000000003,"longitud_estacion":-74.093868880000002,"codigo_nodo_estacion":7111,"componente_wifi":null,"componente_aplificacion":null,"globalid":"{26DB3027-7F24-436B-B25C-8B791E9274A1}","created_user":null,"created_date":null,"last_edited_user":"editorTroncal","last_edited_date":1722866221000,"log_replica":null,"id_trazado_troncal":"TZ008"}},{"type":"Feature","id":15,"geometry":{"type":"Point","coordinates":[-74.108725604856488,4.7067438501002981]},"properties":{"objectid":15,"numero_estacion":"04001","nombre_estacion":"Quirigua","coordenada_x_estacion":996536.5037,"coordenada_y_estacion":1012224.1448,"ubicacion_estacion":"KR 94","troncal_estacion":"Calle 80","numero_vagones_estacion":1,"numero_accesos_estacion":1,"biciestacion_estacion":"0","capacidad_biciestacion_estacion":0,"tipo_estacion":4,"biciparqueadero_estacion":0,"latitud_estacion":4.7067438499999996,"longitud_estacion":-74.1087256,"codigo_nodo_estacion":4001,"componente_wifi":null,"componente_aplificacion":null,"globalid":"{93A68032-AB40-47FD-BA43-CFEB8DDDE58F}","created_user":null,"created_date":null,"last_edited_user":"editorTroncal","last_edited_date":1722866222000,"log_replica":null,"id_trazado_troncal":"TZ005"}},{"type":"Feature","id":16,"geometry":{"type":"Point","coordinates":[-74.071362517758118,4.6701977447968117]},"properties":{"objectid":16,"numero_estacion":"07102","nombre_estacion":"Calle 75","coordenada_x_estacion":1000687.6499,"coordenada_y_estacion":1008178.0879,"ubicacion_estacion":"Kr 30 - Cl 75A","troncal_estacion":"NQS","numero_vagones_estacion":2,"numero_accesos_estacion":1,"biciestacion_estacion":"0","capacidad_biciestacion_estacion":0,"tipo_estacion":4,"biciparqueadero_estacion":0,"latitud_estacion":4.6701556699999998,"longitud_estacion":-74.071310209999993,"codigo_nodo_estacion":7102,"componente_wifi":null,"componente_aplificacion":null,"globalid":"{E3D41B50-7096-4EE0-BF57-64E4DCEF5525}","created_user":null,"created_date":null,"last_edited_user":"editorTroncal","last_edited_date":1757435172000,"log_replica":null,"id_trazado_troncal":"TZ008"}},{"type":"Feature","id":17,"geometry":{"type":"Point","coordinates":[-74.087123583104159,4.6939414434451869]},"properties":{"objectid":17,"numero_estacion":"04102","nombre_estacion":"AV. Boyacá","coordenada_x_estacion":998934.35430000001,"coordenada_y_estacion":1010809.5358,"ubicacion_estacion":"Transversal 69 B","troncal_estacion":"Calle 80","numero_vagones_estacion":2,"numero_accesos_estacion":1,"biciestacion_estacion":"0","capacidad_biciestacion_estacion":0,"tipo_estacion":4,"biciparqueadero_estacion":0,"latitud_estacion":4.69395205,"longitud_estacion":-74.087112770000005,"codigo_nodo_estacion":4102,"componente_wifi":null,"componente_aplificacion":null,"globalid":"{20AE2664-F37D-4D77-829D-A4921DA5A36C}","created_user":null,"created_date":null,"last_edited_user":"editorTroncal","last_edited_date":1722866223000,"log_replica":null,"id_trazado_troncal":"TZ005"}},{"type":"Feature","id":18,"geometry":{"type":"Point","coordinates":[-74.120081608823995,4.5758031033475701]},"properties":{"objectid":18,"numero_estacion":"09100","nombre_estacion":"Calle 40 Sur","coordenada_x_estacion":995274.38379999995,"coordenada_y_estacion":997750.20409999997,"ubicacion_estacion":"CL 38 Sur - CL 40 Su","troncal_estacion":"Caracas","numero_vagones_estacion":3,"numero_accesos_estacion":2,"biciestacion_estacion":"0","capacidad_biciestacion_estacion":0,"tipo_estacion":2,"biciparqueadero_estacion":0,"latitud_estacion":4.5758539899999997,"longitud_estacion":-74.120093680000011,"codigo_nodo_estacion":9100,"componente_wifi":null,"componente_aplificacion":null,"globalid":"{A5456F43-9935-446E-AE36-B743B34E6A32}","created_user":null,"created_date":null,"last_edited_user":"editorTroncal","last_edited_date":1722866223000,"log_replica":null,"id_trazado_troncal":"TZ012"}},{"type":"Feature","id":19,"geometry":{"type":"Point","coordinates":[-74.134224558985338,4.6301177902893205]},"properties":{"objectid":19,"numero_estacion":"05102","nombre_estacion":"AV. Américas - AV. Boyacá","coordenada_x_estacion":993706.74340000004,"coordenada_y_estacion":1003750.3983,"ubicacion_estacion":"Av. Americas -KR 71","troncal_estacion":"Americas","numero_vagones_estacion":2,"numero_accesos_estacion":1,"biciestacion_estacion":"1","capacidad_biciestacion_estacion":32,"tipo_estacion":4,"biciparqueadero_estacion":1,"latitud_estacion":4.6301133999999999,"longitud_estacion":-74.134225050000012,"codigo_nodo_estacion":5102,"componente_wifi":null,"componente_aplificacion":null,"globalid":"{5768880A-8E04-4627-A0FA-ECCBE44A5E95}","created_user":null,"created_date":null,"last_edited_user":"editorTroncal","last_edited_date":1722866223000,"log_replica":null,"id_trazado_troncal":"TZ009"}},{"type":"Feature","id":20,"geometry":{"type":"Point","coordinates":[-74.130159397386961,4.629720078866236]},"properties":{"objectid":20,"numero_estacion":"05103","nombre_estacion":"Marsella","coordenada_x_estacion":994157.46860000002,"coordenada_y_estacion":1003703.0582,"ubicacion_estacion":"Av. Americas -KR 69C","troncal_estacion":"Americas","numero_vagones_estacion":3,"numero_accesos_estacion":1,"biciestacion_estacion":"1","capacidad_biciestacion_estacion":32,"tipo_estacion":4,"biciparqueadero_estacion":1,"latitud_estacion":4.6296856100000001,"longitud_estacion":-74.130162920000004,"codigo_nodo_estacion":5103,"componente_wifi":null,"componente_aplificacion":null,"globalid":"{479753B8-242D-41EF-8C2E-56AEA9ADEBC3}","created_user":null,"created_date":null,"last_edited_user":"editorTroncal","last_edited_date":1722866224000,"log_replica":null,"id_trazado_troncal":"TZ009"}},{"type":"Feature","id":21,"geometry":{"type":"Point","coordinates":[-74.072276943044827,4.7119309772020834]},"properties":{"objectid":21,"numero_estacion":"03006","nombre_estacion":"Niza - Calle 127","coordenada_x_estacion":1000579.8469,"coordenada_y_estacion":1012797.5673,"ubicacion_estacion":"Av Suba CL 127","troncal_estacion":"Suba","numero_vagones_estacion":2,"numero_accesos_estacion":2,"biciestacion_estacion":"0","capacidad_biciestacion_estacion":0,"tipo_estacion":4,"biciparqueadero_estacion":0,"latitud_estacion":4.7119300400000004,"longitud_estacion":-74.07228151999999,"codigo_nodo_estacion":3006,"componente_wifi":null,"componente_aplificacion":null,"globalid":"{D2DCC3CD-529B-423C-8FE6-BF2BDFC44B73}","created_user":null,"created_date":null,"last_edited_user":"editorTroncal","last_edited_date":1722866224000,"log_replica":null,"id_trazado_troncal":"TZ003"}},{"type":"Feature","id":22,"geometry":{"type":"Point","coordinates":[-74.091060082331566,4.7425383451506002]},"properties":{"objectid":22,"numero_estacion":"03001","nombre_estacion":"La Campiña","coordenada_x_estacion":998496.9338,"coordenada_y_estacion":1016182.7993,"ubicacion_estacion":"Av Suba Kr 98A","troncal_estacion":"Suba","numero_vagones_estacion":3,"numero_accesos_estacion":1,"biciestacion_estacion":"0","capacidad_biciestacion_estacion":0,"tipo_estacion":4,"biciparqueadero_estacion":0,"latitud_estacion":4.7425428399999996,"longitud_estacion":-74.091056269999996,"codigo_nodo_estacion":3001,"componente_wifi":null,"componente_aplificacion":null,"globalid":"{AA913FC7-BA80-4E06-AF69-7213BA8F4508}","created_user":null,"created_date":null,"last_edited_user":"editorTroncal","last_edited_date":1722866225000,"log_replica":null,"id_trazado_troncal":"TZ003"}},{"type":"Feature","id":23,"geometry":{"type":"Point","coordinates":[-74.152067825393786,4.6341946445310134]},"properties":{"objectid":23,"numero_estacion":"05005","nombre_estacion":"Transversal 86","coordenada_x_estacion":991727.52439999999,"coordenada_y_estacion":1004202.4412999999,"ubicacion_estacion":"Av. Americas -tv. 86","troncal_estacion":"Americas","numero_vagones_estacion":2,"numero_accesos_estacion":1,"biciestacion_estacion":"0","capacidad_biciestacion_estacion":0,"tipo_estacion":4,"biciparqueadero_estacion":0,"latitud_estacion":4.6341996100000005,"longitud_estacion":-74.152062920000006,"codigo_nodo_estacion":5005,"componente_wifi":null,"componente_aplificacion":null,"globalid":"{248DDB44-C701-4558-B138-13D67816C8E4}","created_user":null,"created_date":null,"last_edited_user":"editorTroncal","last_edited_date":1722866225000,"log_replica":null,"id_trazado_troncal":"TZ009"}},{"type":"Feature","id":24,"geometry":{"type":"Point","coordinates":[-74.089682334550076,4.6343486929589819]},"properties":{"objectid":24,"numero_estacion":"06106","nombre_estacion":"Corferias","coordenada_x_estacion":998647.88890000002,"coordenada_y_estacion":1004214.6898000001,"ubicacion_estacion":"KR 43","troncal_estacion":"Calle 26","numero_vagones_estacion":2,"numero_accesos_estacion":1,"biciestacion_estacion":"0","capacidad_biciestacion_estacion":0,"tipo_estacion":4,"biciparqueadero_estacion":0,"latitud_estacion":4.6343141999999995,"longitud_estacion":-74.089693710000006,"codigo_nodo_estacion":6106,"componente_wifi":null,"componente_aplificacion":null,"globalid":"{5CD45C09-96ED-45CE-89EC-D580D184C895}","created_user":null,"created_date":null,"last_edited_user":"editorTroncal","last_edited_date":1722866226000,"log_replica":null,"id_trazado_troncal":"TZ016"}},{"type":"Feature","id":25,"geometry":{"type":"Point","coordinates":[-74.094923768105986,4.6041839686963346]},"properties":{"objectid":25,"numero_estacion":"07201","nombre_estacion":"Guatoque - Veraguas","coordenada_x_estacion":998067.09140000003,"coordenada_y_estacion":1000882.2818,"ubicacion_estacion":"kr 27","troncal_estacion":"Calle 6","numero_vagones_estacion":2,"numero_accesos_estacion":2,"biciestacion_estacion":"0","capacidad_biciestacion_estacion":0,"tipo_estacion":4,"biciparqueadero_estacion":0,"latitud_estacion":4.6041787799999998,"longitud_estacion":-74.094927369999994,"codigo_nodo_estacion":13003,"componente_wifi":null,"componente_aplificacion":null,"globalid":"{990C9A6A-C70F-4FC5-AAF5-E0BCFCA7CEB8}","created_user":null,"created_date":null,"last_edited_user":"editorTroncal","last_edited_date":1722866226000,"log_replica":null,"id_trazado_troncal":"TZ007"}},{"type":"Feature","id":26,"geometry":{"type":"Point","coordinates":[-74.093966345783073,4.6161181418846491]},"properties":{"objectid":26,"numero_estacion":"12002","nombre_estacion":"CDS - Carrera 32","coordenada_x_estacion":998175.26049999997,"coordenada_y_estacion":1002204.1604000001,"ubicacion_estacion":"Av. Americas -KR 32","troncal_estacion":"Americas","numero_vagones_estacion":2,"numero_accesos_estacion":2,"biciestacion_estacion":"0","capacidad_biciestacion_estacion":0,"tipo_estacion":4,"biciparqueadero_estacion":0,"latitud_estacion":4.6161326900000006,"longitud_estacion":-74.093952819999998,"codigo_nodo_estacion":12002,"componente_wifi":null,"componente_aplificacion":null,"globalid":"{C2774856-E325-4B1A-8258-FCF37A2F24C8}","created_user":null,"created_date":null,"last_edited_user":"editorTroncal","last_edited_date":1722866227000,"log_replica":null,"id_trazado_troncal":"TZ009"}},{"type":"Feature","id":27,"geometry":{"type":"Point","coordinates":[-74.083507986506731,4.6308934771005577]},"properties":{"objectid":27,"numero_estacion":"06107","nombre_estacion":"Ciudad Universitaria - Lotería de Bogotá","coordenada_x_estacion":999332.09970000002,"coordenada_y_estacion":1003834.8967,"ubicacion_estacion":"KR 34","troncal_estacion":"Calle 26","numero_vagones_estacion":2,"numero_accesos_estacion":2,"biciestacion_estacion":"0","capacidad_biciestacion_estacion":0,"tipo_estacion":4,"biciparqueadero_estacion":0,"latitud_estacion":4.63087977,"longitud_estacion":-74.083527290000006,"codigo_nodo_estacion":6107,"componente_wifi":null,"componente_aplificacion":null,"globalid":"{95D4A8A9-CDAC-4A63-AE31-F2F77B952301}","created_user":null,"created_date":null,"last_edited_user":"editorTroncal","last_edited_date":1722866227000,"log_replica":null,"id_trazado_troncal":"TZ016"}},{"type":"Feature","id":28,"geometry":{"type":"Point","coordinates":[-74.07937933347911,4.637123142041685]},"properties":{"objectid":28,"numero_estacion":"07107","nombre_estacion":"Universidad Nacional","coordenada_x_estacion":999798.81059999997,"coordenada_y_estacion":1004524.8136,"ubicacion_estacion":"Kr 30 Cl 45","troncal_estacion":"NQS","numero_vagones_estacion":3,"numero_accesos_estacion":2,"biciestacion_estacion":"0","capacidad_biciestacion_estacion":0,"tipo_estacion":4,"biciparqueadero_estacion":0,"latitud_estacion":4.6371187900000006,"longitud_estacion":-74.079321129999997,"codigo_nodo_estacion":7107,"componente_wifi":null,"componente_aplificacion":null,"globalid":"{D4DB3D1D-0B81-4A6F-B421-F7F39806FA2D}","created_user":null,"created_date":null,"last_edited_user":"editorTroncal","last_edited_date":1722866227000,"log_replica":null,"id_trazado_troncal":"TZ008"}},{"type":"Feature","id":29,"geometry":{"type":"Point","coordinates":[-74.108795439430537,4.6619311827179377]},"properties":{"objectid":29,"numero_estacion":"06100","nombre_estacion":"Av. Rojas – UNISALESIANA","coordenada_x_estacion":996532.47100000002,"coordenada_y_estacion":1007271.0248,"ubicacion_estacion":"CL 26-KR 69 d","troncal_estacion":"Calle 26","numero_vagones_estacion":3,"numero_accesos_estacion":1,"biciestacion_estacion":"1","capacidad_biciestacion_estacion":104,"tipo_estacion":4,"biciparqueadero_estacion":1,"latitud_estacion":4.66195235,"longitud_estacion":-74.10875996,"codigo_nodo_estacion":6100,"componente_wifi":null,"componente_aplificacion":null,"globalid":"{392A3431-A259-4225-90A2-43E472608DAA}","created_user":null,"created_date":null,"last_edited_user":"editorTroncal","last_edited_date":1722866228000,"log_replica":null,"id_trazado_troncal":"TZ016"}},{"type":"Feature","id":30,"geometry":{"type":"Point","coordinates":[-74.083851910863828,4.598137462513769]},"properties":{"objectid":30,"numero_estacion":"09109","nombre_estacion":"Tercer Milenio","coordenada_x_estacion":999297.63130000001,"coordenada_y_estacion":1000213.0551999999,"ubicacion_estacion":"CL 8 - CL 6","troncal_estacion":"Caracas","numero_vagones_estacion":3,"numero_accesos_estacion":2,"biciestacion_estacion":"0","capacidad_biciestacion_estacion":0,"tipo_estacion":4,"biciparqueadero_estacion":0,"latitud_estacion":4.5981270700000003,"longitud_estacion":-74.083837639999999,"codigo_nodo_estacion":9109,"componente_wifi":null,"componente_aplificacion":null,"globalid":"{E060AB7F-F940-445E-AA7D-0C522A6D0AFB}","created_user":null,"created_date":null,"last_edited_user":"editorTroncal","last_edited_date":1722866228000,"log_replica":null,"id_trazado_troncal":"TZ001"}},{"type":"Feature","id":31,"geometry":{"type":"Point","coordinates":[-74.080256568488579,4.6260016900896614]},"properties":{"objectid":31,"numero_estacion":"06108","nombre_estacion":"Concejo de Bogotá","coordenada_x_estacion":999692.36569999997,"coordenada_y_estacion":1003293.3903,"ubicacion_estacion":"KR 38","troncal_estacion":"Calle 26","numero_vagones_estacion":2,"numero_accesos_estacion":1,"biciestacion_estacion":"0","capacidad_biciestacion_estacion":0,"tipo_estacion":4,"biciparqueadero_estacion":0,"latitud_estacion":4.6259828899999995,"longitud_estacion":-74.08028041,"codigo_nodo_estacion":6108,"componente_wifi":null,"componente_aplificacion":null,"globalid":"{478777B4-5CE3-4CE5-A844-A6C8B0DFEFE8}","created_user":null,"created_date":null,"last_edited_user":"editorTroncal","last_edited_date":1722866229000,"log_replica":null,"id_trazado_troncal":"TZ016"}},{"type":"Feature","id":32,"geometry":{"type":"Point","coordinates":[-74.123746450840443,4.5937326216891377]},"properties":{"objectid":32,"numero_estacion":"07007","nombre_estacion":"NQS - Calle 38A S","coordenada_x_estacion":994868.33680000005,"coordenada_y_estacion":999733.84759999998,"ubicacion_estacion":"AutoSur - Kr 39A","troncal_estacion":"NQS","numero_vagones_estacion":2,"numero_accesos_estacion":1,"biciestacion_estacion":"0","capacidad_biciestacion_estacion":0,"tipo_estacion":4,"biciparqueadero_estacion":0,"latitud_estacion":4.5937920700000001,"longitud_estacion":-74.123754000000005,"codigo_nodo_estacion":7007,"componente_wifi":null,"componente_aplificacion":null,"globalid":"{534CCB54-602F-4D1D-913F-008965744933}","created_user":null,"created_date":null,"last_edited_user":"editorTroncal","last_edited_date":1722866229000,"log_replica":null,"id_trazado_troncal":"TZ010"}},{"type":"Feature","id":33,"geometry":{"type":"Point","coordinates":[-74.077755084013248,4.6573037379036961]},"properties":{"objectid":33,"numero_estacion":"07104","nombre_estacion":"7 de Agosto","coordenada_x_estacion":999982.80489999999,"coordenada_y_estacion":1006755.4525,"ubicacion_estacion":"Kr 30 CL 63","troncal_estacion":"NQS","numero_vagones_estacion":2,"numero_accesos_estacion":1,"biciestacion_estacion":"0","capacidad_biciestacion_estacion":0,"tipo_estacion":4,"biciparqueadero_estacion":0,"latitud_estacion":4.6572906799999991,"longitud_estacion":-74.077662889999999,"codigo_nodo_estacion":7104,"componente_wifi":null,"componente_aplificacion":null,"globalid":"{3CC12242-4176-406B-B84B-9B56C3490042}","created_user":null,"created_date":null,"last_edited_user":"editorTroncal","last_edited_date":1722866230000,"log_replica":null,"id_trazado_troncal":"TZ008"}},{"type":"Feature","id":34,"geometry":{"type":"Point","coordinates":[-74.080484648084791,4.6857130486488279]},"properties":{"objectid":34,"numero_estacion":"04104","nombre_estacion":"AV. 68","coordenada_x_estacion":999671.46329999994,"coordenada_y_estacion":1009899.8381000001,"ubicacion_estacion":"KR 68D","troncal_estacion":"Calle 80","numero_vagones_estacion":2,"numero_accesos_estacion":1,"biciestacion_estacion":"0","capacidad_biciestacion_estacion":0,"tipo_estacion":4,"biciparqueadero_estacion":0,"latitud_estacion":4.6857256399999994,"longitud_estacion":-74.080469039999997,"codigo_nodo_estacion":4104,"componente_wifi":null,"componente_aplificacion":null,"globalid":"{7BF550FE-3387-45B5-AFF9-C1075E8E597B}","created_user":null,"created_date":null,"last_edited_user":"editorTroncal","last_edited_date":1722866230000,"log_replica":null,"id_trazado_troncal":"TZ005"}},{"type":"Feature","id":35,"geometry":{"type":"Point","coordinates":[-74.11158027051134,4.6278932459843007]},"properties":{"objectid":35,"numero_estacion":"05107","nombre_estacion":"Distrito Grafiti","coordenada_x_estacion":996219.29130000004,"coordenada_y_estacion":1003503.9181,"ubicacion_estacion":"Av. Americas -KR 53A","troncal_estacion":"Americas","numero_vagones_estacion":2,"numero_accesos_estacion":1,"biciestacion_estacion":"0","capacidad_biciestacion_estacion":0,"tipo_estacion":4,"biciparqueadero_estacion":0,"latitud_estacion":4.6278858999999999,"longitud_estacion":-74.111580950000004,"codigo_nodo_estacion":5107,"componente_wifi":null,"componente_aplificacion":null,"globalid":"{325062EE-FBF1-403D-A521-F7ACC33F73A6}","created_user":null,"created_date":null,"last_edited_user":"editorTroncal","last_edited_date":1722866230000,"log_replica":null,"id_trazado_troncal":"TZ009"}},{"type":"Feature","id":36,"geometry":{"type":"Point","coordinates":[-74.064750965803512,4.6706908677741454]},"properties":{"objectid":36,"numero_estacion":"04108","nombre_estacion":"Polo – FINCOMERCIO","coordenada_x_estacion":1001415.651,"coordenada_y_estacion":1008237.4749,"ubicacion_estacion":"Transversal 27","troncal_estacion":"Calle 80","numero_vagones_estacion":3,"numero_accesos_estacion":1,"biciestacion_estacion":"0","capacidad_biciestacion_estacion":0,"tipo_estacion":4,"biciparqueadero_estacion":0,"latitud_estacion":4.6706926300000005,"longitud_estacion":-74.064748820000005,"codigo_nodo_estacion":4108,"componente_wifi":null,"componente_aplificacion":null,"globalid":"{19DB183F-ABC0-4ABC-B255-0CED4FF47E3C}","created_user":null,"created_date":null,"last_edited_user":"editorTroncal","last_edited_date":1722866231000,"log_replica":null,"id_trazado_troncal":"TZ005"}},{"type":"Feature","id":37,"geometry":{"type":"Point","coordinates":[-74.08876166949652,4.5997864619419628]},"properties":{"objectid":37,"numero_estacion":"07200","nombre_estacion":"Tygua - San José","coordenada_x_estacion":998750.93299999996,"coordenada_y_estacion":1000396.1343,"ubicacion_estacion":"kr 18","troncal_estacion":"Calle 6","numero_vagones_estacion":2,"numero_accesos_estacion":2,"biciestacion_estacion":"0","capacidad_biciestacion_estacion":0,"tipo_estacion":4,"biciparqueadero_estacion":0,"latitud_estacion":4.5997826100000001,"longitud_estacion":-74.088764490000003,"codigo_nodo_estacion":13002,"componente_wifi":null,"componente_aplificacion":null,"globalid":"{771610BE-40F8-4CF5-9B34-F5D00DB9AA08}","created_user":null,"created_date":null,"last_edited_user":"editorTroncal","last_edited_date":1722866231000,"log_replica":null,"id_trazado_troncal":"TZ007"}},{"type":"Feature","id":38,"geometry":{"type":"Point","coordinates":[-74.093079636574856,4.6375375655843696]},"properties":{"objectid":38,"numero_estacion":"06105","nombre_estacion":"Quinta Paredes","coordenada_x_estacion":998269.51540000003,"coordenada_y_estacion":1004569.4308,"ubicacion_estacion":"KR 47","troncal_estacion":"Calle 26","numero_vagones_estacion":2,"numero_accesos_estacion":1,"biciestacion_estacion":"1","capacidad_biciestacion_estacion":48,"tipo_estacion":4,"biciparqueadero_estacion":1,"latitud_estacion":4.63752209,"longitud_estacion":-74.093103840000012,"codigo_nodo_estacion":6105,"componente_wifi":null,"componente_aplificacion":null,"globalid":"{CE4E8E67-32BC-4DD9-94E0-1646CF33EA9F}","created_user":null,"created_date":null,"last_edited_user":"editorTroncal","last_edited_date":1722866232000,"log_replica":null,"id_trazado_troncal":"TZ016"}},{"type":"Feature","id":39,"geometry":{"type":"Point","coordinates":[-74.101635808691839,4.650874799557748]},"properties":{"objectid":39,"numero_estacion":"06102","nombre_estacion":"Salitre El Greco - Vive Claro","coordenada_x_estacion":997321.88919999998,"coordenada_y_estacion":1006045.3877,"ubicacion_estacion":"KR 66","troncal_estacion":"Calle 26","numero_vagones_estacion":2,"numero_accesos_estacion":1,"biciestacion_estacion":"0","capacidad_biciestacion_estacion":0,"tipo_estacion":4,"biciparqueadero_estacion":0,"latitud_estacion":4.6508690800000005,"longitud_estacion":-74.101644740000012,"codigo_nodo_estacion":6102,"componente_wifi":null,"componente_aplificacion":null,"globalid":"{9D399346-2B2B-4036-B8D7-30929F304366}","created_user":null,"created_date":null,"last_edited_user":"editorTroncal","last_edited_date":1751635994000,"log_replica":null,"id_trazado_troncal":"TZ016"}},{"type":"Feature","id":40,"geometry":{"type":"Point","coordinates":[-74.09868348096272,4.6203282949576758]},"properties":{"objectid":40,"numero_estacion":"12007","nombre_estacion":"Zona Industrial","coordenada_x_estacion":997649.78890000004,"coordenada_y_estacion":1002667.4774,"ubicacion_estacion":"CL 13 KR 38","troncal_estacion":"Americas","numero_vagones_estacion":2,"numero_accesos_estacion":2,"biciestacion_estacion":"0","capacidad_biciestacion_estacion":0,"tipo_estacion":4,"biciparqueadero_estacion":0,"latitud_estacion":4.6203223900000001,"longitud_estacion":-74.098688590000009,"codigo_nodo_estacion":12007,"componente_wifi":null,"componente_aplificacion":null,"globalid":"{0CBD2047-B702-4D38-96BA-09694DBADF4E}","created_user":null,"created_date":null,"last_edited_user":"editorTroncal","last_edited_date":1722866233000,"log_replica":null,"id_trazado_troncal":"TZ009"}},{"type":"Feature","id":41,"geometry":{"type":"Point","coordinates":[-74.193136045938346,4.5921742588608678]},"properties":{"objectid":41,"numero_estacion":"07505","nombre_estacion":"León XIII","coordenada_x_estacion":987169.10369999998,"coordenada_y_estacion":999556.36349999998,"ubicacion_estacion":"Autopista Sur - CL 48","troncal_estacion":"Soacha","numero_vagones_estacion":2,"numero_accesos_estacion":1,"biciestacion_estacion":"0","capacidad_biciestacion_estacion":0,"tipo_estacion":4,"biciparqueadero_estacion":0,"latitud_estacion":4.5921791900000004,"longitud_estacion":-74.19313846,"codigo_nodo_estacion":7505,"componente_wifi":null,"componente_aplificacion":null,"globalid":"{2AAAB59A-A564-424B-90FB-81E09CB41CC3}","created_user":null,"created_date":null,"last_edited_user":"editorTroncal","last_edited_date":1722866233000,"log_replica":null,"id_trazado_troncal":"TZ011"}},{"type":"Feature","id":42,"geometry":{"type":"Point","coordinates":[-74.08954827151608,4.6169197120835062]},"properties":{"objectid":42,"numero_estacion":"07110","nombre_estacion":"Paloquemao","coordenada_x_estacion":998664.41150000005,"coordenada_y_estacion":1002290.8202,"ubicacion_estacion":"Kr 30 Cl 19","troncal_estacion":"NQS","numero_vagones_estacion":2,"numero_accesos_estacion":1,"biciestacion_estacion":"0","capacidad_biciestacion_estacion":0,"tipo_estacion":4,"biciparqueadero_estacion":0,"latitud_estacion":4.6169164500000006,"longitud_estacion":-74.089544509999996,"codigo_nodo_estacion":7110,"componente_wifi":null,"componente_aplificacion":null,"globalid":"{D552ECA0-E83C-465F-9FBA-2A2EC1E0149B}","created_user":null,"created_date":null,"last_edited_user":"editorTroncal","last_edited_date":1722866234000,"log_replica":null,"id_trazado_troncal":"TZ008"}},{"type":"Feature","id":43,"geometry":{"type":"Point","coordinates":[-74.104563566386219,4.704679007500066]},"properties":{"objectid":43,"numero_estacion":"04002","nombre_estacion":"Carrera 90","coordenada_x_estacion":996998.38749999995,"coordenada_y_estacion":1011996.0858999999,"ubicacion_estacion":"KR 90","troncal_estacion":"Calle 80","numero_vagones_estacion":2,"numero_accesos_estacion":1,"biciestacion_estacion":"0","capacidad_biciestacion_estacion":0,"tipo_estacion":4,"biciparqueadero_estacion":0,"latitud_estacion":4.7046816700000003,"longitud_estacion":-74.10456241,"codigo_nodo_estacion":4002,"componente_wifi":null,"componente_aplificacion":null,"globalid":"{619E7812-1E14-43ED-AA07-44BA93BEA321}","created_user":null,"created_date":null,"last_edited_user":"editorTroncal","last_edited_date":1722866234000,"log_replica":null,"id_trazado_troncal":"TZ005"}},{"type":"Feature","id":44,"geometry":{"type":"Point","coordinates":[-74.096471855834139,4.6428707557435418]},"properties":{"objectid":44,"numero_estacion":"06104","nombre_estacion":"Gobernación","coordenada_x_estacion":997891.18180000002,"coordenada_y_estacion":1005158.0723999999,"ubicacion_estacion":"KR 54","troncal_estacion":"Calle 26","numero_vagones_estacion":2,"numero_accesos_estacion":1,"biciestacion_estacion":"0","capacidad_biciestacion_estacion":0,"tipo_estacion":4,"biciparqueadero_estacion":0,"latitud_estacion":4.6428451500000003,"longitud_estacion":-74.096513700000003,"codigo_nodo_estacion":6104,"componente_wifi":null,"componente_aplificacion":null,"globalid":"{407A4643-165B-474D-915C-BC950DCB5F60}","created_user":null,"created_date":null,"last_edited_user":"editorTroncal","last_edited_date":1722866234000,"log_replica":null,"id_trazado_troncal":"TZ016"}},{"type":"Feature","id":45,"geometry":{"type":"Point","coordinates":[-74.199529636598555,4.5889757205935435]},"properties":{"objectid":45,"numero_estacion":"07504","nombre_estacion":"Terreros - Hospital Cardio Vascular","coordenada_x_estacion":986459.755,"coordenada_y_estacion":999202.42279999994,"ubicacion_estacion":"Autopista Sur - Av Terreros","troncal_estacion":"Soacha","numero_vagones_estacion":3,"numero_accesos_estacion":1,"biciestacion_estacion":"0","capacidad_biciestacion_estacion":0,"tipo_estacion":4,"biciparqueadero_estacion":0,"latitud_estacion":4.5889774000000001,"longitud_estacion":-74.199530480000007,"codigo_nodo_estacion":7504,"componente_wifi":null,"componente_aplificacion":null,"globalid":"{28FC63CB-0053-47E5-AF2C-EED89CA5F3FB}","created_user":null,"created_date":null,"last_edited_user":"editorTroncal","last_edited_date":1722866235000,"log_replica":null,"id_trazado_troncal":"TZ011"}},{"type":"Feature","id":46,"geometry":{"type":"Point","coordinates":[-74.069661117379056,4.6754541218093735]},"properties":{"objectid":46,"numero_estacion":"04107","nombre_estacion":"Escuela Militar","coordenada_x_estacion":1000870.7257,"coordenada_y_estacion":1008764.1776000001,"ubicacion_estacion":"KR 40","troncal_estacion":"Calle 80","numero_vagones_estacion":2,"numero_accesos_estacion":1,"biciestacion_estacion":"0","capacidad_biciestacion_estacion":0,"tipo_estacion":4,"biciparqueadero_estacion":0,"latitud_estacion":4.6754557199999995,"longitud_estacion":-74.069660110000001,"codigo_nodo_estacion":4107,"componente_wifi":null,"componente_aplificacion":null,"globalid":"{619EA692-B4BD-4DAB-ABF2-57CC13AEF6DD}","created_user":null,"created_date":null,"last_edited_user":"editorTroncal","last_edited_date":1722866235000,"log_replica":null,"id_trazado_troncal":"TZ005"}},{"type":"Feature","id":47,"geometry":{"type":"Point","coordinates":[-74.100297315331389,4.7024729607435081]},"properties":{"objectid":47,"numero_estacion":"04003","nombre_estacion":"AV. Cali","coordenada_x_estacion":997472.66099999996,"coordenada_y_estacion":1011753.227,"ubicacion_estacion":"KR 86","troncal_estacion":"Calle 80","numero_vagones_estacion":2,"numero_accesos_estacion":1,"biciestacion_estacion":"0","capacidad_biciestacion_estacion":0,"tipo_estacion":2,"biciparqueadero_estacion":0,"latitud_estacion":4.70248563,"longitud_estacion":-74.100287559999998,"codigo_nodo_estacion":4003,"componente_wifi":null,"componente_aplificacion":null,"globalid":"{D53028C7-7163-44DE-8E64-2CFCB7C8458E}","created_user":null,"created_date":null,"last_edited_user":"editorTroncal","last_edited_date":1722866236000,"log_replica":null,"id_trazado_troncal":"TZ005"}},{"type":"Feature","id":48,"geometry":{"type":"Point","coordinates":[-74.086880090734624,4.738826889914745]},"properties":{"objectid":48,"numero_estacion":"03002","nombre_estacion":"Suba - TV. 91","coordenada_x_estacion":998960.94380000001,"coordenada_y_estacion":1015772.5642,"ubicacion_estacion":"Av Suba Kr 90","troncal_estacion":"Suba","numero_vagones_estacion":4,"numero_accesos_estacion":1,"biciestacion_estacion":"0","capacidad_biciestacion_estacion":0,"tipo_estacion":4,"biciparqueadero_estacion":0,"latitud_estacion":4.7388331200000007,"longitud_estacion":-74.08687372,"codigo_nodo_estacion":3002,"componente_wifi":null,"componente_aplificacion":null,"globalid":"{AA919A7A-48E1-484F-A154-7342CF39912E}","created_user":null,"created_date":null,"last_edited_user":"editorTroncal","last_edited_date":1722866236000,"log_replica":null,"id_trazado_troncal":"TZ003"}},{"type":"Feature","id":49,"geometry":{"type":"Point","coordinates":[-74.090483465131371,4.6130109908929748]},"properties":{"objectid":49,"numero_estacion":"12003","nombre_estacion":"Ricaurte - CL 13","coordenada_x_estacion":998560.59849999996,"coordenada_y_estacion":1001859.3774,"ubicacion_estacion":"CL 13 - KR 28","troncal_estacion":"Americas","numero_vagones_estacion":3,"numero_accesos_estacion":2,"biciestacion_estacion":"0","capacidad_biciestacion_estacion":0,"tipo_estacion":3,"biciparqueadero_estacion":0,"latitud_estacion":4.6130148499999999,"longitud_estacion":-74.090480020000001,"codigo_nodo_estacion":12003,"componente_wifi":null,"componente_aplificacion":null,"globalid":"{9EEF8D2E-4A95-4343-825D-55A1CBF46947}","created_user":null,"created_date":null,"last_edited_user":"editorTroncal","last_edited_date":1722866237000,"log_replica":null,"id_trazado_troncal":"TZ009"}},{"type":"Feature","id":50,"geometry":{"type":"Point","coordinates":[-74.101448830110627,4.5818796657433927]},"properties":{"objectid":50,"numero_estacion":"09104","nombre_estacion":"Restrepo","coordenada_x_estacion":997346.54500000004,"coordenada_y_estacion":998411.37670000002,"ubicacion_estacion":"CL 19 Sur - Av. 1 de M","troncal_estacion":"Caracas","numero_vagones_estacion":2,"numero_accesos_estacion":2,"biciestacion_estacion":"0","capacidad_biciestacion_estacion":0,"tipo_estacion":4,"biciparqueadero_estacion":0,"latitud_estacion":4.5818339200000002,"longitud_estacion":-74.101420219999994,"codigo_nodo_estacion":9104,"componente_wifi":null,"componente_aplificacion":null,"globalid":"{B1EE8BB9-5BD3-4963-B7BA-7A730990E11F}","created_user":null,"created_date":null,"last_edited_user":"editorTroncal","last_edited_date":1722866237000,"log_replica":null,"id_trazado_troncal":"TZ012"}},{"type":"Feature","id":51,"geometry":{"type":"Point","coordinates":[-74.05255828320702,4.714558418717929]},"properties":{"objectid":51,"numero_estacion":"02201","nombre_estacion":"Prado","coordenada_x_estacion":1002767.0625999999,"coordenada_y_estacion":1013088.429,"ubicacion_estacion":"CL 128 B","troncal_estacion":"Autonorte","numero_vagones_estacion":3,"numero_accesos_estacion":1,"biciestacion_estacion":"0","capacidad_biciestacion_estacion":0,"tipo_estacion":4,"biciparqueadero_estacion":0,"latitud_estacion":4.7145599000000002,"longitud_estacion":-74.052567150000002,"codigo_nodo_estacion":2201,"componente_wifi":"Valor NO al campo","componente_aplificacion":"Valor SI al campo","globalid":"{6B3655B3-388F-4E18-A486-0FBAD9572F02}","created_user":null,"created_date":null,"last_edited_user":"editorTroncal","last_edited_date":1722866237000,"log_replica":null,"id_trazado_troncal":"TZ002"}},{"type":"Feature","id":52,"geometry":{"type":"Point","coordinates":[-74.059051850068556,4.6760007673958635]},"properties":{"objectid":52,"numero_estacion":"02302","nombre_estacion":"Virrey","coordenada_x_estacion":1002052.1007,"coordenada_y_estacion":1008823.7225,"ubicacion_estacion":"CL 90","troncal_estacion":"Autonorte","numero_vagones_estacion":3,"numero_accesos_estacion":1,"biciestacion_estacion":"0","capacidad_biciestacion_estacion":0,"tipo_estacion":4,"biciparqueadero_estacion":0,"latitud_estacion":4.6759939900000003,"longitud_estacion":-74.059012429999996,"codigo_nodo_estacion":2302,"componente_wifi":"Valor SI al campo","componente_aplificacion":"Valor SI al campo","globalid":"{9CD9DC22-4453-4FDB-B26F-4A480B037709}","created_user":null,"created_date":null,"last_edited_user":"editorTroncal","last_edited_date":1722866238000,"log_replica":null,"id_trazado_troncal":"TZ002"}},{"type":"Feature","id":53,"geometry":{"type":"Point","coordinates":[-74.047281827834581,4.7461902123852546]},"properties":{"objectid":53,"numero_estacion":"02101","nombre_estacion":"Toberin - Foundever","coordenada_x_estacion":1003354.6798,"coordenada_y_estacion":1016585.9595999999,"ubicacion_estacion":"CL 165","troncal_estacion":"Autonorte","numero_vagones_estacion":5,"numero_accesos_estacion":1,"biciestacion_estacion":"0","capacidad_biciestacion_estacion":0,"tipo_estacion":4,"biciparqueadero_estacion":0,"latitud_estacion":4.7461881200000002,"longitud_estacion":-74.047269319999998,"codigo_nodo_estacion":2101,"componente_wifi":"Valor NO al campo","componente_aplificacion":"Valor SI al campo","globalid":"{D2D46A2D-CB3A-47F3-AA3C-41B9334BD613}","created_user":null,"created_date":null,"last_edited_user":"editorTroncal","last_edited_date":1722866238000,"log_replica":null,"id_trazado_troncal":"TZ002"}},{"type":"Feature","id":54,"geometry":{"type":"Point","coordinates":[-74.05530879078897,4.6981268816217003]},"properties":{"objectid":54,"numero_estacion":"02204","nombre_estacion":"Pepe Sierra UTEL Universidad","coordenada_x_estacion":1002464.1816,"coordenada_y_estacion":1011271.0169,"ubicacion_estacion":"CL 116","troncal_estacion":"Autonorte","numero_vagones_estacion":2,"numero_accesos_estacion":1,"biciestacion_estacion":"0","capacidad_biciestacion_estacion":0,"tipo_estacion":4,"biciparqueadero_estacion":0,"latitud_estacion":4.6981249800000002,"longitud_estacion":-74.055297670000002,"codigo_nodo_estacion":2204,"componente_wifi":"Valor SI al campo","componente_aplificacion":"Valor SI al campo","globalid":"{CD643C16-3FE4-4E72-823B-35E036E63214}","created_user":null,"created_date":null,"last_edited_user":"editorTroncal","last_edited_date":1776458698000,"log_replica":null,"id_trazado_troncal":"TZ002"}},{"type":"Feature","id":55,"geometry":{"type":"Point","coordinates":[-74.057712288704352,4.6839494294259403]},"properties":{"objectid":55,"numero_estacion":"02300","nombre_estacion":"Calle 100 - Marketmedios","coordenada_x_estacion":1002198.1459999999,"coordenada_y_estacion":1009703.1476,"ubicacion_estacion":"CL 97","troncal_estacion":"Autonorte","numero_vagones_estacion":3,"numero_accesos_estacion":2,"biciestacion_estacion":"0","capacidad_biciestacion_estacion":0,"tipo_estacion":4,"biciparqueadero_estacion":0,"latitud_estacion":4.6839466700000001,"longitud_estacion":-74.057695909999993,"codigo_nodo_estacion":2300,"componente_wifi":"Valor SI al campo","componente_aplificacion":"Valor SI al campo","globalid":"{2EEC921A-C423-4EA4-BB98-DD145D9A63E9}","created_user":null,"created_date":null,"last_edited_user":"editorTroncal","last_edited_date":1722866239000,"log_replica":null,"id_trazado_troncal":"TZ002"}},{"type":"Feature","id":56,"geometry":{"type":"Point","coordinates":[-74.050511359359604,4.7268515341300157]},"properties":{"objectid":56,"numero_estacion":"02105","nombre_estacion":"Calle 142","coordenada_x_estacion":1002995.2739,"coordenada_y_estacion":1014447.6377,"ubicacion_estacion":"CL 142","troncal_estacion":"Autonorte","numero_vagones_estacion":2,"numero_accesos_estacion":1,"biciestacion_estacion":"0","capacidad_biciestacion_estacion":0,"tipo_estacion":4,"biciparqueadero_estacion":0,"latitud_estacion":4.7268512500000002,"longitud_estacion":-74.050509700000006,"codigo_nodo_estacion":2105,"componente_wifi":"Valor NO al campo","componente_aplificacion":"Valor SI al campo","globalid":"{1387EBE2-BE37-4D2A-8952-E811C283BD51}","created_user":null,"created_date":null,"last_edited_user":"editorTroncal","last_edited_date":1722866240000,"log_replica":null,"id_trazado_troncal":"TZ002"}},{"type":"Feature","id":57,"geometry":{"type":"Point","coordinates":[-74.044534993403985,4.7633530074713484]},"properties":{"objectid":57,"numero_estacion":"02001","nombre_estacion":"Calle 187","coordenada_x_estacion":1003672.4828,"coordenada_y_estacion":1018481.5753,"ubicacion_estacion":"CL 184","troncal_estacion":"Autonorte","numero_vagones_estacion":1,"numero_accesos_estacion":1,"biciestacion_estacion":"0","capacidad_biciestacion_estacion":0,"tipo_estacion":4,"biciparqueadero_estacion":0,"latitud_estacion":4.7633301699999997,"longitud_estacion":-74.044403869999996,"codigo_nodo_estacion":2001,"componente_wifi":"Valor SI al campo","componente_aplificacion":"Valor SI al campo","globalid":"{04EC5D85-B0C9-43F3-88C1-F652A81F87C9}","created_user":null,"created_date":null,"last_edited_user":"editorTroncal","last_edited_date":1722866240000,"log_replica":null,"id_trazado_troncal":"TZ002"}},{"type":"Feature","id":58,"geometry":{"type":"Point","coordinates":[-74.05145915400459,4.7211581905277793]},"properties":{"objectid":58,"numero_estacion":"02200","nombre_estacion":"Alcalá – Colegio S. Tomás Dominicos","coordenada_x_estacion":1002890.5473,"coordenada_y_estacion":1013817.9858,"ubicacion_estacion":"CL 137","troncal_estacion":"Autonorte","numero_vagones_estacion":3,"numero_accesos_estacion":2,"biciestacion_estacion":"0","capacidad_biciestacion_estacion":0,"tipo_estacion":4,"biciparqueadero_estacion":0,"latitud_estacion":4.7211572999999998,"longitud_estacion":-74.051453879999997,"codigo_nodo_estacion":2200,"componente_wifi":"Valor NO al campo","componente_aplificacion":"Valor SI al campo","globalid":"{E02B732E-D1EA-4690-BD45-8C5FE2EE9421}","created_user":null,"created_date":null,"last_edited_user":"editorTroncal","last_edited_date":1722866241000,"log_replica":null,"id_trazado_troncal":"TZ002"}},{"type":"Feature","id":59,"geometry":{"type":"Point","coordinates":[-74.049825501561486,4.7308940091545137]},"properties":{"objectid":59,"numero_estacion":"02104","nombre_estacion":"Calle 146","coordenada_x_estacion":1003071.5916,"coordenada_y_estacion":1014894.6250999999,"ubicacion_estacion":"CL 146","troncal_estacion":"Autonorte","numero_vagones_estacion":3,"numero_accesos_estacion":1,"biciestacion_estacion":"0","capacidad_biciestacion_estacion":0,"tipo_estacion":4,"biciparqueadero_estacion":0,"latitud_estacion":4.7308933600000005,"longitud_estacion":-74.049821640000005,"codigo_nodo_estacion":2104,"componente_wifi":"Valor SI al campo","componente_aplificacion":"Valor NO al campo","globalid":"{FA873B44-43E6-4D88-8CE3-48429DD621DE}","created_user":null,"created_date":null,"last_edited_user":"editorTroncal","last_edited_date":1722866241000,"log_replica":null,"id_trazado_troncal":"TZ002"}},{"type":"Feature","id":60,"geometry":{"type":"Point","coordinates":[-74.14129989419736,4.6308449408154804]},"properties":{"objectid":60,"numero_estacion":"05101","nombre_estacion":"Mandalay","coordenada_x_estacion":992921.76309999998,"coordenada_y_estacion":1003831.6303,"ubicacion_estacion":"Av. Americas -KR 73","troncal_estacion":"Americas","numero_vagones_estacion":2,"numero_accesos_estacion":1,"biciestacion_estacion":"0","capacidad_biciestacion_estacion":0,"tipo_estacion":4,"biciparqueadero_estacion":0,"latitud_estacion":4.6308473799999996,"longitud_estacion":-74.14129964,"codigo_nodo_estacion":5101,"componente_wifi":null,"componente_aplificacion":null,"globalid":"{C8F432A9-85F7-476C-A0CB-B1696F5AFAA9}","created_user":null,"created_date":null,"last_edited_user":"editorTroncal","last_edited_date":1722866242000,"log_replica":null,"id_trazado_troncal":"TZ009"}},{"type":"Feature","id":61,"geometry":{"type":"Point","coordinates":[-74.054207921611209,4.7046368732268009]},"properties":{"objectid":61,"numero_estacion":"02202","nombre_estacion":"Calle 127 - L'Oréal Paris","coordenada_x_estacion":1002582.6986999999,"coordenada_y_estacion":1011991.5179,"ubicacion_estacion":"CL 127","troncal_estacion":"Autonorte","numero_vagones_estacion":2,"numero_accesos_estacion":1,"biciestacion_estacion":"0","capacidad_biciestacion_estacion":0,"tipo_estacion":4,"biciparqueadero_estacion":0,"latitud_estacion":4.7046405,"longitud_estacion":-74.05422922999999,"codigo_nodo_estacion":2202,"componente_wifi":"Valor NO al campo","componente_aplificacion":"Valor SI al campo","globalid":"{9C153F14-7371-4E07-A83D-F12055B2DBC7}","created_user":null,"created_date":null,"last_edited_user":"editorTroncal","last_edited_date":1749067486000,"log_replica":null,"id_trazado_troncal":"TZ002"}},{"type":"Feature","id":62,"geometry":{"type":"Point","coordinates":[-74.060309962175737,4.6681359057575689]},"properties":{"objectid":62,"numero_estacion":"02304","nombre_estacion":"Héroes","coordenada_x_estacion":1001907.884,"coordenada_y_estacion":1007954.8061,"ubicacion_estacion":"CL 80","troncal_estacion":"Autonorte","numero_vagones_estacion":3,"numero_accesos_estacion":1,"biciestacion_estacion":"0","capacidad_biciestacion_estacion":0,"tipo_estacion":4,"biciparqueadero_estacion":0,"latitud_estacion":4.6681363300000003,"longitud_estacion":-74.060312440000004,"codigo_nodo_estacion":2304,"componente_wifi":"Valor SI al campo","componente_aplificacion":"Valor NO al campo","globalid":"{022C1563-B140-4D7C-A164-7023F369BA9B}","created_user":null,"created_date":null,"last_edited_user":"editorTroncal","last_edited_date":1724250389000,"log_replica":null,"id_trazado_troncal":"TZ002"}},{"type":"Feature","id":63,"geometry":{"type":"Point","coordinates":[-74.048000340498461,4.7419152910521465]},"properties":{"objectid":63,"numero_estacion":"02102","nombre_estacion":"Calle 161","coordenada_x_estacion":1003275.1891,"coordenada_y_estacion":1016113.1875999999,"ubicacion_estacion":"CL 160","troncal_estacion":"Autonorte","numero_vagones_estacion":2,"numero_accesos_estacion":1,"biciestacion_estacion":"0","capacidad_biciestacion_estacion":0,"tipo_estacion":4,"biciparqueadero_estacion":0,"latitud_estacion":4.7419128400000004,"longitud_estacion":-74.047986019999996,"codigo_nodo_estacion":2102,"componente_wifi":"Valor NO al campo","componente_aplificacion":"Valor NO al campo","globalid":"{E2112BAC-C648-47E3-9939-E2370694E0C5}","created_user":null,"created_date":null,"last_edited_user":"editorTroncal","last_edited_date":1722866243000,"log_replica":null,"id_trazado_troncal":"TZ002"}},{"type":"Feature","id":64,"geometry":{"type":"Point","coordinates":[-74.05618242496142,4.6929825922999919]},"properties":{"objectid":64,"numero_estacion":"02205","nombre_estacion":"Calle 106 - Maletas Explora","coordenada_x_estacion":1002366.4862,"coordenada_y_estacion":1010702.2829,"ubicacion_estacion":"CL 106","troncal_estacion":"Autonorte","numero_vagones_estacion":2,"numero_accesos_estacion":1,"biciestacion_estacion":"0","capacidad_biciestacion_estacion":0,"tipo_estacion":4,"biciparqueadero_estacion":0,"latitud_estacion":4.6929818999999995,"longitud_estacion":-74.056178380000006,"codigo_nodo_estacion":2205,"componente_wifi":"Valor NO al campo","componente_aplificacion":"Valor NO al campo","globalid":"{6FB21C09-4907-4486-B8C5-D581EE4189AC}","created_user":null,"created_date":null,"last_edited_user":"editorTroncal","last_edited_date":1749067486000,"log_replica":null,"id_trazado_troncal":"TZ002"}},{"type":"Feature","id":65,"geometry":{"type":"Point","coordinates":[-74.049212885460847,4.7345843766770406]},"properties":{"objectid":65,"numero_estacion":"02103","nombre_estacion":"Mazurén","coordenada_x_estacion":1003138.5941,"coordenada_y_estacion":1015302.8731,"ubicacion_estacion":"CL 152","troncal_estacion":"Autonorte","numero_vagones_estacion":3,"numero_accesos_estacion":1,"biciestacion_estacion":"0","capacidad_biciestacion_estacion":0,"tipo_estacion":4,"biciparqueadero_estacion":0,"latitud_estacion":4.73458516,"longitud_estacion":-74.049217560000002,"codigo_nodo_estacion":2103,"componente_wifi":"Valor NO al campo","componente_aplificacion":"Valor NO al campo","globalid":"{A5A7B04B-550F-490E-BF39-92AF4B2FF6F9}","created_user":null,"created_date":null,"last_edited_user":"editorTroncal","last_edited_date":1722866244000,"log_replica":null,"id_trazado_troncal":"TZ002"}},{"type":"Feature","id":66,"geometry":{"type":"Point","coordinates":[-74.067875828495474,4.6314529183482982]},"properties":{"objectid":66,"numero_estacion":"09117","nombre_estacion":"Calle 45 - American School Way","coordenada_x_estacion":1001069.5372,"coordenada_y_estacion":1003898.1432,"ubicacion_estacion":"CL 45 - CL 42A","troncal_estacion":"Caracas","numero_vagones_estacion":3,"numero_accesos_estacion":2,"biciestacion_estacion":"0","capacidad_biciestacion_estacion":0,"tipo_estacion":4,"biciparqueadero_estacion":0,"latitud_estacion":4.6314516800000005,"longitud_estacion":-74.067868840000003,"codigo_nodo_estacion":9117,"componente_wifi":"Valor SI al campo","componente_aplificacion":null,"globalid":"{51027651-42BE-40A1-B2B5-204F75F43837}","created_user":null,"created_date":null,"last_edited_user":"editorTroncal","last_edited_date":1722866244000,"log_replica":null,"id_trazado_troncal":"TZ001"}},{"type":"Feature","id":67,"geometry":{"type":"Point","coordinates":[-74.07740329346143,4.6818193331499733]},"properties":{"objectid":67,"numero_estacion":"04105","nombre_estacion":"Carrera 53","coordenada_x_estacion":1000011.8313,"coordenada_y_estacion":1009468.0501,"ubicacion_estacion":"KR 53","troncal_estacion":"Calle 80","numero_vagones_estacion":1,"numero_accesos_estacion":1,"biciestacion_estacion":"0","capacidad_biciestacion_estacion":0,"tipo_estacion":4,"biciparqueadero_estacion":0,"latitud_estacion":4.6818209499999996,"longitud_estacion":-74.077401280000004,"codigo_nodo_estacion":4105,"componente_wifi":"Valor SI al campo","componente_aplificacion":null,"globalid":"{03FE3954-69AC-4C68-8C96-371A58894AA0}","created_user":null,"created_date":null,"last_edited_user":"editorTroncal","last_edited_date":1722866245000,"log_replica":null,"id_trazado_troncal":"TZ005"}},{"type":"Feature","id":68,"geometry":{"type":"Point","coordinates":[-74.064438354904141,4.6756021443561711]},"properties":{"objectid":68,"numero_estacion":"07101","nombre_estacion":"La Castellana","coordenada_x_estacion":1001449.0233999999,"coordenada_y_estacion":1008782.2377000001,"ubicacion_estacion":"KR 30 Kr 24","troncal_estacion":"NQS","numero_vagones_estacion":2,"numero_accesos_estacion":1,"biciestacion_estacion":"0","capacidad_biciestacion_estacion":0,"tipo_estacion":4,"biciparqueadero_estacion":0,"latitud_estacion":4.6756189600000004,"longitud_estacion":-74.064447950000002,"codigo_nodo_estacion":7101,"componente_wifi":"Valor SI al campo","componente_aplificacion":null,"globalid":"{EF6971A2-FA1B-4CDD-B5E9-94AA78C14A66}","created_user":null,"created_date":null,"last_edited_user":"editorTroncal","last_edited_date":1722866245000,"log_replica":null,"id_trazado_troncal":"TZ008"}},{"type":"Feature","id":69,"geometry":{"type":"Point","coordinates":[-74.093706519236321,4.5769371097173046]},"properties":{"objectid":69,"numero_estacion":"10002","nombre_estacion":"AV. 1 Mayo","coordenada_x_estacion":998202.49179999996,"coordenada_y_estacion":997869.85730000003,"ubicacion_estacion":"AV. 1 Mayo con KR 7","troncal_estacion":"Cr 7-10","numero_vagones_estacion":3,"numero_accesos_estacion":2,"biciestacion_estacion":"0","capacidad_biciestacion_estacion":0,"tipo_estacion":4,"biciparqueadero_estacion":0,"latitud_estacion":4.5769371100000003,"longitud_estacion":-74.093706519999998,"codigo_nodo_estacion":10002,"componente_wifi":"Valor SI al campo","componente_aplificacion":null,"globalid":"{0A38C60C-5F8D-43F3-A079-CE69BE4B16A1}","created_user":null,"created_date":null,"last_edited_user":"editorTroncal","last_edited_date":1722866246000,"log_replica":null,"id_trazado_troncal":"TZ018"}},{"type":"Feature","id":70,"geometry":{"type":"Point","coordinates":[-74.081886805539739,4.605436399435721]},"properties":{"objectid":70,"numero_estacion":"14001","nombre_estacion":"De La Sabana","coordenada_x_estacion":999513.57519999996,"coordenada_y_estacion":1001020.7304999999,"ubicacion_estacion":"CL 13 - KR 16","troncal_estacion":"Americas","numero_vagones_estacion":2,"numero_accesos_estacion":2,"biciestacion_estacion":"0","capacidad_biciestacion_estacion":0,"tipo_estacion":4,"biciparqueadero_estacion":0,"latitud_estacion":4.6054309800000004,"longitud_estacion":-74.081891600000006,"codigo_nodo_estacion":14001,"componente_wifi":"Valor SI al campo","componente_aplificacion":null,"globalid":"{3CEFEA1F-F579-499A-B6FC-D4A1E33432CE}","created_user":null,"created_date":null,"last_edited_user":"editorTroncal","last_edited_date":1722866246000,"log_replica":null,"id_trazado_troncal":"TZ009"}},{"type":"Feature","id":71,"geometry":{"type":"Point","coordinates":[-74.188119461105387,4.594608194401351]},"properties":{"objectid":71,"numero_estacion":"07506","nombre_estacion":"La Despensa","coordenada_x_estacion":987726.46640000003,"coordenada_y_estacion":999824.12069999997,"ubicacion_estacion":"Autopista Sur - Kr 20A","troncal_estacion":"Soacha","numero_vagones_estacion":2,"numero_accesos_estacion":1,"biciestacion_estacion":"0","capacidad_biciestacion_estacion":0,"tipo_estacion":4,"biciparqueadero_estacion":0,"latitud_estacion":4.5946013399999996,"longitud_estacion":-74.188115960000005,"codigo_nodo_estacion":7506,"componente_wifi":"Valor SI al campo","componente_aplificacion":null,"globalid":"{DC1B0F43-861E-4DB2-A2E6-5B80D0EA207D}","created_user":null,"created_date":null,"last_edited_user":"editorTroncal","last_edited_date":1722866246000,"log_replica":null,"id_trazado_troncal":"TZ011"}},{"type":"Feature","id":72,"geometry":{"type":"Point","coordinates":[-74.062064812732714,4.6582382519036152]},"properties":{"objectid":72,"numero_estacion":"09122","nombre_estacion":"Calle 72","coordenada_x_estacion":1001713.0642,"coordenada_y_estacion":1006860.3210999999,"ubicacion_estacion":"CL 72 - CL 70A","troncal_estacion":"Caracas","numero_vagones_estacion":3,"numero_accesos_estacion":2,"biciestacion_estacion":"0","capacidad_biciestacion_estacion":0,"tipo_estacion":4,"biciparqueadero_estacion":0,"latitud_estacion":4.6582388400000001,"longitud_estacion":-74.062068539999999,"codigo_nodo_estacion":9122,"componente_wifi":"Valor SI al campo","componente_aplificacion":null,"globalid":"{72504F07-13CE-47C3-9236-BA131B03C5C2}","created_user":null,"created_date":null,"last_edited_user":"editorTroncal","last_edited_date":1722866247000,"log_replica":null,"id_trazado_troncal":"TZ001"}},{"type":"Feature","id":73,"geometry":{"type":"Point","coordinates":[-74.076395132382245,4.6204096709604432]},"properties":{"objectid":73,"numero_estacion":"06109","nombre_estacion":"Centro Memoria","coordenada_x_estacion":1000132.6346,"coordenada_y_estacion":1002683.3122,"ubicacion_estacion":"KR 20","troncal_estacion":"Calle 26","numero_vagones_estacion":2,"numero_accesos_estacion":2,"biciestacion_estacion":"0","capacidad_biciestacion_estacion":0,"tipo_estacion":4,"biciparqueadero_estacion":0,"latitud_estacion":4.6204659000000001,"longitud_estacion":-74.076312580000007,"codigo_nodo_estacion":6109,"componente_wifi":"PENDIENTE","componente_aplificacion":null,"globalid":"{2372BBD7-2508-4B11-8873-A7005096F269}","created_user":null,"created_date":null,"last_edited_user":"editorTroncal","last_edited_date":1722866247000,"log_replica":null,"id_trazado_troncal":"TZ016"}},{"type":"Feature","id":74,"geometry":{"type":"Point","coordinates":[-74.101448523639974,4.6227675409763771]},"properties":{"objectid":74,"numero_estacion":"12001","nombre_estacion":"Carrera 43 - Comapan","coordenada_x_estacion":997347.0895,"coordenada_y_estacion":1002942.0368999999,"ubicacion_estacion":"Av. Americas -KR 43","troncal_estacion":"Americas","numero_vagones_estacion":2,"numero_accesos_estacion":2,"biciestacion_estacion":"0","capacidad_biciestacion_estacion":0,"tipo_estacion":4,"biciparqueadero_estacion":0,"latitud_estacion":4.6228051699999995,"longitud_estacion":-74.10141668,"codigo_nodo_estacion":12001,"componente_wifi":"Valor SI al campo","componente_aplificacion":null,"globalid":"{51A3978C-C5C2-4D3C-B3E4-1F28C3F1170A}","created_user":null,"created_date":null,"last_edited_user":"editorTroncal","last_edited_date":1722866248000,"log_replica":null,"id_trazado_troncal":"TZ009"}},{"type":"Feature","id":75,"geometry":{"type":"Point","coordinates":[-74.123855341435643,4.560231873238946]},"properties":{"objectid":75,"numero_estacion":"09002","nombre_estacion":"Consuelo","coordenada_x_estacion":994855.33479999995,"coordenada_y_estacion":996021.94620000001,"ubicacion_estacion":"KR 11A - KR 10C","troncal_estacion":"Caracas","numero_vagones_estacion":2,"numero_accesos_estacion":1,"biciestacion_estacion":"0","capacidad_biciestacion_estacion":0,"tipo_estacion":4,"biciparqueadero_estacion":0,"latitud_estacion":4.5602249200000005,"longitud_estacion":-74.123869010000007,"codigo_nodo_estacion":9002,"componente_wifi":"Valor SI al campo","componente_aplificacion":null,"globalid":"{C0D09667-17AF-43DA-A7A2-08CFC5E48590}","created_user":null,"created_date":null,"last_edited_user":"editorTroncal","last_edited_date":1722866248000,"log_replica":null,"id_trazado_troncal":"TZ012"}},{"type":"Feature","id":76,"geometry":{"type":"Point","coordinates":[-74.080425074674409,4.6028717792386749]},"properties":{"objectid":76,"numero_estacion":"09110","nombre_estacion":"AV. Jiménez - Caracas","coordenada_x_estacion":999675.97129999998,"coordenada_y_estacion":1000737.972,"ubicacion_estacion":"CL 13 - CL 11","troncal_estacion":"Caracas","numero_vagones_estacion":3,"numero_accesos_estacion":2,"biciestacion_estacion":"0","capacidad_biciestacion_estacion":0,"tipo_estacion":3,"biciparqueadero_estacion":0,"latitud_estacion":4.6028739700000001,"longitud_estacion":-74.080428069999996,"codigo_nodo_estacion":9110,"componente_wifi":"Valor SI al campo","componente_aplificacion":null,"globalid":"{8D242EBB-97E2-4CA9-8F57-C9BC3BC6204B}","created_user":null,"created_date":null,"last_edited_user":"editorTroncal","last_edited_date":1722866249000,"log_replica":null,"id_trazado_troncal":"TZ001"}},{"type":"Feature","id":77,"geometry":{"type":"Point","coordinates":[-74.099886707739302,4.6042726142102701]},"properties":{"objectid":77,"numero_estacion":"07112","nombre_estacion":"Comuneros","coordenada_x_estacion":997520.09499999997,"coordenada_y_estacion":1000889.72,"ubicacion_estacion":"KR 30 -Cl 6A","troncal_estacion":"NQS","numero_vagones_estacion":2,"numero_accesos_estacion":2,"biciestacion_estacion":"0","capacidad_biciestacion_estacion":0,"tipo_estacion":4,"biciparqueadero_estacion":0,"latitud_estacion":4.6042459000000004,"longitud_estacion":-74.099856920000008,"codigo_nodo_estacion":7112,"componente_wifi":"Valor SI al campo","componente_aplificacion":null,"globalid":"{9FFD4017-92D0-478A-A5E5-6AAED17B1B88}","created_user":null,"created_date":null,"last_edited_user":"editorTroncal","last_edited_date":1722866249000,"log_replica":null,"id_trazado_troncal":"TZ008"}},{"type":"Feature","id":78,"geometry":{"type":"Point","coordinates":[-74.075766955624616,4.6096126079422408]},"properties":{"objectid":78,"numero_estacion":"09113","nombre_estacion":"Temporal Calle 22","coordenada_x_estacion":1000313.3967,"coordenada_y_estacion":1001713.3716,"ubicacion_estacion":"CL 24 - CL 22","troncal_estacion":"Caracas","numero_vagones_estacion":3,"numero_accesos_estacion":2,"biciestacion_estacion":"0","capacidad_biciestacion_estacion":0,"tipo_estacion":4,"biciparqueadero_estacion":0,"latitud_estacion":4.6116946199999997,"longitud_estacion":-74.074683540000009,"codigo_nodo_estacion":9113,"componente_wifi":"Valor SI al campo","componente_aplificacion":null,"globalid":"{2647E2B4-3F6D-4788-AD0B-A329D2234C52}","created_user":null,"created_date":null,"last_edited_user":"editorTroncal","last_edited_date":1766434056000,"log_replica":null,"id_trazado_troncal":"TZ001"}},{"type":"Feature","id":79,"geometry":{"type":"Point","coordinates":[-74.105616432839781,4.6570865787301745]},"properties":{"objectid":79,"numero_estacion":"06101","nombre_estacion":"El Tiempo – Cámara de Comercio de Bogotá","coordenada_x_estacion":996880.23629999999,"coordenada_y_estacion":1006732.282,"ubicacion_estacion":"KR 68d","troncal_estacion":"Calle 26","numero_vagones_estacion":2,"numero_accesos_estacion":1,"biciestacion_estacion":"0","capacidad_biciestacion_estacion":0,"tipo_estacion":4,"biciparqueadero_estacion":0,"latitud_estacion":4.6570805799999997,"longitud_estacion":-74.105625439999997,"codigo_nodo_estacion":6101,"componente_wifi":"Valor SI al campo","componente_aplificacion":null,"globalid":"{02440A7A-DD66-4D90-80C1-2505CFDCC94E}","created_user":null,"created_date":null,"last_edited_user":"editorTroncal","last_edited_date":1722866250000,"log_replica":null,"id_trazado_troncal":"TZ016"}},{"type":"Feature","id":80,"geometry":{"type":"Point","coordinates":[-74.159346924928599,4.6379018452012106]},"properties":{"objectid":80,"numero_estacion":"05002","nombre_estacion":"Biblioteca Tintal","coordenada_x_estacion":990919.58810000005,"coordenada_y_estacion":1004611.6580000001,"ubicacion_estacion":"Av.Cali - CL 26 sur","troncal_estacion":"Americas","numero_vagones_estacion":4,"numero_accesos_estacion":2,"biciestacion_estacion":"0","capacidad_biciestacion_estacion":0,"tipo_estacion":4,"biciparqueadero_estacion":0,"latitud_estacion":4.6378993900000003,"longitud_estacion":-74.1593448,"codigo_nodo_estacion":5002,"componente_wifi":"Valor SI al campo","componente_aplificacion":null,"globalid":"{33FE2A2A-AB3A-4532-99A2-F57B0B4933B6}","created_user":null,"created_date":null,"last_edited_user":"editorTroncal","last_edited_date":1722866250000,"log_replica":null,"id_trazado_troncal":"TZ009"}},{"type":"Feature","id":81,"geometry":{"type":"Point","coordinates":[-74.090307949233491,4.5815117254813673]},"properties":{"objectid":81,"numero_estacion":"10003","nombre_estacion":"Ciudad Jardín - UAN","coordenada_x_estacion":998576.26780000003,"coordenada_y_estacion":998378.00679999997,"ubicacion_estacion":"Kra 10- CL 12 sur","troncal_estacion":"Cr 7-10","numero_vagones_estacion":2,"numero_accesos_estacion":1,"biciestacion_estacion":"0","capacidad_biciestacion_estacion":0,"tipo_estacion":4,"biciparqueadero_estacion":0,"latitud_estacion":4.5815324300000002,"longitud_estacion":-74.090338239999994,"codigo_nodo_estacion":10003,"componente_wifi":"Valor SI al campo","componente_aplificacion":null,"globalid":"{FAEAD05C-72A5-47C1-BABE-B08592C69538}","created_user":null,"created_date":null,"last_edited_user":"editorTroncal","last_edited_date":1722866251000,"log_replica":null,"id_trazado_troncal":"TZ018"}},{"type":"Feature","id":82,"geometry":{"type":"Point","coordinates":[-74.081802722129225,4.5939994928078169]},"properties":{"objectid":82,"numero_estacion":"10005","nombre_estacion":"Bicentenario","coordenada_x_estacion":999519.75390000001,"coordenada_y_estacion":999759.0085,"ubicacion_estacion":"Kra 10 -CL 5","troncal_estacion":"Cr 7-10","numero_vagones_estacion":3,"numero_accesos_estacion":2,"biciestacion_estacion":"1","capacidad_biciestacion_estacion":116,"tipo_estacion":2,"biciparqueadero_estacion":1,"latitud_estacion":4.59402109,"longitud_estacion":-74.081835850000004,"codigo_nodo_estacion":10005,"componente_wifi":"Valor SI al campo","componente_aplificacion":null,"globalid":"{229ABDC8-545C-40C9-A189-16CCB9369F36}","created_user":null,"created_date":null,"last_edited_user":"editorTroncal","last_edited_date":1722866251000,"log_replica":null,"id_trazado_troncal":"TZ018"}},{"type":"Feature","id":83,"geometry":{"type":"Point","coordinates":[-74.065822055419915,4.6429817352270222]},"properties":{"objectid":83,"numero_estacion":"09119","nombre_estacion":"Temporal Calle 57","coordenada_x_estacion":1001296.6186,"coordenada_y_estacion":1005173.159,"ubicacion_estacion":"CL 57 - CL 54","troncal_estacion":"Caracas","numero_vagones_estacion":2,"numero_accesos_estacion":2,"biciestacion_estacion":"0","capacidad_biciestacion_estacion":0,"tipo_estacion":4,"biciparqueadero_estacion":0,"latitud_estacion":4.6429817399999997,"longitud_estacion":-74.065822099999991,"codigo_nodo_estacion":9119,"componente_wifi":"Valor SI al campo","componente_aplificacion":null,"globalid":"{86E321B6-516C-43D1-BB2D-6B3B1231F6EB}","created_user":null,"created_date":null,"last_edited_user":"editorTroncal","last_edited_date":1758052128000,"log_replica":null,"id_trazado_troncal":"TZ001"}},{"type":"Feature","id":84,"geometry":{"type":"Point","coordinates":[-74.079878400188562,4.6306646312107329]},"properties":{"objectid":84,"numero_estacion":"07108","nombre_estacion":"AV. El Dorado","coordenada_x_estacion":999738.33589999995,"coordenada_y_estacion":1003810.9144,"ubicacion_estacion":"Kr 30 Av 28","troncal_estacion":"NQS","numero_vagones_estacion":2,"numero_accesos_estacion":1,"biciestacion_estacion":"0","capacidad_biciestacion_estacion":0,"tipo_estacion":4,"biciparqueadero_estacion":0,"latitud_estacion":4.6306629200000007,"longitud_estacion":-74.079866129999999,"codigo_nodo_estacion":7108,"componente_wifi":"Valor SI al campo","componente_aplificacion":null,"globalid":"{6712E5D7-6C96-4F16-956A-325F8F7E5FDE}","created_user":null,"created_date":null,"last_edited_user":"EESTACION","last_edited_date":1737997351000,"log_replica":null,"id_trazado_troncal":"TZ008"}},{"type":"Feature","id":85,"geometry":{"type":"Point","coordinates":[-74.072162465802677,4.6166504099332215]},"properties":{"objectid":85,"numero_estacion":"09114","nombre_estacion":"Calle 26","coordenada_x_estacion":1000594.3086,"coordenada_y_estacion":1002260.7829,"ubicacion_estacion":"Avenida CL 28 - CL 2","troncal_estacion":"Caracas","numero_vagones_estacion":3,"numero_accesos_estacion":2,"biciestacion_estacion":"0","capacidad_biciestacion_estacion":0,"tipo_estacion":4,"biciparqueadero_estacion":0,"latitud_estacion":4.6166448999999998,"longitud_estacion":-74.072151890000001,"codigo_nodo_estacion":9114,"componente_wifi":"Valor SI al campo","componente_aplificacion":null,"globalid":"{4E73494D-71B1-4F23-9C61-30A9EEAA2064}","created_user":null,"created_date":null,"last_edited_user":"editorTroncal","last_edited_date":1722866253000,"log_replica":null,"id_trazado_troncal":"TZ001"}},{"type":"Feature","id":86,"geometry":{"type":"Point","coordinates":[-74.134275893859865,4.5942325706630625]},"properties":{"objectid":86,"numero_estacion":"07005","nombre_estacion":"Alquería","coordenada_x_estacion":993701.30050000001,"coordenada_y_estacion":999785.50840000005,"ubicacion_estacion":"AutoSur  KR 48","troncal_estacion":"NQS","numero_vagones_estacion":2,"numero_accesos_estacion":1,"biciestacion_estacion":"0","capacidad_biciestacion_estacion":0,"tipo_estacion":4,"biciparqueadero_estacion":0,"latitud_estacion":4.5942584899999996,"longitud_estacion":-74.134271260000006,"codigo_nodo_estacion":7005,"componente_wifi":"Valor SI al campo","componente_aplificacion":null,"globalid":"{68ECA9B8-46F7-4BC2-9A46-07C1C2E9F1C5}","created_user":null,"created_date":null,"last_edited_user":"editorTroncal","last_edited_date":1722866253000,"log_replica":null,"id_trazado_troncal":"TZ010"}},{"type":"Feature","id":87,"geometry":{"type":"Point","coordinates":[-74.181224658401845,4.596878653170875]},"properties":{"objectid":87,"numero_estacion":"07010","nombre_estacion":"Bosa","coordenada_x_estacion":988491.19110000005,"coordenada_y_estacion":1000075.8352,"ubicacion_estacion":"Autopista Sur - Av Bosa","troncal_estacion":"Soacha","numero_vagones_estacion":2,"numero_accesos_estacion":1,"biciestacion_estacion":"0","capacidad_biciestacion_estacion":0,"tipo_estacion":4,"biciparqueadero_estacion":0,"latitud_estacion":4.5968786499999998,"longitud_estacion":-74.181224659999998,"codigo_nodo_estacion":7507,"componente_wifi":"Valor SI al campo","componente_aplificacion":null,"globalid":"{43399EC3-08CD-45F1-993A-996E82C7F846}","created_user":null,"created_date":null,"last_edited_user":"editorTroncal","last_edited_date":1722866254000,"log_replica":null,"id_trazado_troncal":"TZ010"}},{"type":"Feature","id":88,"geometry":{"type":"Point","coordinates":[-74.084156862785363,4.6234016586667313]},"properties":{"objectid":88,"numero_estacion":"07109","nombre_estacion":"CAD","coordenada_x_estacion":999261.07299999997,"coordenada_y_estacion":1003008.9268,"ubicacion_estacion":"Kr 30 Cl 26","troncal_estacion":"NQS","numero_vagones_estacion":2,"numero_accesos_estacion":2,"biciestacion_estacion":"0","capacidad_biciestacion_estacion":0,"tipo_estacion":4,"biciparqueadero_estacion":0,"latitud_estacion":4.6234104399999998,"longitud_estacion":-74.084167340000008,"codigo_nodo_estacion":7109,"componente_wifi":"Valor SI al campo","componente_aplificacion":null,"globalid":"{BC62CB77-4008-461D-AFF0-10F150F7D0F4}","created_user":null,"created_date":null,"last_edited_user":"editorTroncal","last_edited_date":1722866254000,"log_replica":null,"id_trazado_troncal":"TZ008"}},{"type":"Feature","id":89,"geometry":{"type":"Point","coordinates":[-74.145769950879227,4.6312945287853378]},"properties":{"objectid":89,"numero_estacion":"05100","nombre_estacion":"Banderas","coordenada_x_estacion":992425.81200000003,"coordenada_y_estacion":1003881.798,"ubicacion_estacion":"Av. Americas -KR 78","troncal_estacion":"Americas","numero_vagones_estacion":4,"numero_accesos_estacion":2,"biciestacion_estacion":"1","capacidad_biciestacion_estacion":101,"tipo_estacion":2,"biciparqueadero_estacion":1,"latitud_estacion":4.6313006400000001,"longitud_estacion":-74.145769380000004,"codigo_nodo_estacion":5100,"componente_wifi":"Valor SI al campo","componente_aplificacion":null,"globalid":"{EDD7AE37-FCE4-4B0F-A432-D61F6B3EF917}","created_user":null,"created_date":null,"last_edited_user":"editorTroncal","last_edited_date":1722866254000,"log_replica":null,"id_trazado_troncal":"TZ009"}},{"type":"Feature","id":90,"geometry":{"type":"Point","coordinates":[-74.076860332421788,4.6078626236026965]},"properties":{"objectid":90,"numero_estacion":"09111","nombre_estacion":"Calle 19","coordenada_x_estacion":1000072.097,"coordenada_y_estacion":1001289.4507,"ubicacion_estacion":"CL 19 - CL 17","troncal_estacion":"Caracas","numero_vagones_estacion":3,"numero_accesos_estacion":2,"biciestacion_estacion":"0","capacidad_biciestacion_estacion":0,"tipo_estacion":4,"biciparqueadero_estacion":0,"latitud_estacion":4.6078610600000003,"longitud_estacion":-74.076858170000008,"codigo_nodo_estacion":9111,"componente_wifi":"Valor SI al campo","componente_aplificacion":null,"globalid":"{B3624EDB-2284-49BA-BD72-87211384DC95}","created_user":null,"created_date":null,"last_edited_user":"editorTroncal","last_edited_date":1722866255000,"log_replica":null,"id_trazado_troncal":"TZ001"}},{"type":"Feature","id":91,"geometry":{"type":"Point","coordinates":[-74.079115056564831,4.6030400530716085]},"properties":{"objectid":91,"numero_estacion":"14003","nombre_estacion":"AV. Jiménez - CL 13","coordenada_x_estacion":999822.38289999997,"coordenada_y_estacion":1000757.208,"ubicacion_estacion":"CL 13 - caracas","troncal_estacion":"Americas","numero_vagones_estacion":2,"numero_accesos_estacion":2,"biciestacion_estacion":"0","capacidad_biciestacion_estacion":0,"tipo_estacion":3,"biciparqueadero_estacion":0,"latitud_estacion":4.6030479299999998,"longitud_estacion":-74.079108609999992,"codigo_nodo_estacion":14003,"componente_wifi":"Valor SI al campo","componente_aplificacion":null,"globalid":"{B0817794-7B21-4D2E-9E71-CC22554F8D33}","created_user":null,"created_date":null,"last_edited_user":"editorTroncal","last_edited_date":1722866255000,"log_replica":null,"id_trazado_troncal":"TZ015"}},{"type":"Feature","id":92,"geometry":{"type":"Point","coordinates":[-74.078456974472147,4.6500469078849047]},"properties":{"objectid":92,"numero_estacion":"07105","nombre_estacion":"Movistar Arena","coordenada_x_estacion":999907.02049999998,"coordenada_y_estacion":1005953.4981,"ubicacion_estacion":"Kr 30 Cl 57","troncal_estacion":"NQS","numero_vagones_estacion":2,"numero_accesos_estacion":1,"biciestacion_estacion":"0","capacidad_biciestacion_estacion":0,"tipo_estacion":4,"biciparqueadero_estacion":0,"latitud_estacion":4.6500385200000007,"longitud_estacion":-74.078345909999996,"codigo_nodo_estacion":7105,"componente_wifi":"Valor SI al campo","componente_aplificacion":null,"globalid":"{35754D20-95B5-4122-971B-2CC9BA4A9689}","created_user":null,"created_date":null,"last_edited_user":"editorTroncal","last_edited_date":1722866256000,"log_replica":null,"id_trazado_troncal":"TZ008"}},{"type":"Feature","id":93,"geometry":{"type":"Point","coordinates":[-74.068699816855343,4.6268985374835703]},"properties":{"objectid":93,"numero_estacion":"09116","nombre_estacion":"AV. 39","coordenada_x_estacion":1000978.3111,"coordenada_y_estacion":1003394.4912,"ubicacion_estacion":"Avenida 39","troncal_estacion":"Caracas","numero_vagones_estacion":3,"numero_accesos_estacion":2,"biciestacion_estacion":"0","capacidad_biciestacion_estacion":0,"tipo_estacion":4,"biciparqueadero_estacion":0,"latitud_estacion":4.6268971099999998,"longitud_estacion":-74.068691060000006,"codigo_nodo_estacion":9116,"componente_wifi":"Valor SI al campo","componente_aplificacion":null,"globalid":"{A6314F6E-1B25-43F0-8BBD-45F98682F899}","created_user":null,"created_date":null,"last_edited_user":"editorTroncal","last_edited_date":1722866256000,"log_replica":null,"id_trazado_troncal":"TZ001"}},{"type":"Feature","id":94,"geometry":{"type":"Point","coordinates":[-74.061250978902166,4.6630288718370707]},"properties":{"objectid":94,"numero_estacion":"09123","nombre_estacion":"Calle 76","coordenada_x_estacion":1001802.7450999999,"coordenada_y_estacion":1007390.1883,"ubicacion_estacion":"CL 76 - CL 74","troncal_estacion":"Caracas","numero_vagones_estacion":3,"numero_accesos_estacion":2,"biciestacion_estacion":"0","capacidad_biciestacion_estacion":0,"tipo_estacion":4,"biciparqueadero_estacion":0,"latitud_estacion":4.6630304599999999,"longitud_estacion":-74.061260160000003,"codigo_nodo_estacion":9123,"componente_wifi":"Valor SI al campo","componente_aplificacion":null,"globalid":"{439753EE-91CF-4CF7-AA8B-3DA2BCAAF7E3}","created_user":null,"created_date":null,"last_edited_user":"editorTroncal","last_edited_date":1757435172000,"log_replica":null,"id_trazado_troncal":"TZ001"}},{"type":"Feature","id":95,"geometry":{"type":"Point","coordinates":[-74.059680092549996,4.6723219863016086]},"properties":{"objectid":95,"numero_estacion":"02303","nombre_estacion":"Calle 85 – GATO DUMAS","coordenada_x_estacion":1001982.4790000001,"coordenada_y_estacion":1008416.9027,"ubicacion_estacion":"CL 85","troncal_estacion":"Autonorte","numero_vagones_estacion":3,"numero_accesos_estacion":1,"biciestacion_estacion":"0","capacidad_biciestacion_estacion":0,"tipo_estacion":4,"biciparqueadero_estacion":0,"latitud_estacion":4.6723150999999996,"longitud_estacion":-74.059640020000003,"codigo_nodo_estacion":2303,"componente_wifi":"Valor SI al campo","componente_aplificacion":"Valor SI al campo","globalid":"{3F4CADEE-9876-4849-A366-16B328253C82}","created_user":null,"created_date":null,"last_edited_user":"editorTroncal","last_edited_date":1735306742000,"log_replica":null,"id_trazado_troncal":"TZ002"}},{"type":"Feature","id":96,"geometry":{"type":"Point","coordinates":[-74.117877326317014,4.5947844241930342]},"properties":{"objectid":96,"numero_estacion":"07008","nombre_estacion":"NQS - Calle 30 S","coordenada_x_estacion":995520.22869999998,"coordenada_y_estacion":999844.35900000005,"ubicacion_estacion":"AutoSur-Dg 26 Sur","troncal_estacion":"NQS","numero_vagones_estacion":2,"numero_accesos_estacion":1,"biciestacion_estacion":"0","capacidad_biciestacion_estacion":0,"tipo_estacion":4,"biciparqueadero_estacion":0,"latitud_estacion":4.5947917899999995,"longitud_estacion":-74.117879270000003,"codigo_nodo_estacion":7008,"componente_wifi":"Valor SI al campo","componente_aplificacion":null,"globalid":"{189F06BC-6972-4E2D-B9DB-A772F529BA70}","created_user":null,"created_date":null,"last_edited_user":"editorTroncal","last_edited_date":1722866258000,"log_replica":null,"id_trazado_troncal":"TZ010"}},{"type":"Feature","id":97,"geometry":{"type":"Point","coordinates":[-74.098603091279045,4.5713894207379528]},"properties":{"objectid":97,"numero_estacion":"10001","nombre_estacion":"Country Sur","coordenada_x_estacion":997655.96499999997,"coordenada_y_estacion":997259.16139999998,"ubicacion_estacion":"Kra 10- CL 28 Sur","troncal_estacion":"Cr 7-10","numero_vagones_estacion":2,"numero_accesos_estacion":2,"biciestacion_estacion":"0","capacidad_biciestacion_estacion":0,"tipo_estacion":4,"biciparqueadero_estacion":0,"latitud_estacion":4.5714143899999993,"longitud_estacion":-74.098631490000002,"codigo_nodo_estacion":10001,"componente_wifi":"Valor SI al campo","componente_aplificacion":null,"globalid":"{8EC773E7-07E3-4807-A899-8A576CC13CF7}","created_user":null,"created_date":null,"last_edited_user":"editorTroncal","last_edited_date":1722866258000,"log_replica":null,"id_trazado_troncal":"TZ018"}},{"type":"Feature","id":98,"geometry":{"type":"Point","coordinates":[-74.073627308934405,4.6780265255574296]},"properties":{"objectid":98,"numero_estacion":"04106","nombre_estacion":"Carrera 47","coordenada_x_estacion":1000429.0753,"coordenada_y_estacion":1009046.2254999999,"ubicacion_estacion":"KR 46","troncal_estacion":"Calle 80","numero_vagones_estacion":2,"numero_accesos_estacion":1,"biciestacion_estacion":"0","capacidad_biciestacion_estacion":0,"tipo_estacion":4,"biciparqueadero_estacion":0,"latitud_estacion":4.6780063399999996,"longitud_estacion":-74.073640670000003,"codigo_nodo_estacion":4106,"componente_wifi":"Valor SI al campo","componente_aplificacion":null,"globalid":"{7FFC4C1C-AB36-4DC4-8878-DC39BA5A2DC5}","created_user":null,"created_date":null,"last_edited_user":"editorTroncal","last_edited_date":1722866258000,"log_replica":null,"id_trazado_troncal":"TZ005"}},{"type":"Feature","id":99,"geometry":{"type":"Point","coordinates":[-74.107375292138826,4.5789431343716114]},"properties":{"objectid":99,"numero_estacion":"09103","nombre_estacion":"Olaya","coordenada_x_estacion":996687.31129999994,"coordenada_y_estacion":998087.90859999997,"ubicacion_estacion":"CL 24 Sur - CL 27 Su","troncal_estacion":"Caracas","numero_vagones_estacion":2,"numero_accesos_estacion":1,"biciestacion_estacion":"0","capacidad_biciestacion_estacion":0,"tipo_estacion":4,"biciparqueadero_estacion":0,"latitud_estacion":4.5789085299999996,"longitud_estacion":-74.10736095,"codigo_nodo_estacion":9103,"componente_wifi":"Valor SI al campo","componente_aplificacion":null,"globalid":"{41089918-501C-4A31-B2E0-5011E23F7827}","created_user":null,"created_date":null,"last_edited_user":"editorTroncal","last_edited_date":1722866259000,"log_replica":null,"id_trazado_troncal":"TZ012"}},{"type":"Feature","id":100,"geometry":{"type":"Point","coordinates":[-74.121856738933204,4.5570480015528139]},"properties":{"objectid":100,"numero_estacion":"09001","nombre_estacion":"Molinos","coordenada_x_estacion":995081.14359999995,"coordenada_y_estacion":995671.88899999997,"ubicacion_estacion":"KR 9A","troncal_estacion":"Caracas","numero_vagones_estacion":2,"numero_accesos_estacion":2,"biciestacion_estacion":"0","capacidad_biciestacion_estacion":0,"tipo_estacion":2,"biciparqueadero_estacion":0,"latitud_estacion":4.5570594400000006,"longitud_estacion":-74.121833949999996,"codigo_nodo_estacion":9001,"componente_wifi":"Valor SI al campo","componente_aplificacion":null,"globalid":"{CBFD745D-0834-4F22-B22A-52B2A3742795}","created_user":null,"created_date":null,"last_edited_user":"editorTroncal","last_edited_date":1722866259000,"log_replica":null,"id_trazado_troncal":"TZ012"}},{"type":"Feature","id":101,"geometry":{"type":"Point","coordinates":[-74.093941277718883,4.586297463552361]},"properties":{"objectid":101,"numero_estacion":"09106","nombre_estacion":"Nariño","coordenada_x_estacion":998178.11939999997,"coordenada_y_estacion":998903.63009999995,"ubicacion_estacion":"CL 8 Sur - CL 11 Sur","troncal_estacion":"Caracas","numero_vagones_estacion":2,"numero_accesos_estacion":1,"biciestacion_estacion":"0","capacidad_biciestacion_estacion":0,"tipo_estacion":4,"biciparqueadero_estacion":0,"latitud_estacion":4.5862856299999999,"longitud_estacion":-74.093926370000005,"codigo_nodo_estacion":9106,"componente_wifi":"Valor SI al campo","componente_aplificacion":null,"globalid":"{C2EE1BCE-4F84-49D6-95BA-4A26C36C0716}","created_user":null,"created_date":null,"last_edited_user":"editorTroncal","last_edited_date":1722866260000,"log_replica":null,"id_trazado_troncal":"TZ012"}},{"type":"Feature","id":102,"geometry":{"type":"Point","coordinates":[-74.074718533867454,4.7273367741718859]},"properties":{"objectid":102,"numero_estacion":"03004","nombre_estacion":"Gratamira","coordenada_x_estacion":1000308.5843,"coordenada_y_estacion":1014501.3005,"ubicacion_estacion":"Av Suba Cl 135","troncal_estacion":"Suba","numero_vagones_estacion":2,"numero_accesos_estacion":1,"biciestacion_estacion":"0","capacidad_biciestacion_estacion":0,"tipo_estacion":4,"biciparqueadero_estacion":0,"latitud_estacion":4.72733705,"longitud_estacion":-74.074726460000008,"codigo_nodo_estacion":3004,"componente_wifi":"Valor SI al campo","componente_aplificacion":null,"globalid":"{534E8C6B-03C9-480E-91F8-00DBFCDCB08D}","created_user":null,"created_date":null,"last_edited_user":"editorTroncal","last_edited_date":1722866260000,"log_replica":null,"id_trazado_troncal":"TZ003"}},{"type":"Feature","id":103,"geometry":{"type":"Point","coordinates":[-74.118670591251004,4.6285476348470533]},"properties":{"objectid":103,"numero_estacion":"05105","nombre_estacion":"Pradera","coordenada_x_estacion":995432.36120000004,"coordenada_y_estacion":1003575.4478,"ubicacion_estacion":"Av. Americas -KR 64","troncal_estacion":"Americas","numero_vagones_estacion":2,"numero_accesos_estacion":1,"biciestacion_estacion":"1","capacidad_biciestacion_estacion":32,"tipo_estacion":4,"biciparqueadero_estacion":1,"latitud_estacion":4.6285323800000002,"longitud_estacion":-74.118673060000006,"codigo_nodo_estacion":5105,"componente_wifi":"Valor SI al campo","componente_aplificacion":null,"globalid":"{522FBE6B-76F6-412E-965F-49ED07FCB929}","created_user":null,"created_date":null,"last_edited_user":"editorTroncal","last_edited_date":1722866261000,"log_replica":null,"id_trazado_troncal":"TZ009"}},{"type":"Feature","id":104,"geometry":{"type":"Point","coordinates":[-74.074315217131854,4.6060584848502879]},"properties":{"objectid":104,"numero_estacion":"10007","nombre_estacion":"Las Nieves","coordenada_x_estacion":1000353.8669,"coordenada_y_estacion":1001090.3752,"ubicacion_estacion":"Kra 10- CL 18","troncal_estacion":"Cr 7-10","numero_vagones_estacion":2,"numero_accesos_estacion":2,"biciestacion_estacion":"0","capacidad_biciestacion_estacion":0,"tipo_estacion":4,"biciparqueadero_estacion":0,"latitud_estacion":4.6060607899999999,"longitud_estacion":-74.074318849999997,"codigo_nodo_estacion":10007,"componente_wifi":"Valor SI al campo","componente_aplificacion":null,"globalid":"{24F169A8-3EE3-415B-A80E-0E6D1087DB95}","created_user":null,"created_date":null,"last_edited_user":"editorTroncal","last_edited_date":1722866261000,"log_replica":null,"id_trazado_troncal":"TZ018"}},{"type":"Feature","id":105,"geometry":{"type":"Point","coordinates":[-74.117112102950301,4.6750471273601626]},"properties":{"objectid":105,"numero_estacion":"06001","nombre_estacion":"Modelia","coordenada_x_estacion":995605.31409999996,"coordenada_y_estacion":1008718.7818,"ubicacion_estacion":"KR 84","troncal_estacion":"Calle 26","numero_vagones_estacion":2,"numero_accesos_estacion":1,"biciestacion_estacion":"0","capacidad_biciestacion_estacion":0,"tipo_estacion":4,"biciparqueadero_estacion":0,"latitud_estacion":4.6750441299999999,"longitud_estacion":-74.117116949999996,"codigo_nodo_estacion":6001,"componente_wifi":"Valor SI al campo","componente_aplificacion":null,"globalid":"{4CCBA4A8-A249-40BB-9EE9-F05F14909C2F}","created_user":null,"created_date":null,"last_edited_user":"editorTroncal","last_edited_date":1722866262000,"log_replica":null,"id_trazado_troncal":"TZ016"}},{"type":"Feature","id":106,"geometry":{"type":"Point","coordinates":[-74.130388617419129,4.5703033881181891]},"properties":{"objectid":106,"numero_estacion":"08002","nombre_estacion":"Biblioteca","coordenada_x_estacion":994132.0024,"coordenada_y_estacion":997136.32290000003,"ubicacion_estacion":"CL 48A Sur","troncal_estacion":"Tunal","numero_vagones_estacion":1,"numero_accesos_estacion":1,"biciestacion_estacion":"0","capacidad_biciestacion_estacion":0,"tipo_estacion":4,"biciparqueadero_estacion":0,"latitud_estacion":4.5703018999999996,"longitud_estacion":-74.130388050000008,"codigo_nodo_estacion":8002,"componente_wifi":"Valor SI al campo","componente_aplificacion":null,"globalid":"{DC11D13C-27E6-41B0-9871-D6DEB1DBB035}","created_user":null,"created_date":null,"last_edited_user":"editorTroncal","last_edited_date":1722866262000,"log_replica":null,"id_trazado_troncal":"TZ014"}},{"type":"Feature","id":107,"geometry":{"type":"Point","coordinates":[-74.08677021087847,4.6097495148081427]},"properties":{"objectid":107,"numero_estacion":"12004","nombre_estacion":"San Facon Carrera 22","coordenada_x_estacion":998978.66989999998,"coordenada_y_estacion":1001505.8574,"ubicacion_estacion":"Av. Americas -KR 22","troncal_estacion":"Americas","numero_vagones_estacion":2,"numero_accesos_estacion":2,"biciestacion_estacion":"0","capacidad_biciestacion_estacion":0,"tipo_estacion":4,"biciparqueadero_estacion":0,"latitud_estacion":4.6098179899999998,"longitud_estacion":-74.086712259999999,"codigo_nodo_estacion":12004,"componente_wifi":"Valor SI al campo","componente_aplificacion":null,"globalid":"{7D8B57F3-FBDA-4FE7-A4A6-0B21099E5733}","created_user":null,"created_date":null,"last_edited_user":"editorTroncal","last_edited_date":1722866263000,"log_replica":null,"id_trazado_troncal":"TZ009"}},{"type":"Feature","id":108,"geometry":{"type":"Point","coordinates":[-74.06488864919227,4.6484082123638908]},"properties":{"objectid":108,"numero_estacion":"09120","nombre_estacion":"Calle 63","coordenada_x_estacion":1001403.1673,"coordenada_y_estacion":1005772.7318,"ubicacion_estacion":"CL 63 - CL 60","troncal_estacion":"Caracas","numero_vagones_estacion":3,"numero_accesos_estacion":2,"biciestacion_estacion":"0","capacidad_biciestacion_estacion":0,"tipo_estacion":4,"biciparqueadero_estacion":0,"latitud_estacion":4.6484037199999992,"longitud_estacion":-74.064861730000004,"codigo_nodo_estacion":9120,"componente_wifi":"Valor SI al campo","componente_aplificacion":null,"globalid":"{66EDACF9-8C1C-4820-AC83-31A697D35ED3}","created_user":null,"created_date":null,"last_edited_user":"editorTroncal","last_edited_date":1722866263000,"log_replica":null,"id_trazado_troncal":"TZ001"}},{"type":"Feature","id":109,"geometry":{"type":"Point","coordinates":[-74.063034061337461,4.654913098101602]},"properties":{"objectid":109,"numero_estacion":"09121","nombre_estacion":"Flores – Areandina","coordenada_x_estacion":1001607.3567,"coordenada_y_estacion":1006491.7631,"ubicacion_estacion":"CL 69  - CL 67","troncal_estacion":"Caracas","numero_vagones_estacion":2,"numero_accesos_estacion":2,"biciestacion_estacion":"0","capacidad_biciestacion_estacion":0,"tipo_estacion":4,"biciparqueadero_estacion":0,"latitud_estacion":4.6549059599999998,"longitud_estacion":-74.063021320000004,"codigo_nodo_estacion":9121,"componente_wifi":"Valor SI al campo","componente_aplificacion":null,"globalid":"{817FF89D-65FB-4906-AD22-84D002B762DA}","created_user":null,"created_date":null,"last_edited_user":"editorTroncal","last_edited_date":1722866263000,"log_replica":null,"id_trazado_troncal":"TZ001"}},{"type":"Feature","id":110,"geometry":{"type":"Point","coordinates":[-74.072918508528403,4.6011269041237464]},"properties":{"objectid":110,"numero_estacion":"14004","nombre_estacion":"Museo del Oro","coordenada_x_estacion":1000511.5758,"coordenada_y_estacion":1000548.5192,"ubicacion_estacion":"KR 2","troncal_estacion":"Eje Ambiental","numero_vagones_estacion":1,"numero_accesos_estacion":2,"biciestacion_estacion":"0","capacidad_biciestacion_estacion":0,"tipo_estacion":4,"biciparqueadero_estacion":0,"latitud_estacion":4.6011607199999993,"longitud_estacion":-74.072897589999997,"codigo_nodo_estacion":14004,"componente_wifi":"Valor SI al campo","componente_aplificacion":null,"globalid":"{9742DF7A-2C9D-4D85-9E03-7FA9203E29FB}","created_user":null,"created_date":null,"last_edited_user":"editorTroncal","last_edited_date":1722866264000,"log_replica":null,"id_trazado_troncal":"TZ015"}},{"type":"Feature","id":111,"geometry":{"type":"Point","coordinates":[-74.129544717925512,4.5935637742568938]},"properties":{"objectid":111,"numero_estacion":"07006","nombre_estacion":"General Santander","coordenada_x_estacion":994225.76289999997,"coordenada_y_estacion":999709.20319999999,"ubicacion_estacion":"AutoSur-Kr43","troncal_estacion":"NQS","numero_vagones_estacion":3,"numero_accesos_estacion":1,"biciestacion_estacion":"1","capacidad_biciestacion_estacion":48,"tipo_estacion":2,"biciparqueadero_estacion":1,"latitud_estacion":4.5935688099999998,"longitud_estacion":-74.129544799999991,"codigo_nodo_estacion":7006,"componente_wifi":"Valor SI al campo","componente_aplificacion":null,"globalid":"{E4C2B86A-2DAB-40FE-A09E-DF26640CC9EB}","created_user":null,"created_date":null,"last_edited_user":"editorTroncal","last_edited_date":1722866264000,"log_replica":null,"id_trazado_troncal":"TZ010"}},{"type":"Feature","id":112,"geometry":{"type":"Point","coordinates":[-74.071142454023729,4.7065367635320614]},"properties":{"objectid":112,"numero_estacion":"03007","nombre_estacion":"Humedal Córdoba","coordenada_x_estacion":1000706.4471,"coordenada_y_estacion":1012201.2159,"ubicacion_estacion":"Av Suba CL 119","troncal_estacion":"Suba","numero_vagones_estacion":2,"numero_accesos_estacion":1,"biciestacion_estacion":"0","capacidad_biciestacion_estacion":0,"tipo_estacion":4,"biciparqueadero_estacion":0,"latitud_estacion":4.7065371699999998,"longitud_estacion":-74.071140470000003,"codigo_nodo_estacion":3007,"componente_wifi":"Valor SI al campo","componente_aplificacion":null,"globalid":"{7A07C351-756A-4EFA-B0EB-899B4695A52D}","created_user":null,"created_date":null,"last_edited_user":"editorTroncal","last_edited_date":1722866265000,"log_replica":null,"id_trazado_troncal":"TZ003"}},{"type":"Feature","id":113,"geometry":{"type":"Point","coordinates":[-74.135418456515168,4.568335771133671]},"properties":{"objectid":113,"numero_estacion":"08001","nombre_estacion":"Parque","coordenada_x_estacion":993573.77110000001,"coordenada_y_estacion":996918.94819999998,"ubicacion_estacion":"CL 55 Sur","troncal_estacion":"Tunal","numero_vagones_estacion":1,"numero_accesos_estacion":1,"biciestacion_estacion":"0","capacidad_biciestacion_estacion":0,"tipo_estacion":4,"biciparqueadero_estacion":0,"latitud_estacion":4.56833577,"longitud_estacion":-74.135418460000011,"codigo_nodo_estacion":8001,"componente_wifi":"Valor SI al campo","componente_aplificacion":null,"globalid":"{B46A7BAD-D331-4557-A216-939E55B93F1A}","created_user":null,"created_date":null,"last_edited_user":"editorTroncal","last_edited_date":1722866265000,"log_replica":null,"id_trazado_troncal":"TZ014"}},{"type":"Feature","id":114,"geometry":{"type":"Point","coordinates":[-74.086877457737131,4.5862291185268571]},"properties":{"objectid":114,"numero_estacion":"10004","nombre_estacion":"Policarpa","coordenada_x_estacion":998955.47829999996,"coordenada_y_estacion":998900.44299999997,"ubicacion_estacion":"Kra 10- CL 3 sur","troncal_estacion":"Cr 7-10","numero_vagones_estacion":2,"numero_accesos_estacion":2,"biciestacion_estacion":"0","capacidad_biciestacion_estacion":0,"tipo_estacion":4,"biciparqueadero_estacion":0,"latitud_estacion":4.5862569400000002,"longitud_estacion":-74.086920950000007,"codigo_nodo_estacion":10004,"componente_wifi":"Valor SI al campo","componente_aplificacion":null,"globalid":"{B32F9F95-B4DC-4DDF-9EE7-BE126AA48747}","created_user":null,"created_date":null,"last_edited_user":"editorTroncal","last_edited_date":1722866266000,"log_replica":null,"id_trazado_troncal":"TZ018"}},{"type":"Feature","id":115,"geometry":{"type":"Point","coordinates":[-74.069226459436919,4.6152471203908263]},"properties":{"objectid":115,"numero_estacion":"10009","nombre_estacion":"Museo Nacional","coordenada_x_estacion":1000918.9183,"coordenada_y_estacion":1002106.2172,"ubicacion_estacion":"Kra 7- CL 32","troncal_estacion":"Cr 7-10","numero_vagones_estacion":2,"numero_accesos_estacion":1,"biciestacion_estacion":"0","capacidad_biciestacion_estacion":0,"tipo_estacion":4,"biciparqueadero_estacion":0,"latitud_estacion":4.6152471199999994,"longitud_estacion":-74.069226459999996,"codigo_nodo_estacion":10009,"componente_wifi":"Valor SI al campo","componente_aplificacion":null,"globalid":"{D04F23EB-8D5E-4A18-9669-7DEA25D2C9CE}","created_user":null,"created_date":null,"last_edited_user":"editorTroncal","last_edited_date":1766434056000,"log_replica":null,"id_trazado_troncal":"TZ019"}},{"type":"Feature","id":116,"geometry":{"type":"Point","coordinates":[-74.086235390254814,4.595057596800018]},"properties":{"objectid":116,"numero_estacion":"09108","nombre_estacion":"Hospital","coordenada_x_estacion":999033.25650000002,"coordenada_y_estacion":999872.29839999997,"ubicacion_estacion":"CL 4 - CL 2","troncal_estacion":"Caracas","numero_vagones_estacion":2,"numero_accesos_estacion":1,"biciestacion_estacion":"0","capacidad_biciestacion_estacion":0,"tipo_estacion":4,"biciparqueadero_estacion":0,"latitud_estacion":4.5950455400000001,"longitud_estacion":-74.086220140000009,"codigo_nodo_estacion":9108,"componente_wifi":"Valor SI al campo","componente_aplificacion":null,"globalid":"{BD746C6E-B15D-46C2-BAFD-BA83433448FE}","created_user":null,"created_date":null,"last_edited_user":"editorTroncal","last_edited_date":1722866266000,"log_replica":null,"id_trazado_troncal":"TZ012"}},{"type":"Feature","id":117,"geometry":{"type":"Point","coordinates":[-74.11328001956042,4.6690086714294452]},"properties":{"objectid":117,"numero_estacion":"06002","nombre_estacion":"Normandía","coordenada_x_estacion":996033.2243,"coordenada_y_estacion":1008052.7496,"ubicacion_estacion":"KR 73a","troncal_estacion":"Calle 26","numero_vagones_estacion":2,"numero_accesos_estacion":1,"biciestacion_estacion":"0","capacidad_biciestacion_estacion":0,"tipo_estacion":4,"biciparqueadero_estacion":0,"latitud_estacion":4.6690213400000005,"longitud_estacion":-74.113259920000004,"codigo_nodo_estacion":6002,"componente_wifi":"Valor SI al campo","componente_aplificacion":null,"globalid":"{06C798D5-D8C4-45B1-A9FD-FD0759DC7BDC}","created_user":null,"created_date":null,"last_edited_user":"editorTroncal","last_edited_date":1722866267000,"log_replica":null,"id_trazado_troncal":"TZ016"}},{"type":"Feature","id":118,"geometry":{"type":"Point","coordinates":[-74.164971189909963,4.5957808690999915]},"properties":{"objectid":118,"numero_estacion":"07001","nombre_estacion":"Perdomo","coordenada_x_estacion":990294.728,"coordenada_y_estacion":999953.62650000001,"ubicacion_estacion":"AutoSur-Kr78C","troncal_estacion":"NQS","numero_vagones_estacion":2,"numero_accesos_estacion":1,"biciestacion_estacion":"0","capacidad_biciestacion_estacion":0,"tipo_estacion":4,"biciparqueadero_estacion":0,"latitud_estacion":4.59577569,"longitud_estacion":-74.164971160000007,"codigo_nodo_estacion":7001,"componente_wifi":"Valor SI al campo","componente_aplificacion":null,"globalid":"{957AC972-2D27-448B-A823-48E62322B8F1}","created_user":null,"created_date":null,"last_edited_user":"editorTroncal","last_edited_date":1722866267000,"log_replica":null,"id_trazado_troncal":"TZ010"}},{"type":"Feature","id":119,"geometry":{"type":"Point","coordinates":[-74.090259864266088,4.5908595914252812]},"properties":{"objectid":119,"numero_estacion":"09107","nombre_estacion":"Hortúa","coordenada_x_estacion":998587.46349999995,"coordenada_y_estacion":999407.28079999995,"ubicacion_estacion":"CL 1 Sur - CL 3 Sur","troncal_estacion":"Caracas","numero_vagones_estacion":2,"numero_accesos_estacion":2,"biciestacion_estacion":"0","capacidad_biciestacion_estacion":0,"tipo_estacion":4,"biciparqueadero_estacion":0,"latitud_estacion":4.5908402800000001,"longitud_estacion":-74.090237520000002,"codigo_nodo_estacion":9107,"componente_wifi":"Valor SI al campo","componente_aplificacion":null,"globalid":"{987658CF-567A-4E61-ACE5-E315F5AABB02}","created_user":null,"created_date":null,"last_edited_user":"editorTroncal","last_edited_date":1722866268000,"log_replica":null,"id_trazado_troncal":"TZ012"}},{"type":"Feature","id":120,"geometry":{"type":"Point","coordinates":[-74.084584295978502,4.6908998098125689]},"properties":{"objectid":120,"numero_estacion":"04103","nombre_estacion":"Ferias","coordenada_x_estacion":999214.86939999997,"coordenada_y_estacion":1010471.9998,"ubicacion_estacion":"Transversal  67 Bis","troncal_estacion":"Calle 80","numero_vagones_estacion":1,"numero_accesos_estacion":1,"biciestacion_estacion":"0","capacidad_biciestacion_estacion":0,"tipo_estacion":4,"biciparqueadero_estacion":0,"latitud_estacion":4.69089972,"longitud_estacion":-74.084584410000005,"codigo_nodo_estacion":4103,"componente_wifi":"Valor SI al campo","componente_aplificacion":null,"globalid":"{94B9AFA1-E76B-42CA-AB59-2B4C9044C334}","created_user":null,"created_date":null,"last_edited_user":"editorTroncal","last_edited_date":1722866268000,"log_replica":null,"id_trazado_troncal":"TZ005"}},{"type":"Feature","id":121,"geometry":{"type":"Point","coordinates":[-74.066972990306795,4.6364457087390392]},"properties":{"objectid":121,"numero_estacion":"09118","nombre_estacion":"Temporal Marly","coordenada_x_estacion":1001191.5198,"coordenada_y_estacion":1004573.2678,"ubicacion_estacion":"CL 51 - CL 49","troncal_estacion":"Caracas","numero_vagones_estacion":2,"numero_accesos_estacion":2,"biciestacion_estacion":"0","capacidad_biciestacion_estacion":0,"tipo_estacion":4,"biciparqueadero_estacion":0,"latitud_estacion":4.63755688,"longitud_estacion":-74.06676938999999,"codigo_nodo_estacion":9118,"componente_wifi":"Valor SI al campo","componente_aplificacion":null,"globalid":"{74540360-5A82-430C-95D7-1EEE2B7B8F74}","created_user":null,"created_date":null,"last_edited_user":"editorTroncal","last_edited_date":1758052128000,"log_replica":null,"id_trazado_troncal":"TZ001"}},{"type":"Feature","id":122,"geometry":{"type":"Point","coordinates":[-74.164576398632306,4.6331386568004929]},"properties":{"objectid":122,"numero_estacion":"05001","nombre_estacion":"Patio Bonito","coordenada_x_estacion":990335.73400000005,"coordenada_y_estacion":1004088.9552,"ubicacion_estacion":"Av.Cali - CL 40 sur","troncal_estacion":"Americas","numero_vagones_estacion":2,"numero_accesos_estacion":2,"biciestacion_estacion":"0","capacidad_biciestacion_estacion":0,"tipo_estacion":4,"biciparqueadero_estacion":0,"latitud_estacion":4.6331719099999997,"longitud_estacion":-74.164606179999993,"codigo_nodo_estacion":5001,"componente_wifi":"Valor SI al campo","componente_aplificacion":null,"globalid":"{06044B2C-EBFE-4BCC-A24B-CFAE1D5B4E13}","created_user":null,"created_date":null,"last_edited_user":"editorTroncal","last_edited_date":1722866269000,"log_replica":null,"id_trazado_troncal":"TZ009"}},{"type":"Feature","id":123,"geometry":{"type":"Point","coordinates":[-74.099416448937163,4.5829922935458667]},"properties":{"objectid":123,"numero_estacion":"09105","nombre_estacion":"Fucha","coordenada_x_estacion":997570.90029999998,"coordenada_y_estacion":998536.30079999997,"ubicacion_estacion":"CL 13 Sur - CL 16 Su","troncal_estacion":"Caracas","numero_vagones_estacion":2,"numero_accesos_estacion":1,"biciestacion_estacion":"0","capacidad_biciestacion_estacion":0,"tipo_estacion":4,"biciparqueadero_estacion":0,"latitud_estacion":4.5829636800000007,"longitud_estacion":-74.099398410000006,"codigo_nodo_estacion":9105,"componente_wifi":"Valor SI al campo","componente_aplificacion":null,"globalid":"{9E8A2E69-BEBE-4F76-A187-8EECADE2B6ED}","created_user":null,"created_date":null,"last_edited_user":"editorTroncal","last_edited_date":1722866270000,"log_replica":null,"id_trazado_troncal":"TZ012"}},{"type":"Feature","id":124,"geometry":{"type":"Point","coordinates":[-74.091478268216946,4.6966608600347231]},"properties":{"objectid":124,"numero_estacion":"04101","nombre_estacion":"Minuto de Dios","coordenada_x_estacion":998449.62910000002,"coordenada_y_estacion":1011108.3959999999,"ubicacion_estacion":"KR 73 A","troncal_estacion":"Calle 80","numero_vagones_estacion":2,"numero_accesos_estacion":1,"biciestacion_estacion":"0","capacidad_biciestacion_estacion":0,"tipo_estacion":4,"biciparqueadero_estacion":0,"latitud_estacion":4.6966546000000005,"longitud_estacion":-74.091481739999992,"codigo_nodo_estacion":4101,"componente_wifi":"Valor SI al campo","componente_aplificacion":null,"globalid":"{E92E4B11-C406-474C-881F-2E6F9849E32B}","created_user":null,"created_date":null,"last_edited_user":"editorTroncal","last_edited_date":1722866270000,"log_replica":null,"id_trazado_troncal":"TZ005"}},{"type":"Feature","id":125,"geometry":{"type":"Point","coordinates":[-74.068401429409278,4.602579748437698]},"properties":{"objectid":125,"numero_estacion":"14005","nombre_estacion":"Las Aguas - Centro Colombo Americano","coordenada_x_estacion":1001010.4823,"coordenada_y_estacion":1000705.442,"ubicacion_estacion":"KR 4","troncal_estacion":"Eje Ambiental","numero_vagones_estacion":1,"numero_accesos_estacion":2,"biciestacion_estacion":"0","capacidad_biciestacion_estacion":0,"tipo_estacion":3,"biciparqueadero_estacion":0,"latitud_estacion":4.6025797500000003,"longitud_estacion":-74.068401429999994,"codigo_nodo_estacion":14005,"componente_wifi":"Valor SI al campo","componente_aplificacion":null,"globalid":"{D2531DC9-32C1-4AFB-9718-2F63E61A947F}","created_user":null,"created_date":null,"last_edited_user":"editorTroncal","last_edited_date":1722866271000,"log_replica":null,"id_trazado_troncal":"TZ015"}},{"type":"Feature","id":126,"geometry":{"type":"Point","coordinates":[-74.074751837519827,4.7213612824070195]},"properties":{"objectid":126,"numero_estacion":"03005","nombre_estacion":"Suba - AV. Boyacá","coordenada_x_estacion":1000308.5759000001,"coordenada_y_estacion":1013840.5824,"ubicacion_estacion":"Av Suba Av Boyacá","troncal_estacion":"Suba","numero_vagones_estacion":2,"numero_accesos_estacion":2,"biciestacion_estacion":"0","capacidad_biciestacion_estacion":0,"tipo_estacion":4,"biciparqueadero_estacion":0,"latitud_estacion":4.7213621200000002,"longitud_estacion":-74.074726560000002,"codigo_nodo_estacion":3005,"componente_wifi":"Valor SI al campo","componente_aplificacion":null,"globalid":"{D1127937-7AD6-462D-B656-9FD72B943047}","created_user":null,"created_date":null,"last_edited_user":"editorTroncal","last_edited_date":1722866271000,"log_replica":null,"id_trazado_troncal":"TZ003"}},{"type":"Feature","id":127,"geometry":{"type":"Point","coordinates":[-74.124722688312602,4.5709748019854297]},"properties":{"objectid":127,"numero_estacion":"09004","nombre_estacion":"Santa Lucía","coordenada_x_estacion":994763.72549999994,"coordenada_y_estacion":997209.46790000005,"ubicacion_estacion":"CL 46A Sur - Diagonal 4","troncal_estacion":"Caracas","numero_vagones_estacion":2,"numero_accesos_estacion":2,"biciestacion_estacion":"0","capacidad_biciestacion_estacion":0,"tipo_estacion":4,"biciparqueadero_estacion":0,"latitud_estacion":4.5709637599999997,"longitud_estacion":-74.124695250000002,"codigo_nodo_estacion":9004,"componente_wifi":"Valor SI al campo","componente_aplificacion":null,"globalid":"{CF481A6B-A328-421A-8A66-93117A6DFA6E}","created_user":null,"created_date":null,"last_edited_user":"editorTroncal","last_edited_date":1722866272000,"log_replica":null,"id_trazado_troncal":"TZ012"}},{"type":"Feature","id":128,"geometry":{"type":"Point","coordinates":[-74.067136346963181,4.6765863029787447]},"properties":{"objectid":128,"numero_estacion":"03014","nombre_estacion":"San Martín","coordenada_x_estacion":1001158.5475,"coordenada_y_estacion":1008884.2936,"ubicacion_estacion":"Av Suba Cl 81","troncal_estacion":"Suba","numero_vagones_estacion":2,"numero_accesos_estacion":1,"biciestacion_estacion":"0","capacidad_biciestacion_estacion":0,"tipo_estacion":4,"biciparqueadero_estacion":0,"latitud_estacion":4.6765419100000001,"longitud_estacion":-74.067065979999995,"codigo_nodo_estacion":3014,"componente_wifi":"Valor SI al campo","componente_aplificacion":null,"globalid":"{C9D40C41-0A27-4E51-918E-7B8ECAB318B5}","created_user":null,"created_date":null,"last_edited_user":"editorTroncal","last_edited_date":1722866272000,"log_replica":null,"id_trazado_troncal":"TZ003"}},{"type":"Feature","id":129,"geometry":{"type":"Point","coordinates":[-74.067333290782244,4.6046535016732619]},"properties":{"objectid":129,"numero_estacion":"06111","nombre_estacion":"Universidades – CityU","coordenada_x_estacion":1001131.6384000001,"coordenada_y_estacion":1000933.5853,"ubicacion_estacion":"KR 4","troncal_estacion":"Calle 26","numero_vagones_estacion":2,"numero_accesos_estacion":2,"biciestacion_estacion":"0","capacidad_biciestacion_estacion":0,"tipo_estacion":3,"biciparqueadero_estacion":0,"latitud_estacion":4.6046428599999993,"longitud_estacion":-74.067309539999997,"codigo_nodo_estacion":6111,"componente_wifi":"Valor SI al campo","componente_aplificacion":null,"globalid":"{7A559314-71F8-440D-A3B1-F5ABEF7DD8D5}","created_user":null,"created_date":null,"last_edited_user":"editorTroncal","last_edited_date":1722866272000,"log_replica":null,"id_trazado_troncal":"TZ016"}},{"type":"Feature","id":130,"geometry":{"type":"Point","coordinates":[-74.10261779686607,4.6016750319413742]},"properties":{"objectid":130,"numero_estacion":"07113","nombre_estacion":"Santa Isabel","coordenada_x_estacion":997214.47239999997,"coordenada_y_estacion":1000604.5699,"ubicacion_estacion":"Kr 30 Av 3","troncal_estacion":"NQS","numero_vagones_estacion":2,"numero_accesos_estacion":1,"biciestacion_estacion":"0","capacidad_biciestacion_estacion":0,"tipo_estacion":4,"biciparqueadero_estacion":0,"latitud_estacion":4.6016671700000007,"longitud_estacion":-74.102611119999992,"codigo_nodo_estacion":7113,"componente_wifi":"Valor SI al campo","componente_aplificacion":null,"globalid":"{9B1D0925-067D-4E38-A55C-874B831E3DC0}","created_user":null,"created_date":null,"last_edited_user":"editorTroncal","last_edited_date":1722866273000,"log_replica":null,"id_trazado_troncal":"TZ008"}},{"type":"Feature","id":131,"geometry":{"type":"Point","coordinates":[-74.063157592089098,4.6845718959858909]},"properties":{"objectid":131,"numero_estacion":"03012","nombre_estacion":"Suba - Calle 95","coordenada_x_estacion":1001592.7282,"coordenada_y_estacion":1009772.5676,"ubicacion_estacion":"Av Suba Cl 97","troncal_estacion":"Suba","numero_vagones_estacion":2,"numero_accesos_estacion":1,"biciestacion_estacion":"0","capacidad_biciestacion_estacion":0,"tipo_estacion":4,"biciparqueadero_estacion":0,"latitud_estacion":4.6845745799999996,"longitud_estacion":-74.063152560000006,"codigo_nodo_estacion":3012,"componente_wifi":"Valor SI al campo","componente_aplificacion":null,"globalid":"{8A40AE34-E55E-4C3C-A85B-2E81D7A6DE82}","created_user":null,"created_date":null,"last_edited_user":"editorTroncal","last_edited_date":1722866273000,"log_replica":null,"id_trazado_troncal":"TZ003"}},{"type":"Feature","id":132,"geometry":{"type":"Point","coordinates":[-74.104634255974446,4.6256751963112333]},"properties":{"objectid":132,"numero_estacion":"12000","nombre_estacion":"Puente Aranda","coordenada_x_estacion":996989.42550000001,"coordenada_y_estacion":1003258.7267999999,"ubicacion_estacion":"CL 13 KR 47","troncal_estacion":"Americas","numero_vagones_estacion":2,"numero_accesos_estacion":1,"biciestacion_estacion":"0","capacidad_biciestacion_estacion":0,"tipo_estacion":4,"biciparqueadero_estacion":0,"latitud_estacion":4.6256689100000008,"longitud_estacion":-74.104640150000009,"codigo_nodo_estacion":12000,"componente_wifi":"Valor SI al campo","componente_aplificacion":null,"globalid":"{5397B82B-7711-459A-8EE4-10A24B5C7BE9}","created_user":null,"created_date":null,"last_edited_user":"editorTroncal","last_edited_date":1722866274000,"log_replica":null,"id_trazado_troncal":"TZ009"}},{"type":"Feature","id":133,"geometry":{"type":"Point","coordinates":[-74.114370696447068,4.5767715264157616]},"properties":{"objectid":133,"numero_estacion":"09101","nombre_estacion":"Quiroga","coordenada_x_estacion":995908.74320000003,"coordenada_y_estacion":997854.31039999996,"ubicacion_estacion":"CL 31 Sur - CL 32 Su","troncal_estacion":"Caracas","numero_vagones_estacion":2,"numero_accesos_estacion":1,"biciestacion_estacion":"0","capacidad_biciestacion_estacion":0,"tipo_estacion":4,"biciparqueadero_estacion":0,"latitud_estacion":4.5767957499999996,"longitud_estacion":-74.114377079999997,"codigo_nodo_estacion":9101,"componente_wifi":"Valor SI al campo","componente_aplificacion":null,"globalid":"{277149A0-A0C6-445E-9DAA-AB5A1DFEF043}","created_user":null,"created_date":null,"last_edited_user":"editorTroncal","last_edited_date":1722866274000,"log_replica":null,"id_trazado_troncal":"TZ012"}},{"type":"Feature","id":134,"geometry":{"type":"Point","coordinates":[-74.067141435700449,4.6932909372536118]},"properties":{"objectid":134,"numero_estacion":"03010","nombre_estacion":"Puentelargo","coordenada_x_estacion":1001150.1478,"coordenada_y_estacion":1010736.4295,"ubicacion_estacion":"Av Suba Tv 48","troncal_estacion":"Suba","numero_vagones_estacion":2,"numero_accesos_estacion":1,"biciestacion_estacion":"0","capacidad_biciestacion_estacion":0,"tipo_estacion":4,"biciparqueadero_estacion":0,"latitud_estacion":4.6932909399999998,"longitud_estacion":-74.06714144,"codigo_nodo_estacion":3010,"componente_wifi":"Valor SI al campo","componente_aplificacion":null,"globalid":"{3BCF1104-CD7E-4C27-AAA4-105B3A3C0A87}","created_user":null,"created_date":null,"last_edited_user":"editorTroncal","last_edited_date":1722866275000,"log_replica":null,"id_trazado_troncal":"TZ003"}},{"type":"Feature","id":135,"geometry":{"type":"Point","coordinates":[-74.077441329692917,4.6010429129421047]},"properties":{"objectid":135,"numero_estacion":"10006","nombre_estacion":"San Victorino","coordenada_x_estacion":1000011.2959,"coordenada_y_estacion":1000532.7695000001,"ubicacion_estacion":"Kra 10- CL 12","troncal_estacion":"Cr 7-10","numero_vagones_estacion":3,"numero_accesos_estacion":2,"biciestacion_estacion":"0","capacidad_biciestacion_estacion":0,"tipo_estacion":4,"biciparqueadero_estacion":0,"latitud_estacion":4.6010183099999997,"longitud_estacion":-74.077406119999992,"codigo_nodo_estacion":10006,"componente_wifi":"Valor SI al campo","componente_aplificacion":null,"globalid":"{5D97E83F-F1A9-4F6D-85D5-C7D028B38524}","created_user":null,"created_date":null,"last_edited_user":"editorTroncal","last_edited_date":1722866275000,"log_replica":null,"id_trazado_troncal":"TZ018"}},{"type":"Feature","id":136,"geometry":{"type":"Point","coordinates":[-74.156878176240355,4.5962873964508582]},"properties":{"objectid":136,"numero_estacion":"07002","nombre_estacion":"CC Paseo Villa del Río - Madelena","coordenada_x_estacion":991193.098,"coordenada_y_estacion":1000006.5174,"ubicacion_estacion":"AutoSur-Kr67","troncal_estacion":"NQS","numero_vagones_estacion":2,"numero_accesos_estacion":1,"biciestacion_estacion":"0","capacidad_biciestacion_estacion":0,"tipo_estacion":4,"biciparqueadero_estacion":0,"latitud_estacion":4.5962549299999997,"longitud_estacion":-74.156875170000006,"codigo_nodo_estacion":7002,"componente_wifi":"Valor SI al campo","componente_aplificacion":null,"globalid":"{5A2B3550-1A8F-4F87-89CD-333983581B6E}","created_user":null,"created_date":null,"last_edited_user":"editorTroncal","last_edited_date":1722866276000,"log_replica":null,"id_trazado_troncal":"TZ010"}},{"type":"Feature","id":137,"geometry":{"type":"Point","coordinates":[-74.205463738284379,4.5859893262217764]},"properties":{"objectid":137,"numero_estacion":"07503","nombre_estacion":"San Mateo - CC Unisur","coordenada_x_estacion":985801.67420000001,"coordenada_y_estacion":998871.39229999995,"ubicacion_estacion":"Autopista Sur - Kr 33","troncal_estacion":"Soacha","numero_vagones_estacion":3,"numero_accesos_estacion":1,"biciestacion_estacion":"1","capacidad_biciestacion_estacion":650,"tipo_estacion":2,"biciparqueadero_estacion":1,"latitud_estacion":4.5859828299999998,"longitud_estacion":-74.205460459999998,"codigo_nodo_estacion":7503,"componente_wifi":"Valor SI al campo","componente_aplificacion":null,"globalid":"{87E56A04-6354-4BF7-A885-2F2B73FEE115}","created_user":null,"created_date":null,"last_edited_user":"editorTroncal","last_edited_date":1722866276000,"log_replica":null,"id_trazado_troncal":"TZ011"}},{"type":"Feature","id":138,"geometry":{"type":"Point","coordinates":[-74.147407352721217,4.5951016789837258]},"properties":{"objectid":138,"numero_estacion":"07003","nombre_estacion":"Sevillana","coordenada_x_estacion":992243.603,"coordenada_y_estacion":999878.28500000003,"ubicacion_estacion":"Sevillana","troncal_estacion":"NQS","numero_vagones_estacion":2,"numero_accesos_estacion":1,"biciestacion_estacion":"0","capacidad_biciestacion_estacion":0,"tipo_estacion":4,"biciparqueadero_estacion":0,"latitud_estacion":4.5950963099999997,"longitud_estacion":-74.147407980000011,"codigo_nodo_estacion":7003,"componente_wifi":"Valor SI al campo","componente_aplificacion":null,"globalid":"{E8B1EBB0-C8DA-4A89-9BE9-FEF016E6027C}","created_user":null,"created_date":null,"last_edited_user":"editorTroncal","last_edited_date":1722866276000,"log_replica":null,"id_trazado_troncal":"TZ010"}},{"type":"Feature","id":139,"geometry":{"type":"Point","coordinates":[-74.06465010107226,4.6804654246874371]},"properties":{"objectid":139,"numero_estacion":"03013","nombre_estacion":"Rionegro","coordenada_x_estacion":1001420.5593,"coordenada_y_estacion":1009322.1242,"ubicacion_estacion":"Av Suba Cl 87","troncal_estacion":"Suba","numero_vagones_estacion":2,"numero_accesos_estacion":1,"biciestacion_estacion":"0","capacidad_biciestacion_estacion":0,"tipo_estacion":4,"biciparqueadero_estacion":0,"latitud_estacion":4.6805012100000001,"longitud_estacion":-74.064704399999997,"codigo_nodo_estacion":3013,"componente_wifi":"Valor SI al campo","componente_aplificacion":null,"globalid":"{665BF8E5-3396-4499-9ABC-0B98C4D1CFD9}","created_user":null,"created_date":null,"last_edited_user":"editorTroncal","last_edited_date":1722866277000,"log_replica":null,"id_trazado_troncal":"TZ003"}},{"type":"Feature","id":140,"geometry":{"type":"Point","coordinates":[-74.069837504522326,4.6992407900102444]},"properties":{"objectid":140,"numero_estacion":"03009","nombre_estacion":"Suba - Calle 116","coordenada_x_estacion":1000850.8283000001,"coordenada_y_estacion":1011394.3153,"ubicacion_estacion":"Av Suba CL 114","troncal_estacion":"Suba","numero_vagones_estacion":2,"numero_accesos_estacion":1,"biciestacion_estacion":"0","capacidad_biciestacion_estacion":0,"tipo_estacion":4,"biciparqueadero_estacion":0,"latitud_estacion":4.6992402900000005,"longitud_estacion":-74.069839189999996,"codigo_nodo_estacion":3009,"componente_wifi":"Valor SI al campo","componente_aplificacion":null,"globalid":"{44E7737D-D17B-488F-9141-B8B3FB6415BA}","created_user":null,"created_date":null,"last_edited_user":"editorTroncal","last_edited_date":1722866277000,"log_replica":null,"id_trazado_troncal":"TZ003"}},{"type":"Feature","id":141,"geometry":{"type":"Point","coordinates":[-74.084301533471148,4.5901780728242212]},"properties":{"objectid":141,"numero_estacion":"10010","nombre_estacion":"San Bernardo","coordenada_x_estacion":999244.18640000001,"coordenada_y_estacion":999335.37930000003,"ubicacion_estacion":"Kra 10- CL 1b  sur","troncal_estacion":"Cr 7-10","numero_vagones_estacion":2,"numero_accesos_estacion":2,"biciestacion_estacion":"0","capacidad_biciestacion_estacion":0,"tipo_estacion":4,"biciparqueadero_estacion":0,"latitud_estacion":4.5901901399999998,"longitud_estacion":-74.084319210000004,"codigo_nodo_estacion":10010,"componente_wifi":"Valor SI al campo","componente_aplificacion":null,"globalid":"{61E5A6BB-6C45-4DDC-A33D-AEC0239D035D}","created_user":null,"created_date":null,"last_edited_user":"editorTroncal","last_edited_date":1722866278000,"log_replica":null,"id_trazado_troncal":"TZ018"}},{"type":"Feature","id":142,"geometry":{"type":"Point","coordinates":[-74.110620621267671,4.597322287738816]},"properties":{"objectid":142,"numero_estacion":"07009","nombre_estacion":"SENA","coordenada_x_estacion":996323.25829999999,"coordenada_y_estacion":1000129.4773,"ubicacion_estacion":"AutoSur-Cl 17 S","troncal_estacion":"NQS","numero_vagones_estacion":2,"numero_accesos_estacion":1,"biciestacion_estacion":"0","capacidad_biciestacion_estacion":0,"tipo_estacion":4,"biciparqueadero_estacion":0,"latitud_estacion":4.5973705200000001,"longitud_estacion":-74.110642550000009,"codigo_nodo_estacion":7009,"componente_wifi":"Valor SI al campo","componente_aplificacion":null,"globalid":"{8DB4E651-987C-4253-A371-C0D3FD9F2214}","created_user":null,"created_date":null,"last_edited_user":"editorTroncal","last_edited_date":1722866278000,"log_replica":null,"id_trazado_troncal":"TZ010"}},{"type":"Feature","id":143,"geometry":{"type":"Point","coordinates":[-74.125532575938166,4.5646843605283154]},"properties":{"objectid":143,"numero_estacion":"09003","nombre_estacion":"Socorro","coordenada_x_estacion":994666.2537,"coordenada_y_estacion":996512.18200000003,"ubicacion_estacion":"KR 16B - KR 14A","troncal_estacion":"Caracas","numero_vagones_estacion":2,"numero_accesos_estacion":2,"biciestacion_estacion":"0","capacidad_biciestacion_estacion":0,"tipo_estacion":4,"biciparqueadero_estacion":0,"latitud_estacion":4.5646580700000001,"longitud_estacion":-74.125573209999999,"codigo_nodo_estacion":9003,"componente_wifi":"Valor SI al campo","componente_aplificacion":null,"globalid":"{353171B7-B0AC-49F0-9C8D-9E6BDF09E9A3}","created_user":null,"created_date":null,"last_edited_user":"editorTroncal","last_edited_date":1722866279000,"log_replica":null,"id_trazado_troncal":"TZ012"}},{"type":"Feature","id":144,"geometry":{"type":"Point","coordinates":[-74.080858744832156,4.7354263836335999]},"properties":{"objectid":144,"numero_estacion":"03003","nombre_estacion":"21 Ángeles","coordenada_x_estacion":999628.82279999997,"coordenada_y_estacion":1015396.6792,"ubicacion_estacion":"Av Suba Cl 136","troncal_estacion":"Suba","numero_vagones_estacion":2,"numero_accesos_estacion":1,"biciestacion_estacion":"0","capacidad_biciestacion_estacion":0,"tipo_estacion":4,"biciparqueadero_estacion":0,"latitud_estacion":4.7354340200000005,"longitud_estacion":-74.080853599999998,"codigo_nodo_estacion":3003,"componente_wifi":"Valor SI al campo","componente_aplificacion":null,"globalid":"{9F023B6E-286F-4327-A859-36E781B9A2C8}","created_user":null,"created_date":null,"last_edited_user":"editorTroncal","last_edited_date":1722866279000,"log_replica":null,"id_trazado_troncal":"TZ003"}},{"type":"Feature","id":145,"geometry":{"type":"Point","coordinates":[-74.070695101289672,4.6195125006266151]},"properties":{"objectid":145,"numero_estacion":"09115","nombre_estacion":"Temporal Calle 34","coordenada_x_estacion":1000860.4240999999,"coordenada_y_estacion":1002807.1726,"ubicacion_estacion":"Avenida CL 34 - CL 3","troncal_estacion":"Caracas","numero_vagones_estacion":2,"numero_accesos_estacion":2,"biciestacion_estacion":"0","capacidad_biciestacion_estacion":0,"tipo_estacion":4,"biciparqueadero_estacion":0,"latitud_estacion":4.6215859400000001,"longitud_estacion":-74.069753550000001,"codigo_nodo_estacion":9115,"componente_wifi":"Valor SI al campo","componente_aplificacion":null,"globalid":"{421A1C57-3957-4F4D-9314-295546687CE5}","created_user":null,"created_date":null,"last_edited_user":"editorTroncal","last_edited_date":1761229623000,"log_replica":null,"id_trazado_troncal":"TZ001"}},{"type":"Feature","id":146,"geometry":{"type":"Point","coordinates":[-74.14265063938339,4.5955774994852128]},"properties":{"objectid":146,"numero_estacion":"07004","nombre_estacion":"Venecia","coordenada_x_estacion":992771.61060000001,"coordenada_y_estacion":999930.29740000004,"ubicacion_estacion":"AutoSur-Av 54","troncal_estacion":"NQS","numero_vagones_estacion":2,"numero_accesos_estacion":1,"biciestacion_estacion":"0","capacidad_biciestacion_estacion":0,"tipo_estacion":4,"biciparqueadero_estacion":0,"latitud_estacion":4.5955671100000002,"longitud_estacion":-74.142649660000004,"codigo_nodo_estacion":7004,"componente_wifi":"Valor SI al campo","componente_aplificacion":null,"globalid":"{2C5478C1-A726-4076-A657-0E3F8F1A754C}","created_user":null,"created_date":null,"last_edited_user":"editorTroncal","last_edited_date":1722866280000,"log_replica":null,"id_trazado_troncal":"TZ010"}},{"type":"Feature","id":147,"geometry":{"type":"Point","coordinates":[-74.043588726738108,4.7688216201330151]},"properties":{"objectid":147,"numero_estacion":"02502","nombre_estacion":"Terminal","coordenada_x_estacion":1003765.0206,"coordenada_y_estacion":1019088.4638,"ubicacion_estacion":"CL 190","troncal_estacion":"Autonorte","numero_vagones_estacion":1,"numero_accesos_estacion":1,"biciestacion_estacion":"0","capacidad_biciestacion_estacion":0,"tipo_estacion":4,"biciparqueadero_estacion":0,"latitud_estacion":4.7688182699999997,"longitud_estacion":-74.043569460000001,"codigo_nodo_estacion":2502,"componente_wifi":"Valor NO al campo","componente_aplificacion":"Valor SI al campo","globalid":"{C0B05AA2-2368-4D33-B987-7CDC0E883B60}","created_user":null,"created_date":null,"last_edited_user":"editorTroncal","last_edited_date":1722866280000,"log_replica":null,"id_trazado_troncal":"TZ002"}},{"type":"Feature","id":148,"geometry":{"type":"Point","coordinates":[-74.046044640233831,4.7546228520788398]},"properties":{"objectid":148,"numero_estacion":"02000","nombre_estacion":"Portal Norte – Unicervantes","coordenada_x_estacion":1003491.5788,"coordenada_y_estacion":1017518.5085999999,"ubicacion_estacion":"CL 173","troncal_estacion":"Autonorte","numero_vagones_estacion":1,"numero_accesos_estacion":0,"biciestacion_estacion":"0","capacidad_biciestacion_estacion":0,"tipo_estacion":1,"biciparqueadero_estacion":0,"latitud_estacion":4.7546211700000001,"longitud_estacion":-74.046034950000006,"codigo_nodo_estacion":2000,"componente_wifi":"Valor SI al campo","componente_aplificacion":"Valor SI al campo","globalid":"{DE8EAD27-B7CE-42E8-88CE-B3749E9D1704}","created_user":null,"created_date":null,"last_edited_user":"editorTroncal","last_edited_date":1746020419000,"log_replica":null,"id_trazado_troncal":"TZ002"}},{"type":"Feature","id":149,"geometry":{"type":"Point","coordinates":[-74.06440607429434,4.6869807858560222]},"properties":{"objectid":149,"numero_estacion":"03011","nombre_estacion":"Suba - Calle 100","coordenada_x_estacion":1001319.1949999999,"coordenada_y_estacion":1010416.5597,"ubicacion_estacion":"Av Suba Cl 100","troncal_estacion":"Suba","numero_vagones_estacion":2,"numero_accesos_estacion":1,"biciestacion_estacion":"0","capacidad_biciestacion_estacion":0,"tipo_estacion":4,"biciparqueadero_estacion":0,"latitud_estacion":4.6903983,"longitud_estacion":-74.065617830000008,"codigo_nodo_estacion":3011,"componente_wifi":null,"componente_aplificacion":null,"globalid":"{3E77C40F-4697-4261-BF60-1D19468B6B69}","created_user":null,"created_date":null,"last_edited_user":"editorTroncal","last_edited_date":1722866281000,"log_replica":null,"id_trazado_troncal":"TZ003"}},{"type":"Feature","id":150,"geometry":{"type":"Point","coordinates":[-74.120789774207552,4.5436595176216157]},"properties":{"objectid":150,"numero_estacion":"9005","nombre_estacion":"Danubio","coordenada_x_estacion":995185.06200000003,"coordenada_y_estacion":994189.14229999995,"ubicacion_estacion":"Av. Caracas entre calle 55 sur y calle 56 sur","troncal_estacion":"Caracas","numero_vagones_estacion":2,"numero_accesos_estacion":2,"biciestacion_estacion":"0","capacidad_biciestacion_estacion":0,"tipo_estacion":4,"biciparqueadero_estacion":0,"latitud_estacion":4.5436508399999997,"longitud_estacion":-74.120896690000009,"codigo_nodo_estacion":9005,"componente_wifi":"PENDIENTE","componente_aplificacion":null,"globalid":"{9C074599-C69D-41DE-8AAF-06596E02A986}","created_user":"editorTroncal","created_date":1730402938000,"last_edited_user":"editorTroncal","last_edited_date":1730405024000,"log_replica":null,"id_trazado_troncal":"TZ013"}},{"type":"Feature","id":152,"geometry":{"type":"Point","coordinates":[-74.206053029045222,4.6067270228558055]},"properties":{"objectid":152,"numero_estacion":"05010","nombre_estacion":"Tibanica - Primavera","coordenada_x_estacion":985736.33140000002,"coordenada_y_estacion":1001165.3321999999,"ubicacion_estacion":"CL 78 A Y CL 78 F","troncal_estacion":"TZ022","numero_vagones_estacion":2,"numero_accesos_estacion":2,"biciestacion_estacion":"0","capacidad_biciestacion_estacion":0,"tipo_estacion":4,"biciparqueadero_estacion":0,"latitud_estacion":4.6067270200000001,"longitud_estacion":-74.206053030000007,"codigo_nodo_estacion":5010,"componente_wifi":"NO","componente_aplificacion":"NO","globalid":"{0569871B-4588-4D1C-9B9A-B56C0EBCC199}","created_user":"EESTACION","created_date":1776268991000,"last_edited_user":"EESTACION","last_edited_date":1776269514000,"log_replica":null,"id_trazado_troncal":"TZ022"}},{"type":"Feature","id":153,"geometry":{"type":"Point","coordinates":[-74.193743736400293,4.6143475732117825]},"properties":{"objectid":153,"numero_estacion":"05008","nombre_estacion":"Islandia","coordenada_x_estacion":987102.33889999997,"coordenada_y_estacion":1002007.7911,"ubicacion_estacion":"KR 70 A Sur Y CL 69 Sur","troncal_estacion":"TZ022","numero_vagones_estacion":4,"numero_accesos_estacion":2,"biciestacion_estacion":"0","capacidad_biciestacion_estacion":0,"tipo_estacion":2,"biciparqueadero_estacion":0,"latitud_estacion":4.6143475700000005,"longitud_estacion":-74.193743740000002,"codigo_nodo_estacion":5008,"componente_wifi":"NO","componente_aplificacion":"NO","globalid":"{C12267C2-E2A5-47D9-BF90-998EF042590C}","created_user":"EESTACION","created_date":1776269957000,"last_edited_user":"EESTACION","last_edited_date":1776270315000,"log_replica":null,"id_trazado_troncal":"TZ022"}},{"type":"Feature","id":154,"geometry":{"type":"Point","coordinates":[-74.20232841405813,4.6110913857316191]},"properties":{"objectid":154,"numero_estacion":"05009","nombre_estacion":"Los Laureles","coordenada_x_estacion":986149.70860000001,"coordenada_y_estacion":1001647.8774999999,"ubicacion_estacion":"Entre CL 80 J Y CL 81","troncal_estacion":"TZ022","numero_vagones_estacion":4,"numero_accesos_estacion":2,"biciestacion_estacion":"0","capacidad_biciestacion_estacion":0,"tipo_estacion":2,"biciparqueadero_estacion":0,"latitud_estacion":4.6110913899999995,"longitud_estacion":-74.202328409999993,"codigo_nodo_estacion":5009,"componente_wifi":"NO","componente_aplificacion":"NO","globalid":"{E5D87309-796F-41DA-958E-C54868147245}","created_user":"EESTACION","created_date":1776269604000,"last_edited_user":"EESTACION","last_edited_date":1776292347000,"log_replica":null,"id_trazado_troncal":"TZ022"}}]}