{
"type": "FeatureCollection",
"name": "Nodo_de_Transporte_SITP_Bogot%C3%A1_D_C",
"crs": { "type": "name", "properties": { "name": "urn:ogc:def:crs:OGC:1.3:CRS84" } },
"features": [
{ "type": "Feature", "properties": { "OBJECTID": 1, "NTRCODIGO": 90, "NTRNOMBRE": "PROFAMILIA", "NTRTIPO": 2, "NTRMODO": 2, "NTRMTRANSP": 5, "GLOBALID": "68aa8bb8-6088-4858-a19b-92a671be7c17", "Shape__Area": 5.12805513608328e-08, "Shape__Length": 0.0027458873687103398 }, "geometry": { "type": "MultiPolygon", "coordinates": [ [ [ [ -74.069941493, 4.62101053784833 ], [ -74.06990009, 4.62099554684833 ], [ -74.069962194, 4.62085063784831 ], [ -74.070015017999907, 4.6207328548483 ], [ -74.070067127999906, 4.6206150708483 ], [ -74.070090685, 4.62056010584831 ], [ -74.070124949, 4.62057795184835 ], [ -74.070029295, 4.6207992418483 ], [ -74.070001455, 4.62086848384829 ], [ -74.069941493, 4.62101053784833 ] ] ], [ [ [ -74.069728467999894, 4.62167768384831 ], [ -74.069725018, 4.62167654984832 ], [ -74.069724795999903, 4.62167722984829 ], [ -74.069723169, 4.62167669384827 ], [ -74.06972339, 4.62167601584827 ], [ -74.069699332, 4.62166811584826 ], [ -74.06969911, 4.6216687958483 ], [ -74.069697484, 4.62166825984827 ], [ -74.069697705, 4.62166758184828 ], [ -74.069694254999902, 4.62166644884827 ], [ -74.069694087999906, 4.62166695584831 ], [ -74.069692787999898, 4.62166652884827 ], [ -74.069699891, 4.62164475084832 ], [ -74.069696893, 4.62164376484828 ], [ -74.069737238999906, 4.62152005284829 ], [ -74.069740236, 4.62152103684828 ], [ -74.069753685, 4.62147979984828 ], [ -74.0697506879999, 4.62147881584828 ], [ -74.069791035, 4.6213551018483 ], [ -74.069794031, 4.62135608784828 ], [ -74.069825851, 4.62125157684832 ], [ -74.069862019, 4.62126490184832 ], [ -74.069844675, 4.62132577984831 ], [ -74.069830848, 4.62136817684828 ], [ -74.069833844, 4.62136915984828 ], [ -74.069793498, 4.62149287284827 ], [ -74.0697905009999, 4.62149188884827 ], [ -74.069777051999907, 4.62153312784832 ], [ -74.069780049, 4.62153411084832 ], [ -74.069739701999893, 4.62165782184828 ], [ -74.069736705, 4.62165683884827 ], [ -74.069729601999896, 4.62167861884826 ], [ -74.069728300999898, 4.62167818984831 ], [ -74.069728467999894, 4.62167768384831 ] ] ], [ [ [ -74.0695378, 4.62244098684828 ], [ -74.069534250999894, 4.62244021784828 ], [ -74.069534101, 4.62244091784827 ], [ -74.069532427, 4.62244055484824 ], [ -74.069532576, 4.62243985684829 ], [ -74.069507745, 4.62243448084824 ], [ -74.069507594, 4.62243517884825 ], [ -74.069506008, 4.62243483584824 ], [ -74.069506159999904, 4.62243413784829 ], [ -74.06950261, 4.62243336984828 ], [ -74.069502499, 4.62243388984824 ], [ -74.06950116, 4.62243360084829 ], [ -74.069519655, 4.62234758184825 ], [ -74.069516574, 4.62234691384827 ], [ -74.069543932, 4.62221967384829 ], [ -74.069547014, 4.62222034084828 ], [ -74.069566966, 4.62211960484825 ], [ -74.069607892, 4.62212531484829 ], [ -74.06958488, 4.62222853684829 ], [ -74.069587962999904, 4.62222920584827 ], [ -74.069560603, 4.62235644684829 ], [ -74.069557521, 4.62235577884825 ], [ -74.069539025, 4.62244179884827 ], [ -74.069537688, 4.62244150884827 ], [ -74.0695378, 4.62244098684828 ] ] ] ] } },
{ "type": "Feature", "properties": { "OBJECTID": 2, "NTRCODIGO": 141, "NTRNOMBRE": "PUENTELARGO", "NTRTIPO": 2, "NTRMODO": 2, "NTRMTRANSP": 5, "GLOBALID": "7536dbcb-b450-43ab-9c60-97b5464a4b61", "Shape__Area": 2.81628160792025e-08, "Shape__Length": 0.0014473275905209 }, "geometry": { "type": "MultiPolygon", "coordinates": [ [ [ [ -74.066969867999902, 4.69302084384597 ], [ -74.067007939, 4.69300180784599 ], [ -74.067183351, 4.69330280284596 ], [ -74.067183988999901, 4.69330389584594 ], [ -74.067144126, 4.69332502784597 ], [ -74.066969867999902, 4.69302084384597 ] ] ], [ [ [ -74.067265092, 4.69353226584593 ], [ -74.067303927999902, 4.69350936284593 ], [ -74.067338161, 4.69356800784596 ], [ -74.067447438, 4.69375521084595 ], [ -74.067408568, 4.69377805284597 ], [ -74.067299288999905, 4.69359084984592 ], [ -74.067265092, 4.69353226584593 ] ] ] ] } },
{ "type": "Feature", "properties": { "OBJECTID": 3, "NTRCODIGO": 108, "NTRNOMBRE": "QUIRIGUA", "NTRTIPO": 2, "NTRMODO": 2, "NTRMTRANSP": 5, "GLOBALID": "398b2636-59f7-40ed-99f3-3da9e82c943b", "Shape__Area": 1.7416283526472401e-08, "Shape__Length": 0.00103428646716329 }, "geometry": { "type": "Polygon", "coordinates": [ [ [ -74.109019341, 4.7069203318455 ], [ -74.108998670999895, 4.70695219684549 ], [ -74.108611212, 4.70666960084551 ], [ -74.108611793, 4.70666879284554 ], [ -74.108611214999897, 4.70666837484552 ], [ -74.108612214999894, 4.70666698084554 ], [ -74.108612793, 4.70666739784551 ], [ -74.108627643, 4.7066467158455 ], [ -74.108627065, 4.70664629784554 ], [ -74.108628013, 4.70664497884551 ], [ -74.108628591999903, 4.70664539584553 ], [ -74.108630714, 4.70664243984553 ], [ -74.108630282, 4.70664212784553 ], [ -74.108631084, 4.70664101384555 ], [ -74.10870225, 4.70669244684549 ], [ -74.108702396999902, 4.7066922418455 ], [ -74.108807823, 4.70676811184549 ], [ -74.108842963, 4.70679339984551 ], [ -74.108948388, 4.7068692698455 ], [ -74.108966537, 4.7068823308455 ], [ -74.109019341, 4.7069203318455 ] ] ] } },
{ "type": "Feature", "properties": { "OBJECTID": 4, "NTRCODIGO": 17, "NTRNOMBRE": "QUIROGA", "NTRTIPO": 2, "NTRMODO": 2, "NTRMTRANSP": 5, "GLOBALID": "fbf46ec1-167e-4800-9544-fe0cd245e84c", "Shape__Area": 2.5219037524948399e-08, "Shape__Length": 0.00139414784799084 }, "geometry": { "type": "MultiPolygon", "coordinates": [ [ [ [ -74.114468334, 4.57680219584977 ], [ -74.114460128, 4.57676420384973 ], [ -74.114461755, 4.57676382184973 ], [ -74.114535433, 4.57674652284975 ], [ -74.114534713999902, 4.57674344284976 ], [ -74.114661021, 4.57671378884976 ], [ -74.114661737999896, 4.57671686884976 ], [ -74.11477752, 4.57668968584977 ], [ -74.114786344, 4.57672753284976 ], [ -74.114670563999894, 4.57675471684974 ], [ -74.114671281, 4.57675779584973 ], [ -74.114544975999905, 4.57678745084974 ], [ -74.114544258, 4.57678436984974 ], [ -74.11447058, 4.57680166884978 ], [ -74.114468334, 4.57680219584977 ] ] ], [ [ [ -74.113963957, 4.57692170984972 ], [ -74.113955132999905, 4.57688386184974 ], [ -74.114028811, 4.57686656284977 ], [ -74.114028093999906, 4.57686348184973 ], [ -74.114154398, 4.57683382684973 ], [ -74.114155116999896, 4.57683690984975 ], [ -74.114227695999901, 4.57681986884977 ], [ -74.114237255, 4.57685754384976 ], [ -74.114163941999905, 4.57687475584976 ], [ -74.114164657999893, 4.57687783584975 ], [ -74.114038353999902, 4.57690749084974 ], [ -74.114037635, 4.57690440984975 ], [ -74.113963957, 4.57692170984972 ] ] ] ] } },
{ "type": "Feature", "properties": { "OBJECTID": 7, "NTRCODIGO": 30, "NTRNOMBRE": "PATIO BONITO", "NTRTIPO": 2, "NTRMODO": 2, "NTRMTRANSP": 5, "GLOBALID": "46b9f8f8-dfa2-4ab6-af4c-4a3ae2e253bc", "Shape__Area": 7.6367228984963704e-08, "Shape__Length": 0.0040859210336950998 }, "geometry": { "type": "MultiPolygon", "coordinates": [ [ [ [ -74.165419877, 4.63244576384795 ], [ -74.165802020999905, 4.63211860384792 ], [ -74.165829861, 4.63215358184796 ], [ -74.165444462, 4.63247580884791 ], [ -74.165443148999898, 4.63247692484794 ], [ -74.165419877, 4.63244576384795 ] ] ], [ [ [ -74.163562392, 4.63406873084791 ], [ -74.16394439, 4.63374060384787 ], [ -74.163969443, 4.63377261684788 ], [ -74.163587376999899, 4.63409871184787 ], [ -74.163562392, 4.63406873084791 ] ] ], [ [ [ -74.164130396, 4.63356636184792 ], [ -74.164459688, 4.63328350884788 ], [ -74.164490383, 4.6333134898479 ], [ -74.164160151, 4.63359534384792 ], [ -74.164130396, 4.63356636184792 ] ] ], [ [ [ -74.164905236, 4.63288317184792 ], [ -74.165239492, 4.63259907884792 ], [ -74.165265980999905, 4.63262750484796 ], [ -74.164930275, 4.63291283084794 ], [ -74.164905236, 4.63288317184792 ] ] ] ] } },
{ "type": "Feature", "properties": { "OBJECTID": 8, "NTRCODIGO": 144, "NTRNOMBRE": "PEPE SIERRA", "NTRTIPO": 2, "NTRMODO": 2, "NTRMTRANSP": 5, "GLOBALID": "d90bcf09-14a7-47ed-ac05-7153507ddff2", "Shape__Area": 3.8921655232115901e-08, "Shape__Length": 0.0019895471767841602 }, "geometry": { "type": "MultiPolygon", "coordinates": [ [ [ [ -74.0552182119999, 4.69852453284581 ], [ -74.0552949409999, 4.6980555928458 ], [ -74.055337171, 4.69806192784583 ], [ -74.055258185999904, 4.69853167084581 ], [ -74.0552182119999, 4.69852453284581 ] ] ], [ [ [ -74.055311348, 4.69795531784578 ], [ -74.055381396, 4.6975272098458 ], [ -74.055425828, 4.69753466184584 ], [ -74.055354076999905, 4.69796138584579 ], [ -74.055311348, 4.69795531784578 ] ] ] ] } },
{ "type": "Feature", "properties": { "OBJECTID": 9, "NTRCODIGO": 27, "NTRNOMBRE": "PERDOMO", "NTRTIPO": 2, "NTRMODO": 2, "NTRMTRANSP": 5, "GLOBALID": "c3963c80-c47c-4da7-a6f5-64472238126f", "Shape__Area": 3.0107173643045799e-08, "Shape__Length": 0.00161269799880955 }, "geometry": { "type": "MultiPolygon", "coordinates": [ [ [ [ -74.165089726, 4.5957595718491 ], [ -74.165465161, 4.59575879384915 ], [ -74.165465458, 4.59580162384912 ], [ -74.165092477, 4.59579954184915 ], [ -74.165089726, 4.5957595718491 ] ] ], [ [ [ -74.164501023, 4.59575952784911 ], [ -74.164849376, 4.5957588138491 ], [ -74.164850804, 4.59580057384915 ], [ -74.164501618, 4.59580157784911 ], [ -74.164501023, 4.59575952784911 ] ] ] ] } },
{ "type": "Feature", "properties": { "OBJECTID": 10, "NTRCODIGO": 127, "NTRNOMBRE": "POLO", "NTRTIPO": 2, "NTRMODO": 2, "NTRMTRANSP": 5, "GLOBALID": "2f1aaaf0-79b5-42c8-b368-8e3a41e802fb", "Shape__Area": 1.94621350146917e-08, "Shape__Length": 0.0010400349549181201 }, "geometry": { "type": "Polygon", "coordinates": [ [ [ -74.064901732, 4.67089012384668 ], [ -74.064642169, 4.67057156884671 ], [ -74.064658471, 4.67055555384668 ], [ -74.064673372, 4.67054091384672 ], [ -74.064727378, 4.67061206884672 ], [ -74.064727532999896, 4.67061194284669 ], [ -74.064809365, 4.67071294784672 ], [ -74.064836339, 4.67074686684669 ], [ -74.064849559, 4.67076255784668 ], [ -74.064974612, 4.67091425084669 ], [ -74.064943203, 4.67093994884669 ], [ -74.064901732, 4.67089012384668 ] ] ] } },
{ "type": "Feature", "properties": { "OBJECTID": 11, "NTRCODIGO": 146, "NTRNOMBRE": "PRADO", "NTRTIPO": 2, "NTRMODO": 2, "NTRMTRANSP": 5, "GLOBALID": "fc781188-2e17-49b0-9d16-c0477c328f89", "Shape__Area": 4.7647546352891401e-08, "Shape__Length": 0.0022954562803430699 }, "geometry": { "type": "MultiPolygon", "coordinates": [ [ [ [ -74.052455952999907, 4.71517122984527 ], [ -74.052578831999895, 4.71442881084528 ], [ -74.05262318, 4.71443677084529 ], [ -74.052500392, 4.71517863684527 ], [ -74.052455952999907, 4.71517122984527 ] ] ], [ [ [ -74.052616915, 4.71419871384531 ], [ -74.052666937, 4.71389648784529 ], [ -74.052711377, 4.71390389484528 ], [ -74.052661674, 4.71420419484526 ], [ -74.052616915, 4.71419871384531 ] ] ] ] } },
{ "type": "Feature", "properties": { "OBJECTID": 12, "NTRCODIGO": 60, "NTRNOMBRE": "PUENTE ARANDA", "NTRTIPO": 2, "NTRMODO": 2, "NTRMTRANSP": 5, "GLOBALID": "f69277c5-8309-49a0-832a-2ffb24001d31", "Shape__Area": 2.3733747411824899e-08, "Shape__Length": 0.0014236133558867101 }, "geometry": { "type": "MultiPolygon", "coordinates": [ [ [ [ -74.104422992, 4.62548363484814 ], [ -74.104445714999898, 4.62545594184815 ], [ -74.104708719, 4.62569097684814 ], [ -74.104682042, 4.62571674884816 ], [ -74.104422992, 4.62548363484814 ] ] ], [ [ [ -74.104861281, 4.62587804184817 ], [ -74.10488551, 4.62584896684813 ], [ -74.105099509, 4.62604020784816 ], [ -74.105073745, 4.62606923384816 ], [ -74.104861281, 4.62587804184817 ] ] ] ] } },
{ "type": "Feature", "properties": { "OBJECTID": 13, "NTRCODIGO": 139, "NTRNOMBRE": "SUBA CALLE 100", "NTRTIPO": 2, "NTRMODO": 2, "NTRMTRANSP": 5, "GLOBALID": "1e63efd7-1a5e-49c5-b187-6cc30f6dc808", "Shape__Area": 2.8353838388284199e-08, "Shape__Length": 0.00144589844199815 }, "geometry": { "type": "MultiPolygon", "coordinates": [ [ [ [ -74.065498170999902, 4.69012361184605 ], [ -74.065539811999898, 4.69010933484606 ], [ -74.065663266999906, 4.69043650584603 ], [ -74.065621591, 4.69045369784606 ], [ -74.065498170999902, 4.69012361184605 ] ] ], [ [ [ -74.065708629, 4.69068072984605 ], [ -74.0657511429999, 4.69066572484602 ], [ -74.065774330999901, 4.69072619784605 ], [ -74.06585197, 4.69092867584604 ], [ -74.065809927, 4.69094490584601 ], [ -74.065732286, 4.69074242584603 ], [ -74.065708629, 4.69068072984605 ] ] ] ] } },
{ "type": "Feature", "properties": { "OBJECTID": 14, "NTRCODIGO": 40, "NTRNOMBRE": "MUNDO AVENTURA", "NTRTIPO": 2, "NTRMODO": 2, "NTRMTRANSP": 5, "GLOBALID": "221887ff-fd28-4f1f-a504-6dd4e2f9a2d1", "Shape__Area": 6.7300589989827104e-08, "Shape__Length": 0.0042118516558107997 }, "geometry": { "type": "MultiPolygon", "coordinates": [ [ [ [ -74.133621267, 4.62998151784799 ], [ -74.133625331, 4.629950142848 ], [ -74.133989820999901, 4.62999768284802 ], [ -74.134063902, 4.63000734584804 ], [ -74.134059194, 4.63003794784802 ], [ -74.134059132999894, 4.63003862784799 ], [ -74.133985756999905, 4.63002905784801 ], [ -74.133621267, 4.62998151784799 ] ] ], [ [ [ -74.134271624999897, 4.630189552848 ], [ -74.134274579, 4.63015804484799 ], [ -74.134285721, 4.63015883784802 ], [ -74.134710954999903, 4.630191568848 ], [ -74.134708724999896, 4.63022312884802 ], [ -74.134283487999895, 4.630190396848 ], [ -74.134271624999897, 4.630189552848 ] ] ], [ [ [ -74.133611323, 4.63014255784802 ], [ -74.133613555, 4.63011099884803 ], [ -74.13398019, 4.63013709184801 ], [ -74.134050137, 4.630142069848 ], [ -74.134047634, 4.630173610848 ], [ -74.13397796, 4.63016865184803 ], [ -74.133611323, 4.63014255784802 ] ] ], [ [ [ -74.134740195999896, 4.63022021484803 ], [ -74.134748524, 4.63010243084804 ], [ -74.134861547999904, 4.63011670784802 ], [ -74.13485322, 4.630232111848 ], [ -74.134740195999896, 4.63022021484803 ] ] ], [ [ [ -74.134284822, 4.63006806384803 ], [ -74.134289844, 4.63003681584799 ], [ -74.134293563, 4.63003730084804 ], [ -74.134718780999904, 4.63010005184802 ], [ -74.134716400999906, 4.63012503584801 ], [ -74.134289498, 4.630068673848 ], [ -74.134284822, 4.63006806384803 ] ] ] ] } },
{ "type": "Feature", "properties": { "OBJECTID": 15, "NTRCODIGO": 56, "NTRNOMBRE": "RICAURTE", "NTRTIPO": 2, "NTRMODO": 2, "NTRMTRANSP": 5, "GLOBALID": "d53e3475-e445-481e-9cde-e8b75aa62395", "Shape__Area": 8.0042610761665895e-08, "Shape__Length": 0.0029365955346320298 }, "geometry": { "type": "MultiPolygon", "coordinates": [ [ [ [ -74.093629555999897, 4.61192186684859 ], [ -74.093671726, 4.61187077384863 ], [ -74.093722700999905, 4.61190821784861 ], [ -74.093678123, 4.6119622278486 ], [ -74.093403569, 4.61229116284861 ], [ -74.093352887, 4.61225689884859 ], [ -74.093629555999897, 4.61192186684859 ] ] ], [ [ [ -74.094059358, 4.61140111984861 ], [ -74.094103839999903, 4.61134722684865 ], [ -74.094152795, 4.61138711684862 ], [ -74.094107925999893, 4.61144147984863 ], [ -74.093875595, 4.61172297084863 ], [ -74.093826382, 4.61168339484862 ], [ -74.094059358, 4.61140111984861 ] ] ], [ [ [ -74.094433999, 4.61094720384866 ], [ -74.09447861, 4.61089775084863 ], [ -74.094523938999899, 4.61093744084862 ], [ -74.094482566999901, 4.61098756484866 ], [ -74.094303671, 4.61120431584864 ], [ -74.094256606, 4.61116615384863 ], [ -74.094433999, 4.61094720384866 ] ] ] ] } },
{ "type": "Feature", "properties": { "OBJECTID": 17, "NTRCODIGO": 129, "NTRNOMBRE": "RIONEGRO", "NTRTIPO": 2, "NTRMODO": 2, "NTRMTRANSP": 5, "GLOBALID": "a7969099-4204-4720-a222-a06fe2ff5914", "Shape__Area": 2.81358154552436e-08, "Shape__Length": 0.00143953456289475 }, "geometry": { "type": "MultiPolygon", "coordinates": [ [ [ [ -74.064624135, 4.68059782284635 ], [ -74.064692731, 4.68049021884636 ], [ -74.064732053999904, 4.68051241684637 ], [ -74.064662083, 4.68062217584637 ], [ -74.064545576999905, 4.68080493584639 ], [ -74.064507627999902, 4.68078058284637 ], [ -74.064624135, 4.68059782284635 ] ] ], [ [ [ -74.064824719999905, 4.68028418184637 ], [ -74.064978972999896, 4.68004659484637 ], [ -74.065017043999902, 4.68006753384638 ], [ -74.064862207, 4.68030865284638 ], [ -74.064824719999905, 4.68028418184637 ] ] ] ] } },
{ "type": "Feature", "properties": { "OBJECTID": 18, "NTRCODIGO": 128, "NTRNOMBRE": "SAN MARTIN", "NTRTIPO": 2, "NTRMODO": 2, "NTRMTRANSP": 5, "GLOBALID": "2b0fbb88-637f-4df7-aef5-f500233940d6", "Shape__Area": 2.8296028631302801e-08, "Shape__Length": 0.0014486333998671699 }, "geometry": { "type": "MultiPolygon", "coordinates": [ [ [ [ -74.066995218, 4.67663730684647 ], [ -74.067064422, 4.67652496084649 ], [ -74.067101607, 4.67655056284649 ], [ -74.067033537, 4.67666106884648 ], [ -74.066919857999906, 4.6768456138465 ], [ -74.066881539999898, 4.6768218508465 ], [ -74.066995218, 4.67663730684647 ] ] ], [ [ [ -74.067190033, 4.67631998684652 ], [ -74.067338209, 4.67607479884652 ], [ -74.06737628, 4.67609502384653 ], [ -74.067228298, 4.67634310484652 ], [ -74.067190033, 4.67631998684652 ] ] ] ] } },
{ "type": "Feature", "properties": { "OBJECTID": 19, "NTRCODIGO": 31, "NTRNOMBRE": "BIBLIOTECA TINTAL", "NTRTIPO": 2, "NTRMODO": 2, "NTRMTRANSP": 5, "GLOBALID": "bd76d528-42f8-470c-9d30-d9ce3285f4c6", "Shape__Area": 8.3777621284752994e-08, "Shape__Length": 0.0042227978370892299 }, "geometry": { "type": "MultiPolygon", "coordinates": [ [ [ [ -74.158277466999905, 4.63883100784775 ], [ -74.158655828999898, 4.63849808584773 ], [ -74.15868763, 4.63852921684773 ], [ -74.158306734999897, 4.63886598584773 ], [ -74.158277466999905, 4.63883100784775 ] ] ], [ [ [ -74.158796706, 4.63837412684772 ], [ -74.159169050999907, 4.63804649984773 ], [ -74.159194036, 4.63808147784777 ], [ -74.158825438, 4.63840737384775 ], [ -74.158796706, 4.63837412684772 ] ] ], [ [ [ -74.16011324, 4.63717759784779 ], [ -74.160488938, 4.63684855984778 ], [ -74.160518443999905, 4.63687901684781 ], [ -74.160140489999904, 4.63720985284779 ], [ -74.16011324, 4.63717759784779 ] ] ], [ [ [ -74.159601875, 4.63762545384776 ], [ -74.159929675999905, 4.6373383638478 ], [ -74.159959345999894, 4.63736841484775 ], [ -74.159629001, 4.63765757684775 ], [ -74.159601875, 4.63762545384776 ] ] ] ] } },
{ "type": "Feature", "properties": { "OBJECTID": 20, "NTRCODIGO": 112, "NTRNOMBRE": "BOYACA", "NTRTIPO": 2, "NTRMODO": 2, "NTRMTRANSP": 5, "GLOBALID": "3efa4295-83f0-4084-81a1-65ab34c2475e", "Shape__Area": 2.1491899815373498e-08, "Shape__Length": 0.0010428006739852001 }, "geometry": { "type": "Polygon", "coordinates": [ [ [ -74.087338288999902, 4.6941189388459 ], [ -74.087306946, 4.69415140284592 ], [ -74.086965501999899, 4.69381935784593 ], [ -74.086996845, 4.69378689384592 ], [ -74.087338288999902, 4.6941189388459 ] ] ] } },
{ "type": "Feature", "properties": { "OBJECTID": 21, "NTRCODIGO": 84, "NTRNOMBRE": "CAD", "NTRTIPO": 2, "NTRMODO": 2, "NTRMTRANSP": 5, "GLOBALID": "20fa0292-4163-4bc8-8841-2a26eb9c6c78", "Shape__Area": 3.76355160369712e-08, "Shape__Length": 0.0021401622092265399 }, "geometry": { "type": "MultiPolygon", "coordinates": [ [ [ [ -74.083805298999906, 4.6238389248482 ], [ -74.084120102, 4.62345131084823 ], [ -74.084151955, 4.62347861584823 ], [ -74.083943395999896, 4.62372945484822 ], [ -74.083832425, 4.62385891284822 ], [ -74.083805298999906, 4.6238389248482 ] ] ], [ [ [ -74.084275718999905, 4.62326856784826 ], [ -74.084594803999906, 4.62288737884828 ], [ -74.084619152999906, 4.62291256384825 ], [ -74.084303558, 4.62329640784823 ], [ -74.084275718999905, 4.62326856784826 ] ] ] ] } },
{ "type": "Feature", "properties": { "OBJECTID": 22, "NTRCODIGO": 142, "NTRNOMBRE": "CALLE 100", "NTRTIPO": 2, "NTRMODO": 2, "NTRMTRANSP": 5, "GLOBALID": "5c27394b-3421-42e0-bccf-1e8dd30119a3", "Shape__Area": 6.8566549771276199e-08, "Shape__Length": 0.00350060060427081 }, "geometry": { "type": "MultiPolygon", "coordinates": [ [ [ [ -74.057544462, 4.68480143384625 ], [ -74.057738625999903, 4.68364787084629 ], [ -74.057779553, 4.68365262984626 ], [ -74.057584436999903, 4.68480809584623 ], [ -74.057544462, 4.68480143384625 ] ] ], [ [ [ -74.057770035, 4.68340992484626 ], [ -74.057820867, 4.68291657184632 ], [ -74.05786331, 4.6829188038463 ], [ -74.057810961, 4.68341373184631 ], [ -74.057770035, 4.68340992484626 ] ] ] ] } },
{ "type": "Feature", "properties": { "OBJECTID": 23, "NTRCODIGO": 145, "NTRNOMBRE": "CALLE 127", "NTRTIPO": 2, "NTRMODO": 2, "NTRMTRANSP": 5, "GLOBALID": "b8c08305-4762-4a2e-8701-f3c2b6fb84af", "Shape__Area": 3.7983966194587999e-08, "Shape__Length": 0.0019942217011464001 }, "geometry": { "type": "MultiPolygon", "coordinates": [ [ [ [ -74.054244195, 4.7044818968456 ], [ -74.05431333, 4.70405059484563 ], [ -74.05435777, 4.70405799384559 ], [ -74.054285754, 4.70448840984561 ], [ -74.054244195, 4.7044818968456 ] ] ], [ [ [ -74.054153403, 4.70504830084556 ], [ -74.054228585, 4.70457927684559 ], [ -74.054269344, 4.70458648784562 ], [ -74.054190284, 4.70505900884555 ], [ -74.054153403, 4.70504830084556 ] ] ] ] } },
{ "type": "Feature", "properties": { "OBJECTID": 25, "NTRCODIGO": 159, "NTRNOMBRE": "CALLE 146", "NTRTIPO": 2, "NTRMODO": 2, "NTRMTRANSP": 5, "GLOBALID": "54e8ebe7-25db-4caa-9eaf-cce8d8083df0", "Shape__Area": 3.44215322911623e-08, "Shape__Length": 0.0017798582320967999 }, "geometry": { "type": "Polygon", "coordinates": [ [ [ -74.049858410999903, 4.73078233084475 ], [ -74.049721534, 4.73162117184474 ], [ -74.049681678, 4.73161165384473 ], [ -74.049819033999896, 4.73077411984472 ], [ -74.049858410999903, 4.73078233084475 ] ] ] } },
{ "type": "Feature", "properties": { "OBJECTID": 26, "NTRCODIGO": 156, "NTRNOMBRE": "21 ANGELES", "NTRTIPO": 2, "NTRMODO": 2, "NTRMTRANSP": 5, "GLOBALID": "c93332c3-cc9d-4715-85d1-568dcf24a8b8", "Shape__Area": 2.4408734589087501e-08, "Shape__Length": 0.0013926860656148299 }, "geometry": { "type": "MultiPolygon", "coordinates": [ [ [ [ -74.080577768, 4.7352619868446 ], [ -74.080602037999896, 4.73522843684459 ], [ -74.080882569, 4.73542080684457 ], [ -74.080884983, 4.73542245984459 ], [ -74.080863699, 4.7354549458446 ], [ -74.080860725, 4.73545290884459 ], [ -74.080577768, 4.7352619868446 ] ] ], [ [ [ -74.081065265999896, 4.73559299684456 ], [ -74.081087839, 4.73556139484458 ], [ -74.08131302, 4.73571561984459 ], [ -74.081291177, 4.73574772184457 ], [ -74.081065265999896, 4.73559299684456 ] ] ] ] } },
{ "type": "Feature", "properties": { "OBJECTID": 27, "NTRCODIGO": 35, "NTRNOMBRE": "ALQUERIA", "NTRTIPO": 2, "NTRMODO": 2, "NTRMTRANSP": 5, "GLOBALID": "67e0d4f0-48d2-49f1-ba23-6222cf534c8a", "Shape__Area": 2.8485118264143199e-08, "Shape__Length": 0.0014653350620223099 }, "geometry": { "type": "MultiPolygon", "coordinates": [ [ [ [ -74.134336904999898, 4.59430227284917 ], [ -74.134345641, 4.59425859384919 ], [ -74.134689346, 4.59432855084917 ], [ -74.134680652, 4.59437382184915 ], [ -74.134336904999898, 4.59430227284917 ] ] ], [ [ [ -74.133823607999901, 4.59419543284917 ], [ -74.133830745999902, 4.59415379284916 ], [ -74.134117319, 4.59421212184918 ], [ -74.134111904, 4.59425543984917 ], [ -74.133823607999901, 4.59419543284917 ] ] ] ] } },
{ "type": "Feature", "properties": { "OBJECTID": 29, "NTRCODIGO": 143, "NTRNOMBRE": "CALLE 106", "NTRTIPO": 2, "NTRMODO": 2, "NTRMTRANSP": 5, "GLOBALID": "da0de05c-b1a1-478e-968f-c818a76286da", "Shape__Area": 5.4754224265707301e-08, "Shape__Length": 0.00389642705950122 }, "geometry": { "type": "MultiPolygon", "coordinates": [ [ [ [ -74.056289653, 4.692344681846 ], [ -74.05636994, 4.69187272484601 ], [ -74.056401385, 4.691876380846 ], [ -74.056321061999896, 4.692348964846 ], [ -74.056289653, 4.692344681846 ] ] ], [ [ [ -74.056386392, 4.69177601484603 ], [ -74.056459661, 4.69134531284603 ], [ -74.056490759, 4.69135054684604 ], [ -74.056417483, 4.69178166784599 ], [ -74.056386392, 4.69177601484603 ] ] ], [ [ [ -74.055969744, 4.69407798984592 ], [ -74.056048376, 4.69360546284594 ], [ -74.056076941, 4.69360852984596 ], [ -74.055998014999901, 4.69408049484592 ], [ -74.055969744, 4.69407798984592 ] ] ], [ [ [ -74.055882438, 4.69460263584594 ], [ -74.055953578999905, 4.69417512984595 ], [ -74.055981302, 4.69418043284593 ], [ -74.055909802, 4.69460798984593 ], [ -74.055882438, 4.69460263584594 ] ] ] ] } },
{ "type": "Feature", "properties": { "OBJECTID": 30, "NTRCODIGO": 124, "NTRNOMBRE": "CALLE 76", "NTRTIPO": 2, "NTRMODO": 2, "NTRMTRANSP": 5, "GLOBALID": "707bee41-7804-4ee9-99b3-be16e6927459", "Shape__Area": 5.13989846240293e-08, "Shape__Length": 0.0027718573754201398 }, "geometry": { "type": "MultiPolygon", "coordinates": [ [ [ [ -74.061329579999907, 4.66259259084693 ], [ -74.06134694, 4.66250578784695 ], [ -74.06134595, 4.66250561584695 ], [ -74.061368127, 4.66237736484697 ], [ -74.061371233, 4.66237790584699 ], [ -74.061378626, 4.66233515584696 ], [ -74.061375519, 4.66233461484694 ], [ -74.061397697, 4.66220636084699 ], [ -74.061400803, 4.66220690184696 ], [ -74.061415796999896, 4.66212019984699 ], [ -74.061417147, 4.66212043484695 ], [ -74.061417054999893, 4.66212095884697 ], [ -74.061420631, 4.66212158084699 ], [ -74.061420754, 4.66212087684699 ], [ -74.061422352, 4.66212115684698 ], [ -74.061422229999906, 4.66212185884694 ], [ -74.061447262999906, 4.66212621684696 ], [ -74.061447383, 4.66212551384695 ], [ -74.061449068999906, 4.66212580684698 ], [ -74.061448949, 4.66212651184697 ], [ -74.061452524999893, 4.66212713484698 ], [ -74.061452617, 4.66212660784698 ], [ -74.061453967, 4.66212684284699 ], [ -74.061438973, 4.66221354684695 ], [ -74.061442079, 4.66221408784696 ], [ -74.061419902, 4.66234234084698 ], [ -74.061416795, 4.66234179884696 ], [ -74.061409403, 4.66238454884694 ], [ -74.061412509, 4.66238509184694 ], [ -74.061390331, 4.66251334284697 ], [ -74.061387226, 4.66251280184695 ], [ -74.061383320999894, 4.66253537984698 ], [ -74.061381973, 4.66253514384697 ], [ -74.061382062999897, 4.66253461984695 ], [ -74.061381396999906, 4.66253450384697 ], [ -74.061368127, 4.66259830084697 ], [ -74.061329579999907, 4.66259259084693 ] ] ], [ [ [ -74.061215722, 4.66326026684694 ], [ -74.061223118, 4.66321757284694 ], [ -74.061220449, 4.66321710584693 ], [ -74.061242627, 4.66308885484696 ], [ -74.061245733, 4.66308939584693 ], [ -74.061253125, 4.66304664384697 ], [ -74.061250018, 4.66304610384694 ], [ -74.061272195999905, 4.66291785284696 ], [ -74.061275302999903, 4.66291839284694 ], [ -74.061290297, 4.66283168884693 ], [ -74.061291645, 4.66283192484694 ], [ -74.061291555, 4.66283244884696 ], [ -74.061295131, 4.66283307184697 ], [ -74.061295253, 4.66283236884696 ], [ -74.061296851999899, 4.66283264684698 ], [ -74.06129673, 4.66283335084697 ], [ -74.061321762, 4.66283770884693 ], [ -74.061321882999906, 4.66283700584698 ], [ -74.061323569, 4.66283729884695 ], [ -74.061323447999897, 4.66283800184696 ], [ -74.061327025, 4.66283862484696 ], [ -74.061327115, 4.66283809884696 ], [ -74.061328465, 4.66283833384698 ], [ -74.061313471999895, 4.66292503684694 ], [ -74.061316578999893, 4.66292557884695 ], [ -74.061294400999898, 4.66305382984692 ], [ -74.061291295, 4.66305328884695 ], [ -74.061283902, 4.66309604084696 ], [ -74.061287008, 4.66309658184693 ], [ -74.061264831, 4.66322483284696 ], [ -74.061261972, 4.66322433484694 ], [ -74.061259112, 4.66323939484695 ], [ -74.061257697, 4.66324684884696 ], [ -74.061253794, 4.66326740584693 ], [ -74.061215722, 4.66326026684694 ] ] ], [ [ [ -74.061100277, 4.6638062028469 ], [ -74.061155879999902, 4.66348587584692 ], [ -74.061194056, 4.66349246984693 ], [ -74.061138371, 4.66381321284689 ], [ -74.061100277, 4.6638062028469 ] ] ] ] } },
{ "type": "Feature", "properties": { "OBJECTID": 32, "NTRCODIGO": 162, "NTRNOMBRE": "TOBERÍN", "NTRTIPO": 2, "NTRMODO": 2, "NTRMTRANSP": 5, "GLOBALID": "b53329a7-327b-4938-9042-41650f543497", "Shape__Area": 3.45477246810333e-08, "Shape__Length": 0.00269154153864624 }, "geometry": { "type": "MultiPolygon", "coordinates": [ [ [ [ -74.046976479, 4.74779857784421 ], [ -74.047030511999907, 4.74747201084422 ], [ -74.047057995, 4.74747557984422 ], [ -74.047003504, 4.74780238484419 ], [ -74.046976479, 4.74779857784421 ] ] ], [ [ [ -74.047221701999902, 4.74652831684425 ], [ -74.047276537, 4.74619757984425 ], [ -74.047300819, 4.74620173584423 ], [ -74.047250254999895, 4.74653307584423 ], [ -74.047221701999902, 4.74652831684425 ] ] ], [ [ [ -74.047314577, 4.74596738784425 ], [ -74.047361023999898, 4.74568632284424 ], [ -74.047392047999907, 4.74568978284425 ], [ -74.047345578, 4.74597172784423 ], [ -74.047314577, 4.74596738784425 ] ] ], [ [ [ -74.046892027, 4.74830898584416 ], [ -74.046938038999897, 4.74803089784416 ], [ -74.046964374, 4.74803706184416 ], [ -74.046918081999905, 4.74831469684419 ], [ -74.046892027, 4.74830898584416 ] ] ] ] } },
{ "type": "Feature", "properties": { "OBJECTID": 33, "NTRCODIGO": 19, "NTRNOMBRE": "RESTREPO", "NTRTIPO": 2, "NTRMODO": 2, "NTRMTRANSP": 5, "GLOBALID": "5b4d02bb-4c44-4ae1-9afb-eac46225acb0", "Shape__Area": 3.0480180157610402e-08, "Shape__Length": 0.0017240915065950501 }, "geometry": { "type": "MultiPolygon", "coordinates": [ [ [ [ -74.101562602999905, 4.58173769184958 ], [ -74.101947799999905, 4.58152853584962 ], [ -74.101960729, 4.58155993684961 ], [ -74.101962671, 4.58156465184961 ], [ -74.101580054, 4.58177594784957 ], [ -74.101576312, 4.58176774684962 ], [ -74.101562602999905, 4.58173769184958 ] ] ], [ [ [ -74.101018428, 4.5820403158496 ], [ -74.101322516, 4.58187328184959 ], [ -74.101337348, 4.58190253584957 ], [ -74.101165728999902, 4.58200223784956 ], [ -74.101037536, 4.58207671184959 ], [ -74.101018428, 4.5820403158496 ] ] ] ] } },
{ "type": "Feature", "properties": { "OBJECTID": 34, "NTRCODIGO": 107, "NTRNOMBRE": "PORTAL DE LA 80", "NTRTIPO": 3, "NTRMODO": 2, "NTRMTRANSP": 5, "GLOBALID": "7fb9f488-26ac-4d67-bb8f-e94619c5f79c", "Shape__Area": 1.76940216078947e-06, "Shape__Length": 0.0059963964026454502 }, "geometry": { "type": "Polygon", "coordinates": [ [ [ -74.111419619999893, 4.70996622284541 ], [ -74.11130952, 4.7099806708454 ], [ -74.111314052, 4.7100421668454 ], [ -74.110606978, 4.71011579784542 ], [ -74.110574436, 4.71012326684539 ], [ -74.110472595, 4.71013659184539 ], [ -74.110409247999897, 4.71015028284544 ], [ -74.110407304, 4.71015059584543 ], [ -74.110355129, 4.71015955084542 ], [ -74.110300397999893, 4.71016837984539 ], [ -74.110218257, 4.71018198884539 ], [ -74.110163347, 4.71019026684539 ], [ -74.110080643999893, 4.71020353084541 ], [ -74.110026741999903, 4.71021283684538 ], [ -74.109972092, 4.71022245284539 ], [ -74.109917105, 4.71023060384542 ], [ -74.109862487, 4.71023941684539 ], [ -74.109807989, 4.71024891884539 ], [ -74.109752909999898, 4.71025706784539 ], [ -74.109696175, 4.71026694184539 ], [ -74.109616622, 4.71028331984539 ], [ -74.109565157, 4.7103010778454 ], [ -74.109519008999897, 4.71032638384539 ], [ -74.109475977, 4.7103589838454 ], [ -74.109440557, 4.71039045184542 ], [ -74.109334663, 4.71033841484538 ], [ -74.109454104, 4.71010037084543 ], [ -74.109506201, 4.70999629284544 ], [ -74.109547759999899, 4.70991343984541 ], [ -74.1095841, 4.70983982084543 ], [ -74.10962139, 4.7097649918454 ], [ -74.109658415999903, 4.70969158984541 ], [ -74.109684106, 4.70964149184543 ], [ -74.109721127999904, 4.70956742984543 ], [ -74.109755752999902, 4.70949760884542 ], [ -74.109783692999898, 4.70944324284546 ], [ -74.109807878, 4.70939297284541 ], [ -74.109833514999906, 4.70934394084543 ], [ -74.109883582, 4.70924331384544 ], [ -74.109908807, 4.70919475084543 ], [ -74.109962163, 4.70909652484546 ], [ -74.110004308, 4.70902642084543 ], [ -74.110035756999906, 4.70897720684543 ], [ -74.110064803999904, 4.70893121084545 ], [ -74.110108856, 4.70886237384544 ], [ -74.110140193, 4.70881374784548 ], [ -74.110205659, 4.70871585584543 ], [ -74.110213391999906, 4.70872001984545 ], [ -74.110380985999896, 4.70881170784544 ], [ -74.110374085, 4.70881979884543 ], [ -74.110379319999893, 4.70882360584547 ], [ -74.110446897, 4.70886548384546 ], [ -74.110476301999896, 4.70888167784547 ], [ -74.110665013999906, 4.70900805384544 ], [ -74.110808495999905, 4.70913154784547 ], [ -74.110846646, 4.70917647984545 ], [ -74.111004879999896, 4.70932234084546 ], [ -74.111117667, 4.70943012984544 ], [ -74.111141937, 4.70945939784542 ], [ -74.111165494, 4.70949223384542 ], [ -74.111180485, 4.70952578484542 ], [ -74.111189050999897, 4.70954434384543 ], [ -74.111194761, 4.70957860884544 ], [ -74.1112019, 4.70961430084543 ], [ -74.111198331, 4.70966498284542 ], [ -74.111211179999898, 4.70973565284543 ], [ -74.111226407999894, 4.7097254208454 ], [ -74.111251154999906, 4.70972161384542 ], [ -74.111279708, 4.7097254208454 ], [ -74.11129113, 4.70973684284541 ], [ -74.111303503, 4.7097634928454 ], [ -74.111397729, 4.70974826384541 ], [ -74.111419619999893, 4.70996622284541 ] ] ] } },
{ "type": "Feature", "properties": { "OBJECTID": 35, "NTRCODIGO": 8, "NTRNOMBRE": "PORTAL DE USME", "NTRTIPO": 3, "NTRMODO": 2, "NTRMTRANSP": 5, "GLOBALID": "53302f67-31a8-4455-8a5f-dda44c75fddc", "Shape__Area": 7.8818965505433897e-06, "Shape__Length": 0.012806780774085799 }, "geometry": { "type": "Polygon", "coordinates": [ [ [ -74.11919578, 4.53055748285126 ], [ -74.119277089, 4.53045411285128 ], [ -74.119296103999901, 4.53041984385127 ], [ -74.119310829, 4.53038352385127 ], [ -74.119321049, 4.53034568885127 ], [ -74.119326612999899, 4.53030689485124 ], [ -74.119327439, 4.53026771185128 ], [ -74.11932268, 4.53022202585126 ], [ -74.119310307, 4.53010685985127 ], [ -74.119411978999906, 4.53009721885125 ], [ -74.119411624, 4.53009424885128 ], [ -74.119383447, 4.52987446185129 ], [ -74.119385211999898, 4.52987295885127 ], [ -74.119373791, 4.52983226985127 ], [ -74.119285275, 4.52976231385127 ], [ -74.11928813, 4.5297530338513 ], [ -74.119260256, 4.52969946385126 ], [ -74.11923676, 4.52964383485129 ], [ -74.119217794, 4.52958650285131 ], [ -74.119203477, 4.52952783685128 ], [ -74.119193904, 4.52946821285127 ], [ -74.119190953, 4.52907950385129 ], [ -74.119196664, 4.52871758785133 ], [ -74.119201661, 4.5285691098513 ], [ -74.119208581, 4.52853257185135 ], [ -74.119221009999904, 4.52849752385131 ], [ -74.119238657, 4.52846479085131 ], [ -74.119261106, 4.52843514385135 ], [ -74.119287826999894, 4.52840928085133 ], [ -74.119318192, 4.52838781285133 ], [ -74.119351483999907, 4.52837124485135 ], [ -74.11938692, 4.52835996585131 ], [ -74.119423664, 4.52835424385135 ], [ -74.119477202, 4.52835352985134 ], [ -74.120029086, 4.52835563085134 ], [ -74.120036851999899, 4.52835781285135 ], [ -74.120086172, 4.52837261085134 ], [ -74.120133084, 4.52839384185134 ], [ -74.120176753, 4.52842112885131 ], [ -74.120216400999894, 4.52845398485133 ], [ -74.120251321999902, 4.52849182585133 ], [ -74.120280897, 4.52853397785132 ], [ -74.12028027, 4.52853698685133 ], [ -74.120339519, 4.52862121985132 ], [ -74.120490139, 4.5288439368513 ], [ -74.120643017, 4.52897863185133 ], [ -74.120647302, 4.52898503885133 ], [ -74.120817433999903, 4.5292955588513 ], [ -74.120843561, 4.52935134485131 ], [ -74.120896312999903, 4.52944570285126 ], [ -74.120947709, 4.5295513508513 ], [ -74.1210343179999, 4.52975574685126 ], [ -74.121039794, 4.52976264685127 ], [ -74.121041514999902, 4.52980531185129 ], [ -74.121043363999902, 4.52985116285127 ], [ -74.121081911, 4.52984973485126 ], [ -74.121084052, 4.52985544585129 ], [ -74.121168285, 4.52985615985129 ], [ -74.121180255999903, 4.52985610185128 ], [ -74.121195768, 4.52985830085128 ], [ -74.121227891, 4.52985830085128 ], [ -74.121320689999905, 4.52986068085129 ], [ -74.121317120999905, 4.53009148885125 ], [ -74.121340915, 4.53009029885127 ], [ -74.121354002, 4.53053525785125 ], [ -74.121356382, 4.53078985985123 ], [ -74.121355192, 4.53101233985127 ], [ -74.121350433, 4.53123362985122 ], [ -74.121349242999898, 4.53136687985124 ], [ -74.121334966999896, 4.53148347285121 ], [ -74.121294516, 4.53161434385122 ], [ -74.121279049, 4.53164289685121 ], [ -74.121255254999895, 4.53170714285123 ], [ -74.121224658999907, 4.53174340485121 ], [ -74.120938071999902, 4.53163099985124 ], [ -74.120939976, 4.5317652018512 ], [ -74.120942355, 4.5317961348512 ], [ -74.120945687, 4.53182088085121 ], [ -74.120936168999904, 4.53188607785123 ], [ -74.120928555, 4.5319122518512 ], [ -74.12091285, 4.53194889585123 ], [ -74.120890007, 4.53198173185123 ], [ -74.120863357, 4.53201837585121 ], [ -74.120828140999905, 4.53204930885122 ], [ -74.12080625, 4.53206691685122 ], [ -74.120768179, 4.53209499485118 ], [ -74.120766274999895, 4.53209832585119 ], [ -74.120738436, 4.53211474385122 ], [ -74.120694891, 4.5321461528512 ], [ -74.12062208, 4.5321939798512 ], [ -74.120567114, 4.53224466285118 ], [ -74.120511435, 4.53229463185121 ], [ -74.120488592, 4.5323196158512 ], [ -74.120465036, 4.53234602785121 ], [ -74.120434341, 4.53238600285121 ], [ -74.120414352999902, 4.5324145558512 ], [ -74.120397935, 4.53244667885118 ], [ -74.120382944, 4.5324738048512 ], [ -74.120361529, 4.53253162585118 ], [ -74.120340114, 4.53258659085118 ], [ -74.120288718, 4.53274078085116 ], [ -74.120227192, 4.53294255585115 ], [ -74.120220119, 4.5329546078512 ], [ -74.12021662, 4.53296635285119 ], [ -74.120169507, 4.5331141178512 ], [ -74.120169507, 4.53312696685117 ], [ -74.12009955, 4.53316694185116 ], [ -74.120061716999899, 4.5331840738512 ], [ -74.120037446, 4.53319049885117 ], [ -74.120024188999906, 4.53318784685114 ], [ -74.12002144, 4.53318907085115 ], [ -74.119997471, 4.53318907085115 ], [ -74.119987664, 4.53320410885117 ], [ -74.119987485, 4.53320438385116 ], [ -74.119983909, 4.53322333485118 ], [ -74.119983909, 4.53325545785116 ], [ -74.119918234999901, 4.53329971585116 ], [ -74.119908242, 4.53328472485116 ], [ -74.119853276, 4.53326759285118 ], [ -74.119846852, 4.53327258985114 ], [ -74.119813471, 4.53324346385119 ], [ -74.119775937, 4.53321071385118 ], [ -74.119776182, 4.53321048585115 ], [ -74.119767259, 4.53320215785117 ], [ -74.119777966, 4.53318431185118 ], [ -74.119780346, 4.53316468185118 ], [ -74.119780941, 4.53314386085116 ], [ -74.119775586999907, 4.53312601485117 ], [ -74.119769638, 4.5331105488512 ], [ -74.11976012, 4.53309567685118 ], [ -74.119750008, 4.53307961585119 ], [ -74.119729782, 4.5330582008512 ], [ -74.119713126, 4.5330415438512 ], [ -74.119692305999905, 4.5330254828512 ], [ -74.119672674999904, 4.53301120585115 ], [ -74.119644716, 4.53299514485116 ], [ -74.119609619, 4.53297789385118 ], [ -74.119556081, 4.53295409885118 ], [ -74.119485292, 4.5329184068512 ], [ -74.119447815999905, 4.53290056085121 ], [ -74.119421642, 4.53288747385119 ], [ -74.119396063, 4.53287081785118 ], [ -74.119380596, 4.53286011085117 ], [ -74.119352042999907, 4.53283750585115 ], [ -74.119336576, 4.5328226338512 ], [ -74.119321704999905, 4.53280538285117 ], [ -74.119307428, 4.53278753685118 ], [ -74.11929672, 4.53277147585118 ], [ -74.119283633, 4.53275005985121 ], [ -74.119270545999896, 4.53272150685121 ], [ -74.119258649, 4.53268819385119 ], [ -74.119249130999904, 4.53264774385117 ], [ -74.119243181999906, 4.53260610285118 ], [ -74.119232474999905, 4.53251687285116 ], [ -74.11920868, 4.53228487585122 ], [ -74.119183695999894, 4.53224680385122 ], [ -74.119168477999906, 4.53209111985123 ], [ -74.119213521999896, 4.53208411285121 ], [ -74.119174498999897, 4.53168150785125 ], [ -74.119127862, 4.53122845885122 ], [ -74.119086935, 4.53081823985123 ], [ -74.119087887, 4.53076018085126 ], [ -74.119098355999895, 4.53072210885127 ], [ -74.119105971, 4.53068594085126 ], [ -74.119115338, 4.53066326385126 ], [ -74.119124055, 4.53064215885123 ], [ -74.119162125999907, 4.53059171485128 ], [ -74.119189824, 4.53056531485125 ], [ -74.11919578, 4.53055748285126 ] ] ] } },
{ "type": "Feature", "properties": { "OBJECTID": 36, "NTRCODIGO": 29, "NTRNOMBRE": "PORTAL AMÉRICAS", "NTRTIPO": 3, "NTRMODO": 2, "NTRMTRANSP": 5, "GLOBALID": "60a14bec-5ab3-42a5-a52a-df0889877253", "Shape__Area": 1.21383815780973e-05, "Shape__Length": 0.015541227983156099 }, "geometry": { "type": "Polygon", "coordinates": [ [ [ -74.175521129999893, 4.63140286884797 ], [ -74.175520321, 4.63140879384796 ], [ -74.175516419, 4.63146803384794 ], [ -74.175514237, 4.63150115384795 ], [ -74.175561231, 4.63150888684798 ], [ -74.175683179, 4.63174266884798 ], [ -74.175821782, 4.63200678884796 ], [ -74.175886028, 4.63212873684797 ], [ -74.175898254999893, 4.63214164384796 ], [ -74.175944758999904, 4.63223604584795 ], [ -74.175923024, 4.63227900984795 ], [ -74.175922909999898, 4.63227923784792 ], [ -74.175938376, 4.63231492884796 ], [ -74.175967841, 4.63230153584795 ], [ -74.175985612, 4.63231046884795 ], [ -74.176024822, 4.63238822084794 ], [ -74.176048426, 4.63242676384795 ], [ -74.176104343, 4.63252729584792 ], [ -74.176135871, 4.63259630084792 ], [ -74.176142544999905, 4.63262165884794 ], [ -74.176144794, 4.63263020784791 ], [ -74.176147173999894, 4.63265400284791 ], [ -74.176137656, 4.63268434084796 ], [ -74.176114455999894, 4.63270456584791 ], [ -74.176101155, 4.63271549184793 ], [ -74.174316539, 4.63361918084788 ], [ -74.174271564, 4.63364683284791 ], [ -74.174118683, 4.6337229758479 ], [ -74.174039566, 4.63376640084791 ], [ -74.174011607, 4.63376104684791 ], [ -74.174000304999893, 4.63375390784792 ], [ -74.173990066, 4.63374123184788 ], [ -74.173987187, 4.6337403648479 ], [ -74.171871649, 4.62975094684802 ], [ -74.171871761, 4.62974161584802 ], [ -74.171862061999903, 4.62972260584801 ], [ -74.171847785, 4.62961077084803 ], [ -74.171866821, 4.62952748984803 ], [ -74.171907271999899, 4.62946443384804 ], [ -74.17194356, 4.62943245084806 ], [ -74.171963321, 4.62940484384801 ], [ -74.17258557, 4.62909160884806 ], [ -74.172594935999896, 4.62911346384805 ], [ -74.173113658, 4.62886361984807 ], [ -74.173100217999902, 4.62883253984809 ], [ -74.173394565, 4.62868436784806 ], [ -74.173405142, 4.62868040184806 ], [ -74.173486044, 4.62864233084805 ], [ -74.173536013, 4.62861734584807 ], [ -74.173603827, 4.62858403384804 ], [ -74.173639518999906, 4.62855785984807 ], [ -74.173675211, 4.62852335684808 ], [ -74.173695436999907, 4.62849599384807 ], [ -74.173706143999894, 4.62846506084806 ], [ -74.173710903, 4.62842579984808 ], [ -74.173706143999894, 4.62838891784806 ], [ -74.173699005999893, 4.62835798484806 ], [ -74.173684728999902, 4.62832586184808 ], [ -74.173680875999906, 4.62831485384808 ], [ -74.173680082, 4.62830490284809 ], [ -74.173559253999898, 4.62805364984806 ], [ -74.173844699, 4.62790801384811 ], [ -74.174920368999906, 4.63014849984804 ], [ -74.174948996, 4.63022992684803 ], [ -74.175095332999902, 4.63052688284802 ], [ -74.17526951, 4.63089807884802 ], [ -74.175375158, 4.63111794184799 ], [ -74.175521129999893, 4.63140286884797 ] ] ] } },
{ "type": "Feature", "properties": { "OBJECTID": 37, "NTRCODIGO": 163, "NTRNOMBRE": "PORTAL DEL NORTE", "NTRTIPO": 3, "NTRMODO": 2, "NTRMTRANSP": 5, "GLOBALID": "e866cec4-2a18-4c8e-8b7f-5102c2a5855c", "Shape__Area": 3.87707046911601e-07, "Shape__Length": 0.0066842297029416804 }, "geometry": { "type": "Polygon", "coordinates": [ [ [ -74.046357541, 4.75384759784399 ], [ -74.046042024, 4.75547372184392 ], [ -74.0459372, 4.75545330584394 ], [ -74.046066771, 4.75476095384397 ], [ -74.045949701, 4.75474096684394 ], [ -74.045817207, 4.75542993484394 ], [ -74.045714610999894, 4.75540995184393 ], [ -74.046033049999906, 4.75378150684398 ], [ -74.046137931, 4.75380286884397 ], [ -74.046011091, 4.75444258184395 ], [ -74.046131015999904, 4.75446256984397 ], [ -74.046255791, 4.75382687384396 ], [ -74.046357541, 4.75384759784399 ] ] ] } },
{ "type": "Feature", "properties": { "OBJECTID": 38, "NTRCODIGO": 135, "NTRNOMBRE": "AVENIDA 68", "NTRTIPO": 2, "NTRMODO": 2, "NTRMTRANSP": 5, "GLOBALID": "47114783-3ac4-4a39-90d4-ef1a883fc6b6", "Shape__Area": 2.02580565655808e-08, "Shape__Length": 0.0010393587187071101 }, "geometry": { "type": "Polygon", "coordinates": [ [ [ -74.080615330999905, 4.68592699884621 ], [ -74.080534343999901, 4.68582530784621 ], [ -74.080507349, 4.68579140984619 ], [ -74.080426363999905, 4.6856897178462 ], [ -74.080374075999899, 4.68561899484618 ], [ -74.080375147, 4.68561813784621 ], [ -74.080375478999898, 4.68561855484624 ], [ -74.080378314, 4.68561627984619 ], [ -74.080377870999897, 4.68561572284623 ], [ -74.080379138, 4.68561470584618 ], [ -74.080379581, 4.68561526484618 ], [ -74.080404191, 4.68558838684622 ], [ -74.080655339, 4.68591140384617 ], [ -74.080700196, 4.68596624584617 ], [ -74.080671642, 4.68599099184618 ], [ -74.080615330999905, 4.68592699884621 ] ] ] } },
{ "type": "Feature", "properties": { "OBJECTID": 39, "NTRCODIGO": 117, "NTRNOMBRE": "CARRERA 53", "NTRTIPO": 2, "NTRMODO": 2, "NTRMTRANSP": 5, "GLOBALID": "41874a3a-e540-4c8b-b0aa-bea5d2e63cd6", "Shape__Area": 1.6970545857475399e-08, "Shape__Length": 0.0010343713714939999 }, "geometry": { "type": "Polygon", "coordinates": [ [ [ -74.077510315, 4.68197088984634 ], [ -74.077509587, 4.6819714788463 ], [ -74.077210581, 4.68159545584631 ], [ -74.077236812, 4.68157578284632 ], [ -74.077539168, 4.68194756184634 ], [ -74.077538348, 4.68194822584631 ], [ -74.077538011999906, 4.68194780984633 ], [ -74.077535186, 4.68195009584632 ], [ -74.077535632, 4.6819506508463 ], [ -74.077534371, 4.68195167284635 ], [ -74.077533925, 4.68195111584633 ], [ -74.077514140999895, 4.68196711184633 ], [ -74.077514588, 4.68196766884635 ], [ -74.077513253999896, 4.68196874584633 ], [ -74.077512807999895, 4.68196818884631 ], [ -74.077509980999906, 4.68197047484635 ], [ -74.077510315, 4.68197088984634 ] ] ] } },
{ "type": "Feature", "properties": { "OBJECTID": 41, "NTRCODIGO": 66, "NTRNOMBRE": "CORFERIAS", "NTRTIPO": 2, "NTRMODO": 2, "NTRMTRANSP": 5, "GLOBALID": "613d3607-65f6-462b-a8c6-d899cdea4939", "Shape__Area": 4.3640056901494999e-08, "Shape__Length": 0.00178787824751995 }, "geometry": { "type": "MultiPolygon", "coordinates": [ [ [ [ -74.089320014999899, 4.63419838084787 ], [ -74.08933889, 4.63414175584792 ], [ -74.089366852, 4.63415240184788 ], [ -74.089482533, 4.63420033884791 ], [ -74.089747358999901, 4.63429871184786 ], [ -74.089725546, 4.63435131784785 ], [ -74.089343581, 4.63420735184787 ], [ -74.089320014999899, 4.63419838084787 ] ] ], [ [ [ -74.089955636, 4.63443646784787 ], [ -74.089973457, 4.6343871978479 ], [ -74.090297426999896, 4.63450812684787 ], [ -74.090277293, 4.63456137484786 ], [ -74.089955636, 4.63443646784787 ] ] ] ] } },
{ "type": "Feature", "properties": { "OBJECTID": 42, "NTRCODIGO": 86, "NTRNOMBRE": "CIUDAD UNIVERSITARIA", "NTRTIPO": 2, "NTRMODO": 2, "NTRMTRANSP": 5, "GLOBALID": "6edea119-0312-4c11-92e0-5c1389dc607f", "Shape__Area": 3.6698935446111103e-08, "Shape__Length": 0.0021576542778241202 }, "geometry": { "type": "MultiPolygon", "coordinates": [ [ [ [ -74.083206719, 4.63041850384799 ], [ -74.0832387089999, 4.630396583848 ], [ -74.083517195, 4.630818153848 ], [ -74.08348803, 4.630835976848 ], [ -74.083206719, 4.63041850384799 ] ] ], [ [ [ -74.083611208, 4.631020577848 ], [ -74.08364117, 4.63100376884801 ], [ -74.083921237, 4.63141945784797 ], [ -74.08388772, 4.63143908884795 ], [ -74.083611208, 4.631020577848 ] ] ] ] } },
{ "type": "Feature", "properties": { "OBJECTID": 43, "NTRCODIGO": 87, "NTRNOMBRE": "PLAZA DE LA DEMOCRACIA", "NTRTIPO": 2, "NTRMODO": 2, "NTRMTRANSP": 5, "GLOBALID": "d84bf0f1-88aa-405e-9337-48287f143ae4", "Shape__Area": 3.7083708548379899e-08, "Shape__Length": 0.0020330724047932501 }, "geometry": { "type": "MultiPolygon", "coordinates": [ [ [ [ -74.079960773, 4.62553980684816 ], [ -74.07999361, 4.62551410784818 ], [ -74.080158684, 4.62574172084816 ], [ -74.080247027, 4.62587258284815 ], [ -74.080210259, 4.62589870784813 ], [ -74.080121391, 4.62576706984815 ], [ -74.080048801, 4.62565954184816 ], [ -74.079960773, 4.62553980684816 ] ] ], [ [ [ -74.080350865, 4.62609732184812 ], [ -74.080380185, 4.62607956484815 ], [ -74.080660490999904, 4.62649068184813 ], [ -74.08062842, 4.62651248184815 ], [ -74.080350865, 4.62609732184812 ] ] ] ] } },
{ "type": "Feature", "properties": { "OBJECTID": 44, "NTRCODIGO": 85, "NTRNOMBRE": "CENTRO MEMORIA", "NTRTIPO": 2, "NTRMODO": 2, "NTRMTRANSP": 5, "GLOBALID": "f5f36926-bd22-41cf-a364-72c15673b206", "Shape__Area": 4.5718337560174398e-08, "Shape__Length": 0.0021776399411697501 }, "geometry": { "type": "MultiPolygon", "coordinates": [ [ [ [ -74.07597708, 4.62001767184837 ], [ -74.076019034, 4.61999232584834 ], [ -74.076019543, 4.61999305884832 ], [ -74.076020953, 4.61999207384834 ], [ -74.076304137, 4.62039986584835 ], [ -74.076267373999897, 4.62042598784831 ], [ -74.07597708, 4.62001767184837 ] ] ], [ [ [ -74.0764082379999, 4.62062871784831 ], [ -74.076445741, 4.62060378184832 ], [ -74.076729048999894, 4.62101477784834 ], [ -74.076691869999905, 4.62103608184831 ], [ -74.0764082379999, 4.62062871784831 ] ] ] ] } },
{ "type": "Feature", "properties": { "OBJECTID": 45, "NTRCODIGO": 82, "NTRNOMBRE": "UNIVERSIDADES", "NTRTIPO": 2, "NTRMODO": 2, "NTRMTRANSP": 5, "GLOBALID": "b9684229-eced-4ffd-81da-2debb9d50bfc", "Shape__Area": 5.7372858464077601e-08, "Shape__Length": 0.0031815986867013502 }, "geometry": { "type": "MultiPolygon", "coordinates": [ [ [ [ -74.067564573, 4.60413401384888 ], [ -74.067810672999897, 4.60365173984886 ], [ -74.067849934, 4.60366839584888 ], [ -74.067598969, 4.60415251284884 ], [ -74.067564573, 4.60413401384888 ] ] ], [ [ [ -74.066921349, 4.60527905284884 ], [ -74.067162864, 4.60484206484886 ], [ -74.067196772, 4.60486169584884 ], [ -74.06695371, 4.60529713684881 ], [ -74.066921349, 4.60527905284884 ] ] ], [ [ [ -74.067288381, 4.60464278484887 ], [ -74.067494204, 4.60426266584887 ], [ -74.067526326999896, 4.60427813284884 ], [ -74.067324073, 4.60465944084882 ], [ -74.067288381, 4.60464278484887 ] ] ] ] } },
{ "type": "Feature", "properties": { "OBJECTID": 46, "NTRCODIGO": 109, "NTRNOMBRE": "CARRERA 90", "NTRTIPO": 2, "NTRMODO": 2, "NTRMTRANSP": 5, "GLOBALID": "e96eed08-4982-4e56-80c7-4b87217e9463", "Shape__Area": 1.9089128500127101e-08, "Shape__Length": 0.00103085916298522 }, "geometry": { "type": "Polygon", "coordinates": [ [ [ -74.104860827, 4.70476757684558 ], [ -74.104845486, 4.70480200084561 ], [ -74.104409919, 4.70461279284556 ], [ -74.104426574999906, 4.7045735308456 ], [ -74.104860827, 4.70476757684558 ] ] ] } },
{ "type": "Feature", "properties": { "OBJECTID": 47, "NTRCODIGO": 21, "NTRNOMBRE": "COUNTRY SUR", "NTRTIPO": 2, "NTRMODO": 2, "NTRMTRANSP": 5, "GLOBALID": "f2d64db1-859b-4388-a031-2765c90323ea", "Shape__Area": 3.7074300962558502e-08, "Shape__Length": 0.00193038163211731 }, "geometry": { "type": "MultiPolygon", "coordinates": [ [ [ [ -74.098693055999902, 4.5713100338499 ], [ -74.098989441, 4.57098282484993 ], [ -74.0990189, 4.57101182984992 ], [ -74.098726446999905, 4.57133791684993 ], [ -74.098693055999902, 4.5713100338499 ] ] ], [ [ [ -74.098242765999899, 4.57181587484989 ], [ -74.098535888999905, 4.57148658984994 ], [ -74.098568309, 4.57151424184991 ], [ -74.098273461, 4.57184299984992 ], [ -74.098242765999899, 4.57181587484989 ] ] ] ] } },
{ "type": "Feature", "properties": { "OBJECTID": 48, "NTRCODIGO": 50, "NTRNOMBRE": "POLICARPA", "NTRTIPO": 2, "NTRMODO": 2, "NTRMTRANSP": 5, "GLOBALID": "fb05796d-c780-447d-89f1-dc800a131b31", "Shape__Area": 3.77281992314238e-08, "Shape__Length": 0.00191963241059351 }, "geometry": { "type": "MultiPolygon", "coordinates": [ [ [ [ -74.087019008, 4.58608307084948 ], [ -74.087258435, 4.58571985084944 ], [ -74.087295217, 4.58574439784944 ], [ -74.087053625, 4.58610944584942 ], [ -74.087019008, 4.58608307084948 ] ] ], [ [ [ -74.086645352999895, 4.58664992184943 ], [ -74.086886203999896, 4.58628454084945 ], [ -74.086922527, 4.58630753384946 ], [ -74.086681759, 4.58667133684942 ], [ -74.086645352999895, 4.58664992184943 ] ] ] ] } },
{ "type": "Feature", "properties": { "OBJECTID": 49, "NTRCODIGO": 67, "NTRNOMBRE": "HOSPITALES", "NTRTIPO": 2, "NTRMODO": 2, "NTRMTRANSP": 5, "GLOBALID": "9705841f-40a7-487f-aa57-3aa1d8023606", "Shape__Area": 3.7070719827170297e-08, "Shape__Length": 0.00193898752786075 }, "geometry": { "type": "MultiPolygon", "coordinates": [ [ [ [ -74.084420181, 4.5900107878493 ], [ -74.084665895999905, 4.58963972784935 ], [ -74.084703415, 4.58966473384934 ], [ -74.084455950999896, 4.59003378284929 ], [ -74.084420181, 4.5900107878493 ] ] ], [ [ [ -74.084046981, 4.5905743668493 ], [ -74.084290973, 4.59020590884934 ], [ -74.084324308, 4.59023010384932 ], [ -74.084079104, 4.59059578284928 ], [ -74.084046981, 4.5905743668493 ] ] ] ] } },
{ "type": "Feature", "properties": { "OBJECTID": 50, "NTRCODIGO": 54, "NTRNOMBRE": "CDS CARRERA 32", "NTRTIPO": 2, "NTRMODO": 2, "NTRMTRANSP": 5, "GLOBALID": "14468a4b-199f-4891-afb8-07e32cd3c251", "Shape__Area": 2.8775701821359699e-08, "Shape__Length": 0.00155939798701492 }, "geometry": { "type": "MultiPolygon", "coordinates": [ [ [ [ -74.094019273, 4.61620787584844 ], [ -74.094049578, 4.61617903784846 ], [ -74.094308994, 4.61641011584847 ], [ -74.094282102, 4.61644361284847 ], [ -74.094019273, 4.61620787584844 ] ] ], [ [ [ -74.093579602, 4.61581352384846 ], [ -74.09360644, 4.61578430884848 ], [ -74.093864467999893, 4.61601414984849 ], [ -74.093838676, 4.61604589384845 ], [ -74.093579602, 4.61581352384846 ] ] ] ] } },
{ "type": "Feature", "properties": { "OBJECTID": 51, "NTRCODIGO": 53, "NTRNOMBRE": "COMUNEROS", "NTRTIPO": 2, "NTRMODO": 2, "NTRMTRANSP": 5, "GLOBALID": "7e092acc-0744-4161-a322-2c19f72bc1d8", "Shape__Area": 4.1680522144815801e-08, "Shape__Length": 0.0021626555180618901 }, "geometry": { "type": "MultiPolygon", "coordinates": [ [ [ [ -74.099462770999907, 4.60464914284887 ], [ -74.099792277999896, 4.60427744584883 ], [ -74.099824892999905, 4.60430540184883 ], [ -74.099492277, 4.60467864884884 ], [ -74.099462770999907, 4.60464914284887 ] ] ], [ [ [ -74.099965036, 4.60410055784884 ], [ -74.100306503999903, 4.60373538084886 ], [ -74.100338944, 4.60376673884886 ], [ -74.099992637999904, 4.60412578084886 ], [ -74.099965036, 4.60410055784884 ] ] ] ] } },
{ "type": "Feature", "properties": { "OBJECTID": 52, "NTRCODIGO": 12, "NTRNOMBRE": "CONSUELO", "NTRTIPO": 2, "NTRMODO": 2, "NTRMTRANSP": 5, "GLOBALID": "06cbd47b-c1ae-44dc-95bb-e6371998c4d3", "Shape__Area": 2.55612349064904e-08, "Shape__Length": 0.00138798853152549 }, "geometry": { "type": "MultiPolygon", "coordinates": [ [ [ [ -74.123832265, 4.56019302085027 ], [ -74.123871762, 4.56017305085029 ], [ -74.123872294, 4.56017413385026 ], [ -74.123898485, 4.56023145785027 ], [ -74.123956881, 4.56034768985031 ], [ -74.124019225, 4.56046502385028 ], [ -74.123983532999901, 4.5604852488503 ], [ -74.123919481, 4.56036661385026 ], [ -74.123861083, 4.56025038185028 ], [ -74.123832265, 4.56019302085027 ] ] ], [ [ [ -74.123635537, 4.55975832385028 ], [ -74.12367004, 4.55974345185027 ], [ -74.123711085, 4.55983446585029 ], [ -74.123753915999899, 4.55993023985028 ], [ -74.123772951, 4.55997187985028 ], [ -74.123787261, 4.56000101385027 ], [ -74.123747524999899, 4.5600177918503 ], [ -74.123742600999904, 4.56000758385031 ], [ -74.123711490999895, 4.55993836685028 ], [ -74.123658158, 4.5598197108503 ], [ -74.123635537, 4.55975832385028 ] ] ] ] } },
{ "type": "Feature", "properties": { "OBJECTID": 54, "NTRCODIGO": 47, "NTRNOMBRE": "SANTA ISABEL", "NTRTIPO": 2, "NTRMODO": 2, "NTRMTRANSP": 5, "GLOBALID": "5686a709-9e4e-464a-aedf-10ef7108e0d8", "Shape__Area": 2.9558833603004998e-08, "Shape__Length": 0.0014534562088132101 }, "geometry": { "type": "MultiPolygon", "coordinates": [ [ [ [ -74.102452049, 4.60177201784896 ], [ -74.10272759, 4.60155072784895 ], [ -74.102756144, 4.60159213084897 ], [ -74.10248203, 4.60180628184893 ], [ -74.102452049, 4.60177201784896 ] ] ], [ [ [ -74.102909591, 4.60140998084897 ], [ -74.103131603, 4.60123431084895 ], [ -74.103159738, 4.60126960484893 ], [ -74.102937961999899, 4.60144522884893 ], [ -74.102909591, 4.60140998084897 ] ] ] ] } },
{ "type": "Feature", "properties": { "OBJECTID": 55, "NTRCODIGO": 15, "NTRNOMBRE": "SANTA LUCIA", "NTRTIPO": 2, "NTRMODO": 2, "NTRMTRANSP": 5, "GLOBALID": "7c2c0dd2-50ca-4779-8384-68338123eb9e", "Shape__Area": 4.02577029490203e-08, "Shape__Length": 0.0021138145102535901 }, "geometry": { "type": "MultiPolygon", "coordinates": [ [ [ [ -74.124516937, 4.57144420484991 ], [ -74.124553713999902, 4.57133073484993 ], [ -74.124550716, 4.57132975584995 ], [ -74.124590838, 4.57120596984993 ], [ -74.124593836, 4.57120694984992 ], [ -74.12460721, 4.57116568784995 ], [ -74.124604212, 4.57116470784991 ], [ -74.124644331999903, 4.57104092284994 ], [ -74.12464733, 4.57104190184993 ], [ -74.1246640479999, 4.57099032384992 ], [ -74.124700882, 4.57100234784993 ], [ -74.124684166999899, 4.57105392484994 ], [ -74.124687164, 4.57105490284994 ], [ -74.124647043, 4.57117868784991 ], [ -74.124644044, 4.57117770984992 ], [ -74.12463067, 4.57121897184993 ], [ -74.124633668999905, 4.57121994984994 ], [ -74.124593548, 4.5713437348499 ], [ -74.124590549999894, 4.57134275784995 ], [ -74.124553771, 4.57145622684993 ], [ -74.124516937, 4.57144420484991 ] ] ], [ [ [ -74.124733334, 4.57079032984992 ], [ -74.124777698999907, 4.57067962784995 ], [ -74.124774773, 4.57067844684994 ], [ -74.124823171999907, 4.57055767884994 ], [ -74.124826097, 4.57055885884997 ], [ -74.12484223, 4.57051860184995 ], [ -74.124839304, 4.57051742284997 ], [ -74.124887703999903, 4.57039665284995 ], [ -74.124890627999903, 4.57039783284998 ], [ -74.124910794999906, 4.57034751284997 ], [ -74.124946732, 4.57036201784994 ], [ -74.1249265659999, 4.57041233584997 ], [ -74.1249294899999, 4.57041351584993 ], [ -74.124881092, 4.57053428484997 ], [ -74.124878168, 4.57053310484994 ], [ -74.124862035, 4.57057336184996 ], [ -74.124864959, 4.57057454184994 ], [ -74.124816561, 4.57069530984997 ], [ -74.124813637, 4.57069412984995 ], [ -74.124769270999906, 4.57080483284997 ], [ -74.124733334, 4.57079032984992 ] ] ] ] } },
{ "type": "Feature", "properties": { "OBJECTID": 56, "NTRCODIGO": 46, "NTRNOMBRE": "SENA", "NTRTIPO": 2, "NTRMODO": 2, "NTRMTRANSP": 5, "GLOBALID": "d0981592-8aed-4587-9895-3df600395052", "Shape__Area": 3.0832126185487101e-08, "Shape__Length": 0.0016123796891467999 }, "geometry": { "type": "MultiPolygon", "coordinates": [ [ [ [ -74.110845110999904, 4.59725963484909 ], [ -74.111181226, 4.59709452884909 ], [ -74.111199789999901, 4.59713447884908 ], [ -74.110861449, 4.59729957284908 ], [ -74.110845110999904, 4.59725963484909 ] ] ], [ [ [ -74.110314264, 4.59752039684907 ], [ -74.110623979, 4.59736825884909 ], [ -74.110643105, 4.59740611384905 ], [ -74.110332823, 4.59755751684907 ], [ -74.110314264, 4.59752039684907 ] ] ] ] } },
{ "type": "Feature", "properties": { "OBJECTID": 57, "NTRCODIGO": 33, "NTRNOMBRE": "SEVILLANA", "NTRTIPO": 2, "NTRMODO": 2, "NTRMTRANSP": 5, "GLOBALID": "a6065919-6992-4fa4-84f3-354dbf6b41d9", "Shape__Area": 3.2116190595843403e-08, "Shape__Length": 0.0016189314018060399 }, "geometry": { "type": "MultiPolygon", "coordinates": [ [ [ [ -74.146964181, 4.59507821284913 ], [ -74.1469665609999, 4.59503419284917 ], [ -74.147340613, 4.59507650984918 ], [ -74.147334908999895, 4.59512061784917 ], [ -74.146964181, 4.59507821284913 ] ] ], [ [ [ -74.147573990999902, 4.59514796384914 ], [ -74.147580779, 4.59510367984912 ], [ -74.147923528, 4.59514245584918 ], [ -74.147917601, 4.59518726684913 ], [ -74.147573990999902, 4.59514796384914 ] ] ] ] } },
{ "type": "Feature", "properties": { "OBJECTID": 58, "NTRCODIGO": 10, "NTRNOMBRE": "SOCORRO", "NTRTIPO": 2, "NTRMODO": 2, "NTRMTRANSP": 5, "GLOBALID": "24cc0096-8ce5-4a72-9cbf-db0a937cb07f", "Shape__Area": 2.53652387982584e-08, "Shape__Length": 0.00137687797270917 }, "geometry": { "type": "MultiPolygon", "coordinates": [ [ [ [ -74.125363264, 4.56431915585018 ], [ -74.125397171, 4.56429892985017 ], [ -74.125563155, 4.56457988085014 ], [ -74.125527061, 4.56460093485015 ], [ -74.125363264, 4.56431915585018 ] ] ], [ [ [ -74.125629413999903, 4.56477701385016 ], [ -74.125667263, 4.56475609785013 ], [ -74.125809413, 4.56499670685012 ], [ -74.125777884999906, 4.56501752685015 ], [ -74.125728333, 4.56494718285016 ], [ -74.125629413999903, 4.56477701385016 ] ] ] ] } },
{ "type": "Feature", "properties": { "OBJECTID": 59, "NTRCODIGO": 38, "NTRNOMBRE": "BANDERAS", "NTRTIPO": 2, "NTRMODO": 2, "NTRMTRANSP": 5, "GLOBALID": "3fbce08e-b6eb-4975-8323-2ed617f4e500", "Shape__Area": 5.3411207545650498e-07, "Shape__Length": 0.010656477088226399 }, "geometry": { "type": "MultiPolygon", "coordinates": [ [ [ [ -74.145463731, 4.63132968884796 ], [ -74.145460368, 4.63132668184799 ], [ -74.145418503, 4.631323332848 ], [ -74.144895022, 4.63129239984799 ], [ -74.144845053, 4.631270984848 ], [ -74.144831794, 4.631263249848 ], [ -74.144204977999905, 4.63121387684798 ], [ -74.144214496, 4.63108538684798 ], [ -74.144847431999906, 4.631132975848 ], [ -74.144905896, 4.63116670484799 ], [ -74.145763525, 4.63119960084798 ], [ -74.145759067, 4.63124306484796 ], [ -74.146251314, 4.63126146684799 ], [ -74.146353631, 4.63129953784799 ], [ -74.146919942999901, 4.63133285084795 ], [ -74.146911789999905, 4.63137157584797 ], [ -74.146905396, 4.63146295884795 ], [ -74.146856422, 4.63145565384796 ], [ -74.146727235, 4.631444195848 ], [ -74.146351252, 4.63142564984796 ], [ -74.146248935, 4.63139709584798 ], [ -74.145692141, 4.631368541848 ], [ -74.145693302, 4.63134995884796 ], [ -74.145671793, 4.63134892384799 ], [ -74.145463731, 4.63132968884796 ] ] ], [ [ [ -74.145508923, 4.63093072184801 ], [ -74.145523199, 4.63085695784797 ], [ -74.146751001, 4.63098782884799 ], [ -74.146748622, 4.631066350848 ], [ -74.145508923, 4.63093072184801 ] ] ], [ [ [ -74.145618377999895, 4.63163337584794 ], [ -74.146660582, 4.63174449684797 ], [ -74.146655822999904, 4.63181826084795 ], [ -74.145613619, 4.63171356384796 ], [ -74.145618377999895, 4.63163337584794 ] ] ] ] } },
{ "type": "Feature", "properties": { "OBJECTID": 60, "NTRCODIGO": 37, "NTRNOMBRE": "NQS CALLE 38A SUR", "NTRTIPO": 2, "NTRMODO": 2, "NTRMTRANSP": 5, "GLOBALID": "82fe72a4-02af-484c-8868-cb75a22fbfe5", "Shape__Area": 2.8055978873453598e-08, "Shape__Length": 0.0014414596791612201 }, "geometry": { "type": "MultiPolygon", "coordinates": [ [ [ [ -74.123866772, 4.59377163584919 ], [ -74.124212627, 4.5937382718492 ], [ -74.124217352999906, 4.59378464184921 ], [ -74.123870323999896, 4.59381628284917 ], [ -74.123866772, 4.59377163584919 ] ] ], [ [ [ -74.12333975, 4.5938224768492 ], [ -74.123624246, 4.59379503184921 ], [ -74.123627266, 4.59383844484922 ], [ -74.123345699, 4.59386411684921 ], [ -74.12333975, 4.5938224768492 ] ] ] ] } },
{ "type": "Feature", "properties": { "OBJECTID": 61, "NTRCODIGO": 122, "NTRNOMBRE": "FLORES", "NTRTIPO": 2, "NTRMODO": 2, "NTRMTRANSP": 5, "GLOBALID": "3125bb8d-1072-42d3-b042-f5f1022896ca", "Shape__Area": 4.0307980953002698e-08, "Shape__Length": 0.0021200154142670502 }, "geometry": { "type": "MultiPolygon", "coordinates": [ [ [ [ -74.062874398, 4.65515609984721 ], [ -74.062871636999901, 4.65515457284721 ], [ -74.062934267999907, 4.65504057884721 ], [ -74.062937028, 4.6550421068472 ], [ -74.062957906, 4.65500410884722 ], [ -74.062955145, 4.65500258084723 ], [ -74.063017773999903, 4.65488858584719 ], [ -74.063020536, 4.65489011384723 ], [ -74.063031561999907, 4.6548700468472 ], [ -74.063032762, 4.65487070984723 ], [ -74.063032504, 4.65487117684723 ], [ -74.063035685, 4.65487293484723 ], [ -74.063036026, 4.65487230984719 ], [ -74.063037526, 4.65487313984722 ], [ -74.063037182999906, 4.65487376384722 ], [ -74.063059353, 4.6548860268472 ], [ -74.063059697, 4.65488540184721 ], [ -74.063061196, 4.65488623184718 ], [ -74.063060852, 4.65488685684723 ], [ -74.0630640319999, 4.65488861384723 ], [ -74.063064288, 4.65488814784722 ], [ -74.063065488, 4.65488881084719 ], [ -74.063054462, 4.65490887884722 ], [ -74.063057221999898, 4.6549104068472 ], [ -74.062994593, 4.6550244008472 ], [ -74.062991831, 4.65502287284722 ], [ -74.062970954, 4.6550608708472 ], [ -74.062973716, 4.65506239884718 ], [ -74.062911084999897, 4.65517639184719 ], [ -74.062908323, 4.65517486584719 ], [ -74.062865981999906, 4.65525192984717 ], [ -74.062864872, 4.65525131584718 ], [ -74.062833339, 4.65530537184719 ], [ -74.062797647, 4.65528681284718 ], [ -74.062847108, 4.65520576884722 ], [ -74.062874398, 4.65515609984721 ] ] ], [ [ [ -74.063156388, 4.65472991584723 ], [ -74.063153819, 4.65472849584724 ], [ -74.063147751, 4.65473908184721 ], [ -74.063142431, 4.65474836284723 ], [ -74.063112926, 4.6547998318472 ], [ -74.06307771, 4.6547846038472 ], [ -74.0631184759999, 4.65470894484721 ], [ -74.06311694, 4.65470809684719 ], [ -74.063179571, 4.6545941018472 ], [ -74.063182331, 4.6545956288472 ], [ -74.063203207999905, 4.65455763084722 ], [ -74.063200448, 4.65455610284723 ], [ -74.063263079, 4.65444210984722 ], [ -74.063265838999897, 4.65444363784721 ], [ -74.06330818, 4.65436657284724 ], [ -74.06330938, 4.65436723484723 ], [ -74.063309123, 4.65436770284723 ], [ -74.063312303, 4.65436946084722 ], [ -74.063312644999897, 4.65436883684723 ], [ -74.063314067, 4.65436962184722 ], [ -74.063313722, 4.65437024684721 ], [ -74.063335971, 4.65438255384723 ], [ -74.063336315, 4.65438192784719 ], [ -74.063337814, 4.65438275784723 ], [ -74.06333747, 4.65438338284722 ], [ -74.06334065, 4.65438514084722 ], [ -74.063340906, 4.65438467484725 ], [ -74.063342105999894, 4.65438533784724 ], [ -74.063299765, 4.65446240184721 ], [ -74.063302527, 4.65446392984719 ], [ -74.063239896, 4.65457792484724 ], [ -74.063237134, 4.6545763968472 ], [ -74.063216257, 4.65461439484724 ], [ -74.063219019, 4.65461592284722 ], [ -74.063156388, 4.65472991584723 ] ] ] ] } },
{ "type": "Feature", "properties": { "OBJECTID": 62, "NTRCODIGO": 23, "NTRNOMBRE": "FUCHA", "NTRTIPO": 2, "NTRMODO": 2, "NTRMTRANSP": 5, "GLOBALID": "4a06bcd2-02ba-49f4-9a3b-5eb3a4a03d3f", "Shape__Area": 2.1444719777719001e-08, "Shape__Length": 0.00131406299585561 }, "geometry": { "type": "MultiPolygon", "coordinates": [ [ [ [ -74.09915681, 4.58308655484952 ], [ -74.099437456, 4.58293006384954 ], [ -74.09945475, 4.58296142884952 ], [ -74.099174375, 4.58311662184952 ], [ -74.09917216, 4.58311191484957 ], [ -74.09915681, 4.58308655484952 ] ] ], [ [ [ -74.099599818999906, 4.58283952884957 ], [ -74.099825914999897, 4.58271345584953 ], [ -74.099846941, 4.58274453884954 ], [ -74.099756216999893, 4.58279623784958 ], [ -74.099745091, 4.58280257784955 ], [ -74.099616491999896, 4.58287586084955 ], [ -74.099599818999906, 4.58283952884957 ] ] ] ] } },
{ "type": "Feature", "properties": { "OBJECTID": 63, "NTRCODIGO": 36, "NTRNOMBRE": "GENERAL SANTANDER", "NTRTIPO": 2, "NTRMODO": 2, "NTRMTRANSP": 5, "GLOBALID": "9e0b5a3a-3600-4b77-bdec-4597c22efd88", "Shape__Area": 1.08770308315798e-07, "Shape__Length": 0.0025415490149987498 }, "geometry": { "type": "Polygon", "coordinates": [ [ [ -74.130135494999905, 4.5936295458492 ], [ -74.128957134, 4.59360485084922 ], [ -74.128958562, 4.59351205184921 ], [ -74.13013661, 4.5935377618492 ], [ -74.130135494999905, 4.5936295458492 ] ] ] } },
{ "type": "Feature", "properties": { "OBJECTID": 64, "NTRCODIGO": 111, "NTRNOMBRE": "MINUTO DE DIOS", "NTRTIPO": 2, "NTRMODO": 2, "NTRMTRANSP": 5, "GLOBALID": "3d233c56-cbef-48d9-85de-46f93824c854", "Shape__Area": 2.00573140318738e-08, "Shape__Length": 0.0010621767872330001 }, "geometry": { "type": "Polygon", "coordinates": [ [ [ -74.091346756999897, 4.69658518484587 ], [ -74.091358654, 4.69654949284582 ], [ -74.091495096, 4.69662456784586 ], [ -74.091496605, 4.69662179084584 ], [ -74.091610505999896, 4.69668411484584 ], [ -74.091608995999906, 4.69668689284585 ], [ -74.091646963, 4.69670766684585 ], [ -74.091648472, 4.69670488984583 ], [ -74.091762371999906, 4.69676721684586 ], [ -74.091760861999902, 4.69676999284583 ], [ -74.091780914, 4.69678096484587 ], [ -74.091780257, 4.69678217084585 ], [ -74.091779791, 4.69678191584582 ], [ -74.091778053, 4.69678511384582 ], [ -74.091778678, 4.69678545584584 ], [ -74.091777857999901, 4.69678696384587 ], [ -74.091777233, 4.69678662184584 ], [ -74.091765111, 4.69680892184585 ], [ -74.091765735, 4.69680926384582 ], [ -74.091764916, 4.69681077184584 ], [ -74.091764290999905, 4.69681043084586 ], [ -74.091762553, 4.69681362884588 ], [ -74.09176302, 4.69681388384585 ], [ -74.091762364, 4.69681508984582 ], [ -74.091742312, 4.69680411684585 ], [ -74.091740801999904, 4.69680689584585 ], [ -74.091626904, 4.69674456984582 ], [ -74.091628414, 4.69674179284586 ], [ -74.091590445, 4.69672101784586 ], [ -74.091588937, 4.69672379384584 ], [ -74.091475036, 4.69666147084583 ], [ -74.091476545, 4.69665869084584 ], [ -74.091346756999897, 4.69658518484587 ] ] ] } },
{ "type": "Feature", "properties": { "OBJECTID": 65, "NTRCODIGO": 138, "NTRNOMBRE": "NIZA CALLE 127", "NTRTIPO": 2, "NTRMODO": 2, "NTRMTRANSP": 5, "GLOBALID": "95fb2d08-b740-4534-b582-1450fceaa8e6", "Shape__Area": 3.0512296689266798e-08, "Shape__Length": 0.0015723113512295199 }, "geometry": { "type": "MultiPolygon", "coordinates": [ [ [ [ -74.072306624, 4.71209865184536 ], [ -74.072350978, 4.71209058684533 ], [ -74.072365051, 4.71215536184533 ], [ -74.072424919999904, 4.71243092284535 ], [ -74.0723809039999, 4.71244054784536 ], [ -74.072321035999906, 4.71216498784533 ], [ -74.072306624, 4.71209865184536 ] ] ], [ [ [ -74.072180887999906, 4.71151877384538 ], [ -74.072219910999905, 4.71151211084536 ], [ -74.072299374999901, 4.71185306584537 ], [ -74.072254792, 4.71186007884538 ], [ -74.072180887999906, 4.71151877384538 ] ] ] ] } },
{ "type": "Feature", "properties": { "OBJECTID": 66, "NTRCODIGO": 18, "NTRNOMBRE": "OLAYA", "NTRTIPO": 2, "NTRMODO": 2, "NTRMTRANSP": 5, "GLOBALID": "048546b0-0a36-4353-8eac-41a73173db41", "Shape__Area": 2.4199010795200599e-08, "Shape__Length": 0.00134195701348286 }, "geometry": { "type": "MultiPolygon", "coordinates": [ [ [ [ -74.1071520469999, 4.57898780684966 ], [ -74.107261211, 4.57894050084967 ], [ -74.10725996, 4.57893759684969 ], [ -74.107379046999895, 4.57888599084968 ], [ -74.107380295, 4.57888889484966 ], [ -74.107440751999903, 4.57886269684966 ], [ -74.107456118, 4.57889837784971 ], [ -74.107395654, 4.57892457984966 ], [ -74.107396901999905, 4.57892748384971 ], [ -74.107277815, 4.5789790908497 ], [ -74.107276567, 4.57897618684966 ], [ -74.107167402999906, 4.57902349184966 ], [ -74.1071520469999, 4.57898780684966 ] ] ], [ [ [ -74.107606733, 4.57883770584969 ], [ -74.107592881999906, 4.57880140784969 ], [ -74.107649330999905, 4.57877967684969 ], [ -74.107648202, 4.57877672384966 ], [ -74.107769315, 4.57873010384968 ], [ -74.107770444, 4.57873305784971 ], [ -74.107841091999902, 4.57870586184969 ], [ -74.107854964999902, 4.57874215184971 ], [ -74.107784315999893, 4.57876934784967 ], [ -74.107785446, 4.5787723018497 ], [ -74.107664335, 4.57881892284965 ], [ -74.107663204999895, 4.57881596784971 ], [ -74.107606733, 4.57883770584969 ] ] ] ] } },
{ "type": "Feature", "properties": { "OBJECTID": 67, "NTRCODIGO": 63, "NTRNOMBRE": "PALOQUEMADO", "NTRTIPO": 2, "NTRMODO": 2, "NTRMTRANSP": 5, "GLOBALID": "96c4bc61-c96d-4b76-8442-1b2a445a9b59", "Shape__Area": 4.1978751141868997e-08, "Shape__Length": 0.0020417942776205702 }, "geometry": { "type": "MultiPolygon", "coordinates": [ [ [ [ -74.089305962, 4.61716663584843 ], [ -74.08958158, 4.61683230384847 ], [ -74.089615497, 4.61686207284845 ], [ -74.089340668, 4.61719544384845 ], [ -74.089299331999896, 4.61724558384843 ], [ -74.089264624999899, 4.61721677584841 ], [ -74.089305962, 4.61716663584843 ] ] ], [ [ [ -74.089776811, 4.61659548684845 ], [ -74.090011085999905, 4.61631130784845 ], [ -74.090045792999902, 4.61634011684846 ], [ -74.089811518, 4.61662429784844 ], [ -74.089770352999906, 4.61667423184844 ], [ -74.089735635999901, 4.61664543284843 ], [ -74.089776811, 4.61659548684845 ] ] ] ] } },
{ "type": "Feature", "properties": { "OBJECTID": 68, "NTRCODIGO": 136, "NTRNOMBRE": "SHAIO", "NTRTIPO": 2, "NTRMODO": 2, "NTRMTRANSP": 5, "GLOBALID": "eda989ec-5255-4093-b0c6-23cca3a397b8", "Shape__Area": 2.77416347671533e-08, "Shape__Length": 0.0014366278376036 }, "geometry": { "type": "MultiPolygon", "coordinates": [ [ [ [ -74.069850680999906, 4.69932965684573 ], [ -74.069892841999902, 4.69931341484578 ], [ -74.06991196, 4.69937648684577 ], [ -74.06999375, 4.69964631384577 ], [ -74.0699506509999, 4.69965946584578 ], [ -74.069868862, 4.69938963684574 ], [ -74.069850680999906, 4.69932965684573 ] ] ], [ [ [ -74.069698871999904, 4.69882577684576 ], [ -74.069736705, 4.69881149984577 ], [ -74.06982283, 4.69908244284579 ], [ -74.069823497999906, 4.69908464684579 ], [ -74.069779750999899, 4.69909566484579 ], [ -74.069779729999894, 4.69909559384575 ], [ -74.069698871999904, 4.69882577684576 ] ] ] ] } },
{ "type": "Feature", "properties": { "OBJECTID": 69, "NTRCODIGO": 116, "NTRNOMBRE": "SIMON BOLIVAR", "NTRTIPO": 2, "NTRMODO": 2, "NTRMTRANSP": 5, "GLOBALID": "3383bfa8-3acb-473d-8852-5156cbad1091", "Shape__Area": 4.1082557800109498e-08, "Shape__Length": 0.00203828451771954 }, "geometry": { "type": "MultiPolygon", "coordinates": [ [ [ [ -74.077555209, 4.6577646458471 ], [ -74.077661448, 4.65728134684712 ], [ -74.077705711, 4.65728986984713 ], [ -74.077596189, 4.65777215584709 ], [ -74.077555209, 4.6577646458471 ] ] ], [ [ [ -74.077707211, 4.65698111284712 ], [ -74.077745487, 4.65660458384714 ], [ -74.077790299999904, 4.65660916884714 ], [ -74.077752023, 4.65698569884716 ], [ -74.077749637, 4.65700813984716 ], [ -74.077747038, 4.65703055684713 ], [ -74.077745556, 4.65704237084714 ], [ -74.077700609, 4.65703875684715 ], [ -74.077702319, 4.65702512484717 ], [ -74.077704868, 4.65700313084716 ], [ -74.077707211, 4.65698111284712 ] ] ] ] } },
{ "type": "Feature", "properties": { "OBJECTID": 70, "NTRCODIGO": 152, "NTRNOMBRE": "SUBA  TV  91", "NTRTIPO": 2, "NTRMODO": 2, "NTRMTRANSP": 5, "GLOBALID": "daadde91-76f3-4e02-94d2-d5ac2a4e251f", "Shape__Area": 2.43470594796236e-08, "Shape__Length": 0.0014016171254944601 }, "geometry": { "type": "MultiPolygon", "coordinates": [ [ [ [ -74.086644441, 4.7386198828445 ], [ -74.086673709, 4.73859275684448 ], [ -74.086911217, 4.7388361378445 ], [ -74.086883776, 4.73886357884448 ], [ -74.086644441, 4.7386198828445 ] ] ], [ [ [ -74.087053511, 4.73903545784447 ], [ -74.087081272, 4.73900834184445 ], [ -74.087279181, 4.73920875084445 ], [ -74.087251658999904, 4.73923610884446 ], [ -74.087053511, 4.73903545784447 ] ] ] ] } },
{ "type": "Feature", "properties": { "OBJECTID": 72, "NTRCODIGO": 160, "NTRNOMBRE": "MAZUREN", "NTRTIPO": 2, "NTRMODO": 2, "NTRMTRANSP": 5, "GLOBALID": "afa3626c-928a-471d-bde3-18c102598834", "Shape__Area": 4.35486526839668e-08, "Shape__Length": 0.00310426211583773 }, "geometry": { "type": "MultiPolygon", "coordinates": [ [ [ [ -74.048853505999901, 4.73659418584455 ], [ -74.048993002, 4.73575542584455 ], [ -74.04902154, 4.73576070984455 ], [ -74.048882087, 4.73659940684453 ], [ -74.048853505999901, 4.73659418584455 ] ] ], [ [ [ -74.049197219, 4.73467009384459 ], [ -74.049252098999901, 4.73434967684465 ], [ -74.049283014, 4.73435490184464 ], [ -74.049226725, 4.73467532884459 ], [ -74.049197219, 4.73467009384459 ] ] ], [ [ [ -74.049292032, 4.73411275584464 ], [ -74.049339017, 4.73383399184463 ], [ -74.049370444, 4.73383430384462 ], [ -74.049322645, 4.73411892184463 ], [ -74.049292032, 4.73411275584464 ] ] ] ] } },
{ "type": "Feature", "properties": { "OBJECTID": 73, "NTRCODIGO": 42, "NTRNOMBRE": "PRADERA", "NTRTIPO": 2, "NTRMODO": 2, "NTRMTRANSP": 5, "GLOBALID": "1eb3855c-041d-4ead-a7e6-a224852ba12d", "Shape__Area": 5.20680032423115e-08, "Shape__Length": 0.0032392257598880198 }, "geometry": { "type": "MultiPolygon", "coordinates": [ [ [ [ -74.119009902, 4.62864489584804 ], [ -74.119024179, 4.62852473384807 ], [ -74.119140773, 4.62854495884808 ], [ -74.119124116, 4.62866155284804 ], [ -74.119009902, 4.62864489584804 ] ] ], [ [ [ -74.118123553, 4.62842836484807 ], [ -74.118125933, 4.62839981184808 ], [ -74.118477712999905, 4.62843066684806 ], [ -74.118474498, 4.62846213984809 ], [ -74.118123553, 4.62842836484807 ] ] ], [ [ [ -74.118118793999898, 4.62847119584804 ], [ -74.118124743, 4.62844502184807 ], [ -74.118465713, 4.62852348384805 ], [ -74.118458339, 4.62855424284807 ], [ -74.118118793999898, 4.62847119584804 ] ] ], [ [ [ -74.118717229, 4.62848785184805 ], [ -74.118718418, 4.62845691884805 ], [ -74.118998963, 4.62849841584808 ], [ -74.118993756, 4.62852962084806 ], [ -74.118717229, 4.62848785184805 ] ] ], [ [ [ -74.118698192999901, 4.62860444584807 ], [ -74.118705330999902, 4.62857589184808 ], [ -74.118978572999893, 4.62862232184809 ], [ -74.118972573999898, 4.62865338284805 ], [ -74.118698192999901, 4.62860444584807 ] ] ] ] } },
{ "type": "Feature", "properties": { "OBJECTID": 76, "NTRCODIGO": 140, "NTRNOMBRE": "SUBA CALLE 95", "NTRTIPO": 2, "NTRMODO": 2, "NTRMTRANSP": 5, "GLOBALID": "caf50f3e-f53f-4d20-8df8-41b0f40c3c7e", "Shape__Area": 2.7135570235259398e-08, "Shape__Length": 0.0014290982453539101 }, "geometry": { "type": "MultiPolygon", "coordinates": [ [ [ [ -74.062992599, 4.68429179084623 ], [ -74.063028291, 4.68427037584623 ], [ -74.063173516999896, 4.68454041484627 ], [ -74.063191267, 4.68457551184623 ], [ -74.063151768999901, 4.68459729184622 ], [ -74.063133347, 4.68456086584622 ], [ -74.062992599, 4.68429179084623 ] ] ], [ [ [ -74.063260504, 4.68481229084626 ], [ -74.063299474, 4.68478946584623 ], [ -74.06331213, 4.68481448984625 ], [ -74.06342804, 4.68504370084621 ], [ -74.063392348, 4.68506154684621 ], [ -74.063271958, 4.68483493984621 ], [ -74.063260504, 4.68481229084626 ] ] ] ] } },
{ "type": "Feature", "properties": { "OBJECTID": 77, "NTRCODIGO": 69, "NTRNOMBRE": "TERCER MILENIO", "NTRTIPO": 2, "NTRMODO": 2, "NTRMTRANSP": 5, "GLOBALID": "22e5bb66-7f39-4adf-b7ec-67954e7af112", "Shape__Area": 5.2005077577632599e-08, "Shape__Length": 0.0027658574303278398 }, "geometry": { "type": "MultiPolygon", "coordinates": [ [ [ [ -74.084079141, 4.59779352584905 ], [ -74.084112306, 4.5977506988491 ], [ -74.084109817999902, 4.59774875684906 ], [ -74.084189414, 4.59764597384907 ], [ -74.084191902, 4.59764791584905 ], [ -74.084218435, 4.59761365484905 ], [ -74.084215946, 4.59761171284907 ], [ -74.084295541, 4.59750893084908 ], [ -74.084298031999893, 4.59751087184907 ], [ -74.084370995, 4.59741665384906 ], [ -74.084401581, 4.59744050484909 ], [ -74.084328618, 4.59753472184906 ], [ -74.084331108, 4.59753666384911 ], [ -74.084251509999902, 4.59763944684909 ], [ -74.084249023, 4.59763750484904 ], [ -74.084222489, 4.5976717658491 ], [ -74.08422498, 4.59767370784908 ], [ -74.084145384, 4.59777648984908 ], [ -74.084142893, 4.59777455084906 ], [ -74.084109729, 4.59781737584904 ], [ -74.084079141, 4.59779352584905 ] ] ], [ [ [ -74.083654628, 4.59834170284908 ], [ -74.083687794, 4.59829887584906 ], [ -74.083685303, 4.59829693384907 ], [ -74.083764899999906, 4.59819415184908 ], [ -74.083767389999906, 4.59819609284907 ], [ -74.083793922, 4.59816183184907 ], [ -74.083791433, 4.59815989084903 ], [ -74.083871029, 4.59805710784904 ], [ -74.083873518, 4.59805904784905 ], [ -74.083919948999906, 4.59799909284906 ], [ -74.083950536, 4.59802294184907 ], [ -74.083904106, 4.59808289884909 ], [ -74.083906596, 4.59808484084907 ], [ -74.083826998, 4.59818762284907 ], [ -74.083824508, 4.59818568184906 ], [ -74.083797977, 4.59821994284906 ], [ -74.083800466, 4.59822188484904 ], [ -74.08372087, 4.59832466684905 ], [ -74.083718379999894, 4.59832272484906 ], [ -74.083685214999903, 4.59836555284906 ], [ -74.083654628, 4.59834170284908 ] ] ], [ [ [ -74.083309711, 4.59878709584901 ], [ -74.083382676, 4.59869287884905 ], [ -74.083380185, 4.59869093784905 ], [ -74.083459781, 4.59858815284903 ], [ -74.083462272, 4.59859009484901 ], [ -74.083508702, 4.59853013784905 ], [ -74.083539289, 4.59855398884903 ], [ -74.0834928579999, 4.59861394684904 ], [ -74.083495348, 4.59861588684904 ], [ -74.08341575, 4.59871867084901 ], [ -74.083413261, 4.59871672884903 ], [ -74.083340297999897, 4.59881094684905 ], [ -74.083309711, 4.59878709584901 ] ] ] ] } },
{ "type": "Feature", "properties": { "OBJECTID": 79, "NTRCODIGO": 34, "NTRNOMBRE": "VENECIA", "NTRTIPO": 2, "NTRMODO": 2, "NTRMTRANSP": 5, "GLOBALID": "36779bbb-185c-4c9c-864c-fe2f0e61e2f6", "Shape__Area": 2.8784995720343398e-08, "Shape__Length": 0.00145485948527444 }, "geometry": { "type": "MultiPolygon", "coordinates": [ [ [ [ -74.142353976, 4.59558503884916 ], [ -74.142702524, 4.59554658984912 ], [ -74.142706328, 4.59559108884913 ], [ -74.142355166, 4.59562786884914 ], [ -74.142353976, 4.59558503884916 ] ] ], [ [ [ -74.142940513, 4.59551960284916 ], [ -74.143224038, 4.59548905984913 ], [ -74.143228582999896, 4.59553638784912 ], [ -74.142945939, 4.59556599184914 ], [ -74.142940513, 4.59551960284916 ] ] ] ] } },
{ "type": "Feature", "properties": { "OBJECTID": 80, "NTRCODIGO": 133, "NTRNOMBRE": "VIRREY", "NTRTIPO": 2, "NTRMODO": 2, "NTRMTRANSP": 5, "GLOBALID": "63036d5c-f879-481b-b261-47e9fc0d9f91", "Shape__Area": 5.9576336752797903e-08, "Shape__Length": 0.0030512557215707902 }, "geometry": { "type": "MultiPolygon", "coordinates": [ [ [ [ -74.058871011, 4.67673482284651 ], [ -74.059040905, 4.6757440148465 ], [ -74.059078024, 4.67574972584653 ], [ -74.058913128, 4.67674124784649 ], [ -74.058871011, 4.67673482284651 ] ] ], [ [ [ -74.059115144, 4.67531428484657 ], [ -74.0591851, 4.67488455384658 ], [ -74.059228644, 4.67489169384656 ], [ -74.059158688, 4.67532285084653 ], [ -74.059115144, 4.67531428484657 ] ] ] ] } },
{ "type": "Feature", "properties": { "OBJECTID": 81, "NTRCODIGO": 61, "NTRNOMBRE": "ZONA INDUSTRIAL", "NTRTIPO": 2, "NTRMODO": 2, "NTRMTRANSP": 5, "GLOBALID": "6fcbf72e-14b9-46aa-af84-0a693cf1aad3", "Shape__Area": 3.0953088980822901e-08, "Shape__Length": 0.0015723852761933301 }, "geometry": { "type": "MultiPolygon", "coordinates": [ [ [ [ -74.098355956, 4.62004996584836 ], [ -74.098384752, 4.62001484884833 ], [ -74.098643691, 4.62024391984835 ], [ -74.098614488, 4.62027770384833 ], [ -74.098355956, 4.62004996584836 ] ] ], [ [ [ -74.098795034, 4.62043674584833 ], [ -74.098826307, 4.62040547284835 ], [ -74.099089603, 4.62063839784832 ], [ -74.099059825, 4.6206699988483 ], [ -74.098795034, 4.62043674584833 ] ] ] ] } },
{ "type": "Feature", "properties": { "OBJECTID": 82, "NTRCODIGO": 119, "NTRNOMBRE": "NQS CALLE 75", "NTRTIPO": 2, "NTRMODO": 2, "NTRMTRANSP": 5, "GLOBALID": "bf07e275-fd74-49b2-8d42-949d20a2fc34", "Shape__Area": 5.4867967946847798e-08, "Shape__Length": 0.0037280079639102201 }, "geometry": { "type": "MultiPolygon", "coordinates": [ [ [ [ -74.071790725, 4.66972013484671 ], [ -74.072075231, 4.66939080684676 ], [ -74.072099059, 4.66941152984673 ], [ -74.071813828, 4.66974169784673 ], [ -74.071790725, 4.66972013484671 ] ] ], [ [ [ -74.071663934, 4.66961158284674 ], [ -74.071949286999896, 4.66928127484675 ], [ -74.071973114999906, 4.66930199684674 ], [ -74.071690127999901, 4.66962956684675 ], [ -74.071663934, 4.66961158284674 ] ] ], [ [ [ -74.07165508, 4.66992545484672 ], [ -74.071371718, 4.6702534588467 ], [ -74.071346783, 4.6702340168467 ], [ -74.0716306529999, 4.6699054248467 ], [ -74.07165508, 4.66992545484672 ] ] ], [ [ [ -74.071528524, 4.66981662984674 ], [ -74.071245097, 4.67014470784673 ], [ -74.071220564, 4.67012480384673 ], [ -74.07150359, 4.66979718884674 ], [ -74.071528524, 4.66981662984674 ] ] ] ] } },
{ "type": "Feature", "properties": { "OBJECTID": 83, "NTRCODIGO": 155, "NTRNOMBRE": "GRATAMIRA", "NTRTIPO": 2, "NTRMODO": 2, "NTRMTRANSP": 5, "GLOBALID": "ef3a0c09-1681-4368-8173-576e1d7cb9ae", "Shape__Area": 2.46352556132479e-08, "Shape__Length": 0.0014135043224499601 }, "geometry": { "type": "MultiPolygon", "coordinates": [ [ [ [ -74.074714340999904, 4.72737345484482 ], [ -74.074728576, 4.72702905184485 ], [ -74.074768551, 4.72703012284483 ], [ -74.074753476, 4.72737514584485 ], [ -74.074714340999904, 4.72737345484482 ] ] ], [ [ [ -74.074692195, 4.72790279784484 ], [ -74.074704095, 4.72762013584484 ], [ -74.074742844999903, 4.72762080784484 ], [ -74.074730904, 4.72790443884482 ], [ -74.074692195, 4.72790279784484 ] ] ] ] } },
{ "type": "Feature", "properties": { "OBJECTID": 84, "NTRCODIGO": 51, "NTRNOMBRE": "HOSPITAL", "NTRTIPO": 2, "NTRMODO": 2, "NTRMTRANSP": 5, "GLOBALID": "5d60f563-e477-4b6a-a964-02ce72b93ad0", "Shape__Area": 2.5541908144077801e-08, "Shape__Length": 0.00140808020706937 }, "geometry": { "type": "MultiPolygon", "coordinates": [ [ [ [ -74.086014571, 4.59529161384917 ], [ -74.086097127999906, 4.59518573184916 ], [ -74.086094636, 4.59518379484913 ], [ -74.086174153999906, 4.59508094784914 ], [ -74.086176644, 4.59508288784914 ], [ -74.086214890999898, 4.59503341984916 ], [ -74.086247164, 4.59505842684914 ], [ -74.086207249, 4.59510671384915 ], [ -74.086209740999905, 4.59510865484915 ], [ -74.086130225, 4.59521149784912 ], [ -74.086127732, 4.59520956084915 ], [ -74.086047289, 4.59531481384916 ], [ -74.086014571, 4.59529161384917 ] ] ], [ [ [ -74.086404882999901, 4.59479220384916 ], [ -74.086453366999905, 4.59473390584916 ], [ -74.086450946, 4.59473187884916 ], [ -74.086534063, 4.59463194284914 ], [ -74.086536485, 4.59463396884915 ], [ -74.086578504, 4.59458253484915 ], [ -74.086608247, 4.59460930384919 ], [ -74.086566223, 4.59465887384918 ], [ -74.0865686449999, 4.59466090084918 ], [ -74.086485527, 4.59476083984917 ], [ -74.086483106999907, 4.5947588108492 ], [ -74.086434622999903, 4.59481710884918 ], [ -74.086424574, 4.59482985684915 ], [ -74.086397776, 4.59480121984914 ], [ -74.086404882999901, 4.59479220384916 ] ] ] ] } },
{ "type": "Feature", "properties": { "OBJECTID": 85, "NTRCODIGO": 137, "NTRNOMBRE": "HUMEDAL CORDOBA", "NTRTIPO": 2, "NTRMODO": 2, "NTRMTRANSP": 5, "GLOBALID": "94592e66-e37d-45dc-9dd2-ab63ef48f017", "Shape__Area": 2.7268185931461601e-08, "Shape__Length": 0.00143133957739873 }, "geometry": { "type": "MultiPolygon", "coordinates": [ [ [ [ -74.071062540999904, 4.70623327684551 ], [ -74.071102992, 4.70622494884553 ], [ -74.071169185, 4.70653340284551 ], [ -74.071175957, 4.70656562284555 ], [ -74.071131647999906, 4.70657385784555 ], [ -74.071125106, 4.7065427298455 ], [ -74.071062540999904, 4.70623327684551 ] ] ], [ [ [ -74.071180907, 4.70680824384553 ], [ -74.071225031, 4.70679913084549 ], [ -74.071232387, 4.7068341328455 ], [ -74.07128621, 4.70707441684552 ], [ -74.071245759, 4.70708155484552 ], [ -74.071188308, 4.70684345784551 ], [ -74.071180907, 4.70680824384553 ] ] ] ] } },
{ "type": "Feature", "properties": { "OBJECTID": 88, "NTRCODIGO": 81, "NTRNOMBRE": "LAS AGUAS", "NTRTIPO": 2, "NTRMODO": 2, "NTRMTRANSP": 5, "GLOBALID": "b26a7913-e8bc-48ce-bf09-7e2f23c7936a", "Shape__Area": 5.5589794101251801e-08, "Shape__Length": 0.0015802774768372699 }, "geometry": { "type": "Polygon", "coordinates": [ [ [ -74.068563208999905, 4.60223510184894 ], [ -74.06849786, 4.6023603818489 ], [ -74.068526415, 4.60237551584892 ], [ -74.068538906999905, 4.6023493418489 ], [ -74.068579951999894, 4.60236778284891 ], [ -74.068346289, 4.60281167084889 ], [ -74.06830917, 4.60279168384892 ], [ -74.068357711, 4.60270602284891 ], [ -74.068325425999902, 4.60269095684891 ], [ -74.068311722, 4.60271722784893 ], [ -74.068275595, 4.60269841484888 ], [ -74.068526603, 4.60221650384894 ], [ -74.068563208999905, 4.60223510184894 ] ] ] } },
{ "type": "Feature", "properties": { "OBJECTID": 89, "NTRCODIGO": 26, "NTRNOMBRE": "PORTAL DEL SUR", "NTRTIPO": 3, "NTRMODO": 2, "NTRMTRANSP": 5, "GLOBALID": "57acbad4-5aa3-46f4-b498-8a9828bec006", "Shape__Area": 6.6512550631614397e-06, "Shape__Length": 0.011500326702553401 }, "geometry": { "type": "Polygon", "coordinates": [ [ [ -74.168505705, 4.59775765184906 ], [ -74.168495897, 4.59775387884906 ], [ -74.168504351, 4.59773823284905 ], [ -74.168524749, 4.59771189684909 ], [ -74.168523916, 4.59770357184907 ], [ -74.168518032999899, 4.5976989958491 ], [ -74.16849519, 4.59768376784904 ], [ -74.168184908999905, 4.59760191384908 ], [ -74.168132560999894, 4.59747532684907 ], [ -74.167844051, 4.5967578948491 ], [ -74.167981465, 4.59669930084911 ], [ -74.167974564, 4.59667487584912 ], [ -74.168015436, 4.5966584138491 ], [ -74.168018019, 4.5966358008491 ], [ -74.168020635999895, 4.59662331884911 ], [ -74.16803127, 4.59658991284911 ], [ -74.16804674, 4.59655846884912 ], [ -74.168059472, 4.5965407598491 ], [ -74.168074737, 4.59652519984909 ], [ -74.168092181, 4.5965121478491 ], [ -74.168111398999898, 4.59650190784911 ], [ -74.168131946, 4.59649471784909 ], [ -74.168149752, 4.59648836084913 ], [ -74.168175925999904, 4.59648717184909 ], [ -74.168234460999898, 4.5964897888491 ], [ -74.168918496999893, 4.59655352384912 ], [ -74.168925159, 4.59645120684909 ], [ -74.169202604, 4.59647547784912 ], [ -74.169204032, 4.59645691784912 ], [ -74.169341743, 4.59646706484913 ], [ -74.169342517, 4.59644977884913 ], [ -74.169432459999896, 4.59645739384909 ], [ -74.169431563, 4.59647378484911 ], [ -74.169659936999906, 4.59649022984909 ], [ -74.169660888, 4.59649927184913 ], [ -74.169929529999905, 4.59652520784912 ], [ -74.17004303, 4.5965368678491 ], [ -74.17003256, 4.59665821984911 ], [ -74.170370026999905, 4.59668335784912 ], [ -74.170564608, 4.59670128784913 ], [ -74.170594589, 4.5967069988491 ], [ -74.170619573, 4.59671485084911 ], [ -74.170646699, 4.59672698684912 ], [ -74.170670255999894, 4.59674483284911 ], [ -74.170693098999905, 4.59677053084911 ], [ -74.170717369, 4.5968062228491 ], [ -74.170723258, 4.59681256284912 ], [ -74.170724507, 4.59682620984912 ], [ -74.17078287, 4.59684376584911 ], [ -74.17081231, 4.59685262184908 ], [ -74.170811339, 4.59685418584908 ], [ -74.170820162, 4.59685619084908 ], [ -74.170822244, 4.59684968184907 ], [ -74.170867989, 4.59686832684908 ], [ -74.170786611, 4.59708390584906 ], [ -74.170660976, 4.59742297884907 ], [ -74.170520349999904, 4.59779131884908 ], [ -74.1704389719999, 4.59801046784906 ], [ -74.170205309, 4.59863388684905 ], [ -74.169962426, 4.59926117184904 ], [ -74.169949339, 4.59930459684904 ], [ -74.169934763999905, 4.59930489484901 ], [ -74.169558334, 4.59932083684902 ], [ -74.168858772, 4.59934558284902 ], [ -74.167824955999905, 4.59938960384903 ], [ -74.167781888, 4.59929856384901 ], [ -74.167764339, 4.59926376484902 ], [ -74.167766124, 4.59926257484904 ], [ -74.167749942999905, 4.59923136884902 ], [ -74.167696227, 4.59920606284903 ], [ -74.167790811, 4.59901302884903 ], [ -74.167903181, 4.59880496984904 ], [ -74.168051659, 4.59854703584906 ], [ -74.168135416, 4.59840236484902 ], [ -74.168336242, 4.59805305984905 ], [ -74.168464037, 4.59782277684905 ], [ -74.16849411, 4.59777714784905 ], [ -74.168505705, 4.59775765184906 ] ] ] } },
{ "type": "Feature", "properties": { "OBJECTID": 91, "NTRCODIGO": 70, "NTRNOMBRE": "DE LA SABANA", "NTRTIPO": 2, "NTRMODO": 2, "NTRMTRANSP": 5, "GLOBALID": "559ccfcb-4fbe-4f73-b6aa-2751e0291421", "Shape__Area": 2.6738604219644899e-08, "Shape__Length": 0.00154147288024229 }, "geometry": { "type": "MultiPolygon", "coordinates": [ [ [ [ -74.081808559, 4.60531632984882 ], [ -74.081782217, 4.60534455284883 ], [ -74.081518526, 4.60512218484881 ], [ -74.081543441, 4.60509243684883 ], [ -74.081808559, 4.60531632984882 ] ] ], [ [ [ -74.081963257, 4.60551024584882 ], [ -74.081989312, 4.6054806208488 ], [ -74.082253432, 4.60570690784881 ], [ -74.082228448, 4.60573474784879 ], [ -74.081963257, 4.60551024584882 ] ] ] ] } },
{ "type": "Feature", "properties": { "OBJECTID": 92, "NTRCODIGO": 161, "NTRNOMBRE": "CARDIO INFANTIL", "NTRTIPO": 2, "NTRMODO": 2, "NTRMTRANSP": 5, "GLOBALID": "faa097dc-84b6-4c1a-9c6f-a7d135be0db1", "Shape__Area": 3.5659866171045003e-08, "Shape__Length": 0.0026975087764080099 }, "geometry": { "type": "MultiPolygon", "coordinates": [ [ [ [ -74.047792930999904, 4.74297032084432 ], [ -74.047849113, 4.74263594984432 ], [ -74.047876957, 4.74264073984437 ], [ -74.047822405, 4.74297333284436 ], [ -74.047792930999904, 4.74297032084432 ] ] ], [ [ [ -74.048107931999894, 4.74122663984438 ], [ -74.048160976, 4.74090627584439 ], [ -74.048189609, 4.74090887884443 ], [ -74.0481361289999, 4.74123092284439 ], [ -74.048107931999894, 4.74122663984438 ] ] ], [ [ [ -74.047709372, 4.74348450984431 ], [ -74.04775346, 4.74320523484434 ], [ -74.047783554, 4.74321019684434 ], [ -74.047737212, 4.74348950684432 ], [ -74.047709372, 4.74348450984431 ] ] ], [ [ [ -74.048199892999904, 4.74067123184443 ], [ -74.048246478, 4.74038987884439 ], [ -74.048275475, 4.74039181784441 ], [ -74.048228393, 4.7406753308444 ], [ -74.048199892999904, 4.74067123184443 ] ] ] ] } },
{ "type": "Feature", "properties": { "OBJECTID": 93, "NTRCODIGO": 39, "NTRNOMBRE": "MANDALAY", "NTRTIPO": 2, "NTRMODO": 2, "NTRMTRANSP": 5, "GLOBALID": "aa75f545-6a3c-4da6-9e36-fb3e7bb61dcf", "Shape__Area": 6.3981104858612499e-08, "Shape__Length": 0.0041639807911206302 }, "geometry": { "type": "MultiPolygon", "coordinates": [ [ [ [ -74.141484114, 4.63099001684798 ], [ -74.141485377, 4.63095930684801 ], [ -74.141917021, 4.63099729384799 ], [ -74.141914168, 4.63102880284798 ], [ -74.141484114, 4.63099001684798 ] ] ], [ [ [ -74.140815436, 4.63090502284796 ], [ -74.140818291, 4.63087218684797 ], [ -74.141248736, 4.63091929984801 ], [ -74.141247127, 4.63094633984797 ], [ -74.140815436, 4.63090502284796 ] ] ], [ [ [ -74.140779982, 4.63082983184802 ], [ -74.140788548, 4.63071371484801 ], [ -74.140898955, 4.63072418384798 ], [ -74.140889436999899, 4.63084030184797 ], [ -74.140779982, 4.63082983184802 ] ] ], [ [ [ -74.141500656999895, 4.63079355484797 ], [ -74.141503644, 4.63076517584802 ], [ -74.141936109, 4.63082830784799 ], [ -74.141932324, 4.63085745884797 ], [ -74.141500656999895, 4.63079355484797 ] ] ], [ [ [ -74.14083114, 4.63069444084801 ], [ -74.140833282, 4.63066731484799 ], [ -74.141264291, 4.63073023484799 ], [ -74.141260271, 4.630757968848 ], [ -74.14083114, 4.63069444084801 ] ] ] ] } },
{ "type": "Feature", "properties": { "OBJECTID": 94, "NTRCODIGO": 41, "NTRNOMBRE": "MARSELLA", "NTRTIPO": 2, "NTRMODO": 2, "NTRMTRANSP": 5, "GLOBALID": "61200c1d-61af-4f30-af76-5a326c4eb345", "Shape__Area": 8.3755878677038695e-08, "Shape__Length": 0.0054545403027341302 }, "geometry": { "type": "MultiPolygon", "coordinates": [ [ [ [ -74.130087798, 4.62977601984805 ], [ -74.130091949, 4.62974465684804 ], [ -74.130151165, 4.629752190848 ], [ -74.130515803, 4.62979858184801 ], [ -74.130526274, 4.62979991384802 ], [ -74.130521234, 4.62983116384803 ], [ -74.130511834999893, 4.629829967848 ], [ -74.130147198, 4.62978357784804 ], [ -74.130087798, 4.62977601984805 ] ] ], [ [ [ -74.129435799, 4.62969306784803 ], [ -74.129439765, 4.62966168084805 ], [ -74.129847301, 4.62971352984804 ], [ -74.129870259, 4.62971645084801 ], [ -74.129868818, 4.629748158848 ], [ -74.129843334, 4.62974491684802 ], [ -74.129435799, 4.62969306784803 ] ] ], [ [ [ -74.129297511999894, 4.62965163584805 ], [ -74.129302271, 4.62953361484806 ], [ -74.129417437, 4.62953932584803 ], [ -74.129410774, 4.62966020184801 ], [ -74.129297511999894, 4.62965163584805 ] ] ], [ [ [ -74.129448206, 4.62954921684802 ], [ -74.129451241, 4.62951772484802 ], [ -74.129860132, 4.62955739284801 ], [ -74.129882731999899, 4.62955905284802 ], [ -74.129876742, 4.62959009284803 ], [ -74.129857098999906, 4.62958888484801 ], [ -74.129448206, 4.62954921684802 ] ] ], [ [ [ -74.130101467, 4.62960391084804 ], [ -74.130103603999899, 4.62957527884803 ], [ -74.130106529, 4.62957549384803 ], [ -74.13053388, 4.62961737184802 ], [ -74.1305399, 4.62961806284804 ], [ -74.130539487, 4.629648258848 ], [ -74.130534832, 4.62964782884801 ], [ -74.130103673, 4.62960404684803 ], [ -74.130101467, 4.62960391084804 ] ] ], [ [ [ -74.130764101, 4.629862061848 ], [ -74.13076591, 4.62983040184801 ], [ -74.130819666, 4.62983724084805 ], [ -74.131046892, 4.62986673984804 ], [ -74.131044035999906, 4.62989624484803 ], [ -74.1308157, 4.62986862684803 ], [ -74.130764101, 4.629862061848 ] ] ], [ [ [ -74.130776423, 4.62967015384803 ], [ -74.130778064, 4.62964541684804 ], [ -74.130835733, 4.62965204084802 ], [ -74.131064024, 4.62967067184801 ], [ -74.131059265, 4.62969732184801 ], [ -74.130823221999904, 4.62967447884805 ], [ -74.130776423, 4.62967015384803 ] ] ] ] } },
{ "type": "Feature", "properties": { "OBJECTID": 95, "NTRCODIGO": 165, "NTRNOMBRE": "PORTAL EL DORADO", "NTRTIPO": 3, "NTRMODO": 2, "NTRMTRANSP": 5, "GLOBALID": "4c86f6bf-1be5-46a4-a98f-9b7da4dcc0ee", "Shape__Area": 8.3077307522216902e-07, "Shape__Length": 0.013243564400280201 }, "geometry": { "type": "MultiPolygon", "coordinates": [ [ [ [ -74.121958763, 4.68262529684633 ], [ -74.120670999, 4.68081357584636 ], [ -74.120840893, 4.68069650584638 ], [ -74.120926552999904, 4.68082214184639 ], [ -74.120943685, 4.68080643684637 ], [ -74.122142934, 4.6824910958463 ], [ -74.121958763, 4.68262529684633 ] ] ], [ [ [ -74.121089308, 4.68061255884637 ], [ -74.121165689, 4.68056087684639 ], [ -74.121251349, 4.68068651284639 ], [ -74.1224356069999, 4.68235289684631 ], [ -74.122369933999906, 4.68239572684629 ], [ -74.121089308, 4.68061255884637 ] ] ], [ [ [ -74.120306466, 4.68080249884635 ], [ -74.12037428, 4.68075395784634 ], [ -74.120463152999903, 4.68088579284639 ], [ -74.121418771, 4.6822304548463 ], [ -74.121353536, 4.68227725384631 ], [ -74.121238758999894, 4.68211743584633 ], [ -74.120306466, 4.68080249884635 ] ] ] ] } },
{ "type": "Feature", "properties": { "OBJECTID": 96, "NTRCODIGO": 164, "NTRNOMBRE": "PORTAL 20 DE JULIO", "NTRTIPO": 3, "NTRMODO": 2, "NTRMTRANSP": 5, "GLOBALID": "eaacab40-5d22-43a4-a789-e5511a9f3c0f", "Shape__Area": 8.3300361950477997e-06, "Shape__Length": 0.0127742962281692 }, "geometry": { "type": "Polygon", "coordinates": [ [ [ -74.095675334, 4.56679421785007 ], [ -74.095628381, 4.56672269085008 ], [ -74.095730203999906, 4.5666323078501 ], [ -74.095730203999906, 4.56661565185009 ], [ -74.095734368, 4.56658650285008 ], [ -74.095743291, 4.56656270885008 ], [ -74.095755783999905, 4.56653712985006 ], [ -74.095771844999902, 4.5665163088501 ], [ -74.095778982999903, 4.56650500685008 ], [ -74.095756378, 4.56647704785006 ], [ -74.095742102, 4.56648835085007 ], [ -74.095708789, 4.56644849485007 ], [ -74.095654656, 4.56638365385008 ], [ -74.095593385, 4.5663081058501 ], [ -74.095525570999897, 4.56627776785007 ], [ -74.095504155, 4.56632000385007 ], [ -74.095413140999895, 4.5663426088501 ], [ -74.095389347, 4.56632119385011 ], [ -74.095366146999893, 4.56640268985012 ], [ -74.095342946999907, 4.5664205358501 ], [ -74.095329013, 4.5664264598501 ], [ -74.095314282999894, 4.5664299638501 ], [ -74.095299173999905, 4.56643095085007 ], [ -74.095284112999906, 4.56642939085008 ], [ -74.095269527, 4.56642532985011 ], [ -74.095255827999907, 4.5664188808501 ], [ -74.095243403, 4.56641022785009 ], [ -74.095232604, 4.56639961585012 ], [ -74.095223736, 4.56638734285007 ], [ -74.095106547999904, 4.5662609568501 ], [ -74.095096482, 4.56624379785012 ], [ -74.095089456, 4.5662251858501 ], [ -74.095085673, 4.56620565585007 ], [ -74.095085239999904, 4.56618576685008 ], [ -74.095088171, 4.56616609085011 ], [ -74.095094381, 4.56614719085008 ], [ -74.095103692, 4.56612961085011 ], [ -74.095135101, 4.56609725085008 ], [ -74.095256454, 4.56598160885012 ], [ -74.095310884, 4.56592985485009 ], [ -74.095318565, 4.56592225085013 ], [ -74.095324852, 4.56591345885011 ], [ -74.095329563, 4.5659037308501 ], [ -74.095332564, 4.56589334785009 ], [ -74.095333768, 4.56588260685011 ], [ -74.09533314, 4.56587181685013 ], [ -74.0953307, 4.56586128785012 ], [ -74.095326515999901, 4.56585132185013 ], [ -74.095320709, 4.56584220585013 ], [ -74.095313446, 4.56583420185013 ], [ -74.095304934999902, 4.56582753885011 ], [ -74.095336166, 4.56579541585013 ], [ -74.095282712, 4.56574051785009 ], [ -74.095283522, 4.56573912685009 ], [ -74.094823795, 4.56523267385014 ], [ -74.094823546, 4.5652321138501 ], [ -74.094821262, 4.56522683185014 ], [ -74.094816551, 4.56521355385011 ], [ -74.094814409, 4.5651995628501 ], [ -74.094814409, 4.56519099685014 ], [ -74.09481598, 4.5651827168501 ], [ -74.094818835, 4.5651725798501 ], [ -74.094832111999906, 4.56515720885015 ], [ -74.094867328, 4.56511437785011 ], [ -74.09504436, 4.56489451585013 ], [ -74.095173803, 4.56473747185014 ], [ -74.095270884999906, 4.56462040185016 ], [ -74.095332750999901, 4.56452522385012 ], [ -74.095413653, 4.56438911885016 ], [ -74.095505976, 4.56423683285016 ], [ -74.095641128999901, 4.56399603185015 ], [ -74.095666826999903, 4.56395891185015 ], [ -74.095721079, 4.56387134785015 ], [ -74.0958391, 4.56365243785021 ], [ -74.095920002, 4.56348206785018 ], [ -74.095979964, 4.56333834885018 ], [ -74.096002074999902, 4.56328593885017 ], [ -74.096003164, 4.56328604385019 ], [ -74.096635929999906, 4.56272421085021 ], [ -74.096695705999906, 4.5627954148502 ], [ -74.096689044, 4.56280398085021 ], [ -74.096728067, 4.56284585985019 ], [ -74.096771848999893, 4.56280873985019 ], [ -74.096882288, 4.56293280485021 ], [ -74.096884278999894, 4.56293593185022 ], [ -74.096931008, 4.56299481385019 ], [ -74.097027878999896, 4.56310379285019 ], [ -74.097192537999902, 4.56329986085021 ], [ -74.097276295, 4.56340074985017 ], [ -74.0973058, 4.5634435798502 ], [ -74.097327371999896, 4.5634761268502 ], [ -74.0973600519999, 4.56352543385018 ], [ -74.097407641, 4.5636082388502 ], [ -74.097497109, 4.56377575285019 ], [ -74.09754565, 4.56388615985016 ], [ -74.097569444, 4.56392423185015 ], [ -74.097585314999904, 4.56394829285019 ], [ -74.097590967, 4.56396055585016 ], [ -74.097634523999901, 4.56402891985017 ], [ -74.097691802, 4.56411338685013 ], [ -74.09774458, 4.56418215885015 ], [ -74.097754921, 4.56419427485014 ], [ -74.09783404, 4.56428686085014 ], [ -74.097998699, 4.56446294185013 ], [ -74.098050095, 4.56451243385014 ], [ -74.098156694999901, 4.56462474485015 ], [ -74.098215706, 4.56468565885017 ], [ -74.098224242999905, 4.56469344685012 ], [ -74.098311829999901, 4.56478877185013 ], [ -74.098406063, 4.56487887085016 ], [ -74.098470784, 4.56495025485013 ], [ -74.098477064999898, 4.56495484885015 ], [ -74.098482600999901, 4.56496031685013 ], [ -74.0984872719999, 4.56496654085014 ], [ -74.098490975999894, 4.56497338385013 ], [ -74.098493633, 4.56498069785014 ], [ -74.098495183999901, 4.56498832285011 ], [ -74.098495597, 4.56499606085013 ], [ -74.098494871, 4.56500377685016 ], [ -74.098493022999904, 4.56501130185016 ], [ -74.098490091, 4.56501847585012 ], [ -74.09848614, 4.56502514185011 ], [ -74.098481254, 4.5650311568501 ], [ -74.098408918, 4.56509207085012 ], [ -74.0980529509999, 4.56541091885012 ], [ -74.098044385, 4.56539949685011 ], [ -74.097584673, 4.56580329185012 ], [ -74.097591811, 4.56581185785014 ], [ -74.097583245, 4.56581685485009 ], [ -74.097563121999897, 4.5657906938501 ], [ -74.097509005999896, 4.56583398685014 ], [ -74.096975055, 4.56629655385012 ], [ -74.096916358, 4.56635183185011 ], [ -74.096828004, 4.56643503885009 ], [ -74.096841567, 4.56645573985008 ], [ -74.096509631999893, 4.56674198885007 ], [ -74.096097034, 4.56710890185004 ], [ -74.096042068, 4.56704751185007 ], [ -74.095949983, 4.56711675385005 ], [ -74.095904297999894, 4.56708463185006 ], [ -74.095859326, 4.56705036685005 ], [ -74.095818637, 4.56701681685004 ], [ -74.095745558, 4.56693238485006 ], [ -74.095746718, 4.56690872985005 ], [ -74.095721139, 4.56687839185006 ], [ -74.095709241, 4.56687839185006 ], [ -74.095666708, 4.5668016538501 ], [ -74.095675334, 4.56679421785007 ] ] ] } },
{ "type": "Feature", "properties": { "OBJECTID": 97, "NTRCODIGO": 72, "NTRNOMBRE": "AV JIMENEZ", "NTRTIPO": 2, "NTRMODO": 2, "NTRMTRANSP": 5, "GLOBALID": "c472a963-768e-4710-ac8e-d5db6f48a92d", "Shape__Area": 6.9582256401190495e-08, "Shape__Length": 0.0040251023526416997 }, "geometry": { "type": "MultiPolygon", "coordinates": [ [ [ [ -74.079523017, 4.6034455868489 ], [ -74.079072364, 4.60306787784889 ], [ -74.07908936, 4.60304464784888 ], [ -74.079397856999904, 4.60329984484888 ], [ -74.079413561, 4.6032791438489 ], [ -74.079104321, 4.60302532084892 ], [ -74.079121643999898, 4.60300565684888 ], [ -74.079578339, 4.60337896184886 ], [ -74.079523017, 4.6034455868489 ] ] ], [ [ [ -74.0789182299999, 4.60284803184891 ], [ -74.078902453, 4.60286583184888 ], [ -74.078616918, 4.60264596984888 ], [ -74.078601927, 4.60266809884889 ], [ -74.078882466, 4.60288867484888 ], [ -74.078863192, 4.60290961384891 ], [ -74.078472485, 4.60260123584892 ], [ -74.078521501, 4.60253675184891 ], [ -74.0789182299999, 4.60284803184891 ] ] ] ] } },
{ "type": "Feature", "properties": { "OBJECTID": 101, "NTRCODIGO": 88, "NTRNOMBRE": "AV. EL DORADO", "NTRTIPO": 2, "NTRMODO": 2, "NTRMTRANSP": 5, "GLOBALID": "9762e506-2806-4e1e-b2f7-0415ab6349c3", "Shape__Area": 2.2501609464598001e-08, "Shape__Length": 0.0010880870730036801 }, "geometry": { "type": "Polygon", "coordinates": [ [ [ -74.079878112, 4.63078943184798 ], [ -74.079833432, 4.63078293384797 ], [ -74.079904762, 4.630289114848 ], [ -74.07994934, 4.63029559584801 ], [ -74.079878112, 4.63078943184798 ] ] ] } },
{ "type": "Feature", "properties": { "OBJECTID": 102, "NTRCODIGO": 134, "NTRNOMBRE": "FERIAS", "NTRTIPO": 2, "NTRMODO": 2, "NTRMTRANSP": 5, "GLOBALID": "a875a6a6-fb51-4ca7-9a8f-ff8738104f6d", "Shape__Area": 2.0015221480207401e-08, "Shape__Length": 0.00106172288696941 }, "geometry": { "type": "Polygon", "coordinates": [ [ [ -74.084758033, 4.69106537784606 ], [ -74.084757348, 4.69106592684605 ], [ -74.084798163, 4.691116945846 ], [ -74.08476961, 4.69114311984603 ], [ -74.084712946, 4.69107219184602 ], [ -74.084631805999905, 4.69097062384603 ], [ -74.084604758, 4.69093676684602 ], [ -74.0846030659999, 4.69093812384606 ], [ -74.084522079, 4.69083643284606 ], [ -74.084524544, 4.69083445784603 ], [ -74.084469793, 4.69076570884605 ], [ -74.084470863, 4.69076485284607 ], [ -74.084471194999907, 4.69076526784605 ], [ -74.084474031, 4.69076299384606 ], [ -74.084473585999902, 4.69076243684604 ], [ -74.084474854999897, 4.69076142084604 ], [ -74.084475298, 4.69076197784606 ], [ -74.084495147, 4.69074606584602 ], [ -74.084494702, 4.69074550784601 ], [ -74.08449604, 4.69074443584604 ], [ -74.084496485, 4.69074499384605 ], [ -74.084499321, 4.69074271984606 ], [ -74.084498988999897, 4.69074230284603 ], [ -74.084500058999893, 4.69074144584605 ], [ -74.084554808, 4.69081019384604 ], [ -74.084557272, 4.69080821784603 ], [ -74.084638258, 4.69090991184604 ], [ -74.084635794999897, 4.69091188584602 ], [ -74.084662788999907, 4.69094578384605 ], [ -74.084665253, 4.69094380784603 ], [ -74.084746239, 4.69104549984601 ], [ -74.084743776, 4.69104747584603 ], [ -74.084758033, 4.69106537784606 ] ] ] } },
{ "type": "Feature", "properties": { "OBJECTID": 104, "NTRCODIGO": 11, "NTRNOMBRE": "MOLINOS", "NTRTIPO": 2, "NTRMODO": 2, "NTRMTRANSP": 5, "GLOBALID": "053eda0a-841c-4954-b4d3-b37ff520a247", "Shape__Area": 3.7237924743749298e-08, "Shape__Length": 0.0020815967903946701 }, "geometry": { "type": "MultiPolygon", "coordinates": [ [ [ [ -74.121593425, 4.55659984885042 ], [ -74.121629138999893, 4.5565847158504 ], [ -74.121833656, 4.55701849485037 ], [ -74.121800210999893, 4.5570384438504 ], [ -74.121593425, 4.55659984885042 ] ] ], [ [ [ -74.121833931, 4.55710996285042 ], [ -74.121868413, 4.5570922148504 ], [ -74.122073832999902, 4.5575285728504 ], [ -74.122038736, 4.55754403985037 ], [ -74.121833931, 4.55710996285042 ] ] ] ] } },
{ "type": "Feature", "properties": { "OBJECTID": 105, "NTRCODIGO": 28, "NTRNOMBRE": "MADELENA", "NTRTIPO": 2, "NTRMODO": 2, "NTRMTRANSP": 5, "GLOBALID": "ace9475e-8339-4079-8548-5571b0c6df7b", "Shape__Area": 2.6910612405117701e-08, "Shape__Length": 0.0014317023107647501 }, "geometry": { "type": "MultiPolygon", "coordinates": [ [ [ [ -74.1565493639999, 4.59627389284911 ], [ -74.156894813999898, 4.59623897984913 ], [ -74.156897183999902, 4.59628096984913 ], [ -74.156556502999905, 4.59631243984915 ], [ -74.1565493639999, 4.59627389284911 ] ] ], [ [ [ -74.157138274, 4.59621437484911 ], [ -74.157423013, 4.59618559784911 ], [ -74.157428330999906, 4.59623190684913 ], [ -74.157145487, 4.59625803384913 ], [ -74.157138274, 4.59621437484911 ] ] ] ] } },
{ "type": "Feature", "properties": { "OBJECTID": 106, "NTRCODIGO": 58, "NTRNOMBRE": "SAN FACON CARRERA 22", "NTRTIPO": 2, "NTRMODO": 2, "NTRMTRANSP": 5, "GLOBALID": "0a2a386e-20e7-43ee-b135-6cec88b4fe12", "Shape__Area": 3.8578519934162601e-08, "Shape__Length": 0.0021516899632819898 }, "geometry": { "type": "MultiPolygon", "coordinates": [ [ [ [ -74.086746806, 4.60973010084866 ], [ -74.0867725049999, 4.60970059584867 ], [ -74.087156074, 4.61002515384865 ], [ -74.087128472, 4.61005180384864 ], [ -74.086746806, 4.60973010084866 ] ] ], [ [ [ -74.086179519, 4.60924860084869 ], [ -74.086204430999899, 4.60921885284872 ], [ -74.086584404, 4.6095397278487 ], [ -74.086560205, 4.60956962784867 ], [ -74.086179519, 4.60924860084869 ] ] ] ] } },
{ "type": "Feature", "properties": { "OBJECTID": 107, "NTRCODIGO": 123, "NTRNOMBRE": "CALLE 72", "NTRTIPO": 2, "NTRMODO": 2, "NTRMTRANSP": 5, "GLOBALID": "5a28d704-5fc5-4b71-9849-02cb513a0416", "Shape__Area": 5.1947608881164302e-08, "Shape__Length": 0.0027685153979850898 }, "geometry": { "type": "MultiPolygon", "coordinates": [ [ [ [ -74.062183914999906, 4.65773573684712 ], [ -74.06218369, 4.6577356958471 ], [ -74.062171849, 4.6577978578471 ], [ -74.062133302, 4.65779071884711 ], [ -74.062148793999896, 4.6577065468471 ], [ -74.06214806, 4.6577064128471 ], [ -74.062171373999902, 4.6575783628471 ], [ -74.062174474, 4.65757893184711 ], [ -74.062182245, 4.65753624784712 ], [ -74.062179145, 4.6575356798471 ], [ -74.062202457, 4.6574076298471 ], [ -74.062205559999896, 4.65740819984709 ], [ -74.062221318999903, 4.65732163284712 ], [ -74.062222667, 4.65732187984712 ], [ -74.062222571999897, 4.65732240484714 ], [ -74.062226142, 4.65732305984715 ], [ -74.062226269999897, 4.65732235584715 ], [ -74.062227865, 4.65732264884712 ], [ -74.062227736999901, 4.65732335284712 ], [ -74.06225273, 4.65732793184713 ], [ -74.062252858, 4.65732722884711 ], [ -74.062254541, 4.65732753784714 ], [ -74.062254412999906, 4.65732824184715 ], [ -74.062257984, 4.6573288958471 ], [ -74.062258079999907, 4.65732837184713 ], [ -74.062259427999905, 4.65732861784715 ], [ -74.062243668, 4.65741518484712 ], [ -74.062246769, 4.65741575284714 ], [ -74.062223457, 4.65754380284714 ], [ -74.062220354, 4.65754323284714 ], [ -74.062212584999898, 4.65758591784712 ], [ -74.062215685999902, 4.6575864848471 ], [ -74.062192373, 4.65771453284712 ], [ -74.062189271, 4.65771396584714 ], [ -74.062185166999896, 4.65773650784709 ], [ -74.06218382, 4.6577362598471 ], [ -74.062183914999906, 4.65773573684712 ] ] ], [ [ [ -74.062073552, 4.65837640484711 ], [ -74.062071758999906, 4.65837608184712 ], [ -74.062055493999907, 4.6584567308471 ], [ -74.06201766, 4.65845030584707 ], [ -74.062031319, 4.65836880784707 ], [ -74.062029213, 4.65836842884711 ], [ -74.062052106, 4.65824030384711 ], [ -74.062055207999904, 4.65824086284711 ], [ -74.0620628409999, 4.65819815284711 ], [ -74.062059734999906, 4.6581975948471 ], [ -74.062082628, 4.65806946984709 ], [ -74.062085732999904, 4.6580700288471 ], [ -74.062093578, 4.65802611784712 ], [ -74.062094926, 4.6580263618471 ], [ -74.062094831, 4.65802688584713 ], [ -74.062098404, 4.6580275288471 ], [ -74.062098530999904, 4.65802682584708 ], [ -74.062100127, 4.65802711184712 ], [ -74.0621, 4.65802781484708 ], [ -74.062125008, 4.65803231384708 ], [ -74.062125134, 4.65803160984708 ], [ -74.062126819, 4.65803191484709 ], [ -74.062126693, 4.65803261684712 ], [ -74.062130265999897, 4.65803325884709 ], [ -74.062130361, 4.65803273484712 ], [ -74.062131709, 4.65803297784711 ], [ -74.062123862, 4.65807688684711 ], [ -74.062126967, 4.65807744484711 ], [ -74.062104075, 4.65820557084711 ], [ -74.06210097, 4.6582050118471 ], [ -74.062093339999905, 4.65824772084712 ], [ -74.062096444, 4.65824827784708 ], [ -74.062073552, 4.65837640484711 ] ] ], [ [ [ -74.061974021, 4.65896432284706 ], [ -74.061973635999905, 4.65896426284706 ], [ -74.061964717, 4.65902613584705 ], [ -74.061925456, 4.6590201868471 ], [ -74.061937905, 4.65895331684708 ], [ -74.061950455, 4.65887214184709 ], [ -74.06194734, 4.6588716578471 ], [ -74.061967228, 4.6587430268471 ], [ -74.061970345, 4.65874351384707 ], [ -74.061976973, 4.65870063584709 ], [ -74.062015254, 4.65870659584709 ], [ -74.062008626, 4.6587494718471 ], [ -74.062011740999907, 4.6587499558471 ], [ -74.061991854, 4.65887858484705 ], [ -74.061988737, 4.65887810084706 ], [ -74.0619752919999, 4.6589650598471 ], [ -74.061973939, 4.6589648498471 ], [ -74.061974021, 4.65896432284706 ] ] ] ] } },
{ "type": "Feature", "properties": { "OBJECTID": 108, "NTRCODIGO": 132, "NTRNOMBRE": "CALLE 85", "NTRTIPO": 2, "NTRMODO": 2, "NTRMTRANSP": 5, "GLOBALID": "d2c0d9d5-c9a5-45cf-a610-0d11214d3c9b", "Shape__Area": 7.8039846584942994e-08, "Shape__Length": 0.00437949744984971 }, "geometry": { "type": "MultiPolygon", "coordinates": [ [ [ [ -74.05964858, 4.67212219784666 ], [ -74.059769046, 4.67138902984668 ], [ -74.059811257, 4.67139689984667 ], [ -74.059690458, 4.67212790884664 ], [ -74.05964858, 4.67212219784666 ] ] ], [ [ [ -74.059785517, 4.67128878684666 ], [ -74.059855830999894, 4.67086084584668 ], [ -74.059898661, 4.67086798384668 ], [ -74.05982805, 4.67129528084665 ], [ -74.059785517, 4.67128878684666 ] ] ], [ [ [ -74.059481303, 4.67329860384659 ], [ -74.059551735, 4.67287220384662 ], [ -74.059585762, 4.67287719984665 ], [ -74.059515151, 4.67330449684662 ], [ -74.059481303, 4.67329860384659 ] ] ], [ [ [ -74.059350314, 4.67392214084659 ], [ -74.059420556, 4.67349587084661 ], [ -74.059451203, 4.67349954884659 ], [ -74.059378868, 4.67392499684657 ], [ -74.059350314, 4.67392214084659 ] ] ] ] } },
{ "type": "Feature", "properties": { "OBJECTID": 109, "NTRCODIGO": 92, "NTRNOMBRE": "CAMPIN", "NTRTIPO": 2, "NTRMODO": 2, "NTRMTRANSP": 5, "GLOBALID": "85fc13a2-b926-4eee-9358-a843417c9a28", "Shape__Area": 3.82877090032707e-08, "Shape__Length": 0.00202779783047139 }, "geometry": { "type": "MultiPolygon", "coordinates": [ [ [ [ -74.078705519, 4.64523598984754 ], [ -74.078736241999906, 4.64473600784754 ], [ -74.078781179, 4.64473914084755 ], [ -74.078744066999903, 4.64523789384752 ], [ -74.078705519, 4.64523598984754 ] ] ], [ [ [ -74.078644128999898, 4.6458979558475 ], [ -74.078675061999903, 4.64546917684752 ], [ -74.078714561, 4.64546965284748 ], [ -74.078685056, 4.64590128784752 ], [ -74.078644128999898, 4.6458979558475 ] ] ] ] } },
{ "type": "Feature", "properties": { "OBJECTID": 110, "NTRCODIGO": 120, "NTRNOMBRE": "CARRERA 47", "NTRTIPO": 2, "NTRMODO": 2, "NTRMTRANSP": 5, "GLOBALID": "caddae8b-b4d0-427d-9637-de11ff4fe83f", "Shape__Area": 1.7893427184390001e-08, "Shape__Length": 0.0010377173499016301 }, "geometry": { "type": "Polygon", "coordinates": [ [ [ -74.073825402999901, 4.67808684684644 ], [ -74.0738240969999, 4.67808889984644 ], [ -74.073824697, 4.67808928284649 ], [ -74.073823822999898, 4.67809065484647 ], [ -74.073823223, 4.67809026984644 ], [ -74.073809548, 4.67811175484644 ], [ -74.073810148999897, 4.67811213784648 ], [ -74.073809228, 4.67811358684645 ], [ -74.073808627999895, 4.67811320184643 ], [ -74.073806672, 4.67811627284646 ], [ -74.073807121, 4.67811655884645 ], [ -74.07380681, 4.67811704784645 ], [ -74.073613413, 4.67799406684645 ], [ -74.073586620999905, 4.67797702984643 ], [ -74.073477039999901, 4.67790734784648 ], [ -74.073409942999902, 4.67786468084648 ], [ -74.073400804999906, 4.67785886984643 ], [ -74.073423589, 4.67782697084647 ], [ -74.073825402999901, 4.67808684684644 ] ] ] } },
{ "type": "Feature", "properties": { "OBJECTID": 111, "NTRCODIGO": 62, "NTRNOMBRE": "CARRERA 43", "NTRTIPO": 2, "NTRMODO": 2, "NTRMTRANSP": 5, "GLOBALID": "58900bc7-ee94-4026-9325-504237cf4e6a", "Shape__Area": 2.69044733158808e-08, "Shape__Length": 0.0015418989132636601 }, "geometry": { "type": "MultiPolygon", "coordinates": [ [ [ [ -74.101088043999894, 4.62248815584825 ], [ -74.101115525, 4.62246067484829 ], [ -74.10137353, 4.62269260384827 ], [ -74.101346367, 4.62272037084828 ], [ -74.101088043999894, 4.62248815584825 ] ] ], [ [ [ -74.101527114, 4.62288284884827 ], [ -74.101554595, 4.62285536884824 ], [ -74.10181141, 4.62308622784822 ], [ -74.101785107999902, 4.62311476784824 ], [ -74.101527114, 4.62288284884827 ] ] ] ] } },
{ "type": "Feature", "properties": { "OBJECTID": 113, "NTRCODIGO": 22, "NTRNOMBRE": "AVENIDA 1 DE MAYO", "NTRTIPO": 2, "NTRMODO": 2, "NTRMTRANSP": 5, "GLOBALID": "f1e4f8bc-89e3-457f-be2e-31aba06ae14f", "Shape__Area": 8.3614935419973296e-08, "Shape__Length": 0.0031302374782485598 }, "geometry": { "type": "MultiPolygon", "coordinates": [ [ [ [ -74.094029356, 4.57645178184977 ], [ -74.094333430999896, 4.57604286784979 ], [ -74.094382126, 4.57607733484976 ], [ -74.094078324, 4.57648739584977 ], [ -74.094029356, 4.57645178184977 ] ] ], [ [ [ -74.093511820999893, 4.57714930584971 ], [ -74.093777113, 4.57679370684973 ], [ -74.09382383, 4.57683090284973 ], [ -74.093562292999906, 4.57718391584971 ], [ -74.093511820999893, 4.57714930584971 ] ] ], [ [ [ -74.093114313999905, 4.57768571884972 ], [ -74.093370052999902, 4.57733933184975 ], [ -74.093420839, 4.57737484584974 ], [ -74.093161307999907, 4.57772260084973 ], [ -74.093114313999905, 4.57768571884972 ] ] ] ] } },
{ "type": "Feature", "properties": { "OBJECTID": 114, "NTRCODIGO": 78, "NTRNOMBRE": "SAN DIEGO", "NTRTIPO": 2, "NTRMODO": 2, "NTRMTRANSP": 5, "GLOBALID": "8366f281-b001-405e-8748-8003a138f8d7", "Shape__Area": 6.52371738851798e-08, "Shape__Length": 0.0034776530623295801 }, "geometry": { "type": "MultiPolygon", "coordinates": [ [ [ [ -74.071199677, 4.61141293284863 ], [ -74.071363859, 4.61110360284864 ], [ -74.071484854999895, 4.61088278884866 ], [ -74.071517216, 4.61089992184863 ], [ -74.071398955999896, 4.61112442384861 ], [ -74.071231799, 4.61143315884863 ], [ -74.071071543, 4.61171869384861 ], [ -74.071037992, 4.61169870684864 ], [ -74.071199677, 4.61141293284863 ] ] ], [ [ [ -74.071721016, 4.61044782384867 ], [ -74.071928763999907, 4.61006076784866 ], [ -74.071967564, 4.61008195784864 ], [ -74.071754329, 4.61046495584865 ], [ -74.071617605, 4.61071967684861 ], [ -74.071582507999906, 4.61070123684866 ], [ -74.071721016, 4.61044782384867 ] ] ] ] } },
{ "type": "Feature", "properties": { "OBJECTID": 115, "NTRCODIGO": 76, "NTRNOMBRE": "LAS NIEVES", "NTRTIPO": 2, "NTRMODO": 2, "NTRMTRANSP": 5, "GLOBALID": "b47d6465-9851-40cd-802f-70656508be11", "Shape__Area": 3.9854882061263197e-08, "Shape__Length": 0.00212205949438634 }, "geometry": { "type": "MultiPolygon", "coordinates": [ [ [ [ -74.074029094, 4.60651719184881 ], [ -74.074284774, 4.60608632584877 ], [ -74.074321202, 4.60610835184878 ], [ -74.074062644, 4.60653717984876 ], [ -74.074029094, 4.60651719184881 ] ] ], [ [ [ -74.074406527999898, 4.6058857428488 ], [ -74.074654773, 4.60547677284879 ], [ -74.074689145, 4.60549631984881 ], [ -74.074442268, 4.60590697184883 ], [ -74.074406527999898, 4.6058857428488 ] ] ] ] } },
{ "type": "Feature", "properties": { "OBJECTID": 116, "NTRCODIGO": 24, "NTRNOMBRE": "CIUDAD JARDÍN", "NTRTIPO": 2, "NTRMODO": 2, "NTRMTRANSP": 5, "GLOBALID": "f6ef5791-a13b-408b-8153-62c08a63c83c", "Shape__Area": 3.4468826015654499e-08, "Shape__Length": 0.0017877730300456299 }, "geometry": { "type": "MultiPolygon", "coordinates": [ [ [ [ -74.090084546, 4.58185733084958 ], [ -74.090341039999899, 4.5815039028496 ], [ -74.090376627, 4.58153079084958 ], [ -74.090115479, 4.5818806498496 ], [ -74.090084546, 4.58185733084958 ] ] ], [ [ [ -74.090485018, 4.58130986684963 ], [ -74.090706419, 4.58101149184964 ], [ -74.090741597, 4.58103694184959 ], [ -74.090520464999898, 4.58133616084957 ], [ -74.090485018, 4.58130986684963 ] ] ] ] } },
{ "type": "Feature", "properties": { "OBJECTID": 117, "NTRCODIGO": 44, "NTRNOMBRE": "MODELIA", "NTRTIPO": 2, "NTRMODO": 2, "NTRMTRANSP": 5, "GLOBALID": "4eb1f1be-5696-4aa7-a686-8b8e98ca9c63", "Shape__Area": 6.2447043092106495e-08, "Shape__Length": 0.0031075946467130698 }, "geometry": { "type": "MultiPolygon", "coordinates": [ [ [ [ -74.1171929449999, 4.67500756984655 ], [ -74.117165105, 4.67502541584654 ], [ -74.117040897, 4.67483053784655 ], [ -74.117028875, 4.67483946884658 ], [ -74.117028677999897, 4.67483916284657 ], [ -74.116983430999895, 4.67486817284656 ], [ -74.116983585, 4.67486841284658 ], [ -74.116968799999896, 4.67487550984656 ], [ -74.117098004, 4.67507038784655 ], [ -74.117086778, 4.67507765184653 ], [ -74.117083470999901, 4.67507979084653 ], [ -74.117070060999893, 4.67508846784658 ], [ -74.116997324, 4.67498236684655 ], [ -74.116849351, 4.67474678084658 ], [ -74.116863926999898, 4.67473740684658 ], [ -74.116959723, 4.67467563584659 ], [ -74.116959806, 4.67467576484659 ], [ -74.116970941, 4.67466849684654 ], [ -74.1171929449999, 4.67500756984655 ] ] ], [ [ [ -74.117448499, 4.67547013684654 ], [ -74.117296449, 4.67523400484655 ], [ -74.11732584, 4.67521461384652 ], [ -74.117477053, 4.67545514584653 ], [ -74.1175084609999, 4.67550487684652 ], [ -74.117482762999899, 4.67552129484655 ], [ -74.117448499, 4.67547013684654 ] ] ], [ [ [ -74.11738848, 4.67558343084655 ], [ -74.11719937, 4.67529096384655 ], [ -74.117225068, 4.67527597284656 ], [ -74.117414235, 4.67556936084652 ], [ -74.11738848, 4.67558343084655 ] ] ], [ [ [ -74.117165105, 4.67502541584654 ], [ -74.117154509, 4.67503262984654 ], [ -74.117154238, 4.67503220784656 ], [ -74.117165105, 4.67502541584654 ] ] ] ] } },
{ "type": "Feature", "properties": { "OBJECTID": 118, "NTRCODIGO": 43, "NTRNOMBRE": "NORMANDIA", "NTRTIPO": 2, "NTRMODO": 2, "NTRMTRANSP": 5, "GLOBALID": "7e0ef92d-9515-407b-9f91-5224dd143b3d", "Shape__Area": 6.3855623011477305e-08, "Shape__Length": 0.0034008120566951399 }, "geometry": { "type": "MultiPolygon", "coordinates": [ [ [ [ -74.113434825999903, 4.66941572684674 ], [ -74.113422929, 4.66939647584672 ], [ -74.113420248, 4.66939814384676 ], [ -74.113352032, 4.66928776784675 ], [ -74.1133547109999, 4.66928610084676 ], [ -74.113331767, 4.66924897584675 ], [ -74.113329087, 4.66925064384674 ], [ -74.11326087, 4.66914026884672 ], [ -74.1132635499999, 4.66913860084674 ], [ -74.113225894, 4.66907767284676 ], [ -74.113247768, 4.66906160884674 ], [ -74.113415789, 4.66932815284673 ], [ -74.113482413, 4.66928056384677 ], [ -74.113315987, 4.66901970084673 ], [ -74.113339041, 4.66900551384674 ], [ -74.113378220999905, 4.66906486384676 ], [ -74.113380849, 4.66906311684676 ], [ -74.113452326999905, 4.66917139484672 ], [ -74.113449698999901, 4.66917314284672 ], [ -74.11347374, 4.66920956084676 ], [ -74.113476369, 4.66920781384675 ], [ -74.113547847, 4.66931609184672 ], [ -74.113545218, 4.66931783884673 ], [ -74.113557685, 4.66933672384675 ], [ -74.113560279, 4.66933493484674 ], [ -74.113598362999895, 4.66939263084674 ], [ -74.113468086999902, 4.66947560384676 ], [ -74.113432116, 4.66941741384675 ], [ -74.113434825999903, 4.66941572684674 ] ] ], [ [ [ -74.112986890999906, 4.66852805984674 ], [ -74.113014254999896, 4.6685096188468 ], [ -74.113091939999904, 4.66862540084675 ], [ -74.113164336, 4.66873506984674 ], [ -74.113208180999905, 4.66880169784675 ], [ -74.113181412, 4.66882013784676 ], [ -74.112986890999906, 4.66852805984674 ] ] ], [ [ [ -74.112914316999905, 4.66857624384678 ], [ -74.112936922, 4.66855839784679 ], [ -74.113119378, 4.66885387384674 ], [ -74.113120228, 4.66885785784673 ], [ -74.11310101, 4.66887307184676 ], [ -74.1130974659999, 4.66886733784674 ], [ -74.113056856, 4.66880423684678 ], [ -74.112987763, 4.66869244484675 ], [ -74.112914316999905, 4.66857624384678 ] ] ] ] } },
{ "type": "Feature", "properties": { "OBJECTID": 119, "NTRCODIGO": 104, "NTRNOMBRE": "EL TIEMPO - MALOKA", "NTRTIPO": 2, "NTRMODO": 2, "NTRMTRANSP": 5, "GLOBALID": "0e7323e4-e3db-4735-a1a3-fb4313f9196b", "Shape__Area": 5.45832108400646e-08, "Shape__Length": 0.0029537368704738898 }, "geometry": { "type": "MultiPolygon", "coordinates": [ [ [ [ -74.105476688, 4.65695314584712 ], [ -74.105385165, 4.65681018484713 ], [ -74.105419603, 4.65678741184712 ], [ -74.105496109999905, 4.65673681884716 ], [ -74.105687417999903, 4.65703282384715 ], [ -74.105658542999905, 4.65704811984716 ], [ -74.105657913, 4.65704710084714 ], [ -74.10553656, 4.65686245484716 ], [ -74.105478026, 4.65690052584717 ], [ -74.10554991, 4.65701095084716 ], [ -74.105597949999904, 4.65708850284715 ], [ -74.105572728, 4.65710563484714 ], [ -74.105500163, 4.65698958384713 ], [ -74.105476688, 4.65695314584712 ] ] ], [ [ [ -74.105785716999904, 4.65725384284712 ], [ -74.105814309, 4.65723697384714 ], [ -74.1058378, 4.65727362484716 ], [ -74.106005314, 4.65753251084713 ], [ -74.105986749, 4.6575415278471 ], [ -74.105988109999899, 4.6575436398471 ], [ -74.105978266, 4.65755002484711 ], [ -74.105852077, 4.65736118984715 ], [ -74.105785716999904, 4.65725384284712 ] ] ], [ [ [ -74.105890148, 4.6576029428471 ], [ -74.105704733, 4.65730968384713 ], [ -74.105730667, 4.65729412284712 ], [ -74.105767467, 4.65735116884712 ], [ -74.105768498, 4.65735023884712 ], [ -74.105921092, 4.6575870918471 ], [ -74.105898364, 4.65760183384712 ], [ -74.105896168999905, 4.65759842684711 ], [ -74.105890148, 4.6576029428471 ] ] ] ] } },
{ "type": "Feature", "properties": { "OBJECTID": 120, "NTRCODIGO": 103, "NTRNOMBRE": "SALITRE - EL GRECO", "NTRTIPO": 2, "NTRMODO": 2, "NTRMTRANSP": 5, "GLOBALID": "859656ff-9c46-488b-aecf-95f41ca5d811", "Shape__Area": 4.8089901838466202e-08, "Shape__Length": 0.0030481150539700898 }, "geometry": { "type": "MultiPolygon", "coordinates": [ [ [ [ -74.101442442, 4.65063352484734 ], [ -74.101409879, 4.65057928084734 ], [ -74.101437838, 4.65056381484736 ], [ -74.101424545, 4.65054520484737 ], [ -74.101466391, 4.65051919984738 ], [ -74.101478883, 4.65053704584737 ], [ -74.101502678, 4.65052038984735 ], [ -74.101619867, 4.65070896184736 ], [ -74.101688998, 4.65081516484733 ], [ -74.101657938, 4.65083269384732 ], [ -74.101620921999896, 4.65076734884733 ], [ -74.101511006, 4.65059474784736 ], [ -74.101471745, 4.65061794784735 ], [ -74.101579815, 4.65079484084734 ], [ -74.101619539999902, 4.65085966984733 ], [ -74.101592685999904, 4.65087390984732 ], [ -74.101528766999905, 4.65077198084734 ], [ -74.101442442, 4.65063352484734 ] ] ], [ [ [ -74.101720399, 4.65107956284734 ], [ -74.101747762999906, 4.65106290684732 ], [ -74.101930981, 4.65136271884735 ], [ -74.101906234, 4.65137992284731 ], [ -74.101864642, 4.65131731084734 ], [ -74.101796542, 4.65120745884731 ], [ -74.101720399, 4.65107956284734 ] ] ], [ [ [ -74.101788213, 4.65103970684734 ], [ -74.101816172, 4.6510224558473 ], [ -74.101955723999893, 4.65125639684733 ], [ -74.101994691999906, 4.65132076284734 ], [ -74.101972172, 4.65133582384733 ], [ -74.101788213, 4.65103970684734 ] ] ] ] } },
{ "type": "Feature", "properties": { "OBJECTID": 123, "NTRCODIGO": 45, "NTRNOMBRE": "NQS CALLE 30 SUR", "NTRTIPO": 2, "NTRMODO": 2, "NTRMTRANSP": 5, "GLOBALID": "6dc47d7c-9b70-4423-8ded-bfaf283eba1c", "Shape__Area": 2.71162150511373e-08, "Shape__Length": 0.00142742437369924 }, "geometry": { "type": "MultiPolygon", "coordinates": [ [ [ [ -74.117624443999901, 4.59483303384915 ], [ -74.117961035999897, 4.59476026784918 ], [ -74.117969141999893, 4.59480241884919 ], [ -74.117631106, 4.59487395984914 ], [ -74.117624443999901, 4.59483303384915 ] ] ], [ [ [ -74.118197475, 4.59470915284917 ], [ -74.118473482, 4.59464948484917 ], [ -74.118483447, 4.59469357384919 ], [ -74.11820798, 4.59475187284918 ], [ -74.118197475, 4.59470915284917 ] ] ] ] } },
{ "type": "Feature", "properties": { "OBJECTID": 125, "NTRCODIGO": 166, "NTRNOMBRE": "TERREROS HOSPITAL C.V.", "NTRTIPO": 2, "NTRMODO": 2, "NTRMTRANSP": 5, "GLOBALID": "aa95bd9b-88d6-4cba-9d0b-a9b8b3675a24", "Shape__Area": 2.3562961359857601e-08, "Shape__Length": 0.0013955659706357899 }, "geometry": { "type": "MultiPolygon", "coordinates": [ [ [ [ -74.198985230999895, 4.58924465384932 ], [ -74.199293392999905, 4.58909203584937 ], [ -74.199314784, 4.58912757284934 ], [ -74.19900068, 4.58927909384936 ], [ -74.198985230999895, 4.58924465384932 ] ] ], [ [ [ -74.198758614, 4.58935856784931 ], [ -74.198762337999895, 4.58935671184933 ], [ -74.198776433, 4.58938682684934 ], [ -74.198532539, 4.58951591284936 ], [ -74.198515883, 4.58948141084936 ], [ -74.198758614, 4.58935856784931 ] ] ] ] } },
{ "type": "Feature", "properties": { "OBJECTID": 126, "NTRCODIGO": 167, "NTRNOMBRE": "C.C. SANTAFE", "NTRTIPO": 2, "NTRMODO": 2, "NTRMTRANSP": 5, "GLOBALID": "38b2ebd1-0fc3-45f8-b6a9-acd9763436b3", "Shape__Area": 4.58910278666735e-08, "Shape__Length": 0.0026228033766643398 }, "geometry": { "type": "Polygon", "coordinates": [ [ [ -74.044380552, 4.76345532784365 ], [ -74.044373498, 4.76350569184365 ], [ -74.044277654, 4.76349031484369 ], [ -74.04428682, 4.76343855584367 ], [ -74.04430823, 4.76344265584368 ], [ -74.044318223999895, 4.76337769584365 ], [ -74.044312566, 4.76337707884369 ], [ -74.04430734, 4.76340956584369 ], [ -74.044277601, 4.76340326484365 ], [ -74.044282194999894, 4.76337376584366 ], [ -74.044344017999904, 4.76297674084369 ], [ -74.044344286, 4.76297678484368 ], [ -74.044344737, 4.76297405084372 ], [ -74.044376044, 4.76297757384369 ], [ -74.044361054, 4.7630695558437 ], [ -74.044355514, 4.7630999468437 ], [ -74.044320038, 4.76332887584368 ], [ -74.044562188, 4.76337141584367 ], [ -74.044562275, 4.76337093884366 ], [ -74.04457235, 4.76337341284369 ], [ -74.044628803, 4.7630182188437 ], [ -74.04465902, 4.76302195284366 ], [ -74.044587716, 4.7634518508437 ], [ -74.044587496, 4.76345177784367 ], [ -74.044587103, 4.76345431484368 ], [ -74.044557598, 4.7634486038437 ], [ -74.044564502999904, 4.76341529584369 ], [ -74.044366050999898, 4.76338269284367 ], [ -74.044362868, 4.76341372984366 ], [ -74.044359228, 4.76344922084366 ], [ -74.044381160999905, 4.76345098384366 ], [ -74.044380552, 4.76345532784365 ] ] ] } },
{ "type": "Feature", "properties": { "OBJECTID": 127, "NTRCODIGO": 168, "NTRNOMBRE": "LA DESPENSA", "NTRTIPO": 2, "NTRMODO": 2, "NTRMTRANSP": 5, "GLOBALID": "6293b210-a053-457c-a36e-d30608136d2e", "Shape__Area": 2.20756533053645e-08, "Shape__Length": 0.00136145346698143 }, "geometry": { "type": "MultiPolygon", "coordinates": [ [ [ [ -74.188102843, 4.59461382584918 ], [ -74.188119695, 4.5946450318492 ], [ -74.187819788999903, 4.59479498484914 ], [ -74.187803488, 4.59476284084915 ], [ -74.187804486999894, 4.59476247784919 ], [ -74.188102843, 4.59461382584918 ] ] ], [ [ [ -74.188513771, 4.59440609684918 ], [ -74.188566526, 4.59438019684915 ], [ -74.188581337, 4.59440433384917 ], [ -74.188585975, 4.59441189184917 ], [ -74.188374203, 4.59451777784919 ], [ -74.188340056999905, 4.59453485084918 ], [ -74.188323855, 4.59450210184916 ], [ -74.188513771, 4.59440609684918 ] ] ] ] } },
{ "type": "Feature", "properties": { "OBJECTID": 129, "NTRCODIGO": 170, "NTRNOMBRE": "LEON XIII", "NTRTIPO": 2, "NTRMODO": 2, "NTRMTRANSP": 5, "GLOBALID": "5989ee76-aca5-4663-b84a-6c2113fc91d0", "Shape__Area": 2.2322950599118498e-08, "Shape__Length": 0.0013882712621123101 }, "geometry": { "type": "MultiPolygon", "coordinates": [ [ [ [ -74.193489192, 4.59200812484926 ], [ -74.193563694, 4.59197055684923 ], [ -74.193574267, 4.59199124284926 ], [ -74.193579691, 4.59200185484924 ], [ -74.193338871, 4.59211398784925 ], [ -74.193267509, 4.59214721684924 ], [ -74.19326582, 4.59214405084925 ], [ -74.193252753, 4.59211821084927 ], [ -74.193489192, 4.59200812484926 ] ] ], [ [ [ -74.192784533999898, 4.59234770984927 ], [ -74.193031998, 4.59222159784924 ], [ -74.193049844, 4.59225966884924 ], [ -74.192803548, 4.59238044484925 ], [ -74.192784533999898, 4.59234770984927 ] ] ] ] } },
{ "type": "Feature", "properties": { "OBJECTID": 130, "NTRCODIGO": 171, "NTRNOMBRE": "SAN MATEO", "NTRTIPO": 2, "NTRMODO": 2, "NTRMTRANSP": 5, "GLOBALID": "d7faa679-61fc-45d4-856d-2a5d60faedf5", "Shape__Area": 3.55072415914037e-08, "Shape__Length": 0.0020158458890448699 }, "geometry": { "type": "MultiPolygon", "coordinates": [ [ [ [ -74.205904823, 4.58573697184947 ], [ -74.206358647999906, 4.58552691284943 ], [ -74.206376474, 4.58556600484945 ], [ -74.205917671999899, 4.58577266384946 ], [ -74.205904823, 4.58573697184947 ] ] ], [ [ [ -74.205296633, 4.58604249484948 ], [ -74.205680678, 4.58585261384944 ], [ -74.205697809999904, 4.58588116684943 ], [ -74.205312337, 4.58607675884944 ], [ -74.205296633, 4.58604249484948 ] ] ] ] } },
{ "type": "Feature", "properties": { "OBJECTID": 131, "NTRCODIGO": 115, "NTRNOMBRE": "COLISEO", "NTRTIPO": 2, "NTRMODO": 2, "NTRMTRANSP": 5, "GLOBALID": "986f94c1-3a6a-46b5-83cf-9a391714eb2e", "Shape__Area": 3.4764951806209898e-08, "Shape__Length": 0.0019609213180400301 }, "geometry": { "type": "MultiPolygon", "coordinates": [ [ [ [ -74.0783104449999, 4.65044711984732 ], [ -74.078343704, 4.64997752984738 ], [ -74.078382087, 4.64998044484736 ], [ -74.078349547, 4.65045185584738 ], [ -74.0783104449999, 4.65044711984732 ] ] ], [ [ [ -74.078361608, 4.6497372958474 ], [ -74.078396177999906, 4.6493071788474 ], [ -74.078433369, 4.64930990884741 ], [ -74.078400154999898, 4.64974086484739 ], [ -74.078361608, 4.6497372958474 ] ] ] ] } },
{ "type": "Feature", "properties": { "OBJECTID": 132, "NTRCODIGO": 121, "NTRNOMBRE": "ESCUELA MILITAR", "NTRTIPO": 2, "NTRMODO": 2, "NTRMTRANSP": 5, "GLOBALID": "bf7f4238-5104-4764-9f57-4a423cd75772", "Shape__Area": 3.7526234564211303e-08, "Shape__Length": 0.0019906943695806199 }, "geometry": { "type": "MultiPolygon", "coordinates": [ [ [ [ -74.069334421999898, 4.67522366284655 ], [ -74.069335143, 4.67522249284653 ], [ -74.069411399, 4.67526608284655 ], [ -74.069521741, 4.67533454084654 ], [ -74.069581843, 4.67537205184655 ], [ -74.069673452, 4.67542975384655 ], [ -74.069726395, 4.67546425584654 ], [ -74.069742457, 4.67547377384656 ], [ -74.069722231, 4.67551065584652 ], [ -74.069313559, 4.67525545884652 ], [ -74.069334873999907, 4.67522394284655 ], [ -74.069334421999898, 4.67522366284655 ] ] ], [ [ [ -74.069948322999906, 4.67560794584655 ], [ -74.069949043999898, 4.67560677584654 ], [ -74.070127334999896, 4.67572123784654 ], [ -74.070315311999906, 4.67584021084651 ], [ -74.070292707, 4.67587352384653 ], [ -74.06992746, 4.67563974184653 ], [ -74.069948774999901, 4.67560822584655 ], [ -74.069948322999906, 4.67560794584655 ] ] ] ] } },
{ "type": "Feature", "properties": { "OBJECTID": 133, "NTRCODIGO": 91, "NTRNOMBRE": "UNIVERSIDAD NACIONAL", "NTRTIPO": 2, "NTRMODO": 2, "NTRMTRANSP": 5, "GLOBALID": "d498c3dc-f480-4384-9e90-99bfdcb8ba0f", "Shape__Area": 5.0359233227936797e-08, "Shape__Length": 0.0027903492037736001 }, "geometry": { "type": "MultiPolygon", "coordinates": [ [ [ [ -74.079343095999903, 4.63658867184783 ], [ -74.079379264, 4.6360880328478 ], [ -74.079418553, 4.63608882284779 ], [ -74.079385631, 4.63659093784779 ], [ -74.079343095999903, 4.63658867184783 ] ] ], [ [ [ -74.079305593999905, 4.63725747684778 ], [ -74.079333578, 4.63682852184778 ], [ -74.079373077, 4.63682976484782 ], [ -74.079344224, 4.63725826584779 ], [ -74.079305593999905, 4.63725747684778 ] ] ], [ [ [ -74.079266952999902, 4.63784978584778 ], [ -74.079289318999898, 4.63750694284778 ], [ -74.079327368, 4.63750858284778 ], [ -74.079304072999903, 4.63785454484775 ], [ -74.079266952999902, 4.63784978584778 ] ] ] ] } },
{ "type": "Feature", "properties": { "OBJECTID": 134, "NTRCODIGO": 153, "NTRNOMBRE": "LA CAMPIÑA", "NTRTIPO": 2, "NTRMODO": 2, "NTRMTRANSP": 5, "GLOBALID": "0db988f1-6713-4c86-a09d-5fa30d0dce72", "Shape__Area": 2.4542998744436799e-08, "Shape__Length": 0.0014079294621782499 }, "geometry": { "type": "MultiPolygon", "coordinates": [ [ [ [ -74.090820156999897, 4.74235658784438 ], [ -74.090847283, 4.74232660684437 ], [ -74.091108843, 4.74254891784438 ], [ -74.0910835399999, 4.74257835284436 ], [ -74.090820156999897, 4.74235658784438 ] ] ], [ [ [ -74.091478518, 4.74292573484432 ], [ -74.091265284, 4.74274112384438 ], [ -74.091291602, 4.74271256584433 ], [ -74.091503877, 4.74289634384433 ], [ -74.091479455999902, 4.74292473284435 ], [ -74.091478563, 4.74292577284432 ], [ -74.091478518, 4.74292573484432 ] ] ], [ [ [ -74.091478921, 4.74292526184432 ], [ -74.091478922, 4.74292522184434 ], [ -74.091478761, 4.74292544884434 ], [ -74.091478921, 4.74292526184432 ] ] ] ] } },
{ "type": "Feature", "properties": { "OBJECTID": 135, "NTRCODIGO": 113, "NTRNOMBRE": "AVENIDA CALI", "NTRTIPO": 2, "NTRMODO": 2, "NTRMTRANSP": 5, "GLOBALID": "14235b1a-7593-421d-b10c-dfe0bca1a66b", "Shape__Area": 2.0428473135325499e-08, "Shape__Length": 0.00105592546105373 }, "geometry": { "type": "Polygon", "coordinates": [ [ [ -74.100348762, 4.70250568084566 ], [ -74.100346773999902, 4.70250813584567 ], [ -74.100414837999907, 4.70256363784568 ], [ -74.100413972999903, 4.70256470484565 ], [ -74.100413559999893, 4.70256436784563 ], [ -74.100411269999896, 4.70256719384565 ], [ -74.100411823999906, 4.70256764584564 ], [ -74.1004108, 4.70256890784565 ], [ -74.100410248999907, 4.70256845784564 ], [ -74.100394223, 4.70258823784564 ], [ -74.100394776, 4.70258868984564 ], [ -74.100393696, 4.70259002284564 ], [ -74.100393143, 4.70258957284567 ], [ -74.100390853, 4.70259239784564 ], [ -74.100391266, 4.70259273484566 ], [ -74.100390402999906, 4.70259380084565 ], [ -74.100322338999902, 4.70253829884564 ], [ -74.100320349999905, 4.70254075384565 ], [ -74.100219669999902, 4.70245865384567 ], [ -74.100221099, 4.70245689084566 ], [ -74.100187161, 4.70242999084565 ], [ -74.1000928079999, 4.70235520584566 ], [ -74.100014696999907, 4.70229329384569 ], [ -74.100042061, 4.70226117084565 ], [ -74.100094063, 4.70230220384565 ], [ -74.100099445999902, 4.70230645184569 ], [ -74.100112017, 4.70231637084567 ], [ -74.100112795, 4.70231541184569 ], [ -74.100213929999896, 4.70239694884566 ], [ -74.100247641, 4.70242412684564 ], [ -74.100345763, 4.70250323584565 ], [ -74.100348762, 4.70250568084566 ] ] ] } },
{ "type": "Feature", "properties": { "OBJECTID": 136, "NTRCODIGO": 48, "NTRNOMBRE": "NARIÑO", "NTRTIPO": 2, "NTRMODO": 2, "NTRMTRANSP": 5, "GLOBALID": "65c5188b-e15f-4bc9-a031-d7fc165d263f", "Shape__Area": 2.5543130277583299e-08, "Shape__Length": 0.0014130310216699099 }, "geometry": { "type": "MultiPolygon", "coordinates": [ [ [ [ -74.093956948, 4.58621605284944 ], [ -74.094011077999895, 4.58616299584944 ], [ -74.094008875, 4.58616073284944 ], [ -74.094101671, 4.58606977584944 ], [ -74.094103871999906, 4.58607203984943 ], [ -74.094188935, 4.58598866284942 ], [ -74.094216001, 4.58601646884947 ], [ -74.094130940999904, 4.58609984384944 ], [ -74.094133142, 4.58610210784943 ], [ -74.094040348, 4.58619306384944 ], [ -74.094038144, 4.58619080084943 ], [ -74.093984013, 4.58624385984942 ], [ -74.0939766, 4.58625200484946 ], [ -74.093952207, 4.58622126284942 ], [ -74.093956948, 4.58621605284944 ] ] ], [ [ [ -74.093608840999906, 4.58662501184945 ], [ -74.093656232999905, 4.58656581684945 ], [ -74.093653775, 4.58656383584942 ], [ -74.093735019, 4.58646235984942 ], [ -74.093737476999905, 4.58646434084945 ], [ -74.093784867999901, 4.58640514884942 ], [ -74.093785979, 4.58640392784943 ], [ -74.093814747, 4.58642988984942 ], [ -74.093767673999906, 4.58648868584943 ], [ -74.093770131, 4.58649066784945 ], [ -74.093688888, 4.58659214384945 ], [ -74.093686431, 4.58659016284942 ], [ -74.093639039, 4.58664935684944 ], [ -74.093608840999906, 4.58662501184945 ] ] ] ] } },
{ "type": "Feature", "properties": { "OBJECTID": 137, "NTRCODIGO": 73, "NTRNOMBRE": "SAN VICTORINO", "NTRTIPO": 2, "NTRMODO": 2, "NTRMTRANSP": 5, "GLOBALID": "2e9fc1f6-59e6-40b6-a531-08958ffba107", "Shape__Area": 5.8459050933379298e-08, "Shape__Length": 0.0029952071283090901 }, "geometry": { "type": "MultiPolygon", "coordinates": [ [ [ [ -74.076954998, 4.60168561684894 ], [ -74.077234583999896, 4.60127278084894 ], [ -74.077271466, 4.60129598084892 ], [ -74.076987120999902, 4.60170643784896 ], [ -74.076954998, 4.60168561684894 ] ] ], [ [ [ -74.077714479999898, 4.60048772484898 ], [ -74.07794985, 4.60012124084901 ], [ -74.077987922, 4.600148842849 ], [ -74.077752311, 4.60051225784897 ], [ -74.077714479999898, 4.60048772484898 ] ] ], [ [ [ -74.077354151999899, 4.60106219884899 ], [ -74.077588171999906, 4.60069516684895 ], [ -74.077623388, 4.60071515384898 ], [ -74.077390438999899, 4.60108420884894 ], [ -74.077354151999899, 4.60106219884899 ] ] ] ] } },
{ "type": "Feature", "properties": { "OBJECTID": 138, "NTRCODIGO": 106, "NTRNOMBRE": "CAN", "NTRTIPO": 2, "NTRMODO": 2, "NTRMTRANSP": 5, "GLOBALID": "cc9d1b9d-2a66-426c-85ef-32b7cacda105", "Shape__Area": 4.7265160674214699e-08, "Shape__Length": 0.0029476647811990399 }, "geometry": { "type": "MultiPolygon", "coordinates": [ [ [ [ -74.098847569, 4.64666061984746 ], [ -74.098824338, 4.64662402384749 ], [ -74.098806584, 4.6465960618475 ], [ -74.098901245, 4.64653652584747 ], [ -74.098918560999905, 4.64656380784749 ], [ -74.099010641, 4.6467123618475 ], [ -74.0990841939999, 4.64682544384747 ], [ -74.099062183999905, 4.64684388384744 ], [ -74.099027021, 4.64679110484745 ], [ -74.098938881, 4.64665533684745 ], [ -74.098920725, 4.64662521184748 ], [ -74.09888075, 4.64665090984749 ], [ -74.098901548999905, 4.64667919684745 ], [ -74.099019354, 4.64687065284749 ], [ -74.098993618, 4.64688652884744 ], [ -74.098969266, 4.64684888084746 ], [ -74.098917997999905, 4.64677156984748 ], [ -74.098847569, 4.64666061984746 ] ] ], [ [ [ -74.0991253669999, 4.64709235484745 ], [ -74.099148345999893, 4.64707726084746 ], [ -74.0993385579999, 4.64737283884747 ], [ -74.099311907999905, 4.64739044684743 ], [ -74.099198706, 4.64721377784745 ], [ -74.0991253669999, 4.64709235484745 ] ] ], [ [ [ -74.099191434, 4.64704895884749 ], [ -74.099218178999905, 4.64703139084746 ], [ -74.099219585, 4.64703352684749 ], [ -74.099405183, 4.64732667684743 ], [ -74.099381389, 4.64734190584747 ], [ -74.099191434, 4.64704895884749 ] ] ] ] } },
{ "type": "Feature", "properties": { "OBJECTID": 139, "NTRCODIGO": 64, "NTRNOMBRE": "GOBERNACIÓN", "NTRTIPO": 2, "NTRMODO": 2, "NTRMTRANSP": 5, "GLOBALID": "4d7f3ac4-8fc8-45b2-9b57-a326bc346739", "Shape__Area": 5.8352355836177601e-08, "Shape__Length": 0.0030540164829546599 }, "geometry": { "type": "MultiPolygon", "coordinates": [ [ [ [ -74.096409179, 4.6427800188476 ], [ -74.096318660999898, 4.64263828784761 ], [ -74.096252003, 4.64252710984762 ], [ -74.096353202, 4.64246364584764 ], [ -74.096424854, 4.64257000784763 ], [ -74.09651538, 4.64271175184758 ], [ -74.096591233, 4.64282509384759 ], [ -74.096564583, 4.64284222584758 ], [ -74.096515984, 4.64276452884759 ], [ -74.096439899, 4.64265472384762 ], [ -74.096385647, 4.64268993984759 ], [ -74.096459433, 4.64280087184762 ], [ -74.0965074759999, 4.6428745868476 ], [ -74.096483680999896, 4.64289552584763 ], [ -74.096409179, 4.6427800188476 ] ] ], [ [ [ -74.096616379999901, 4.64310178084759 ], [ -74.096636869, 4.64308878584756 ], [ -74.096673424, 4.64314344484756 ], [ -74.096825076999906, 4.64338090484761 ], [ -74.096802291, 4.64339555684761 ], [ -74.096759176, 4.6433339108476 ], [ -74.096616379999901, 4.64310178084759 ] ] ], [ [ [ -74.096700106, 4.64304867484759 ], [ -74.096720623, 4.6430356608476 ], [ -74.096756843, 4.64308982784758 ], [ -74.096908498999895, 4.64332728584758 ], [ -74.096885712999907, 4.64334193784758 ], [ -74.096700106, 4.64304867484759 ] ] ] ] } },
{ "type": "Feature", "properties": { "OBJECTID": 140, "NTRCODIGO": 65, "NTRNOMBRE": "QUINTA PAREDES", "NTRTIPO": 2, "NTRMODO": 2, "NTRMTRANSP": 5, "GLOBALID": "1d8caf2e-db9d-48e8-b76b-fa34d3f49b4f", "Shape__Area": 4.8142396735784099e-08, "Shape__Length": 0.0029377139151041298 }, "geometry": { "type": "MultiPolygon", "coordinates": [ [ [ [ -74.092947781, 4.6373708668478 ], [ -74.092859416, 4.63723220984777 ], [ -74.092919157, 4.6371951128478 ], [ -74.092953694999906, 4.63717366584776 ], [ -74.093041577999898, 4.63730998684777 ], [ -74.093065064, 4.63734641884777 ], [ -74.093140875, 4.63746513984779 ], [ -74.093112023999893, 4.6374812008478 ], [ -74.093060084999905, 4.63740329084778 ], [ -74.092973619, 4.6372640548478 ], [ -74.092935548, 4.63729165684779 ], [ -74.093023070999905, 4.63742731784778 ], [ -74.093073061, 4.63750648284776 ], [ -74.093046887, 4.63752432884776 ], [ -74.092971268, 4.6374072988478 ], [ -74.092947781, 4.6373708668478 ] ] ], [ [ [ -74.093180315, 4.63773098484779 ], [ -74.093207084, 4.63771385284776 ], [ -74.093394823, 4.63800652684778 ], [ -74.093369125, 4.63802330184773 ], [ -74.093326269, 4.63795796384778 ], [ -74.093180315, 4.63773098484779 ] ] ], [ [ [ -74.093249562, 4.63768589684776 ], [ -74.093273471, 4.63767137984775 ], [ -74.093348861, 4.63778663584776 ], [ -74.093459426, 4.63796405284778 ], [ -74.093435155, 4.63797940084777 ], [ -74.093282761, 4.63773992384779 ], [ -74.093249562, 4.63768589684776 ] ] ] ] } },
{ "type": "Feature", "properties": { "OBJECTID": 143, "NTRCODIGO": 151, "NTRNOMBRE": "PORTAL DE SUBA", "NTRTIPO": 3, "NTRMODO": 2, "NTRMTRANSP": 5, "GLOBALID": "f71ac606-368d-42b9-8567-05cb9cce3e11", "Shape__Area": 8.1048439142250606e-06, "Shape__Length": 0.0150076212580129 }, "geometry": { "type": "Polygon", "coordinates": [ [ [ -74.094177443, 4.74917530684413 ], [ -74.094104379, 4.74913610084413 ], [ -74.093325819, 4.74878394084416 ], [ -74.093287061, 4.74876257484416 ], [ -74.09325208, 4.74873546484414 ], [ -74.093221717999896, 4.74870326484418 ], [ -74.093196707999894, 4.74866675184418 ], [ -74.093177654, 4.74862680684416 ], [ -74.093165015, 4.74858439284416 ], [ -74.093159095, 4.74854053384414 ], [ -74.093160038999898, 4.74849628684414 ], [ -74.093167823, 4.74845271984416 ], [ -74.093188762, 4.74839751584418 ], [ -74.093413383, 4.74776933884419 ], [ -74.093514271999894, 4.74744763584421 ], [ -74.093516878999907, 4.74742554684418 ], [ -74.093515741, 4.74740333384422 ], [ -74.093510889999905, 4.74738162684418 ], [ -74.093502462999894, 4.74736104284422 ], [ -74.093490701, 4.74734216484417 ], [ -74.093475935999905, 4.74732552984422 ], [ -74.093458588, 4.74731160984421 ], [ -74.093439148999906, 4.74730079984421 ], [ -74.093418172, 4.74729340584419 ], [ -74.093396250999902, 4.74728963884418 ], [ -74.092964141, 4.74712973984421 ], [ -74.092303602999905, 4.74688608284421 ], [ -74.091485067999898, 4.7465834148442 ], [ -74.091443945, 4.74656988784424 ], [ -74.091405516999899, 4.74654995084419 ], [ -74.091370777, 4.74652412084423 ], [ -74.09134062, 4.7464930608442 ], [ -74.091315825, 4.7464575748442 ], [ -74.09129703, 4.74641857584424 ], [ -74.09128472, 4.74637707184421 ], [ -74.091279213999897, 4.74633413284425 ], [ -74.091280653, 4.74629086584422 ], [ -74.091289, 4.74624838684422 ], [ -74.091511717999893, 4.74568302684425 ], [ -74.091511139, 4.74568282584427 ], [ -74.091512550999894, 4.74568183784426 ], [ -74.091528464, 4.74564708684427 ], [ -74.091550119, 4.74561559284424 ], [ -74.091576871, 4.74558829484427 ], [ -74.091607922, 4.74556600784423 ], [ -74.091642344, 4.74554939684426 ], [ -74.091679111, 4.74553895684428 ], [ -74.091717127, 4.74553499884424 ], [ -74.0917552559999, 4.74553764184425 ], [ -74.09287741, 4.74594167484424 ], [ -74.092924523, 4.74595309584425 ], [ -74.092950221, 4.74595595084424 ], [ -74.092985913, 4.74594881284424 ], [ -74.093021604999905, 4.74593596384427 ], [ -74.093088705999904, 4.74590883784425 ], [ -74.093115832, 4.74589170584426 ], [ -74.093100127, 4.74588599484423 ], [ -74.093114403999905, 4.74584601984424 ], [ -74.09316009, 4.74585458584427 ], [ -74.093198636999901, 4.74576035984428 ], [ -74.093034454, 4.74570753584426 ], [ -74.093030171, 4.74569468684423 ], [ -74.093028742999905, 4.74567898184428 ], [ -74.093033025999901, 4.74566898784424 ], [ -74.093078712, 4.74560331484425 ], [ -74.093468468, 4.74507364684425 ], [ -74.093584109999895, 4.7450693638443 ], [ -74.093574116, 4.74498227584426 ], [ -74.09368833, 4.74496514384428 ], [ -74.093682618999907, 4.74500511884427 ], [ -74.093689758, 4.74505365984428 ], [ -74.093698323999902, 4.74506365384426 ], [ -74.093801116, 4.74505223184426 ], [ -74.094459275, 4.74555049084429 ], [ -74.094533515, 4.74584744784427 ], [ -74.094626312999907, 4.74582888784426 ], [ -74.094704835999906, 4.74614440484425 ], [ -74.094736245, 4.74613726584425 ], [ -74.094879012, 4.74676116084422 ], [ -74.094854741999896, 4.74676544384423 ], [ -74.094861879999897, 4.74679399784421 ], [ -74.094918516, 4.74679640784419 ], [ -74.094974485, 4.74680540584419 ], [ -74.095029022999896, 4.74682087084424 ], [ -74.095081384, 4.74684259084424 ], [ -74.095130855, 4.74687026984421 ], [ -74.09517676, 4.74690352984422 ], [ -74.095218473, 4.74694191584419 ], [ -74.095255424, 4.74698490584419 ], [ -74.095287108, 4.74703191184423 ], [ -74.095313094999895, 4.74708229184424 ], [ -74.095333028, 4.74713535984423 ], [ -74.095346636, 4.74719038984423 ], [ -74.095353732, 4.74724663184419 ], [ -74.095354221, 4.74730331684421 ], [ -74.095348095, 4.74735967284421 ], [ -74.095335438999896, 4.7474149288442 ], [ -74.095316424, 4.74746833284418 ], [ -74.095291309999894, 4.74751915384418 ], [ -74.095260439999905, 4.74756669884421 ], [ -74.095224236, 4.74761031984418 ], [ -74.095183192, 4.74764941984421 ], [ -74.095137866999906, 4.74768346584421 ], [ -74.095088881, 4.74771199384418 ], [ -74.09510173, 4.74774911284419 ], [ -74.095110296, 4.74776338984419 ], [ -74.094986088, 4.74779622684417 ], [ -74.094998937, 4.74795041584417 ], [ -74.094998937, 4.74806177384419 ], [ -74.094990370999895, 4.74809746584417 ], [ -74.094894717, 4.74828591984418 ], [ -74.094780503, 4.74848293884416 ], [ -74.094716257, 4.74849150484417 ], [ -74.094703408, 4.74845724084415 ], [ -74.094634879999902, 4.74847437284414 ], [ -74.094707690999897, 4.74861856784415 ], [ -74.094599188, 4.74868566884416 ], [ -74.094522093, 4.74860286384413 ], [ -74.094498654999896, 4.74869185584416 ], [ -74.094298781, 4.74920819884416 ], [ -74.094195274, 4.74915466084413 ], [ -74.094177443, 4.74917530684413 ] ] ] } },
{ "type": "Feature", "properties": { "OBJECTID": 144, "NTRCODIGO": 74, "NTRNOMBRE": "MUSEO DEL ORO", "NTRTIPO": 2, "NTRMODO": 2, "NTRMTRANSP": 5, "GLOBALID": "91f4c5a2-0c9c-4b33-8678-5171a305ee86", "Shape__Area": 2.0786302457054298e-08, "Shape__Length": 0.00109148124852837 }, "geometry": { "type": "Polygon", "coordinates": [ [ [ -74.073190795, 4.60130109784892 ], [ -74.07316938, 4.60133559984893 ], [ -74.072739764999895, 4.60107027284898 ], [ -74.072762492, 4.60103519284894 ], [ -74.073190795, 4.60130109784892 ] ] ] } },
{ "type": "Feature", "properties": { "OBJECTID": 146, "NTRCODIGO": 1908, "NTRNOMBRE": "CORABASTOS CENTRAL DE ABASTOS", "NTRTIPO": 1, "NTRMODO": 2, "NTRMTRANSP": 11, "GLOBALID": "de8e444e-2d02-457c-a7b3-5a58cc82766d", "Shape__Area": 3.4389165705306402e-05, "Shape__Length": 0.0267984686781743 }, "geometry": { "type": "Polygon", "coordinates": [ [ [ -74.157370847, 4.62883980584804 ], [ -74.157371799, 4.62879983084804 ], [ -74.157358474, 4.62879983084804 ], [ -74.157271861, 4.62876556684809 ], [ -74.157225223999902, 4.62873796484803 ], [ -74.157227126999899, 4.62871892884807 ], [ -74.157225603, 4.62868844784806 ], [ -74.157241474, 4.62867194784805 ], [ -74.157865144, 4.62798625484809 ], [ -74.158069941, 4.6277626408481 ], [ -74.158082782, 4.62775524784807 ], [ -74.158141792, 4.62774477784806 ], [ -74.15817796, 4.62773335684811 ], [ -74.158219839, 4.62770956184811 ], [ -74.158203946999905, 4.62768572384811 ], [ -74.158202707, 4.6276838638481 ], [ -74.15818022, 4.6276496848481 ], [ -74.158222978, 4.62761099884811 ], [ -74.158265629, 4.62765553084812 ], [ -74.15828456, 4.62767529784809 ], [ -74.158350476, 4.6276164128481 ], [ -74.1594129, 4.62770718284808 ], [ -74.160785452, 4.62783195984808 ], [ -74.16096764, 4.62797177884809 ], [ -74.161077333, 4.6279608088481 ], [ -74.161251538, 4.62826043384806 ], [ -74.161299204, 4.62834241584808 ], [ -74.161334613, 4.62840331784806 ], [ -74.161372291, 4.62846812284809 ], [ -74.161429944, 4.62856728284806 ], [ -74.16143535, 4.62857658084807 ], [ -74.161528717, 4.62875414484808 ], [ -74.161537283, 4.62878555384806 ], [ -74.161664083999895, 4.62896999084808 ], [ -74.161706406, 4.62904278384804 ], [ -74.161732281999903, 4.62908728884804 ], [ -74.161733996, 4.62908647184804 ], [ -74.161756165, 4.62912447584807 ], [ -74.161754598999906, 4.62912550684803 ], [ -74.161783962, 4.62917424184803 ], [ -74.161839712, 4.62926717884806 ], [ -74.161895461, 4.62936011584803 ], [ -74.161898835, 4.62935789484804 ], [ -74.161910218999907, 4.62937600484803 ], [ -74.161909207999898, 4.62937663384803 ], [ -74.161949033, 4.62944749784804 ], [ -74.161986645999903, 4.62951442584806 ], [ -74.161990735, 4.62951225184803 ], [ -74.162015805, 4.62955592284804 ], [ -74.162013236, 4.62955731484804 ], [ -74.162072537, 4.62965864984805 ], [ -74.162099906, 4.62970541984803 ], [ -74.162114502999898, 4.62973036384805 ], [ -74.162168379, 4.629734748848 ], [ -74.162222254, 4.62973913284802 ], [ -74.162295896, 4.62976019284802 ], [ -74.16231649, 4.62977243184801 ], [ -74.162323694999898, 4.62975994384803 ], [ -74.162364146, 4.62978492784803 ], [ -74.162410544999901, 4.62981467084805 ], [ -74.162446237, 4.62984798384801 ], [ -74.162472411, 4.629880105848 ], [ -74.162478756, 4.62989025784801 ], [ -74.162514051999906, 4.62994673084805 ], [ -74.1625147029999, 4.629947567848 ], [ -74.162539035999899, 4.62997885384802 ], [ -74.162596143, 4.630070462848 ], [ -74.16259538, 4.63007809984802 ], [ -74.162639898999899, 4.63012519084802 ], [ -74.162675320999895, 4.63016677384799 ], [ -74.162674933999895, 4.630167106848 ], [ -74.162745161, 4.630249575848 ], [ -74.162815388, 4.63033204384802 ], [ -74.162818203, 4.630329620848 ], [ -74.162939975, 4.63047021284798 ], [ -74.163448340999906, 4.63105977584797 ], [ -74.163446801, 4.631061508848 ], [ -74.163685508, 4.63134475984797 ], [ -74.163047765, 4.63188944184796 ], [ -74.162277414999906, 4.63254974284791 ], [ -74.161391065, 4.63330819584789 ], [ -74.160689514, 4.63388799084789 ], [ -74.160687934999899, 4.63388699984792 ], [ -74.160689667, 4.63387371584789 ], [ -74.160692218, 4.63385416284786 ], [ -74.16050662, 4.63381418784788 ], [ -74.160494082999904, 4.6338283598479 ], [ -74.160473783, 4.63385130784788 ], [ -74.160465259, 4.63384521884787 ], [ -74.160204904, 4.63377421284788 ], [ -74.159364954, 4.6335862358479 ], [ -74.158975891999901, 4.63348545484788 ], [ -74.158974723, 4.63350533384792 ], [ -74.158408411, 4.63336018684791 ], [ -74.1583956919999, 4.63334181484791 ], [ -74.158343281, 4.63332983584789 ], [ -74.157815925, 4.63322693684794 ], [ -74.157782612999895, 4.63320314284793 ], [ -74.157763577, 4.63315555284792 ], [ -74.157727428, 4.63299394584793 ], [ -74.157711229, 4.6330008878479 ], [ -74.157420934999905, 4.63312224084789 ], [ -74.156153867999905, 4.6328182378479 ], [ -74.15615316, 4.63282528184793 ], [ -74.15559057, 4.63268765784795 ], [ -74.155581254, 4.63268644284795 ], [ -74.155545562, 4.63267835184791 ], [ -74.155497021, 4.63265931684793 ], [ -74.1554698959999, 4.6326402808479 ], [ -74.155441818, 4.63260411284795 ], [ -74.155429921, 4.63257222884795 ], [ -74.155425162, 4.63254224684795 ], [ -74.155425637999898, 4.63252083184796 ], [ -74.155439262999906, 4.63251555784791 ], [ -74.155454190999905, 4.63251274184796 ], [ -74.155435155, 4.63239805184794 ], [ -74.155403949999894, 4.63239667984795 ], [ -74.155391849, 4.63239614784795 ], [ -74.155392325, 4.63238139584792 ], [ -74.155395406, 4.63236791784794 ], [ -74.155394907, 4.63236623884792 ], [ -74.155414215999897, 4.63232761984796 ], [ -74.155459902, 4.63230334884793 ], [ -74.155546989999905, 4.63229478284791 ], [ -74.155629795, 4.63229621084794 ], [ -74.155775418, 4.63231048784793 ], [ -74.155782557, 4.63227194084795 ], [ -74.1561923, 4.63230620484792 ], [ -74.156195155, 4.63229906584793 ], [ -74.156215142999898, 4.63230049384794 ], [ -74.156229418999899, 4.63220769484793 ], [ -74.155906764999898, 4.63217771384792 ], [ -74.155447053, 4.63210347484797 ], [ -74.155455619, 4.63207349284797 ], [ -74.155372814, 4.63206349984798 ], [ -74.155303355999905, 4.63205805184795 ], [ -74.155302497, 4.63205516184793 ], [ -74.155298574, 4.63205445784793 ], [ -74.155275732, 4.63203732584795 ], [ -74.155246226, 4.63195166484793 ], [ -74.155191973999905, 4.63174417584795 ], [ -74.155186264, 4.63170515284796 ], [ -74.155192926, 4.63166041884798 ], [ -74.155206995999905, 4.63163968384797 ], [ -74.15520707, 4.63163406684797 ], [ -74.155210058, 4.63162900984796 ], [ -74.155228141999899, 4.63161758884795 ], [ -74.155262407, 4.63160045684796 ], [ -74.155382330999899, 4.63161568484796 ], [ -74.155449908, 4.63162139584798 ], [ -74.155755675, 4.63164323584797 ], [ -74.155846088, 4.63165708784797 ], [ -74.155874642, 4.63148576684799 ], [ -74.155209709, 4.63143285384794 ], [ -74.155212944, 4.63118612584798 ], [ -74.155224376, 4.63113640084798 ], [ -74.15523086, 4.63111118784797 ], [ -74.155237781, 4.63108608984799 ], [ -74.155245139, 4.63106111884797 ], [ -74.155252929, 4.63103628084797 ], [ -74.155261150999905, 4.63101158184798 ], [ -74.1552698, 4.630987031848 ], [ -74.155278876, 4.63096263584799 ], [ -74.155288374999898, 4.63093840284801 ], [ -74.155298293, 4.63091434084798 ], [ -74.155304177999895, 4.63090089084801 ], [ -74.155308358, 4.63089187584796 ], [ -74.155312693, 4.63088293584797 ], [ -74.155317183, 4.63087407284797 ], [ -74.155321827, 4.63086529084796 ], [ -74.155326623, 4.630856589848 ], [ -74.155331568999898, 4.63084797484799 ], [ -74.155336663999904, 4.63083944884801 ], [ -74.155341907, 4.63083101184799 ], [ -74.155347296999906, 4.630822668848 ], [ -74.15535283, 4.63081442084797 ], [ -74.155358505, 4.63080627184798 ], [ -74.155364322, 4.630798222848 ], [ -74.155370278, 4.63079027684802 ], [ -74.155376371, 4.630782435848 ], [ -74.155382599, 4.63077470384798 ], [ -74.155388961, 4.63076708184798 ], [ -74.155395455, 4.63075957184799 ], [ -74.155402078, 4.63075217784797 ], [ -74.156186013, 4.62989214684799 ], [ -74.156232513, 4.62992103284804 ], [ -74.156230609, 4.629890575848 ], [ -74.156235368, 4.62985155284801 ], [ -74.156224333, 4.62984824184802 ], [ -74.156216332, 4.62984584184804 ], [ -74.156240127, 4.62978873484801 ], [ -74.156252739, 4.62977948584806 ], [ -74.156254404, 4.629778264848 ], [ -74.156254509999897, 4.62977519984801 ], [ -74.156255356, 4.629750663848 ], [ -74.156268425999897, 4.62974151484801 ], [ -74.156272661999907, 4.629731259848 ], [ -74.156836375, 4.62911056184805 ], [ -74.157106716, 4.62881289084806 ], [ -74.157139563, 4.62881410784803 ], [ -74.15719096, 4.62875509684808 ], [ -74.157205236, 4.62876937384807 ], [ -74.157206293999906, 4.62877004084806 ], [ -74.157212036, 4.62879013884805 ], [ -74.157231071, 4.62882725784807 ], [ -74.157235829999905, 4.62884629384804 ], [ -74.157247251999905, 4.62886152284807 ], [ -74.157258672999902, 4.62887103984804 ], [ -74.157370032, 4.62887960584806 ], [ -74.157368593999905, 4.62883935484803 ], [ -74.157370847, 4.62883980584804 ] ] ] } },
{ "type": "Feature", "properties": { "OBJECTID": 147, "NTRCODIGO": 1903, "NTRNOMBRE": "CODABAS CENTRAL DE ABASTOS DEL NORTE", "NTRTIPO": 1, "NTRMODO": 2, "NTRMTRANSP": 11, "GLOBALID": "038add11-c01e-4904-b8e5-92f7893acdb3", "Shape__Area": 3.11403050545778e-06, "Shape__Length": 0.0075127673124428702 }, "geometry": { "type": "Polygon", "coordinates": [ [ [ -74.025877282, 4.75750797484389 ], [ -74.025489429999894, 4.75756032284389 ], [ -74.02495762, 4.7562563778439 ], [ -74.027146725, 4.75630277784394 ], [ -74.02769638, 4.75755080484387 ], [ -74.027684483, 4.75759482484389 ], [ -74.02765355, 4.75761386084385 ], [ -74.025967701999903, 4.75786965284386 ], [ -74.025877282, 4.75750797484389 ] ] ] } },
{ "type": "Feature", "properties": { "OBJECTID": 148, "NTRCODIGO": 1111, "NTRNOMBRE": "TERMINAL DE TRANSPORTES DE BOGOTA", "NTRTIPO": 1, "NTRMODO": 2, "NTRMTRANSP": 10, "GLOBALID": "d95dc1f5-a997-4dc2-8716-c4cdeca7d34e", "Shape__Area": 9.7386269715116197e-06, "Shape__Length": 0.016565136859894702 }, "geometry": { "type": "Polygon", "coordinates": [ [ [ -74.11419209, 4.65150651884734 ], [ -74.114221406, 4.65147632784733 ], [ -74.114215696, 4.6514572918473 ], [ -74.114434551, 4.65119073684732 ], [ -74.114437377999906, 4.65119295384734 ], [ -74.114449834, 4.6511774668473 ], [ -74.114469622999906, 4.65119005984731 ], [ -74.114507869, 4.65118620984733 ], [ -74.114523667999904, 4.65116810184732 ], [ -74.114542425, 4.65118367384732 ], [ -74.114555482999904, 4.65116604584735 ], [ -74.114598676999904, 4.65120133084732 ], [ -74.114623058999896, 4.65122124984733 ], [ -74.114684924999906, 4.65114986584731 ], [ -74.114697448999905, 4.65113800684733 ], [ -74.114707773, 4.65112419084735 ], [ -74.114715598, 4.65110882084732 ], [ -74.114720695999907, 4.65109234284735 ], [ -74.114722916999895, 4.65107523984735 ], [ -74.114722198, 4.65105800684736 ], [ -74.114718559, 4.65104114784733 ], [ -74.114712106999903, 4.65102515284732 ], [ -74.114703028, 4.65101048784734 ], [ -74.114691588, 4.65099757984731 ], [ -74.114643998, 4.65095379784733 ], [ -74.114465063, 4.65077105584735 ], [ -74.114445259, 4.65078920884733 ], [ -74.114432291, 4.65077582384735 ], [ -74.114406663, 4.65075020184734 ], [ -74.114516739, 4.65063553984735 ], [ -74.11787292, 4.65406466984721 ], [ -74.11787277, 4.65406485184722 ], [ -74.117749815, 4.6542027608472 ], [ -74.117743920999899, 4.6542081468472 ], [ -74.117694785, 4.65414648584724 ], [ -74.117683244, 4.65413200484725 ], [ -74.117670862999901, 4.65412202384724 ], [ -74.117652399, 4.65411087684724 ], [ -74.11763243, 4.65410272784724 ], [ -74.117611438, 4.65409777684724 ], [ -74.117589932, 4.65409614084721 ], [ -74.117568433, 4.65409786184726 ], [ -74.117547461999905, 4.65410289684721 ], [ -74.117527525, 4.65411112484722 ], [ -74.117509105, 4.65412234584725 ], [ -74.11749265, 4.65413628784726 ], [ -74.116744546999897, 4.65503857884722 ], [ -74.11638701, 4.6554440468472 ], [ -74.115795825, 4.65616360884715 ], [ -74.115773028, 4.65618374084718 ], [ -74.115746669, 4.65619903184719 ], [ -74.115714657, 4.65620939384715 ], [ -74.115702818, 4.65621053184717 ], [ -74.115614654999902, 4.65621900984715 ], [ -74.115420475, 4.65623707484715 ], [ -74.115402632, 4.65623672484716 ], [ -74.11538422, 4.65623337384718 ], [ -74.11536391, 4.65622728084716 ], [ -74.115336887999902, 4.65621708684719 ], [ -74.115323320999906, 4.65621100584715 ], [ -74.115303374, 4.65620015884715 ], [ -74.115285701999895, 4.65618786884718 ], [ -74.115274293, 4.65617830484714 ], [ -74.115252361, 4.65615500684716 ], [ -74.115245519, 4.65614542584714 ], [ -74.115237470999901, 4.65613140784714 ], [ -74.1152316659999, 4.65611799484716 ], [ -74.115231251999901, 4.65611703784717 ], [ -74.115224714, 4.65609339284717 ], [ -74.11522088, 4.65607432984715 ], [ -74.115213451, 4.65603413484716 ], [ -74.11520967, 4.65601313484715 ], [ -74.11520519, 4.65598754984715 ], [ -74.115201821, 4.65596706784717 ], [ -74.115200326, 4.65595754384717 ], [ -74.115194775, 4.65591930384719 ], [ -74.115191129, 4.65589088184718 ], [ -74.115190459, 4.65588564784716 ], [ -74.115189379999904, 4.65586737984721 ], [ -74.115180556, 4.6557920538472 ], [ -74.115166285, 4.65567022084717 ], [ -74.115154134, 4.6556714108472 ], [ -74.115104889, 4.6557285748472 ], [ -74.115094391, 4.65564066284718 ], [ -74.115025484999904, 4.65558349384717 ], [ -74.115020628, 4.65554671284717 ], [ -74.114997785, 4.65526974384721 ], [ -74.115114854, 4.65525546684722 ], [ -74.115407527999906, 4.6549042588472 ], [ -74.115330432999897, 4.65396484684724 ], [ -74.114598035, 4.65337521684729 ], [ -74.114530934, 4.65337807184728 ], [ -74.114012687999903, 4.65294405884727 ], [ -74.113942731999899, 4.65295405184727 ], [ -74.113927027, 4.65296975684727 ], [ -74.113351673999901, 4.65248577384731 ], [ -74.11329885, 4.65244008884728 ], [ -74.113313126, 4.65242438384726 ], [ -74.113308737999901, 4.65236514884728 ], [ -74.11330579, 4.6523472108473 ], [ -74.113503760999905, 4.65232912684727 ], [ -74.113717912, 4.65207309684727 ], [ -74.114012014, 4.65172093584733 ], [ -74.11419209, 4.65150651884734 ] ] ] } },
{ "type": "Feature", "properties": { "OBJECTID": 149, "NTRCODIGO": 1112, "NTRNOMBRE": "TERMINAL DE TRANSPORTES DEL SUR", "NTRTIPO": 1, "NTRMODO": 2, "NTRMTRANSP": 10, "GLOBALID": "8e8d1e53-2fcf-4be4-a870-dd8176f66d4d", "Shape__Area": 8.7071745724642803e-07, "Shape__Length": 0.0041998648974206397 }, "geometry": { "type": "Polygon", "coordinates": [ [ [ -74.176995856, 4.59732520884911 ], [ -74.177148089, 4.59753761484905 ], [ -74.177123723, 4.59755779284905 ], [ -74.177150801, 4.59759457984904 ], [ -74.177153419, 4.59760409784906 ], [ -74.177150801, 4.59763027184909 ], [ -74.177122248, 4.59794721584903 ], [ -74.177129053, 4.59794723184904 ], [ -74.177130386, 4.59795084784905 ], [ -74.177146947, 4.59795294184908 ], [ -74.17715142, 4.59795308484904 ], [ -74.177151134, 4.59796798084908 ], [ -74.177156929, 4.59799092584904 ], [ -74.177122665, 4.59798735684903 ], [ -74.177073374, 4.59797973484903 ], [ -74.177073135999905, 4.59798592184903 ], [ -74.17698343, 4.59797806884903 ], [ -74.176957256, 4.59798235184904 ], [ -74.176962408, 4.59805957384906 ], [ -74.176226048, 4.59807372384908 ], [ -74.176226048, 4.59806468184904 ], [ -74.176225572, 4.59799948484908 ], [ -74.176155438, 4.59799409084904 ], [ -74.176155057, 4.59802302484905 ], [ -74.17614078, 4.59802169284903 ], [ -74.176139637999896, 4.59803121084905 ], [ -74.176030075, 4.59801717184904 ], [ -74.176032324999895, 4.59797924284907 ], [ -74.175964366999906, 4.59797567384907 ], [ -74.176015798, 4.59739470484909 ], [ -74.175883238, 4.5973853238491 ], [ -74.175891567, 4.59722827884907 ], [ -74.176015798, 4.59723480484906 ], [ -74.176702175999907, 4.59730086784908 ], [ -74.176949975, 4.59731665884909 ], [ -74.176953717999893, 4.59732252384908 ], [ -74.176964251999905, 4.59733902584908 ], [ -74.176982326, 4.59732492684908 ], [ -74.176988046, 4.59732046584907 ], [ -74.176995856, 4.59732520884911 ] ] ] } },
{ "type": "Feature", "properties": { "OBJECTID": 150, "NTRCODIGO": 1113, "NTRNOMBRE": "AEROPUERTO EL DORADO", "NTRTIPO": 1, "NTRMODO": 1, "NTRMTRANSP": 1, "GLOBALID": "4f56ff01-dc36-4eb5-9ddc-4de0269088c3", "Shape__Area": 0.00073268060992859297, "Shape__Length": 0.16905150631954399 }, "geometry": { "type": "Polygon", "coordinates": [ [ [ -74.172114893, 4.7106189678454 ], [ -74.172219589, 4.71094257484538 ], [ -74.172203772, 4.71108295084537 ], [ -74.172184699999903, 4.71125221284535 ], [ -74.172181517, 4.71128045784536 ], [ -74.171972125, 4.71160882384537 ], [ -74.171310634999898, 4.71246542984535 ], [ -74.170344574, 4.71373130284528 ], [ -74.169821092, 4.71443086384529 ], [ -74.16903587, 4.71532554184527 ], [ -74.168322031999907, 4.71571101484525 ], [ -74.168320624, 4.71571172284521 ], [ -74.167611772, 4.71606843484524 ], [ -74.167501266, 4.71612875884524 ], [ -74.165288367999906, 4.71729945284519 ], [ -74.164338963, 4.71784197084515 ], [ -74.164103396, 4.71793476984516 ], [ -74.161811975, 4.71920540184512 ], [ -74.160910159, 4.71966130584508 ], [ -74.160477097, 4.7199834848451 ], [ -74.160341468, 4.71991923984507 ], [ -74.159649045, 4.71949093684511 ], [ -74.156012583999896, 4.7166972118452 ], [ -74.155832389999901, 4.7168928038452 ], [ -74.155570837, 4.71703920984519 ], [ -74.154799704, 4.71720213284519 ], [ -74.154385864999895, 4.71715342484518 ], [ -74.150435678999898, 4.71404282484527 ], [ -74.147004588999906, 4.71138673084539 ], [ -74.122273825, 4.69309034984595 ], [ -74.122288418, 4.69306896284595 ], [ -74.121192196, 4.692332006846 ], [ -74.12073534, 4.69188466784601 ], [ -74.120460105999896, 4.691526029846 ], [ -74.120394387, 4.69147439384604 ], [ -74.120493371999899, 4.691331625846 ], [ -74.12068934, 4.69110299684601 ], [ -74.122867336999903, 4.68807753084611 ], [ -74.123854916, 4.68918289484609 ], [ -74.124665294, 4.68982282384606 ], [ -74.126267341, 4.68768118584611 ], [ -74.126269157, 4.68768254184615 ], [ -74.126296894999896, 4.68764621984613 ], [ -74.127065205999898, 4.68823237784614 ], [ -74.127760007999896, 4.68883200184608 ], [ -74.128721310999893, 4.68961960384605 ], [ -74.129589814, 4.69033820084604 ], [ -74.129501773999905, 4.69045955384603 ], [ -74.129701649, 4.69060232084603 ], [ -74.129708787, 4.69059042384605 ], [ -74.129785859, 4.69065098084602 ], [ -74.12973791, 4.69070999584606 ], [ -74.129798902999894, 4.69075878984606 ], [ -74.129947684999905, 4.69086525184602 ], [ -74.129968177, 4.69089316884603 ], [ -74.130013358, 4.69095471984602 ], [ -74.130091643999904, 4.69099834384602 ], [ -74.130132331, 4.69103300384606 ], [ -74.130135767, 4.69103460384602 ], [ -74.130165037, 4.69099202884601 ], [ -74.13024359, 4.69101349984604 ], [ -74.130256062999905, 4.69101848884603 ], [ -74.130237979, 4.69106607784605 ], [ -74.130263677, 4.69108701784606 ], [ -74.130279857999895, 4.691062270846 ], [ -74.130290993, 4.69107164784603 ], [ -74.130912420999906, 4.69030133584607 ], [ -74.131273420999904, 4.69055505384607 ], [ -74.131275505, 4.69055243284605 ], [ -74.131423722, 4.69036603884603 ], [ -74.132753759, 4.69136356584604 ], [ -74.134972607, 4.69301134284594 ], [ -74.135709383999895, 4.69361947684593 ], [ -74.135836034, 4.69381163484593 ], [ -74.135974043, 4.69407813484592 ], [ -74.135990726, 4.69411150084595 ], [ -74.136070394999905, 4.69425348484593 ], [ -74.136064701, 4.69425945084593 ], [ -74.136020426, 4.69430583284592 ], [ -74.136098948, 4.69442956484594 ], [ -74.136177249999903, 4.69440820984594 ], [ -74.136177470999897, 4.69440814984595 ], [ -74.136255993, 4.69447953384591 ], [ -74.136298085, 4.69455027284593 ], [ -74.136321901, 4.69459029684592 ], [ -74.136413513, 4.69476364184592 ], [ -74.136563232, 4.69476493184592 ], [ -74.136697620999897, 4.69491211984589 ], [ -74.136710883, 4.69493123384588 ], [ -74.136838961, 4.6950696398459 ], [ -74.136896067999899, 4.6951315058459 ], [ -74.136909300999903, 4.69515022184591 ], [ -74.136946627, 4.69518217884587 ], [ -74.137041691, 4.69530473084587 ], [ -74.137138772999904, 4.69538325284589 ], [ -74.137251558999907, 4.69545749284589 ], [ -74.1373657729999, 4.69553030384588 ], [ -74.137485698, 4.69560454284589 ], [ -74.137577503, 4.69564178484586 ], [ -74.137637032, 4.69566593284588 ], [ -74.137642134, 4.69567080284587 ], [ -74.137655592, 4.69567164384591 ], [ -74.137671737999895, 4.69570034884588 ], [ -74.137694139, 4.69574017284588 ], [ -74.138049630999902, 4.69598430484585 ], [ -74.138305185, 4.69617418584589 ], [ -74.138326917, 4.69614520984587 ], [ -74.138335165999905, 4.69613421084588 ], [ -74.138344419, 4.69612238784587 ], [ -74.138387931, 4.69606678884586 ], [ -74.139037153999894, 4.69656846284586 ], [ -74.139067135999895, 4.69660558184587 ], [ -74.139067135999895, 4.69664127384585 ], [ -74.139067312999899, 4.69664257784582 ], [ -74.139069204, 4.69664384784587 ], [ -74.139115677, 4.69656417984586 ], [ -74.139334111, 4.69675406084583 ], [ -74.139389791, 4.69684543184583 ], [ -74.139406419999901, 4.69687037584584 ], [ -74.139429766, 4.69690539484584 ], [ -74.139455464, 4.69694536984583 ], [ -74.139802389, 4.69720235084583 ], [ -74.139818925, 4.69717567984583 ], [ -74.139962289, 4.69728658384582 ], [ -74.139982085, 4.69725728484581 ], [ -74.14070376, 4.69779661684581 ], [ -74.140958092999895, 4.69800565684582 ], [ -74.141305971, 4.69825787984578 ], [ -74.141353083999903, 4.6982850058458 ], [ -74.141424468, 4.69831213184582 ], [ -74.141445883, 4.69831498684581 ], [ -74.141462348999895, 4.69831474884582 ], [ -74.141540108999905, 4.6982921438458 ], [ -74.141583700999902, 4.69827667784582 ], [ -74.142178566, 4.69751049084583 ], [ -74.142203551, 4.69752476784582 ], [ -74.142240431999895, 4.69747122984585 ], [ -74.14229635, 4.69736534384583 ], [ -74.142306058, 4.69729419784584 ], [ -74.14229654, 4.69724303984582 ], [ -74.142279883999905, 4.69720139984583 ], [ -74.142265417, 4.69716427984583 ], [ -74.14225233, 4.69713572584584 ], [ -74.142245381999899, 4.69711216984581 ], [ -74.142222745, 4.69707925384586 ], [ -74.141789683, 4.69672233484585 ], [ -74.141411381, 4.69643759284585 ], [ -74.141156778, 4.69621868184586 ], [ -74.140677555, 4.69578228884585 ], [ -74.140589039, 4.6956637918459 ], [ -74.140296413, 4.69544511884589 ], [ -74.140148886, 4.6953309048459 ], [ -74.139941872999898, 4.69519765484592 ], [ -74.139665856, 4.69502633384589 ], [ -74.139401735, 4.69481932084593 ], [ -74.139047196, 4.6945504418459 ], [ -74.138656963999907, 4.69423635284594 ], [ -74.13818821, 4.69393178184594 ], [ -74.137886764, 4.69382982284594 ], [ -74.137929801, 4.69371001584597 ], [ -74.137888398, 4.69369240784596 ], [ -74.137875548999901, 4.69367717984596 ], [ -74.1378627, 4.69365290884593 ], [ -74.137871265999905, 4.69362863884596 ], [ -74.137786315, 4.69357591384596 ], [ -74.137681233, 4.69350085484593 ], [ -74.137676309, 4.69349162184597 ], [ -74.137572252, 4.69349709784593 ], [ -74.137550910999906, 4.69349614184598 ], [ -74.137184474, 4.69344974284594 ], [ -74.137034567999905, 4.69342951784598 ], [ -74.136958426, 4.69341048184595 ], [ -74.136832313999903, 4.69336170284596 ], [ -74.13671929, 4.69330578584596 ], [ -74.136556297, 4.69320703784594 ], [ -74.136463498, 4.69313803384599 ], [ -74.13640758, 4.69309401384597 ], [ -74.136376647, 4.69304642384597 ], [ -74.136361181, 4.69300359384598 ], [ -74.136352009999896, 4.69296614384595 ], [ -74.136352852999906, 4.69295124584598 ], [ -74.136350472999894, 4.69292388184598 ], [ -74.136237449, 4.692853687846 ], [ -74.13621886, 4.69287585084598 ], [ -74.136014969, 4.69272995584598 ], [ -74.135855552, 4.69260219584599 ], [ -74.135876961, 4.69253008084596 ], [ -74.135768695, 4.69243252284597 ], [ -74.135737762, 4.69246702584597 ], [ -74.13570326, 4.692486060846 ], [ -74.135654167, 4.69248397184599 ], [ -74.135647343, 4.69248368184598 ], [ -74.135603322999899, 4.69246702584597 ], [ -74.135559303, 4.692444420846 ], [ -74.13548078, 4.69239445184596 ], [ -74.135180916, 4.69215334484601 ], [ -74.135129295, 4.69211728084598 ], [ -74.135120292, 4.692103776846 ], [ -74.135044625, 4.69201240584601 ], [ -74.134931839, 4.69188105984603 ], [ -74.134746241, 4.69174400284601 ], [ -74.134510674, 4.69156839784604 ], [ -74.134469270999901, 4.69152128484599 ], [ -74.134450712, 4.69149558684599 ], [ -74.134435007, 4.69146703284601 ], [ -74.134427869, 4.69143562384604 ], [ -74.134423586, 4.69140992584604 ], [ -74.134423586, 4.69138422784603 ], [ -74.134426441, 4.69135852984603 ], [ -74.134435007, 4.691327120846 ], [ -74.134442146, 4.69130713384603 ], [ -74.134466416, 4.69127715184603 ], [ -74.134457849999905, 4.691264302846 ], [ -74.134466416, 4.691245742846 ], [ -74.134493542, 4.69120434084603 ], [ -74.134339353, 4.69109012684603 ], [ -74.134173742, 4.69129856684602 ], [ -74.134103184, 4.69124312784603 ], [ -74.134086892, 4.69106609384604 ], [ -74.13391795, 4.69108988884604 ], [ -74.133925043, 4.69113042184605 ], [ -74.133924613, 4.69113795384604 ], [ -74.133913905, 4.69115151684601 ], [ -74.133908933, 4.69115413384602 ], [ -74.133900341999905, 4.69115865484602 ], [ -74.133891062, 4.69115722784604 ], [ -74.133884638, 4.69115413384602 ], [ -74.133689521999898, 4.69104348884602 ], [ -74.133601482, 4.69098638184604 ], [ -74.13343492, 4.69088525484606 ], [ -74.133317136, 4.69079364584602 ], [ -74.1331374869999, 4.69065444684604 ], [ -74.133131939, 4.69063785284605 ], [ -74.133132728, 4.69062113484606 ], [ -74.133138677, 4.69061161684605 ], [ -74.133143836, 4.69060691984605 ], [ -74.133153353999901, 4.69059787784606 ], [ -74.133146692, 4.69059169084606 ], [ -74.133150023, 4.69058645584606 ], [ -74.133185715, 4.69054219784606 ], [ -74.133228545, 4.69048080784607 ], [ -74.133137174, 4.69041370684606 ], [ -74.133059824, 4.69052087884608 ], [ -74.133058965, 4.69052000784602 ], [ -74.132568959, 4.69015109384606 ], [ -74.132592514999899, 4.69012111284604 ], [ -74.132520016999905, 4.69007385884607 ], [ -74.132359403, 4.68995964484607 ], [ -74.132031038, 4.68970266284607 ], [ -74.13153475, 4.68932781984611 ], [ -74.132131376, 4.68853282284612 ], [ -74.132567531, 4.68795318584615 ], [ -74.132988694999895, 4.68739924784617 ], [ -74.133283389, 4.68699337584615 ], [ -74.133300643, 4.68700378084616 ], [ -74.133552628, 4.68664828984618 ], [ -74.133635032, 4.68650906884619 ], [ -74.13370987, 4.68639060184621 ], [ -74.133741794999906, 4.6863184958462 ], [ -74.133845301, 4.68615574084619 ], [ -74.133903835999902, 4.68606365584619 ], [ -74.134033755, 4.68589304884622 ], [ -74.134046936999894, 4.68588352784618 ], [ -74.134204478999905, 4.68566065784623 ], [ -74.134263610999895, 4.68559038084622 ], [ -74.134444211999906, 4.68534339284621 ], [ -74.134581983, 4.68516564784624 ], [ -74.134687631, 4.68502430784622 ], [ -74.134717557, 4.68498198784624 ], [ -74.134763408, 4.68492631184625 ], [ -74.134841106, 4.68481658084625 ], [ -74.134873023, 4.68477370984624 ], [ -74.134961744999899, 4.68465453884626 ], [ -74.135042407999904, 4.68454674984623 ], [ -74.135091663, 4.68448607284627 ], [ -74.135155908999906, 4.68439755784625 ], [ -74.135210873999895, 4.68431832084624 ], [ -74.13525656, 4.68422909184627 ], [ -74.135256235, 4.68422556884624 ], [ -74.135286541, 4.68417127084623 ], [ -74.135342641, 4.68397423584626 ], [ -74.135468883, 4.68356615184625 ], [ -74.135775807, 4.68332670784627 ], [ -74.135881882, 4.6832368558463 ], [ -74.135974319, 4.68330758484626 ], [ -74.135974518, 4.68330738584626 ], [ -74.136944149, 4.68404501884626 ], [ -74.137433127999898, 4.68443346584623 ], [ -74.137947091999905, 4.68484392284626 ], [ -74.138179100999906, 4.68506004084622 ], [ -74.145365846999894, 4.69056223084605 ], [ -74.145805628999895, 4.69089291684603 ], [ -74.153064779, 4.69624717184584 ], [ -74.154753007, 4.6975142348458 ], [ -74.155194991, 4.69790268184582 ], [ -74.162889585, 4.70365666384562 ], [ -74.16302847, 4.70381027884561 ], [ -74.165033436, 4.70539948684553 ], [ -74.165260111999899, 4.70528614984558 ], [ -74.165881151, 4.70495064584557 ], [ -74.166156832999903, 4.70485623384556 ], [ -74.166700851, 4.70461341084557 ], [ -74.167364721, 4.70439925884561 ], [ -74.167507488999902, 4.70436713584558 ], [ -74.167668101999894, 4.70432073684559 ], [ -74.167889392, 4.70431002884561 ], [ -74.168039297999897, 4.70430645984561 ], [ -74.168303417999894, 4.70431716784559 ], [ -74.168781689999904, 4.70438141284558 ], [ -74.168973218, 4.70441087884557 ], [ -74.169243388, 4.70443931784557 ], [ -74.169413436999903, 4.70447778084558 ], [ -74.169916692999905, 4.7045384578456 ], [ -74.170043877999902, 4.7045501378456 ], [ -74.170266474, 4.70457057984559 ], [ -74.170262925, 4.70464864884558 ], [ -74.170259335, 4.70472762484558 ], [ -74.170360329999895, 4.70472981984561 ], [ -74.170365545, 4.70473416584557 ], [ -74.170509179, 4.70474428084558 ], [ -74.170704295, 4.70477759284561 ], [ -74.170806611, 4.70481328484559 ], [ -74.170830405999894, 4.70484183884557 ], [ -74.170844683, 4.70489894584561 ], [ -74.170823267999907, 4.70494891484558 ], [ -74.170749504, 4.70499650384559 ], [ -74.170666223, 4.70509168184557 ], [ -74.170604356999903, 4.70518448084558 ], [ -74.170578183, 4.70522255284558 ], [ -74.170578029999902, 4.70522282984555 ], [ -74.170578206999906, 4.70522904284556 ], [ -74.170428301, 4.70561451484555 ], [ -74.170426893999903, 4.70565063984555 ], [ -74.170359273, 4.70591497584553 ], [ -74.170361651999897, 4.70635279684551 ], [ -74.170368791, 4.70655742984551 ], [ -74.170382571999895, 4.7066757248455 ], [ -74.17038122, 4.7066898288455 ], [ -74.170387403999896, 4.70674044684554 ], [ -74.170408819, 4.7077969268455 ], [ -74.170408819, 4.70853931884548 ], [ -74.170480203, 4.70894620684546 ], [ -74.170687216, 4.70943161684545 ], [ -74.171101242, 4.70980281284545 ], [ -74.171379639, 4.70999554884541 ], [ -74.171411683, 4.7100370178454 ], [ -74.171449122999903, 4.71006444484542 ], [ -74.171607895, 4.71018075484542 ], [ -74.171911275999904, 4.71040918284538 ], [ -74.171972611999905, 4.7104559918454 ], [ -74.172114893, 4.7106189678454 ] ] ] } },
{ "type": "Feature", "properties": { "OBJECTID": 152, "NTRCODIGO": 1902, "NTRNOMBRE": "AEROPUERTO GUAYMARAL", "NTRTIPO": 1, "NTRMODO": 1, "NTRMTRANSP": 1, "GLOBALID": "981b8702-d72f-48be-bd21-c806e8d5a1e1", "Shape__Area": 7.4188786186368802e-05, "Shape__Length": 0.050268390223771303 }, "geometry": { "type": "Polygon", "coordinates": [ [ [ -74.074392003999904, 4.81616274584195 ], [ -74.074354303, 4.81677583584193 ], [ -74.074298790999904, 4.81722245784194 ], [ -74.074230381999897, 4.81805526884192 ], [ -74.074209561, 4.81840623984191 ], [ -74.074203613, 4.81850439184187 ], [ -74.074191715, 4.81855198184187 ], [ -74.074164945999897, 4.81860254484187 ], [ -74.074138177, 4.81861146784186 ], [ -74.074063818999903, 4.81860551884191 ], [ -74.07395258, 4.8185674478419 ], [ -74.073799104, 4.81851628984189 ], [ -74.073176874999902, 4.81830332784191 ], [ -74.072298853999897, 4.81802493084188 ], [ -74.07147794, 4.81775843084194 ], [ -74.07099253, 4.81759186884194 ], [ -74.070049342999894, 4.81728942184192 ], [ -74.070012952999903, 4.81727775284191 ], [ -74.070010328, 4.81728925384193 ], [ -74.069900938, 4.81725263084191 ], [ -74.068974176, 4.81695945884192 ], [ -74.066602781, 4.81618334684196 ], [ -74.063442857, 4.81519824984198 ], [ -74.06064937, 4.81427977784205 ], [ -74.0572003, 4.81316167284204 ], [ -74.057199152, 4.81316619084206 ], [ -74.055957072999902, 4.81274264684207 ], [ -74.053601406, 4.81184320984212 ], [ -74.054286691, 4.80983494484215 ], [ -74.056789884, 4.81081528284215 ], [ -74.056967808, 4.81089197484214 ], [ -74.057023117, 4.81072013884215 ], [ -74.057384274, 4.80952847084215 ], [ -74.058864774, 4.80999817584214 ], [ -74.060056883999906, 4.81038364884218 ], [ -74.060205965, 4.81042140984216 ], [ -74.061065776, 4.81072153184215 ], [ -74.063749808, 4.81157813784214 ], [ -74.065367841, 4.81211113784208 ], [ -74.067894829, 4.8127060028421 ], [ -74.070859637, 4.81341032284204 ], [ -74.074532104, 4.81427524884202 ], [ -74.07452417, 4.814374489842 ], [ -74.074521003, 4.81448097384202 ], [ -74.074397717999901, 4.81616409784197 ], [ -74.074392003999904, 4.81616274584195 ] ] ] } },
{ "type": "Feature", "properties": { "OBJECTID": 154, "NTRCODIGO": 6, "NTRNOMBRE": "BICENTENARIO", "NTRTIPO": 2, "NTRMODO": 2, "NTRMTRANSP": 5, "GLOBALID": "afe32fc9-2b80-414b-8740-312c22aa8c6a", "Shape__Area": 7.0377240035668404e-08, "Shape__Length": 0.0028272450361119502 }, "geometry": { "type": "MultiPolygon", "coordinates": [ [ [ [ -74.081693505, 4.59418139784918 ], [ -74.08194062, 4.59382022984921 ], [ -74.081988141999901, 4.5938523628492 ], [ -74.081741571, 4.59421423484917 ], [ -74.081693505, 4.59418139784918 ] ] ], [ [ [ -74.082074758, 4.59362418184919 ], [ -74.082319122999905, 4.59326703384922 ], [ -74.082365003999897, 4.59329927384922 ], [ -74.082123021, 4.59365441284918 ], [ -74.082074758, 4.59362418184919 ] ] ], [ [ [ -74.082453262999906, 4.59307098284924 ], [ -74.082664801, 4.59276181184923 ], [ -74.082711439, 4.59279084084925 ], [ -74.082500017, 4.59310112684924 ], [ -74.082453262999906, 4.59307098284924 ] ] ] ] } },
{ "type": "Feature", "properties": { "OBJECTID": 156, "NTRCODIGO": 16, "NTRNOMBRE": "CALLE 40 SUR", "NTRTIPO": 2, "NTRMODO": 2, "NTRMTRANSP": 5, "GLOBALID": "cfb8da35-0052-4fb0-a65f-f3572fa512b8", "Shape__Area": 5.04727211136924e-08, "Shape__Length": 0.0027542300821176199 }, "geometry": { "type": "MultiPolygon", "coordinates": [ [ [ [ -74.120864857, 4.57556790184978 ], [ -74.120875579, 4.57556519784979 ], [ -74.120885572, 4.57560374484976 ], [ -74.120595216, 4.57567625984976 ], [ -74.120564058999904, 4.5756850128498 ], [ -74.120419673999905, 4.57572557384978 ], [ -74.120409203999898, 4.57568607484976 ], [ -74.120556731, 4.5756456238498 ], [ -74.120864857, 4.57556790184978 ] ] ], [ [ [ -74.11984957, 4.57583095684978 ], [ -74.120224795999903, 4.5757360428498 ], [ -74.120229793, 4.5757767318498 ], [ -74.119812426, 4.57588139584979 ], [ -74.11980174, 4.57584399484981 ], [ -74.11980149, 4.5758431188498 ], [ -74.11984957, 4.57583095684978 ] ] ], [ [ [ -74.119299430999902, 4.57599416884979 ], [ -74.119291565, 4.5759561078498 ], [ -74.119407995, 4.57593188184975 ], [ -74.119407356, 4.57592878284978 ], [ -74.119534369, 4.57590235484976 ], [ -74.119535008, 4.57590545084977 ], [ -74.119620332999901, 4.57588769784977 ], [ -74.119628582, 4.57592567884975 ], [ -74.119542875, 4.57594351284975 ], [ -74.119543515, 4.5759466108498 ], [ -74.1194164999999, 4.57597303984979 ], [ -74.119415859, 4.57596994084977 ], [ -74.119299430999902, 4.57599416884979 ] ] ] ] } },
{ "type": "Feature", "properties": { "OBJECTID": 165, "NTRCODIGO": 49, "NTRNOMBRE": "HORTUA", "NTRTIPO": 2, "NTRMODO": 2, "NTRMTRANSP": 5, "GLOBALID": "e6d28d21-7ea7-401d-9a2c-4933efb9eef5", "Shape__Area": 2.9639807053172299e-08, "Shape__Length": 0.0016538574911465001 }, "geometry": { "type": "MultiPolygon", "coordinates": [ [ [ [ -74.090392918, 4.5906266608493 ], [ -74.090471651, 4.5905231638493 ], [ -74.090474109999903, 4.59052514384928 ], [ -74.090507123, 4.59048386584931 ], [ -74.090600241999894, 4.59036777884934 ], [ -74.090615059999905, 4.59035089484929 ], [ -74.090643335, 4.59037288684932 ], [ -74.090625065, 4.5903953668493 ], [ -74.090597251, 4.59042959084929 ], [ -74.090532426, 4.59051432784929 ], [ -74.090423747, 4.59065149084932 ], [ -74.0903835, 4.59070154384932 ], [ -74.090383032, 4.59070112284927 ], [ -74.090354153, 4.59067513184931 ], [ -74.090392918, 4.5906266608493 ] ] ], [ [ [ -74.090005204, 4.5911089738493 ], [ -74.090079653, 4.59101593584932 ], [ -74.090077194999907, 4.59101395484929 ], [ -74.090158415, 4.59091245884928 ], [ -74.090160872, 4.59091443984931 ], [ -74.09020825, 4.59085523284931 ], [ -74.090238453, 4.59087956984927 ], [ -74.090191075, 4.59093877584927 ], [ -74.090193534, 4.5909407568493 ], [ -74.090112314999899, 4.5910422528493 ], [ -74.090109857999906, 4.59104027184928 ], [ -74.090035405, 4.5911333118493 ], [ -74.090005204, 4.5911089738493 ] ] ] ] } },
{ "type": "Feature", "properties": { "OBJECTID": 169, "NTRCODIGO": 71, "NTRNOMBRE": "AV JIMENEZ", "NTRTIPO": 2, "NTRMODO": 2, "NTRMTRANSP": 5, "GLOBALID": "76150052-ee72-46b2-a666-efdbe2b6818d", "Shape__Area": 5.4569483154409701e-08, "Shape__Length": 0.0029013291817422001 }, "geometry": { "type": "MultiPolygon", "coordinates": [ [ [ [ -74.080741396, 4.6024050318489 ], [ -74.080773001999901, 4.6023610368489 ], [ -74.080770446, 4.60235918484893 ], [ -74.080846304, 4.6022535958489 ], [ -74.080848863, 4.60225544584894 ], [ -74.0808741499999, 4.60222024884891 ], [ -74.080871590999905, 4.60221839784892 ], [ -74.080947449, 4.60211280584891 ], [ -74.080950007, 4.60211465784894 ], [ -74.081019545999894, 4.60201786584892 ], [ -74.081050967, 4.60204059584893 ], [ -74.080981430999898, 4.60213738784895 ], [ -74.080983987, 4.60213923784894 ], [ -74.080908129, 4.60224482984895 ], [ -74.080905571, 4.60224297784892 ], [ -74.080880284, 4.6022781758489 ], [ -74.080882841999895, 4.60228002584895 ], [ -74.080806983999906, 4.60238561684891 ], [ -74.080804426, 4.60238376784891 ], [ -74.080772817, 4.6024277628489 ], [ -74.080741396, 4.6024050318489 ] ] ], [ [ [ -74.080346894999906, 4.60295869484889 ], [ -74.080378488, 4.60291471784887 ], [ -74.080375932, 4.60291286884888 ], [ -74.080451788999895, 4.60280727584887 ], [ -74.0804543469999, 4.60280912684891 ], [ -74.080479630999903, 4.60277392884887 ], [ -74.080477075, 4.60277207884889 ], [ -74.080552932, 4.60266648584889 ], [ -74.080555488, 4.60266833684893 ], [ -74.080599753999905, 4.60260672084889 ], [ -74.080631177, 4.60262944984892 ], [ -74.080586911, 4.60269106584889 ], [ -74.08058947, 4.60269291584888 ], [ -74.080513612999894, 4.60279850884888 ], [ -74.080511053999899, 4.60279665884889 ], [ -74.080485769999896, 4.60283185584888 ], [ -74.080488326, 4.60283370584893 ], [ -74.080412469, 4.60293929784888 ], [ -74.080409910999904, 4.60293744884888 ], [ -74.080378318, 4.60298142384892 ], [ -74.080346894999906, 4.60295869484889 ] ] ], [ [ [ -74.079996518, 4.60344662184887 ], [ -74.08010146, 4.60329205484889 ], [ -74.080098902, 4.60329020484891 ], [ -74.080174761, 4.60318461584886 ], [ -74.080177319, 4.60318646484887 ], [ -74.080221569999907, 4.60312486984889 ], [ -74.080252993, 4.60314760184888 ], [ -74.080208742, 4.60320919584886 ], [ -74.080211297999895, 4.60321104484887 ], [ -74.080135439999907, 4.60331663684887 ], [ -74.080132882, 4.60331478584889 ], [ -74.080026975, 4.60346946484888 ], [ -74.079996518, 4.60344662184887 ] ] ] ] } },
{ "type": "Feature", "properties": { "OBJECTID": 172, "NTRCODIGO": 75, "NTRNOMBRE": "CALLE 19", "NTRTIPO": 2, "NTRMODO": 2, "NTRMTRANSP": 5, "GLOBALID": "859f6192-68fa-4ea2-9e3e-caa41f977d2d", "Shape__Area": 4.80419259929477e-08, "Shape__Length": 0.00268983632891926 }, "geometry": { "type": "MultiPolygon", "coordinates": [ [ [ [ -74.076954786, 4.60769880184877 ], [ -74.076979361, 4.60766987884876 ], [ -74.077011722, 4.60769367384877 ], [ -74.076759498999905, 4.60804964084872 ], [ -74.076726187, 4.60802489484871 ], [ -74.076740657, 4.60800155584871 ], [ -74.076752744, 4.60798206184876 ], [ -74.076828637999895, 4.60787649284874 ], [ -74.076928993, 4.60773513384875 ], [ -74.076954786, 4.60769880184877 ] ] ], [ [ [ -74.077119274, 4.60747476384877 ], [ -74.077130889, 4.60745411384876 ], [ -74.07713122, 4.60745434984877 ], [ -74.077372265999898, 4.60711887284876 ], [ -74.077370425, 4.60711755784874 ], [ -74.077398146999897, 4.60708262784877 ], [ -74.077425747999897, 4.60710832684876 ], [ -74.077151634, 4.60749665484874 ], [ -74.077119274, 4.60747476384877 ] ] ], [ [ [ -74.076426673999904, 4.60849566784871 ], [ -74.076406423, 4.60848119284871 ], [ -74.076406011, 4.60848177484869 ], [ -74.076404618, 4.60848077884872 ], [ -74.076405031, 4.60848019684873 ], [ -74.076402074, 4.60847808284869 ], [ -74.076401764, 4.6084785168487 ], [ -74.076400648999893, 4.60847771884874 ], [ -74.076405791, 4.6084704758487 ], [ -74.076556319, 4.6082670148487 ], [ -74.076556355, 4.60826704084871 ], [ -74.076556768, 4.60826645884872 ], [ -74.076556936, 4.60826657884871 ], [ -74.07658857, 4.60822366384871 ], [ -74.076615795, 4.60824048084873 ], [ -74.076593645999907, 4.60827093584873 ], [ -74.076583067999906, 4.60828547984874 ], [ -74.076552714999906, 4.60832721684874 ], [ -74.076426673999904, 4.60849566784871 ] ] ] ] } },
{ "type": "Feature", "properties": { "OBJECTID": 173, "NTRCODIGO": 77, "NTRNOMBRE": "CALLE 22", "NTRTIPO": 2, "NTRMODO": 2, "NTRMTRANSP": 5, "GLOBALID": "7b259c32-c693-4b26-80c8-ed736168a15c", "Shape__Area": 4.5932665670989101e-08, "Shape__Length": 0.0026791908938692899 }, "geometry": { "type": "MultiPolygon", "coordinates": [ [ [ [ -74.074580915, 4.61194167784861 ], [ -74.074577683, 4.6119400178486 ], [ -74.0745773579999, 4.6119406518486 ], [ -74.074575834, 4.61193987184861 ], [ -74.074576158, 4.61193923484858 ], [ -74.074553623, 4.61192766684859 ], [ -74.074553298999902, 4.61192830284863 ], [ -74.074551774, 4.61192751984861 ], [ -74.074552098, 4.61192688384863 ], [ -74.074548866, 4.6119252258486 ], [ -74.074548625, 4.6119256988486 ], [ -74.074547405, 4.61192507284862 ], [ -74.074745439, 4.61153972084861 ], [ -74.074784462, 4.61155209384861 ], [ -74.074581891, 4.61194277684858 ], [ -74.074580671, 4.61194215084861 ], [ -74.074580915, 4.61194167784861 ] ] ], [ [ [ -74.074975057, 4.61108940784864 ], [ -74.075078564, 4.61090024084861 ], [ -74.075107117, 4.61091570684865 ], [ -74.074894155, 4.6113273538486 ], [ -74.074859437, 4.61131554684864 ], [ -74.074875119999902, 4.61128928284866 ], [ -74.074942934, 4.61115543784861 ], [ -74.074961969999904, 4.61111617684863 ], [ -74.074975057, 4.61108940784864 ] ] ], [ [ [ -74.074327018, 4.6124449008486 ], [ -74.07432378, 4.6124432508486 ], [ -74.074321932, 4.61244311084861 ], [ -74.074322254, 4.61244247384857 ], [ -74.074299681, 4.61243097784856 ], [ -74.074299358, 4.61243161284861 ], [ -74.074297832, 4.61243083684857 ], [ -74.074298155, 4.6124301998486 ], [ -74.074294918, 4.61242855084859 ], [ -74.074293455, 4.6124284048486 ], [ -74.074438926, 4.61214217184861 ], [ -74.074471763, 4.61216073184861 ], [ -74.074327997999902, 4.61244599784859 ], [ -74.074326776, 4.61244537584859 ], [ -74.074327018, 4.6124449008486 ] ] ] ] } },
{ "type": "Feature", "properties": { "OBJECTID": 176, "NTRCODIGO": 80, "NTRNOMBRE": "CALLE 26", "NTRTIPO": 2, "NTRMODO": 2, "NTRMTRANSP": 5, "GLOBALID": "940141b6-589f-4985-bce6-0983c3cae869", "Shape__Area": 5.13989846240293e-08, "Shape__Length": 0.0027629027942190098 }, "geometry": { "type": "MultiPolygon", "coordinates": [ [ [ [ -74.072360079, 4.61626481884846 ], [ -74.072332888999895, 4.61625060784845 ], [ -74.072332645, 4.6162510818485 ], [ -74.07233143, 4.61625044584846 ], [ -74.072401175, 4.61611429384848 ], [ -74.072421568, 4.61607603084846 ], [ -74.0724190829999, 4.61607473184849 ], [ -74.072479008, 4.61595928484846 ], [ -74.072481803999906, 4.61596074584847 ], [ -74.072522315, 4.61588269784849 ], [ -74.072523531999906, 4.61588333284849 ], [ -74.072523285, 4.61588380584849 ], [ -74.072525259, 4.6158848368485 ], [ -74.07255362, 4.61583020884846 ], [ -74.072591215, 4.61585000684849 ], [ -74.072534181, 4.6159439838485 ], [ -74.072516161, 4.61597869984845 ], [ -74.0725189569999, 4.6159801628485 ], [ -74.072459032, 4.61609561084847 ], [ -74.072456235999894, 4.61609414784848 ], [ -74.07243626, 4.61613263084845 ], [ -74.072439058, 4.61613409384849 ], [ -74.072379133, 4.61624954084847 ], [ -74.072365787, 4.61626840184848 ], [ -74.072364572, 4.61626776684848 ], [ -74.072364818, 4.61626729384849 ], [ -74.072361268, 4.61626624484849 ], [ -74.072360079, 4.61626481884846 ] ] ], [ [ [ -74.072022048, 4.61685908784846 ], [ -74.072052251999907, 4.61680230584847 ], [ -74.072051985, 4.61680216884844 ], [ -74.072062393, 4.61678177184842 ], [ -74.072059586, 4.61678033084843 ], [ -74.072118708999895, 4.61666446784847 ], [ -74.072121516, 4.61666591084844 ], [ -74.072141224999896, 4.61662728984846 ], [ -74.072138418, 4.61662584684843 ], [ -74.072197542, 4.61650998584845 ], [ -74.072200348, 4.61651142784844 ], [ -74.072220611, 4.61647171884847 ], [ -74.07222183, 4.61647234484845 ], [ -74.072221587999906, 4.61647281984848 ], [ -74.07222482, 4.61647448184846 ], [ -74.072225144, 4.61647384584848 ], [ -74.072226587, 4.61647458684844 ], [ -74.072226262999905, 4.61647522384846 ], [ -74.072248874, 4.61648684184844 ], [ -74.072249198, 4.61648620484847 ], [ -74.072250723, 4.61648698784849 ], [ -74.072250397999895, 4.61648762484846 ], [ -74.07225363, 4.61648928484846 ], [ -74.072253872, 4.61648880984843 ], [ -74.072255089999899, 4.61648943584846 ], [ -74.072234829, 4.61652914184845 ], [ -74.072237634, 4.61653058484842 ], [ -74.07217851, 4.61664644584846 ], [ -74.072175703, 4.61664500584846 ], [ -74.072155997, 4.61668362584845 ], [ -74.072158803, 4.61668506784844 ], [ -74.072099678, 4.61680093184845 ], [ -74.072096873, 4.61679948884847 ], [ -74.072086463999895, 4.61681988484844 ], [ -74.072086022, 4.61681965784845 ], [ -74.072058216, 4.61687526884845 ], [ -74.072022048, 4.61685908784846 ] ] ], [ [ [ -74.071768874, 4.61735496784842 ], [ -74.071796822, 4.61730477484842 ], [ -74.071795779, 4.61730423984845 ], [ -74.071835748999902, 4.61722591184842 ], [ -74.071832942, 4.61722447084843 ], [ -74.071892068, 4.61710860784842 ], [ -74.071894874999899, 4.61711005084844 ], [ -74.071914583, 4.61707142884841 ], [ -74.071949062, 4.61708914484842 ], [ -74.071929353, 4.61712776484841 ], [ -74.071932161, 4.61712920784844 ], [ -74.0718730359999, 4.61724507084845 ], [ -74.071870229, 4.61724362784843 ], [ -74.071830258, 4.61732195684844 ], [ -74.071829040999901, 4.61732133084841 ], [ -74.071829282, 4.61732085484844 ], [ -74.071826894, 4.61731962684841 ], [ -74.071804089999901, 4.61737114784846 ], [ -74.071768874, 4.61735496784842 ] ] ] ] } },
{ "type": "Feature", "properties": { "OBJECTID": 177, "NTRCODIGO": 94, "NTRNOMBRE": "AV 39", "NTRTIPO": 2, "NTRMODO": 2, "NTRMTRANSP": 5, "GLOBALID": "f6f15fd2-0820-4a83-87b1-4ef3bae77116", "Shape__Area": 5.2200221034581799e-08, "Shape__Length": 0.0027965071118608701 }, "geometry": { "type": "MultiPolygon", "coordinates": [ [ [ [ -74.068755048, 4.6264247598481 ], [ -74.068773221, 4.62633802684812 ], [ -74.068770832, 4.62633761484815 ], [ -74.068792785, 4.62620932384815 ], [ -74.068795893, 4.62620986084816 ], [ -74.068803211, 4.62616709484812 ], [ -74.068800102999901, 4.62616656084814 ], [ -74.068822058, 4.62603827084813 ], [ -74.068825164, 4.62603880584816 ], [ -74.068840006999906, 4.62595207584813 ], [ -74.068841356999897, 4.62595230784812 ], [ -74.068841267, 4.62595283384813 ], [ -74.068844844999902, 4.62595345084814 ], [ -74.068844966, 4.62595274684815 ], [ -74.068846564, 4.62595302084814 ], [ -74.068846443, 4.62595372484814 ], [ -74.068871481, 4.62595803884817 ], [ -74.068871602999906, 4.62595733584816 ], [ -74.068873289, 4.62595762584816 ], [ -74.068873168, 4.62595833084815 ], [ -74.068876745999901, 4.62595894684817 ], [ -74.068876836999905, 4.62595841984818 ], [ -74.068878185999907, 4.62595865384814 ], [ -74.068863343, 4.62604538284817 ], [ -74.068866451, 4.62604591884813 ], [ -74.068844497, 4.62617420984814 ], [ -74.0688413889999, 4.62617367584816 ], [ -74.068834072, 4.62621643884817 ], [ -74.068837179, 4.62621697384814 ], [ -74.068815225, 4.62634526484814 ], [ -74.068813352, 4.62634494084815 ], [ -74.068795499, 4.62643308784814 ], [ -74.068755048, 4.6264247598481 ] ] ], [ [ [ -74.068649162, 4.62706126484813 ], [ -74.068661323999905, 4.62699978084812 ], [ -74.068660459999904, 4.62699962984813 ], [ -74.068664374, 4.62697705384813 ], [ -74.068661268, 4.62697651184813 ], [ -74.0686835, 4.62684826884813 ], [ -74.068686608, 4.62684880984814 ], [ -74.06869402, 4.62680606284813 ], [ -74.068690912, 4.62680552184812 ], [ -74.068713145999894, 4.6266772798481 ], [ -74.068716252999906, 4.6266778228481 ], [ -74.068723871, 4.62663387284814 ], [ -74.06872522, 4.62663410784815 ], [ -74.068725131, 4.6266346338481 ], [ -74.068728705999902, 4.6266352578481 ], [ -74.068728828, 4.62663455484815 ], [ -74.068730425, 4.62663483284811 ], [ -74.068730305, 4.62663553584812 ], [ -74.068755333, 4.62663990384814 ], [ -74.068755456, 4.62663920084812 ], [ -74.068757142, 4.62663949584813 ], [ -74.068757019, 4.62664019884814 ], [ -74.068760595999905, 4.62664082284814 ], [ -74.068760687999898, 4.62664029784812 ], [ -74.068762035, 4.62664053284813 ], [ -74.068754415999905, 4.62668448284815 ], [ -74.068757523, 4.62668502584816 ], [ -74.068735289, 4.62681326784811 ], [ -74.068732182, 4.6268127258481 ], [ -74.068724773, 4.62685547284811 ], [ -74.068727878999894, 4.62685601584811 ], [ -74.068705644, 4.62698425784812 ], [ -74.068702538, 4.62698371584811 ], [ -74.068698625, 4.62700629084811 ], [ -74.068697404, 4.62700607884814 ], [ -74.068689612999904, 4.62706840384812 ], [ -74.068649162, 4.62706126484813 ] ] ], [ [ [ -74.068550414999905, 4.62761924884807 ], [ -74.068565377, 4.62755872084812 ], [ -74.068564879999897, 4.6275586308481 ], [ -74.068580294999904, 4.62747200284809 ], [ -74.068577191, 4.62747144584812 ], [ -74.068599994, 4.62734330484813 ], [ -74.068603098, 4.62734386184809 ], [ -74.068610911999897, 4.62729994384813 ], [ -74.068612259, 4.62730018684812 ], [ -74.068612166, 4.62730071284812 ], [ -74.06861574, 4.62730135284812 ], [ -74.068615866, 4.62730064884812 ], [ -74.068617551, 4.6273009518481 ], [ -74.068617425, 4.62730165384812 ], [ -74.068642435, 4.62730613484808 ], [ -74.068642559, 4.62730543184813 ], [ -74.068644155, 4.62730571784812 ], [ -74.068644031, 4.62730642084813 ], [ -74.068647605, 4.62730706184812 ], [ -74.0686477, 4.62730653484811 ], [ -74.068649047, 4.62730677684811 ], [ -74.068641231999905, 4.6273506928481 ], [ -74.068644336, 4.62735124984811 ], [ -74.068621535, 4.62747939084812 ], [ -74.06861843, 4.62747883384809 ], [ -74.068603014, 4.62756546384809 ], [ -74.068601666999896, 4.6275652218481 ], [ -74.06860176, 4.62756469784812 ], [ -74.068600335, 4.62756444284809 ], [ -74.068589676, 4.62762519784808 ], [ -74.068550414999905, 4.62761924884807 ] ] ] ] } },
{ "type": "Feature", "properties": { "OBJECTID": 180, "NTRCODIGO": 95, "NTRNOMBRE": "CALLE 45", "NTRTIPO": 2, "NTRMODO": 2, "NTRMTRANSP": 5, "GLOBALID": "112642c1-e470-4174-b3a9-00edcbeb23e5", "Shape__Area": 5.2194081945344799e-08, "Shape__Length": 0.0028007038714030598 }, "geometry": { "type": "MultiPolygon", "coordinates": [ [ [ [ -74.067925924999898, 4.63103829684796 ], [ -74.067942237999901, 4.630952163848 ], [ -74.067939811, 4.630951723848 ], [ -74.067962854, 4.63082362684798 ], [ -74.067965957, 4.63082418884801 ], [ -74.067973637, 4.63078148884802 ], [ -74.067970535, 4.630780926848 ], [ -74.067993579, 4.630652827848 ], [ -74.06799668, 4.63065339084801 ], [ -74.068012261, 4.63056679184797 ], [ -74.068013607999902, 4.63056703584801 ], [ -74.068013513, 4.63056755984798 ], [ -74.068017085999898, 4.63056820684802 ], [ -74.068017212, 4.63056750384801 ], [ -74.068018808, 4.63056779284802 ], [ -74.068018681999902, 4.63056849584797 ], [ -74.068043681999896, 4.63057302284802 ], [ -74.068043809, 4.630572320848 ], [ -74.0680454929999, 4.630572625848 ], [ -74.068045368, 4.63057332884803 ], [ -74.068048941, 4.63057397684799 ], [ -74.068049034999902, 4.63057345184797 ], [ -74.068050382, 4.63057369684799 ], [ -74.0680348019999, 4.63066029584798 ], [ -74.068037906, 4.630660857848 ], [ -74.068014863, 4.630788955848 ], [ -74.068011759999905, 4.63078839384798 ], [ -74.068004077999902, 4.63083109284798 ], [ -74.068007181, 4.63083165484801 ], [ -74.067984136999897, 4.63095975284801 ], [ -74.067981034, 4.63095919184797 ], [ -74.067976975, 4.63098173984798 ], [ -74.067965899999905, 4.63104686284798 ], [ -74.067925924999898, 4.63103829684796 ] ] ], [ [ [ -74.067813577, 4.63166373884795 ], [ -74.067817632, 4.63164118884797 ], [ -74.06781453, 4.63164062684794 ], [ -74.067837574, 4.631512528848 ], [ -74.067840676999893, 4.63151308984797 ], [ -74.067848357999907, 4.63147039084797 ], [ -74.067845255999899, 4.63146982784796 ], [ -74.067868298999898, 4.63134172984795 ], [ -74.067871402, 4.63134229284797 ], [ -74.067879299, 4.631298391848 ], [ -74.067880645999907, 4.63129863584798 ], [ -74.067880552, 4.63129915984796 ], [ -74.067884125, 4.63129980784798 ], [ -74.067884251, 4.63129910584795 ], [ -74.067885847999904, 4.63129939284799 ], [ -74.067885722, 4.63130009684798 ], [ -74.06791072, 4.63130462384798 ], [ -74.067910847, 4.631303922848 ], [ -74.067912532, 4.63130422684797 ], [ -74.067912405, 4.63130492984798 ], [ -74.067915978, 4.63130557784795 ], [ -74.067916074, 4.63130505384798 ], [ -74.067917421999894, 4.63130529684797 ], [ -74.067909524, 4.63134919584795 ], [ -74.067912626, 4.63134975884797 ], [ -74.067889582, 4.63147785784796 ], [ -74.067886479, 4.63147729584799 ], [ -74.067878796999906, 4.63151999484799 ], [ -74.0678819029999, 4.63152055684796 ], [ -74.067858857, 4.63164865484797 ], [ -74.067856903999896, 4.63164830084796 ], [ -74.067840265, 4.63173500284799 ], [ -74.067802193, 4.63172453284798 ], [ -74.067814224, 4.63166385584796 ], [ -74.067813577, 4.63166373884795 ] ] ], [ [ [ -74.067712726, 4.63227942284795 ], [ -74.067726487999906, 4.63221336384796 ], [ -74.067725142, 4.63221311884792 ], [ -74.067740719, 4.63212651984795 ], [ -74.067737617, 4.63212595684793 ], [ -74.067760661, 4.63199785984798 ], [ -74.067763763, 4.63199842084795 ], [ -74.067771662, 4.63195451984792 ], [ -74.067773009999897, 4.63195476484795 ], [ -74.067772912999899, 4.63195529084796 ], [ -74.067776486999904, 4.63195593784794 ], [ -74.067776612, 4.63195523484792 ], [ -74.067778297, 4.63195553884795 ], [ -74.067778172, 4.63195624184796 ], [ -74.067803172, 4.63196077084793 ], [ -74.067803298999905, 4.63196006884796 ], [ -74.067804894999895, 4.63196035684793 ], [ -74.067804769, 4.63196105884796 ], [ -74.067808341, 4.63196170584793 ], [ -74.067808435, 4.63196118184796 ], [ -74.067809783, 4.63196142584794 ], [ -74.067801884999895, 4.63200532684796 ], [ -74.067804989, 4.63200588884793 ], [ -74.067781944, 4.63213398684793 ], [ -74.067778840999907, 4.63213342484796 ], [ -74.067763263, 4.63222002384794 ], [ -74.067761914999906, 4.63221977984797 ], [ -74.06776201, 4.63221925584794 ], [ -74.067760458, 4.63221897484796 ], [ -74.067747942, 4.63228513384793 ], [ -74.067712726, 4.63227942284795 ] ] ] ] } },
{ "type": "Feature", "properties": { "OBJECTID": 183, "NTRCODIGO": 97, "NTRNOMBRE": "MARLY", "NTRTIPO": 2, "NTRMODO": 2, "NTRMTRANSP": 5, "GLOBALID": "3526e6f6-481d-4a08-8e6d-83c839315e6b", "Shape__Area": 4.9645194621916698e-08, "Shape__Length": 0.0027522732661271801 }, "geometry": { "type": "MultiPolygon", "coordinates": [ [ [ [ -74.066722989, 4.63771589684774 ], [ -74.066737925, 4.63764033984779 ], [ -74.066737078, 4.63764019184777 ], [ -74.066759336, 4.63751195284778 ], [ -74.066762442, 4.63751249584779 ], [ -74.06676986, 4.63746974984776 ], [ -74.066766754, 4.63746920584778 ], [ -74.066789011, 4.63734096884776 ], [ -74.066792117, 4.63734151084777 ], [ -74.066799746, 4.63729756384778 ], [ -74.066801095, 4.6372977988478 ], [ -74.066801003, 4.63729832484781 ], [ -74.066804579999896, 4.6372989488478 ], [ -74.066804702, 4.63729824584779 ], [ -74.066806299, 4.6372985238478 ], [ -74.066806178, 4.63729922884779 ], [ -74.066831206, 4.63730360084777 ], [ -74.0668313259999, 4.63730289784776 ], [ -74.066833013, 4.63730319284778 ], [ -74.066832892, 4.63730389584778 ], [ -74.066836469, 4.63730452184776 ], [ -74.06683656, 4.63730399684779 ], [ -74.066837908, 4.63730423184781 ], [ -74.066830281, 4.63734817984779 ], [ -74.066833389, 4.6373487218478 ], [ -74.066811131999899, 4.63747696084779 ], [ -74.066808024999901, 4.63747641884777 ], [ -74.066800604, 4.63751916384775 ], [ -74.066803712, 4.63751970584776 ], [ -74.066781455999902, 4.63764794484775 ], [ -74.066778349999893, 4.63764740284779 ], [ -74.06677443, 4.6376699778478 ], [ -74.066773156999901, 4.63766975384778 ], [ -74.066762964, 4.63772303484774 ], [ -74.066722989, 4.63771589684774 ] ] ], [ [ [ -74.066879466, 4.6368215908478 ], [ -74.066901722999901, 4.63669335184782 ], [ -74.066904829, 4.63669389484782 ], [ -74.066919876, 4.63660720084782 ], [ -74.066921226, 4.63660743684782 ], [ -74.066921134, 4.63660796184779 ], [ -74.06692471, 4.63660858584778 ], [ -74.066924833, 4.63660788284782 ], [ -74.066926429, 4.63660816284782 ], [ -74.066926308, 4.63660886584783 ], [ -74.066951336, 4.63661323984778 ], [ -74.066951457, 4.63661253484779 ], [ -74.066953143, 4.63661283084779 ], [ -74.066953022999897, 4.63661353284781 ], [ -74.06695504, 4.63661388584778 ], [ -74.0669376929999, 4.63671113284781 ], [ -74.066936426, 4.63671295384783 ], [ -74.066917153, 4.63683073684777 ], [ -74.066917787, 4.6368344158478 ], [ -74.066870154999904, 4.63708609384777 ], [ -74.066833634, 4.63708058084776 ], [ -74.066850097, 4.63699262784777 ], [ -74.066874045, 4.63686468584776 ], [ -74.066882028, 4.6368220378478 ], [ -74.066879466, 4.6368215908478 ] ] ], [ [ [ -74.066626621, 4.63827697384777 ], [ -74.066654953, 4.63812566584777 ], [ -74.066652088999902, 4.63812515184774 ], [ -74.066674932999902, 4.63799701784774 ], [ -74.066678038, 4.63799757484775 ], [ -74.066685866999904, 4.63795366084775 ], [ -74.066687214999902, 4.63795390384774 ], [ -74.066687122, 4.63795442984775 ], [ -74.066690696, 4.63795506884776 ], [ -74.06669082, 4.63795436584774 ], [ -74.066692504999907, 4.63795466984777 ], [ -74.066692380999896, 4.63795537184773 ], [ -74.066717387, 4.63795986184777 ], [ -74.066717513999905, 4.63795915984775 ], [ -74.06671911, 4.63795944584773 ], [ -74.066718984, 4.63796014884775 ], [ -74.066722558, 4.63796078984774 ], [ -74.066722652, 4.63796026384778 ], [ -74.066724, 4.63796050784776 ], [ -74.06671617, 4.63800441884774 ], [ -74.066719275, 4.63800497784773 ], [ -74.066696428999904, 4.63813311084776 ], [ -74.066693326, 4.63813255384775 ], [ -74.06667788, 4.63821917784774 ], [ -74.066676803999897, 4.63821898484774 ], [ -74.066664454, 4.63828268484774 ], [ -74.066626621, 4.63827697384777 ] ] ] ] } },
{ "type": "Feature", "properties": { "OBJECTID": 186, "NTRCODIGO": 99, "NTRNOMBRE": "CALLE 57", "NTRTIPO": 2, "NTRMODO": 2, "NTRMTRANSP": 5, "GLOBALID": "83178a1c-86f7-4416-ab5c-2dae56eca90d", "Shape__Area": 5.1880505225199198e-08, "Shape__Length": 0.0027647727429251198 }, "geometry": { "type": "MultiPolygon", "coordinates": [ [ [ [ -74.065873854, 4.64259555284759 ], [ -74.065886128, 4.64251781784761 ], [ -74.06588418, 4.64251747384761 ], [ -74.065906621, 4.64238926784761 ], [ -74.065909725, 4.64238981584761 ], [ -74.065917205999895, 4.64234707984761 ], [ -74.065914098999897, 4.64234653284759 ], [ -74.065936538, 4.64221832684759 ], [ -74.065939645, 4.64221887284762 ], [ -74.065954814, 4.64213220084761 ], [ -74.0659561639999, 4.64213243784761 ], [ -74.065956071999906, 4.64213296384762 ], [ -74.0659596469999, 4.6421335938476 ], [ -74.065959770999896, 4.6421328898476 ], [ -74.065961368, 4.64213317284762 ], [ -74.065961245, 4.64213387584763 ], [ -74.065986266, 4.64213828584761 ], [ -74.06598639, 4.64213757984763 ], [ -74.065988075, 4.64213787884765 ], [ -74.065987951999901, 4.64213858184761 ], [ -74.065991529, 4.64213921184765 ], [ -74.065991619, 4.64213868684764 ], [ -74.065992968, 4.64213892384762 ], [ -74.065977798999896, 4.64222559784761 ], [ -74.065980904999904, 4.64222614384763 ], [ -74.065958466, 4.64235434884764 ], [ -74.06595536, 4.64235380384761 ], [ -74.065947879, 4.64239653884763 ], [ -74.065950985, 4.64239708684763 ], [ -74.065928546999899, 4.64252529184764 ], [ -74.065925440999905, 4.64252474484762 ], [ -74.065921489999894, 4.64254731384763 ], [ -74.065920639, 4.64254716384763 ], [ -74.065910974, 4.64260054984762 ], [ -74.065873854, 4.64259555284759 ] ] ], [ [ [ -74.065755356999901, 4.64327155784758 ], [ -74.065770396999895, 4.6431860178476 ], [ -74.065767803, 4.6431855598476 ], [ -74.065790240999902, 4.64305735384761 ], [ -74.0657933479999, 4.64305790184761 ], [ -74.065800826, 4.64301516684759 ], [ -74.065797722, 4.6430146178476 ], [ -74.065820161, 4.6428864118476 ], [ -74.065823265999896, 4.64288695884762 ], [ -74.065830956, 4.64284302184757 ], [ -74.065832305999905, 4.64284325984762 ], [ -74.065832214, 4.64284378384758 ], [ -74.065835788999905, 4.64284441584761 ], [ -74.065835913999905, 4.6428437128476 ], [ -74.065837509999895, 4.6428439928476 ], [ -74.065837388, 4.64284469584761 ], [ -74.065862408, 4.64284910584758 ], [ -74.065862530999894, 4.64284840284762 ], [ -74.065864217, 4.64284869884762 ], [ -74.065864094999895, 4.64284940284762 ], [ -74.065867671, 4.6428500338476 ], [ -74.065867763, 4.64284950784759 ], [ -74.065869111, 4.64284974684762 ], [ -74.065861422, 4.64289368284762 ], [ -74.065864527, 4.64289422884758 ], [ -74.065842087, 4.64302243684762 ], [ -74.065838981, 4.64302188884762 ], [ -74.065831502, 4.64306462384758 ], [ -74.0658346069999, 4.64306517084759 ], [ -74.065812168, 4.64319337884757 ], [ -74.065809064, 4.64319282984757 ], [ -74.0658059, 4.64321090584758 ], [ -74.065795331999894, 4.64328012384759 ], [ -74.065755356999901, 4.64327155784758 ] ] ], [ [ [ -74.065661844, 4.64382192684755 ], [ -74.065686968, 4.64367369684758 ], [ -74.06568536, 4.64367341384756 ], [ -74.065707801, 4.64354520784756 ], [ -74.065710905999893, 4.64354575484758 ], [ -74.065718386, 4.64350301784757 ], [ -74.065756539999896, 4.64350974284757 ], [ -74.065749059, 4.64355247784759 ], [ -74.065752166, 4.64355302584759 ], [ -74.065729727, 4.64368123184759 ], [ -74.06572662, 4.64368068384758 ], [ -74.065711451, 4.64376735784757 ], [ -74.065710101, 4.6437671188476 ], [ -74.065710193, 4.64376659484757 ], [ -74.065709184, 4.64376641684758 ], [ -74.065701105, 4.64382835184759 ], [ -74.065661844, 4.64382192684755 ] ] ] ] } },
{ "type": "Feature", "properties": { "OBJECTID": 189, "NTRCODIGO": 100, "NTRNOMBRE": "CALLE 63", "NTRTIPO": 2, "NTRMODO": 2, "NTRMTRANSP": 5, "GLOBALID": "9ca8fec5-d1c7-4568-a44c-2735f802c3dd", "Shape__Area": 5.2900560376656398e-08, "Shape__Length": 0.0027968389542755 }, "geometry": { "type": "MultiPolygon", "coordinates": [ [ [ [ -74.06493254, 4.64791950184742 ], [ -74.064947473, 4.64782950884747 ], [ -74.064946925, 4.64782941584743 ], [ -74.064968503, 4.64770106184746 ], [ -74.064971613, 4.64770158884746 ], [ -74.064978805, 4.64765880284746 ], [ -74.064975697, 4.64765827684746 ], [ -74.064997277, 4.64752992184745 ], [ -74.065000385, 4.64753044884744 ], [ -74.065014974999897, 4.64744367584742 ], [ -74.065016325, 4.64744390584744 ], [ -74.065016236, 4.64744442984747 ], [ -74.065019816, 4.64744503684747 ], [ -74.065019935, 4.64744433184742 ], [ -74.065021532999907, 4.64744460284745 ], [ -74.065021413999901, 4.64744530584747 ], [ -74.065046466, 4.64744954684746 ], [ -74.065046584999905, 4.64744884384745 ], [ -74.065048272999903, 4.64744912984744 ], [ -74.0650481549999, 4.64744983184747 ], [ -74.065051734999898, 4.64745043984746 ], [ -74.065051823, 4.64744991384745 ], [ -74.065053174, 4.64745014184742 ], [ -74.065038585, 4.64753691384746 ], [ -74.065041694999906, 4.64753744084745 ], [ -74.065020113999907, 4.64766579484742 ], [ -74.065017005, 4.64766526884747 ], [ -74.065009809999907, 4.64770805484746 ], [ -74.065012920999905, 4.64770857984743 ], [ -74.064991340999896, 4.64783693484743 ], [ -74.06498891, 4.64783652384746 ], [ -74.064972514, 4.64792806784744 ], [ -74.06493254, 4.64791950184742 ] ] ], [ [ [ -74.064827162, 4.64851963984745 ], [ -74.064829711999906, 4.64850257084742 ], [ -74.064827141, 4.64850210084744 ], [ -74.064850400999902, 4.64837404284742 ], [ -74.064853501999906, 4.6483746088474 ], [ -74.064861256, 4.64833192284743 ], [ -74.064858153, 4.6483313558474 ], [ -74.064881411, 4.64820329684744 ], [ -74.064884513, 4.64820386284743 ], [ -74.064892484, 4.6481599778474 ], [ -74.064893831999896, 4.64816022284743 ], [ -74.064893736, 4.64816074784745 ], [ -74.064897307, 4.64816140184741 ], [ -74.064897435, 4.64816069884745 ], [ -74.064899032, 4.64816098984744 ], [ -74.064898904, 4.6481616928474 ], [ -74.064923898, 4.64816626284745 ], [ -74.064924023999893, 4.64816556084741 ], [ -74.064925708, 4.6481658688474 ], [ -74.06492558, 4.64816657084743 ], [ -74.064929151999905, 4.64816722384745 ], [ -74.064929247, 4.64816669984742 ], [ -74.064930596, 4.64816694484745 ], [ -74.064922625, 4.64821083284744 ], [ -74.064925726, 4.64821139984742 ], [ -74.064902468, 4.64833945984741 ], [ -74.064899365, 4.6483388918474 ], [ -74.064891613, 4.64838157784743 ], [ -74.064894715, 4.64838214584744 ], [ -74.064871455999906, 4.6485102048474 ], [ -74.064868371, 4.64850963984741 ], [ -74.064854731, 4.64859693384744 ], [ -74.064816897999904, 4.64858836784741 ], [ -74.064826325, 4.6485252448474 ], [ -74.064827162, 4.64851963984745 ] ] ], [ [ [ -74.064711964, 4.64915729684739 ], [ -74.0647381429999, 4.64900404984738 ], [ -74.064736046999897, 4.64900366784739 ], [ -74.064759303999907, 4.64887560784738 ], [ -74.064762407, 4.64887617584741 ], [ -74.064770159, 4.64883348784739 ], [ -74.064808270999904, 4.64884045684741 ], [ -74.064800519, 4.64888314184741 ], [ -74.064803621, 4.64888370984742 ], [ -74.064780362, 4.64901176984743 ], [ -74.064777686999903, 4.64901127984737 ], [ -74.064751938, 4.64916229384741 ], [ -74.064711964, 4.64915729684739 ] ] ] ] } },
{ "type": "Feature", "properties": { "OBJECTID": 194, "NTRCODIGO": 131, "NTRNOMBRE": "HEROES", "NTRTIPO": 2, "NTRMODO": 2, "NTRMTRANSP": 5, "GLOBALID": "e7515048-09ed-4a2e-a3bf-c078d5673767", "Shape__Area": 7.8224019262051998e-08, "Shape__Length": 0.0051550240473143697 }, "geometry": { "type": "MultiPolygon", "coordinates": [ [ [ [ -74.060198528999905, 4.66841826684677 ], [ -74.060271116, 4.66799267684676 ], [ -74.060306824, 4.66799886884677 ], [ -74.06023321, 4.66842618484676 ], [ -74.060198528999905, 4.66841826684677 ] ] ], [ [ [ -74.0601091139999, 4.66894251684676 ], [ -74.060182112999897, 4.66851451084679 ], [ -74.060216832, 4.66852125784677 ], [ -74.060143018, 4.66894973084676 ], [ -74.0601091139999, 4.66894251684676 ] ] ], [ [ [ -74.060286469999895, 4.66843834484675 ], [ -74.060367951, 4.66801213284679 ], [ -74.060403284, 4.66801917184681 ], [ -74.060317864999902, 4.66844551284677 ], [ -74.060286469999895, 4.66843834484675 ] ] ], [ [ [ -74.06018712, 4.66895801984675 ], [ -74.060268692, 4.66853133484678 ], [ -74.060299471, 4.66853731584674 ], [ -74.060214341999895, 4.66896220784675 ], [ -74.06018712, 4.66895801984675 ] ] ], [ [ [ -74.060321390999903, 4.66770356484681 ], [ -74.060375812, 4.66738448584681 ], [ -74.060407187, 4.6673899268468 ], [ -74.060352586, 4.6677076778468 ], [ -74.060321390999903, 4.66770356484681 ] ] ], [ [ [ -74.060497905, 4.66744555584682 ], [ -74.060505766999896, 4.66740829584683 ], [ -74.060535430999906, 4.66741343984683 ], [ -74.0604682109999, 4.6677295378468 ], [ -74.060438798999897, 4.66772388284681 ], [ -74.060497905, 4.66744555584682 ] ] ] ] } },
{ "type": "Feature", "properties": { "OBJECTID": 209, "NTRCODIGO": 157, "NTRNOMBRE": "ALCALA", "NTRTIPO": 2, "NTRMODO": 2, "NTRMTRANSP": 5, "GLOBALID": "e2acbcc2-c5d4-4da3-8c75-6998a8a96eb9", "Shape__Area": 5.8646264733397402e-08, "Shape__Length": 0.0031037720683562602 }, "geometry": { "type": "MultiPolygon", "coordinates": [ [ [ [ -74.051521053, 4.72064614784509 ], [ -74.051602847, 4.72014973284506 ], [ -74.051643844999901, 4.7201555938451 ], [ -74.051562646, 4.72065163884506 ], [ -74.051521053, 4.72064614784509 ] ] ], [ [ [ -74.051294428999896, 4.72203696684504 ], [ -74.051374854999906, 4.72155345984504 ], [ -74.051415682, 4.72156019984505 ], [ -74.05133488, 4.72204315284505 ], [ -74.051294428999896, 4.72203696684504 ] ] ], [ [ [ -74.051417321, 4.72131048884507 ], [ -74.051488554999906, 4.72087951884507 ], [ -74.05152615, 4.72088609784506 ], [ -74.051459199, 4.72131619984504 ], [ -74.051417321, 4.72131048884507 ] ] ] ] } },
{ "type": "Feature", "properties": { "OBJECTID": 214, "NTRCODIGO": 158, "NTRNOMBRE": "CALLE 142", "NTRTIPO": 2, "NTRMODO": 2, "NTRMTRANSP": 5, "GLOBALID": "02c46503-32c5-4b22-9005-3d931e0e739f", "Shape__Area": 5.6767390788081697e-08, "Shape__Length": 0.00389965248491124 }, "geometry": { "type": "MultiPolygon", "coordinates": [ [ [ [ -74.050319714999901, 4.72781142884482 ], [ -74.050397603, 4.72734136384485 ], [ -74.05042787, 4.72734389684484 ], [ -74.050350236, 4.72781607784483 ], [ -74.050319714999901, 4.72781142884482 ] ] ], [ [ [ -74.050598607, 4.7263835038449 ], [ -74.050674198, 4.72591039884489 ], [ -74.050705826999902, 4.7259156008449 ], [ -74.050626862999906, 4.72638766784486 ], [ -74.050598607, 4.7263835038449 ] ] ], [ [ [ -74.050690377, 4.72581161684488 ], [ -74.050760651, 4.7253825628449 ], [ -74.050792924999897, 4.72538734884494 ], [ -74.050721903, 4.72581810084492 ], [ -74.050690377, 4.72581161684488 ] ] ], [ [ [ -74.050232343999895, 4.72833872984485 ], [ -74.050303102, 4.72791169384484 ], [ -74.050333781999896, 4.72791615584484 ], [ -74.05026345, 4.72834392784484 ], [ -74.050232343999895, 4.72833872984485 ] ] ] ] } },
{ "type": "Feature", "properties": { "OBJECTID": 215, "NTRCODIGO": 172, "NTRNOMBRE": "TERMINAL", "NTRTIPO": 2, "NTRMODO": 2, "NTRMTRANSP": 5, "GLOBALID": "729e9bfb-719a-4dda-aba8-e53b79a69622", "Shape__Area": 4.6731145175726898e-08, "Shape__Length": 0.0022517096372827502 }, "geometry": { "type": "Polygon", "coordinates": [ [ [ -74.04368446, 4.76876028784353 ], [ -74.043523169, 4.76873212384351 ], [ -74.0435017, 4.76885140784349 ], [ -74.043426420999893, 4.76884057284349 ], [ -74.043415604, 4.76891037784349 ], [ -74.043398549999907, 4.76899014484348 ], [ -74.043373167, 4.76898476684351 ], [ -74.043377761, 4.76895526784352 ], [ -74.043439583999898, 4.7685582428435 ], [ -74.043439851999906, 4.76855828684354 ], [ -74.043440303, 4.76855555284352 ], [ -74.04347161, 4.76855907584349 ], [ -74.04345662, 4.76865105784351 ], [ -74.04345284, 4.76867179384351 ], [ -74.043687109, 4.76871473284348 ], [ -74.043691633, 4.76871515184349 ], [ -74.043710093, 4.76859900684349 ], [ -74.04374031, 4.76860274084351 ], [ -74.043668975999907, 4.76903522184352 ], [ -74.043640779, 4.76903129584348 ], [ -74.043645792999897, 4.76899608384348 ], [ -74.043653639999903, 4.76895420084349 ], [ -74.04368446, 4.76876028784353 ] ] ] } },
{ "type": "Feature", "properties": { "OBJECTID": 216, "NTRCODIGO": 1915, "NTRNOMBRE": "TERMINAL DE PASAJEROS DE TRANSPORTE INTERURBANO DEL NORTE", "NTRTIPO": 1, "NTRMODO": 2, "NTRMTRANSP": 10, "GLOBALID": "4504b5cd-79e9-4743-9e85-a99b1c916ef6", "Shape__Area": 8.5229723651991696e-06, "Shape__Length": 0.0203651870362721 }, "geometry": { "type": "MultiPolygon", "coordinates": [ [ [ [ -74.040289743, 4.77055171084344 ], [ -74.040035533, 4.77053980084344 ], [ -74.039859889, 4.77054720184344 ], [ -74.039365137999894, 4.77059852384343 ], [ -74.038981282999899, 4.77061441884342 ], [ -74.039005554, 4.77047593384344 ], [ -74.039044100999902, 4.77036171984344 ], [ -74.039225416, 4.76965216484345 ], [ -74.0392968, 4.76934093084348 ], [ -74.040063152999906, 4.76940308284348 ], [ -74.042934686, 4.76978795984345 ], [ -74.0427409979999, 4.77094532984346 ], [ -74.042159458, 4.77084253684341 ], [ -74.041884392, 4.77079780384343 ], [ -74.040660397, 4.77060611384343 ], [ -74.040289743, 4.77055171084344 ] ] ], [ [ [ -74.043976068999896, 4.76909852284347 ], [ -74.044130257999896, 4.76811913684352 ], [ -74.04826945, 4.7693406338435 ], [ -74.047860182, 4.77030193584347 ], [ -74.043976068999896, 4.76909852284347 ] ] ] ] } },
{ "type": "Feature", "properties": { "OBJECTID": 225, "NTRCODIGO": 180, "NTRNOMBRE": "ESTACION BOSA", "NTRTIPO": 2, "NTRMODO": 2, "NTRMTRANSP": 5, "GLOBALID": "09370a39-a43f-47c0-bcd1-9f86ecd88ab4", "Shape__Area": 2.97212636723998e-08, "Shape__Length": 0.0018316414101704299 }, "geometry": { "type": "MultiPolygon", "coordinates": [ [ [ [ -74.181414121, 4.59688597584911 ], [ -74.181845993, 4.5968693198491 ], [ -74.181848373, 4.59690977084912 ], [ -74.181415311, 4.59691809884909 ], [ -74.181414121, 4.59688597584911 ] ] ], [ [ [ -74.180737165, 4.59690858084908 ], [ -74.181150000999907, 4.5969002528491 ], [ -74.181151191, 4.59693594484908 ], [ -74.180738355, 4.59694070384912 ], [ -74.180737165, 4.59690858084908 ] ] ] ] } },
{ "type": "Feature", "properties": { "OBJECTID": 230, "NTRCODIGO": 118, "NTRNOMBRE": "AV CHILE", "NTRTIPO": 2, "NTRMODO": 2, "NTRMTRANSP": 5, "GLOBALID": "91a2c8c2-7205-4e96-967e-41292bddb396", "Shape__Area": 7.0960311404633103e-08, "Shape__Length": 0.0049678252242942198 }, "geometry": { "type": "MultiPolygon", "coordinates": [ [ [ [ -74.074616837, 4.66640493684682 ], [ -74.074900508, 4.66607612084685 ], [ -74.074922372999893, 4.66609911684684 ], [ -74.074641143, 4.66642510484682 ], [ -74.074616837, 4.66640493684682 ] ] ], [ [ [ -74.074489891, 4.66629656884685 ], [ -74.074771303, 4.66597036984682 ], [ -74.074795394, 4.66599078584687 ], [ -74.074515097999907, 4.66631569184685 ], [ -74.074489891, 4.66629656884685 ] ] ], [ [ [ -74.074175898, 4.66691958184682 ], [ -74.07445898, 4.66658791784684 ], [ -74.074480862, 4.66661089484685 ], [ -74.074198741, 4.66693814184682 ], [ -74.074175898, 4.66691958184682 ] ] ], [ [ [ -74.074050262999904, 4.66681107884684 ], [ -74.074333614999901, 4.66647771484682 ], [ -74.074357055, 4.66649888684683 ], [ -74.074070964, 4.66682749684681 ], [ -74.074050262999904, 4.66681107884684 ] ] ], [ [ [ -74.074932773999905, 4.66578320184686 ], [ -74.075118108, 4.66556837184687 ], [ -74.075141948, 4.66558907684686 ], [ -74.074957142, 4.66580329484685 ], [ -74.074932773999905, 4.66578320184686 ] ] ], [ [ [ -74.075059672999899, 4.66589162484682 ], [ -74.075244126, 4.66567781684688 ], [ -74.075267966, 4.66569852284687 ], [ -74.075084606, 4.66591106484685 ], [ -74.075059672999899, 4.66589162484682 ] ] ] ] } },
{ "type": "Feature", "properties": { "OBJECTID": 239, "NTRCODIGO": 130, "NTRNOMBRE": "LA CASTELLANA", "NTRTIPO": 2, "NTRMODO": 2, "NTRMTRANSP": 5, "GLOBALID": "e279e336-9d36-4dfe-b868-c10d1bc4ec94", "Shape__Area": 3.3811033972597202e-08, "Shape__Length": 0.0024910114462078402 }, "geometry": { "type": "MultiPolygon", "coordinates": [ [ [ [ -74.063607625, 4.67601507384649 ], [ -74.063851115, 4.67587338284654 ], [ -74.063868519, 4.67590279084653 ], [ -74.063624577, 4.67604191384652 ], [ -74.063607625, 4.67601507384649 ] ] ], [ [ [ -74.063150666, 4.67627740684651 ], [ -74.063395822, 4.67613831284649 ], [ -74.063412318, 4.67616296884654 ], [ -74.063411663, 4.67616334184652 ], [ -74.063167322, 4.67630358184652 ], [ -74.063150666, 4.67627740684651 ] ] ], [ [ [ -74.065442926999907, 4.67509389684657 ], [ -74.065682899, 4.67494971284656 ], [ -74.065698456, 4.67497723284655 ], [ -74.065456578, 4.67511892384656 ], [ -74.065442926999907, 4.67509389684657 ] ] ], [ [ [ -74.06523079, 4.67522211584654 ], [ -74.065232013, 4.67522138084653 ], [ -74.065245902999905, 4.67524312284653 ], [ -74.065003085999905, 4.67538518984654 ], [ -74.06498758, 4.67536170184652 ], [ -74.06523079, 4.67522211584654 ] ] ] ] } },
{ "type": "Feature", "properties": { "OBJECTID": 242, "NTRCODIGO": 110, "NTRNOMBRE": "GRANJA - CARRERA 77", "NTRTIPO": 2, "NTRMODO": 2, "NTRMTRANSP": 5, "GLOBALID": "71af3ad4-86bb-449a-872e-cbdba7515429", "Shape__Area": 7.8160837801988197e-08, "Shape__Length": 0.0041272132222049396 }, "geometry": { "type": "MultiPolygon", "coordinates": [ [ [ [ -74.095208494, 4.69866816384576 ], [ -74.09516953, 4.69864667384577 ], [ -74.095168012, 4.69864944784576 ], [ -74.095054316999907, 4.69858674484579 ], [ -74.095055835, 4.69858397184579 ], [ -74.094772667, 4.69842780084578 ], [ -74.094733702, 4.69840631284577 ], [ -74.094732184, 4.69840908484578 ], [ -74.094618490999906, 4.69834638184581 ], [ -74.09462001, 4.6983436098458 ], [ -74.094515584, 4.6982849728458 ], [ -74.094538427, 4.6982478528458 ], [ -74.094638672, 4.6983095478458 ], [ -74.094640190999897, 4.69830677384581 ], [ -74.0947538839999, 4.69836947684577 ], [ -74.094752365, 4.69837225084577 ], [ -74.09479133, 4.69839373884578 ], [ -74.095074497, 4.69854990884581 ], [ -74.095076016999897, 4.69854713684579 ], [ -74.095189712, 4.69860983984581 ], [ -74.095188193, 4.69861261184577 ], [ -74.095227156, 4.69863410184576 ], [ -74.095262877, 4.69865365384579 ], [ -74.095241738, 4.6986873758458 ], [ -74.095208494, 4.69866816384576 ] ] ], [ [ [ -74.095449736, 4.69880759084578 ], [ -74.095468863999898, 4.69877092884577 ], [ -74.095590209, 4.69884277184577 ], [ -74.095930771, 4.69905496584578 ], [ -74.096003637, 4.69910296784576 ], [ -74.095980902999898, 4.69914122684576 ], [ -74.095731488999903, 4.69898108384575 ], [ -74.095449736, 4.69880759084578 ] ] ], [ [ [ -74.096797177, 4.69970744984577 ], [ -74.096820125, 4.69968105984575 ], [ -74.096841345, 4.69969713584576 ], [ -74.096863562, 4.69971396684574 ], [ -74.0969671, 4.69979240384575 ], [ -74.097001614, 4.69981855084572 ], [ -74.097105152, 4.69989698884572 ], [ -74.09717463, 4.69994962384575 ], [ -74.097196249, 4.69996600184575 ], [ -74.097173939999905, 4.69999340984574 ], [ -74.096797177, 4.69970744984577 ] ] ] ] } },
{ "type": "Feature", "properties": { "OBJECTID": 245, "NTRCODIGO": 169, "NTRNOMBRE": "AV. ROJAS", "NTRTIPO": 2, "NTRMODO": 2, "NTRMTRANSP": 5, "GLOBALID": "bdb32b27-f2ef-4d77-90c9-9a586dc0e975", "Shape__Area": 8.5841463715041794e-08, "Shape__Length": 0.0041278092399451103 }, "geometry": { "type": "MultiPolygon", "coordinates": [ [ [ [ -74.108812867, 4.66214061584697 ], [ -74.108625358, 4.66184785684699 ], [ -74.108647999, 4.66183495984696 ], [ -74.1087088579999, 4.66192309184698 ], [ -74.108761682, 4.66189168284696 ], [ -74.108678475, 4.66175918384699 ], [ -74.108705353999895, 4.66174370784701 ], [ -74.108894694, 4.66203516484695 ], [ -74.108872651999903, 4.66205049784697 ], [ -74.108866459, 4.66205543584699 ], [ -74.108891774, 4.66209468484699 ], [ -74.108812867, 4.66214061584697 ] ] ], [ [ [ -74.109181978, 4.66272347384698 ], [ -74.109030560999898, 4.66248202784697 ], [ -74.109054831, 4.66246727484695 ], [ -74.109072439, 4.66248583484695 ], [ -74.109120979999901, 4.66245585384694 ], [ -74.108996297, 4.66226073784697 ], [ -74.109022470999903, 4.66224360584698 ], [ -74.109214255, 4.66253723084695 ], [ -74.109184749999898, 4.66255293584697 ], [ -74.109166189999897, 4.66252438184699 ], [ -74.109133353999894, 4.66254341784695 ], [ -74.109209495999906, 4.66266524584698 ], [ -74.109189509, 4.66267571584693 ], [ -74.1092105, 4.66270925984695 ], [ -74.109181978, 4.66272347384698 ] ] ], [ [ [ -74.108357887, 4.66126350584702 ], [ -74.108385727, 4.66124780084701 ], [ -74.108402078, 4.66127557084699 ], [ -74.108575588, 4.66154340484697 ], [ -74.108550158, 4.66155879684699 ], [ -74.108548481999904, 4.661556178847 ], [ -74.108366727, 4.661277079847 ], [ -74.108357887, 4.66126350584702 ] ] ], [ [ [ -74.108300541999895, 4.66134916584699 ], [ -74.108330523, 4.661334888847 ], [ -74.108516835, 4.661629704847 ], [ -74.108495908, 4.66164301684701 ], [ -74.108300541999895, 4.66134916584699 ] ] ] ] } },
{ "type": "Feature", "properties": { "OBJECTID": 259, "NTRCODIGO": 57, "NTRNOMBRE": "RICAURTE", "NTRTIPO": 2, "NTRMODO": 2, "NTRMTRANSP": 5, "GLOBALID": "0f5501fd-2c09-4e74-a1b4-cdd7ad21164e", "Shape__Area": 8.8259781705346501e-08, "Shape__Length": 0.0036780673037569698 }, "geometry": { "type": "MultiPolygon", "coordinates": [ [ [ [ -74.091624305, 4.61365479184853 ], [ -74.091619545999905, 4.61363194884852 ], [ -74.091571004999906, 4.61363480384857 ], [ -74.091558632, 4.61350536184858 ], [ -74.091612883, 4.61352725284854 ], [ -74.091853684999904, 4.61351202384856 ], [ -74.091863202999903, 4.61363861084856 ], [ -74.091624305, 4.61365479184853 ] ] ], [ [ [ -74.09047566, 4.61304247684854 ], [ -74.090505640999893, 4.61301392284856 ], [ -74.090876599, 4.61334847584856 ], [ -74.090850901, 4.61337845684858 ], [ -74.09047566, 4.61304247684854 ] ] ], [ [ [ -74.08997169, 4.6125899038486 ], [ -74.090001671, 4.61256134984856 ], [ -74.090324107999905, 4.61285292684859 ], [ -74.090297052, 4.61288079084859 ], [ -74.08997169, 4.6125899038486 ] ] ], [ [ [ -74.089536075999902, 4.61219431184859 ], [ -74.089563356, 4.6121640008486 ], [ -74.089821566, 4.6123974978486 ], [ -74.089794509999905, 4.61242536184861 ], [ -74.089536075999902, 4.61219431184859 ] ] ] ] } },
{ "type": "Feature", "properties": { "OBJECTID": 264, "NTRCODIGO": 59, "NTRNOMBRE": "AMERICAS - CARRERA 53A", "NTRTIPO": 2, "NTRMODO": 2, "NTRMTRANSP": 5, "GLOBALID": "c64152bf-4ecc-40e5-9e3b-3c9d8b76b3fe", "Shape__Area": 6.6845188939623794e-08, "Shape__Length": 0.0041498523440538296 }, "geometry": { "type": "MultiPolygon", "coordinates": [ [ [ [ -74.11177689, 4.62783798684806 ], [ -74.11177689, 4.62780641784807 ], [ -74.112212309, 4.62782071984809 ], [ -74.112212762, 4.6278524098481 ], [ -74.11177689, 4.62783798684806 ] ] ], [ [ [ -74.111762241, 4.62798762284806 ], [ -74.111763450999902, 4.62795678084806 ], [ -74.112201656, 4.62800502184806 ], [ -74.11219615, 4.62803622384806 ], [ -74.111762241, 4.62798762284806 ] ] ], [ [ [ -74.110966468, 4.62789372384809 ], [ -74.110974082, 4.62777665484809 ], [ -74.111088295999906, 4.62778331684806 ], [ -74.111078778, 4.6279032418481 ], [ -74.110966468, 4.62789372384809 ] ] ], [ [ [ -74.111117087, 4.62781615384811 ], [ -74.111117087, 4.62778474484808 ], [ -74.111537288, 4.6277985468481 ], [ -74.111536716, 4.62783003984809 ], [ -74.111117087, 4.62781615384811 ] ] ], [ [ [ -74.111106618, 4.62791418784807 ], [ -74.111108520999906, 4.6278846818481 ], [ -74.111529996999906, 4.62793108084808 ], [ -74.111526928, 4.62796126584809 ], [ -74.111106618, 4.62791418784807 ] ] ] ] } },
{ "type": "Feature", "properties": { "OBJECTID": 267, "NTRCODIGO": 32, "NTRNOMBRE": "TRANSVERSAL 86", "NTRTIPO": 2, "NTRMODO": 2, "NTRMTRANSP": 5, "GLOBALID": "04bc5fd2-9225-4cde-a054-c84851059d37", "Shape__Area": 6.7924474933533903e-08, "Shape__Length": 0.00393818785172573 }, "geometry": { "type": "MultiPolygon", "coordinates": [ [ [ [ -74.152422716, 4.63463907684785 ], [ -74.152391751, 4.63460984384789 ], [ -74.152367480999899, 4.63463221084787 ], [ -74.152058459, 4.63432219084786 ], [ -74.152076711, 4.63430241784789 ], [ -74.152341016, 4.63455874584786 ], [ -74.152429013, 4.63447440484787 ], [ -74.152427590999906, 4.63447311084786 ], [ -74.152427918999905, 4.63447278684787 ], [ -74.152170936999894, 4.6342119978479 ], [ -74.152193866999895, 4.63419216784786 ], [ -74.152501206999901, 4.63450181684788 ], [ -74.15247884, 4.63452323184787 ], [ -74.152506917, 4.63455559284789 ], [ -74.152422716, 4.63463907684785 ] ] ], [ [ [ -74.151576334, 4.63384176184787 ], [ -74.151598915, 4.63382271884787 ], [ -74.15162842, 4.63384841684787 ], [ -74.151912051999901, 4.63413204784786 ], [ -74.151886788999903, 4.63415112484791 ], [ -74.151576334, 4.63384176184787 ] ] ], [ [ [ -74.15169052, 4.63372777384787 ], [ -74.151710292, 4.63370803684793 ], [ -74.152022046999903, 4.63402014984787 ], [ -74.152000567999906, 4.63404162884786 ], [ -74.151717326, 4.6337576398479 ], [ -74.15169052, 4.63372777384787 ] ] ] ] } },
{ "type": "Feature", "properties": { "OBJECTID": 272, "NTRCODIGO": 9, "NTRNOMBRE": "PORTAL DEL TUNAL", "NTRTIPO": 3, "NTRMODO": 2, "NTRMTRANSP": 5, "GLOBALID": "4776eacf-3e51-4681-865c-4d929692d407", "Shape__Area": 3.28450815345605e-06, "Shape__Length": 0.0092826561587341597 }, "geometry": { "type": "Polygon", "coordinates": [ [ [ -74.140019509999902, 4.56989841484999 ], [ -74.140127774999897, 4.57033623584997 ], [ -74.140151569999901, 4.57043022484996 ], [ -74.140190831, 4.57055514684995 ], [ -74.140224143999902, 4.57060749484996 ], [ -74.140425208, 4.57077524684993 ], [ -74.140890393, 4.57086328684996 ], [ -74.140933222999905, 4.57099415684992 ], [ -74.140931751, 4.57099551684992 ], [ -74.141065283, 4.57136225984994 ], [ -74.140998657999901, 4.57143078784991 ], [ -74.140993699, 4.57142838384993 ], [ -74.140951069, 4.57148028084993 ], [ -74.140907286999905, 4.57153358084991 ], [ -74.140859030999906, 4.5715816458499 ], [ -74.140828098, 4.57162162084995 ], [ -74.140800021, 4.57165302984992 ], [ -74.140790979, 4.5716753968499 ], [ -74.14078741, 4.57180888484991 ], [ -74.140790265, 4.57186813284993 ], [ -74.140884491999898, 4.57204230984989 ], [ -74.140966583, 4.57218721884991 ], [ -74.140519244, 4.5723892348499 ], [ -74.1403750489999, 4.5724520528499 ], [ -74.140358631, 4.57245419384989 ], [ -74.140345068, 4.5724520528499 ], [ -74.140339357, 4.57245062484988 ], [ -74.140334149999902, 4.57244727784987 ], [ -74.140333154, 4.57244778684989 ], [ -74.140306639999906, 4.5724186208499 ], [ -74.140263095, 4.57244003684988 ], [ -74.140268805999895, 4.57245431284988 ], [ -74.140270234, 4.5724743008499 ], [ -74.14027096, 4.57247956484988 ], [ -74.140273088999905, 4.57249500184989 ], [ -74.140270948, 4.57250999284988 ], [ -74.140266665, 4.57252426984987 ], [ -74.140258097999904, 4.5725371188499 ], [ -74.140245963, 4.57255353684988 ], [ -74.140230973, 4.57256067484987 ], [ -74.1401845729999, 4.57258423184989 ], [ -74.140088205, 4.57262277884986 ], [ -74.140062507, 4.57263348684991 ], [ -74.140051501999906, 4.57264143484987 ], [ -74.140041401, 4.57265073784989 ], [ -74.140028551999904, 4.57266073184987 ], [ -74.140009278, 4.57267215284988 ], [ -74.139993574, 4.57268071884989 ], [ -74.139966447999896, 4.57269071284988 ], [ -74.139955431, 4.57269416284988 ], [ -74.139934729999894, 4.57270130084989 ], [ -74.139921167, 4.5727055838499 ], [ -74.139912600999907, 4.57270915384989 ], [ -74.139902607, 4.57271200884988 ], [ -74.139891899, 4.5727134368499 ], [ -74.139880478, 4.57271486384987 ], [ -74.139867629, 4.57271486384987 ], [ -74.139852638, 4.57271557784987 ], [ -74.139829796, 4.57271557784987 ], [ -74.139812663, 4.57271058084986 ], [ -74.139789107, 4.57262277884986 ], [ -74.139795530999905, 4.57262991784991 ], [ -74.139809807999896, 4.57263420084986 ], [ -74.139822657, 4.57263776984987 ], [ -74.139847641, 4.57264205284987 ], [ -74.139857634999899, 4.57264205284987 ], [ -74.139871198, 4.57264205284987 ], [ -74.139884761, 4.57264062484991 ], [ -74.139894754999901, 4.57264062484991 ], [ -74.139907604, 4.57263776984987 ], [ -74.139917598, 4.57263491384988 ], [ -74.139926878, 4.57263063084988 ], [ -74.139937585, 4.5726256348499 ], [ -74.139945314, 4.57261845684987 ], [ -74.139943162, 4.57261072784986 ], [ -74.13983525, 4.57254711184989 ], [ -74.13983763, 4.57254235284991 ], [ -74.139830967, 4.57253854584987 ], [ -74.139818594, 4.57253045584988 ], [ -74.139803366, 4.57252141384989 ], [ -74.139796702999902, 4.57251332384989 ], [ -74.139791944, 4.5724990468499 ], [ -74.139792419999907, 4.57248714984987 ], [ -74.139792896, 4.57247810784989 ], [ -74.139796702999902, 4.57246525884992 ], [ -74.139809075999906, 4.57244336784989 ], [ -74.139838488, 4.5723886488499 ], [ -74.139852738999906, 4.57236793884991 ], [ -74.139872819999894, 4.57233014084991 ], [ -74.139872964999896, 4.5723298678499 ], [ -74.139887242, 4.57233581584986 ], [ -74.13989557, 4.57233165184991 ], [ -74.139898285999905, 4.57234082084991 ], [ -74.139914723999894, 4.57234771384989 ], [ -74.139937566999905, 4.5723662728499 ], [ -74.13997906, 4.5723822318499 ], [ -74.13998242, 4.57238162084988 ], [ -74.139990747999903, 4.57237924084986 ], [ -74.139997886999893, 4.57237448184989 ], [ -74.139998164, 4.57237416584988 ], [ -74.140002051, 4.5723697238499 ], [ -74.140005024999894, 4.57235842084989 ], [ -74.140005024999894, 4.57234890284988 ], [ -74.140000861, 4.57233997984988 ], [ -74.139993723, 4.57233046184987 ], [ -74.139985471, 4.57232083584992 ], [ -74.139985394, 4.57231975484987 ], [ -74.13998123, 4.5723132108499 ], [ -74.139974686999906, 4.57230666784991 ], [ -74.139963383999898, 4.57230071884991 ], [ -74.139950297, 4.57230071884991 ], [ -74.139931857, 4.5723007188499 ], [ -74.139903303, 4.5723007188499 ], [ -74.139869395999895, 4.57229833984988 ], [ -74.139848575, 4.57229120084989 ], [ -74.139830729, 4.57228703684987 ], [ -74.139819418999906, 4.5722827128499 ], [ -74.139810504, 4.57227930384991 ], [ -74.139790873, 4.57226740684987 ], [ -74.139784326, 4.57226188284992 ], [ -74.139781951, 4.57226062484992 ], [ -74.139754825, 4.57224206484992 ], [ -74.139729126, 4.57221065684988 ], [ -74.139711994, 4.57218353084991 ], [ -74.139689152, 4.5721421278499 ], [ -74.139673447, 4.57208502084988 ], [ -74.139654886999907, 4.57202363084989 ], [ -74.139627761, 4.57192797684989 ], [ -74.139546384, 4.57157962384991 ], [ -74.139446447, 4.57118701184994 ], [ -74.139290829999894, 4.57054598584997 ], [ -74.139252282, 4.57039036884996 ], [ -74.139213734999899, 4.57023332384998 ], [ -74.139159483999904, 4.57001631784998 ], [ -74.139136640999894, 4.56992209084995 ], [ -74.139118080999907, 4.56982500884998 ], [ -74.139116653, 4.56979502784997 ], [ -74.139118080999907, 4.56976647385 ], [ -74.139122363999903, 4.56973649284998 ], [ -74.139129501999903, 4.56971507784999 ], [ -74.139138068, 4.56968937984999 ], [ -74.13914747, 4.56967057685 ], [ -74.139185036999905, 4.56966490685 ], [ -74.139192932999904, 4.56966356285 ], [ -74.139263365, 4.56961311785 ], [ -74.139617428999898, 4.56956457684999 ], [ -74.139645981999905, 4.56956838384997 ], [ -74.139674536, 4.56957314285 ], [ -74.139716414, 4.56958456384995 ], [ -74.139716671, 4.56958465984997 ], [ -74.139757341, 4.56959979285 ], [ -74.139774473, 4.56960931084996 ], [ -74.139807785999906, 4.56963215384997 ], [ -74.139827773, 4.56965023784999 ], [ -74.139915336999906, 4.56971400685 ], [ -74.139956545, 4.56966081184999 ], [ -74.140019509999902, 4.56989841484999 ] ] ] } },
{ "type": "Feature", "properties": { "OBJECTID": 273, "NTRCODIGO": 13, "NTRNOMBRE": "PARQUE", "NTRTIPO": 2, "NTRMODO": 2, "NTRMTRANSP": 5, "GLOBALID": "30d5e91c-0bc6-4500-be3f-5ffda0de4420", "Shape__Area": 2.74670526323462e-08, "Shape__Length": 0.0020371705142622301 }, "geometry": { "type": "MultiPolygon", "coordinates": [ [ [ [ -74.135318675999898, 4.56822352185002 ], [ -74.135439544999898, 4.56817627485003 ], [ -74.135440689, 4.56817922085002 ], [ -74.135480978, 4.56816347385006 ], [ -74.135479835, 4.56816052485004 ], [ -74.135600704, 4.56811327785004 ], [ -74.135601848, 4.56811622685005 ], [ -74.135652214999894, 4.56809655685002 ], [ -74.135662027, 4.56812183585003 ], [ -74.135218847, 4.56829508185 ], [ -74.135209024999895, 4.56826977885002 ], [ -74.13531982, 4.56822646885 ], [ -74.135318675999898, 4.56822352185002 ] ] ], [ [ [ -74.135301564, 4.56847968284999 ], [ -74.135744121, 4.56830484085002 ], [ -74.135754025, 4.56833008185002 ], [ -74.135703742, 4.56834996885002 ], [ -74.135704894999904, 4.56835291185 ], [ -74.135584198999894, 4.56840059785002 ], [ -74.135583044, 4.56839765485004 ], [ -74.135542812, 4.56841355085002 ], [ -74.135543966999904, 4.56841649385005 ], [ -74.135423271, 4.56846418084999 ], [ -74.135422115, 4.56846123785003 ], [ -74.135311476, 4.56850494985001 ], [ -74.135301564, 4.56847968284999 ] ] ] ] } },
{ "type": "Feature", "properties": { "OBJECTID": 275, "NTRCODIGO": 14, "NTRNOMBRE": "BIBLIOTECA", "NTRTIPO": 2, "NTRMODO": 2, "NTRMTRANSP": 5, "GLOBALID": "0831b53a-f7f9-46b5-aaa4-440e0ae7bbc9", "Shape__Area": 2.7466938945508399e-08, "Shape__Length": 0.0020371810144649001 }, "geometry": { "type": "MultiPolygon", "coordinates": [ [ [ [ -74.130268152, 4.57046469384997 ], [ -74.130711173, 4.57029103984994 ], [ -74.130721009999903, 4.57031630684996 ], [ -74.130670674, 4.57033605784998 ], [ -74.130671822, 4.57033900484996 ], [ -74.130550996999901, 4.57038636784998 ], [ -74.13054985, 4.57038342184993 ], [ -74.130509575, 4.57039920984997 ], [ -74.130510724, 4.57040215584996 ], [ -74.130389898, 4.57044951984997 ], [ -74.130388753, 4.57044657284993 ], [ -74.130277997, 4.57048998684993 ], [ -74.130268152, 4.57046469384997 ] ] ], [ [ [ -74.130285053, 4.57019482784998 ], [ -74.13040588, 4.57014746884998 ], [ -74.130407026999904, 4.57015041584996 ], [ -74.130447301999894, 4.57013462784998 ], [ -74.130446155, 4.57013168184999 ], [ -74.130566979, 4.57008432284998 ], [ -74.130568126, 4.57008727084995 ], [ -74.130618477, 4.57006755284997 ], [ -74.13062831, 4.57009282384995 ], [ -74.130185291, 4.57026647884997 ], [ -74.130175444, 4.57024118484996 ], [ -74.130286200999905, 4.57019777384998 ], [ -74.130285053, 4.57019482784998 ] ] ] ] } },
{ "type": "Feature", "properties": { "OBJECTID": 283, "NTRCODIGO": 79, "NTRNOMBRE": "MUSEO NACIONAL", "NTRTIPO": 2, "NTRMODO": 2, "NTRMTRANSP": 5, "GLOBALID": "9ab52578-b213-4588-9f9e-35ce3085054a", "Shape__Area": 6.1441340903911597e-08, "Shape__Length": 0.00138667100502503 }, "geometry": { "type": "MultiPolygon", "coordinates": [ [ [ [ -74.069495839999902, 4.61427018984855 ], [ -74.069497, 4.61427018984855 ], [ -74.06950964, 4.61427019084855 ], [ -74.069517731, 4.61427114184854 ], [ -74.069530104, 4.61427256984851 ], [ -74.069541049, 4.61427590084852 ], [ -74.069548187999899, 4.61427827984855 ], [ -74.069556754, 4.61428256284855 ], [ -74.069564847, 4.61428711584854 ], [ -74.069566391, 4.61428986084852 ], [ -74.069572458, 4.61429541184853 ], [ -74.069578169, 4.61430207484855 ], [ -74.06958388, 4.61431159284851 ], [ -74.069588162999906, 4.61432586984855 ], [ -74.069585307, 4.61434490484853 ], [ -74.06957341, 4.61438059684851 ], [ -74.069548664, 4.61443960784853 ], [ -74.069530104, 4.61448386584853 ], [ -74.069514399, 4.6145181298485 ], [ -74.069500367, 4.61452828584853 ], [ -74.069488562999894, 4.61453461584855 ], [ -74.069478785999905, 4.6145355708485 ], [ -74.069468984, 4.61453491484851 ], [ -74.069459421, 4.61453266484854 ], [ -74.069450355, 4.61452888184853 ], [ -74.069442029999905, 4.61452366684855 ], [ -74.069434669, 4.61451716084851 ], [ -74.069428471, 4.6145095398485 ], [ -74.069423603, 4.61450100684853 ], [ -74.069422319999902, 4.6144897388485 ], [ -74.069423028, 4.61447339584852 ], [ -74.069426834999902, 4.61443817984851 ], [ -74.069436829, 4.61440201184851 ], [ -74.069449202, 4.61433062784854 ], [ -74.069460624, 4.61429398484856 ], [ -74.069471569, 4.61427970784851 ], [ -74.069478231999895, 4.61427590084852 ], [ -74.06948775, 4.61427114184854 ], [ -74.069495839999902, 4.61427018984855 ] ] ], [ [ [ -74.069046976, 4.6159195158485 ], [ -74.069053123999893, 4.61592568784849 ], [ -74.069058297, 4.61593269784848 ], [ -74.069058873, 4.61593363184849 ], [ -74.069059234, 4.61593483384846 ], [ -74.069065088999906, 4.61595429884849 ], [ -74.069065794, 4.61595664084845 ], [ -74.069065401, 4.61596282784845 ], [ -74.069065224, 4.61596560684845 ], [ -74.069065032, 4.6159686338485 ], [ -74.069064789, 4.61596921784846 ], [ -74.069064502999893, 4.61597090984847 ], [ -74.069035949, 4.61608417184848 ], [ -74.0690344019999, 4.61609254384845 ], [ -74.069023761, 4.61612728384849 ], [ -74.069008288, 4.61615162984846 ], [ -74.068992108, 4.61616067184846 ], [ -74.068988826999899, 4.61616320084848 ], [ -74.068975748, 4.61616685884846 ], [ -74.068962245, 4.61616831784849 ], [ -74.068949789, 4.61616768584846 ], [ -74.068937572, 4.61616518084846 ], [ -74.068931353, 4.61616313584849 ], [ -74.068919295999905, 4.61615748384846 ], [ -74.068908307999905, 4.61614996184848 ], [ -74.068898675, 4.61614076884844 ], [ -74.068890649, 4.61613014384849 ], [ -74.068887879, 4.61612544784847 ], [ -74.068887232, 4.61610149784846 ], [ -74.068894583, 4.61607662784846 ], [ -74.068940482, 4.61597918184847 ], [ -74.068948861, 4.61596139184845 ], [ -74.068959161999899, 4.61593142584846 ], [ -74.0689653969999, 4.61592359484845 ], [ -74.068972864, 4.61591692984845 ], [ -74.068981349999902, 4.61591162184848 ], [ -74.068990610999904, 4.61590782284847 ], [ -74.06900038, 4.61590564184846 ], [ -74.069010377, 4.61590514184847 ], [ -74.0690203139999, 4.6159063368485 ], [ -74.069029907999905, 4.61590919384846 ], [ -74.069038881, 4.61591362884846 ], [ -74.069046976, 4.6159195158485 ] ] ] ] } },
{ "type": "Feature", "properties": { "OBJECTID": 291, "NTRCODIGO": 154, "NTRNOMBRE": "SUBA AV BOYACA", "NTRTIPO": 2, "NTRMODO": 2, "NTRMTRANSP": 5, "GLOBALID": "e55cf2d1-a06a-49ae-ad52-8f4c140c3dd9", "Shape__Area": 3.6325985774965401e-08, "Shape__Length": 0.0020912902620768498 }, "geometry": { "type": "MultiPolygon", "coordinates": [ [ [ [ -74.074695504, 4.72091283084504 ], [ -74.074742469999904, 4.72091219584504 ], [ -74.074742614999906, 4.72091490784506 ], [ -74.074747136, 4.72119782584504 ], [ -74.074747186, 4.72119990384506 ], [ -74.07470438, 4.72120157184504 ], [ -74.074704305999902, 4.72119901584507 ], [ -74.074695504, 4.72091283084504 ] ] ], [ [ [ -74.074711405, 4.72144396184502 ], [ -74.074752995, 4.72143980284506 ], [ -74.074753084999898, 4.72144350584507 ], [ -74.074762603, 4.72172487684503 ], [ -74.074762608999905, 4.721725039845 ], [ -74.074721599, 4.72172728684501 ], [ -74.074721557, 4.72172666184502 ], [ -74.074711443999902, 4.72144528984507 ], [ -74.074711405, 4.72144396184502 ] ] ], [ [ [ -74.074684081, 4.72052443884505 ], [ -74.074721914, 4.72051801384507 ], [ -74.074729766, 4.72067434484504 ], [ -74.074729837, 4.72067567184504 ], [ -74.074690540999896, 4.72067745784509 ], [ -74.074690505, 4.72067577284506 ], [ -74.074684081, 4.72052443884505 ] ] ], [ [ [ -74.074744578, 4.72210629884504 ], [ -74.074781995, 4.72210451984504 ], [ -74.074781388, 4.72226162784504 ], [ -74.074747493, 4.722262158845 ], [ -74.074744578, 4.72210629884504 ] ] ] ] } }
]
}
