"nombre_ruta","nombre_parada","secuencia_parada","coordenada_y","coordenada_x","geocoded_column"
"A1-2 Carrera 8","Carrera 8 con Calle 31 Lado Sur","1","10.94677","-74.785825","POINT (-74.785825 10.94677)"
"A1-2 Carrera 8","Calle 30 con Carrera 4B Home Center","2","10.947509","-74.784848","POINT (-74.784848 10.947509)"
"A1-2 Carrera 8","Carrera 14 con Calle 30","3","10.952259","-74.786842","POINT (-74.786842 10.952259)"
"A1-2 Carrera 8","Calle 31 No. 13-39","4","10.950202","-74.786862","POINT (-74.786862 10.950202)"
"A1-2 Carrera 8","Calle 31 con Carrera 11","5","10.948802","-74.786426","POINT (-74.786426 10.948802)"
"A1-2 Carrera 8","Carrera 8 No. 30-158 Lado Norte Torres de Las Palm","6","10.946696","-74.786867","POINT (-74.786867 10.946696)"
"A1-2 Carrera 8","Carrera 8 No. 34-26 Lado Norte","7","10.946451","-74.788999","POINT (-74.788999 10.946451)"
"A1-2 Carrera 8","Carrera 8 con Calle 35A Lado Norte","8","10.946205","-74.791229","POINT (-74.791229 10.946205)"
"A1-2 Carrera 8","Carrera 8 con Calle 37D Lado Norte","9","10.945931","-74.793248","POINT (-74.793248 10.945931)"
"A1-2 Carrera 8","Carrera 8 No. 40-32 Lado Norte","10","10.946245","-74.795742","POINT (-74.795742 10.946245)"
"A1-2 Carrera 8","Carrera 8 con Calle 42B Lado Norte","11","10.946242","-74.797833","POINT (-74.797833 10.946242)"
"A1-2 Carrera 8","Carrera 8 con Calle 45 Lado Norte","12","10.946182","-74.80004","POINT (-74.80004 10.946182)"
"A1-2 Carrera 8","Carrera 8 No. 47-84 Lado Norte","13","10.946134","-74.802865","POINT (-74.802865 10.946134)"
"A1-2 Carrera 8","Carrera 8 No. 49-64 Lado Norte","14","10.946182","-74.805547","POINT (-74.805547 10.946182)"
"A1-2 Carrera 8","Calle 51B con Carrera 8B Lado Oriente","15","10.947604","-74.806106","POINT (-74.806106 10.947604)"
"A1-2 Carrera 8","Carrera 8D con Calle 52C Lado Norte","16","10.948591","-74.807847","POINT (-74.807847 10.948591)"
"A1-2 Carrera 8","Calle 53 con Carrera 8G Lado Oriente","17","10.95143","-74.807871","POINT (-74.807871 10.95143)"
"A1-2 Carrera 8","Calle 56 con Carrera 9D SAO Macarena","18","10.954218","-74.808092","POINT (-74.808092 10.954218)"
"A1-2 Carrera 8","Carrera 10 con Calle 54","19","10.953969","-74.806833","POINT (-74.806833 10.953969)"
"A1-2 Carrera 8","Calle 53 con Carrera 9D Lado Occidente","20","10.95271","-74.806762","POINT (-74.806762 10.95271)"
"A1-2 Carrera 8","Calle 53 con Carrera 8G Lado Occidente","21","10.951271","-74.808028","POINT (-74.808028 10.951271)"
"A1-2 Carrera 8","Carrera 8D No. 52-41 Lado Sur","22","10.949151","-74.808557","POINT (-74.808557 10.949151)"
"A1-2 Carrera 8","Calle 51B No. 8C-15 Lado Occidente","23","10.947859","-74.806133","POINT (-74.806133 10.947859)"
"A1-2 Carrera 8","Carrera 8 con Calle 49 Lado Sur","24","10.946058","-74.805661","POINT (-74.805661 10.946058)"
"A1-2 Carrera 8","Carrera 8 No. 47-117 Lado Sur","25","10.946057","-74.803118","POINT (-74.803118 10.946057)"
"A1-2 Carrera 8","Carrera 8 con Calle 45 Lado Sur Farmacia Torres","26","10.946078","-74.800409","POINT (-74.800409 10.946078)"
"A1-2 Carrera 8","Carrera 8 No. 42-127 Lado Sur","27","10.946107","-74.798475","POINT (-74.798475 10.946107)"
"A1-2 Carrera 8","Carrera 8 con Calle 41 Lado Sur","28","10.946113","-74.795858","POINT (-74.795858 10.946113)"
"A1-2 Carrera 8","Carrera 8 No. 36B-125 Lado Sur","29","10.945887","-74.793093","POINT (-74.793093 10.945887)"
"A1-2 Carrera 8","Carrera 8 con Calle 35A Lado Sur","30","10.94619","-74.790928","POINT (-74.790928 10.94619)"
"A1-2 Carrera 8","Carrera 8 con Calle 34 Lado Sur","31","10.946428","-74.788717","POINT (-74.788717 10.946428)"
"A1-2 Carrera 8","Carrera 8 con Calle 31 Lado Sur","32","10.94677","-74.785825","POINT (-74.785825 10.94677)"
"A1-3 Galan","Carrera 1H con calle 45 esq","1","10.932732","-74.798927","POINT (-74.798927 10.932732)"
"A1-3 Galan","Carrera 2E No. 44B-13","2","10.934835","-74.798927","POINT (-74.798927 10.934835)"
"A1-3 Galan","Carrera 2B No. 42A-05","3","10.934503","-74.797133","POINT (-74.797133 10.934503)"
"A1-3 Galan","Carrera 2 con Calle 39 esq","4","10.934873","-74.794397","POINT (-74.794397 10.934873)"
"A1-3 Galan","Carrera 2 No. 37E-23","5","10.934828","-74.792567","POINT (-74.792567 10.934828)"
"A1-3 Galan","Calle 37C Carrera 2 Tienda El danubio","6","10.93562","-74.790987","POINT (-74.790987 10.93562)"
"A1-3 Galan","Calle 37C con Carrera 3A","7","10.937258","-74.791567","POINT (-74.791567 10.937258)"
"A1-3 Galan","Calle 37C No. 3D-04","8","10.938568","-74.791708","POINT (-74.791708 10.938568)"
"A1-3 Galan","Carrera 4 con Calle 36 Esq","9","10.938947","-74.790488","POINT (-74.790488 10.938947)"
"A1-3 Galan","Carrera 4 con Calle 34B Esq","10","10.939295","-74.788622","POINT (-74.788622 10.939295)"
"A1-3 Galan","Carrera 4 No. 30-175 Coltabaco","11","10.939613","-74.786048","POINT (-74.786048 10.939613)"
"A1-3 Galan","Carrera 4 con Calle 30 Cannon","12","10.939838","-74.783297","POINT (-74.783297 10.939838)"
"A1-3 Galan","Calle 30 con Carrera 2 frente a Coomeva","13","10.938205","-74.782365","POINT (-74.782365 10.938205)"
"A1-3 Galan","Carrera 2 con Calle 30 Colegio San Jose","14","10.937722","-74.782895","POINT (-74.782895 10.937722)"
"A1-3 Galan","Carrera 2 con Calle 33A esq","15","10.936585","-74.78478","POINT (-74.78478 10.936585)"
"A1-3 Galan","Carrera 2 con Calle 34 esq","16","10.935955","-74.786967","POINT (-74.786967 10.935955)"
"A1-3 Galan","Carrera 2 con Calle 35A esq","17","10.935437","-74.789325","POINT (-74.789325 10.935437)"
"A1-3 Galan","Calle 37C con Carrera 2 Esq","18","10.934685","-74.791298","POINT (-74.791298 10.934685)"
"A1-3 Galan","Calle 37C con Carrera 1H esq","19","10.932828","-74.791708","POINT (-74.791708 10.932828)"
"A1-3 Galan","Carrera 1H con Calle 37F esq","20","10.933207","-74.793172","POINT (-74.793172 10.933207)"
"A1-3 Galan","Carrera 1H con Calle 41B esq","21","10.933708","-74.79478","POINT (-74.79478 10.933708)"
"A1-3 Galan","Carrera 1H No. 41B-236","22","10.933242","-74.796837","POINT (-74.796837 10.933242)"
"A1-3 Galan","Carrera 1H con calle 45 esq","23","10.932732","-74.798927","POINT (-74.798927 10.932732)"
"A1-4 La Magdalena","Carrera 7 con Calle 44","1","10.94138","-74.799259","POINT (-74.799259 10.94138)"
"A1-4 La Magdalena","Carrera 7 con Calle 42","2","10.943021","-74.797674","POINT (-74.797674 10.943021)"
"A1-4 La Magdalena","Carrera 6B No. 41-101 Lado Sur","3","10.941309","-74.796807","POINT (-74.796807 10.941309)"
"A1-4 La Magdalena","Carrera 6B No. 38B-73 Lado Sur","4","10.941651","-74.794265","POINT (-74.794265 10.941651)"
"A1-4 La Magdalena","Carrera 6B con Calle 37C Lado Sur","5","10.94185","-74.79245","POINT (-74.79245 10.94185)"
"A1-4 La Magdalena","Carrera 6B No. 34C-23 Lado Sur","6","10.942309","-74.788919","POINT (-74.788919 10.942309)"
"A1-4 La Magdalena","Carrera 6B No. 33-65 Lado Sur","7","10.942884","-74.786845","POINT (-74.786845 10.942884)"
"A1-4 La Magdalena","Carrera 6B con Calle 30 Lado Sur","8","10.943153","-74.784392","POINT (-74.784392 10.943153)"
"A1-4 La Magdalena","Carrera 4B No. 23-57 Lado Sur","9","10.942376","-74.779549","POINT (-74.779549 10.942376)"
"A1-4 La Magdalena","Calle 19 con Carrera 4A","10","10.941577","-74.778192","POINT (-74.778192 10.941577)"
"A1-4 La Magdalena","Carrera 4B con Calle 23 Lado Norte","11","10.942344","-74.779474","POINT (-74.779474 10.942344)"
"A1-4 La Magdalena","Carrera 6B con Calle 31 Nacional de Chocolate","12","10.94294","-74.785247","POINT (-74.785247 10.94294)"
"A1-4 La Magdalena","Carrera 6B No. 33-58 Lado Norte","13","10.942972","-74.786828","POINT (-74.786828 10.942972)"
"A1-4 La Magdalena","Carrera 6B con Calle 34C Lado Norte","14","10.942427","-74.788677","POINT (-74.788677 10.942427)"
"A1-4 La Magdalena","Carrera 6B con Calle 36B Lado Norte","15","10.942057","-74.791518","POINT (-74.791518 10.942057)"
"A1-4 La Magdalena","Carrera 6B No. 38B-02 Lado Norte","16","10.941757","-74.793893","POINT (-74.793893 10.941757)"
"A1-4 La Magdalena","Carrera 6B con Calle 41 Lado Norte","17","10.941369","-74.796746","POINT (-74.796746 10.941369)"
"A1-4 La Magdalena","Carrera 7 con Calle 44","18","10.94138","-74.799259","POINT (-74.799259 10.94138)"
"A2-1 Hipodromo","Calle 45 con Carrera 1 Metrocentro","1","10.93169","-74.799333","POINT (-74.799333 10.93169)"
"A2-1 Hipodromo","Tv 14 sur con calle 45","2","10.93025","-74.799877","POINT (-74.799877 10.93025)"
"A2-1 Hipodromo","Calle 45D con Carrera 1 Conj. Res. Metrocentro","3","10.931347","-74.800533","POINT (-74.800533 10.931347)"
"A2-1 Hipodromo","Carrera 1E con Calle 45H frente a Bloque 159","4","10.931865","-74.802072","POINT (-74.802072 10.931865)"
"A2-1 Hipodromo","Av. Las Torres frente Nom. 45H-42 Lado Sur","5","10.930277","-74.802065","POINT (-74.802065 10.930277)"
"A2-1 Hipodromo","Av. Las Torres con Calle 44B Lado Sur","6","10.929922","-74.798772","POINT (-74.798772 10.929922)"
"A2-1 Hipodromo","Av. Las Torres No. 41C-93 Lado Sur","7","10.929695","-74.796522","POINT (-74.796522 10.929695)"
"A2-1 Hipodromo","Av. Las Torres No. 56A-93 Lado Sur Soledad","8","10.929483","-74.79439","POINT (-74.79439 10.929483)"
"A2-1 Hipodromo","Av. Las Torres con Calle 54D Lado Sur Soledad","9","10.929482","-74.791593","POINT (-74.791593 10.929482)"
"A2-1 Hipodromo","Av. Las Torres No. 48-25 Lado Sur Soledad","10","10.930147","-74.78906","POINT (-74.78906 10.930147)"
"A2-1 Hipodromo","Av. Las Torres No. 44-33 Lado Sur Soledad","11","10.930925","-74.78645","POINT (-74.78645 10.930925)"
"A2-1 Hipodromo","Calle 30 Colegio ITIDA","12","10.930997","-74.780267","POINT (-74.780267 10.930997)"
"A2-1 Hipodromo","Carrera 30 con Calle 30 SAO Hipodromo Lado Sur","13","10.927345","-74.77786","POINT (-74.77786 10.927345)"
"A2-1 Hipodromo","Carrera 30 con Calle 29 Lado Sur Soledad","14","10.928045","-74.774838","POINT (-74.774838 10.928045)"
"A2-1 Hipodromo","Carrera 30 con Calle 27 Lado Sur Soledad","15","10.927622","-74.772903","POINT (-74.772903 10.927622)"
"A2-1 Hipodromo","Carrera 30 No. 24-151 Lado Sur Soledad","16","10.926817","-74.76981","POINT (-74.76981 10.926817)"
"A2-1 Hipodromo","Calle 24 con Carrera 31 Soledad","17","10.926987","-74.768267","POINT (-74.768267 10.926987)"
"A2-1 Hipodromo","Calle 24 con Carrera 33 Soledad","18","10.927953","-74.768103","POINT (-74.768103 10.927953)"
"A2-1 Hipodromo","Calle 24 con Carrera 34 Soledad","19","10.928907","-74.767977","POINT (-74.767977 10.928907)"
"A2-1 Hipodromo","Carrera 35 con Calle 25B esq Soledad","20","10.92987","-74.770465","POINT (-74.770465 10.92987)"
"A2-1 Hipodromo","Carrera 37 No. 25A-13 Soledad","21","10.931178","-74.769835","POINT (-74.769835 10.931178)"
"A2-1 Hipodromo","Carrera 37 con Calle 23A esq Soledad","22","10.931365","-74.767895","POINT (-74.767895 10.931365)"
"A2-1 Hipodromo","Carrera 37 con Calle 18A esq Soledad","23","10.931863","-74.764956","POINT (-74.764956 10.931863)"
"A2-1 Hipodromo","Calle 18 con Carrera 36A esq Soledad","24","10.931152","-74.764512","POINT (-74.764512 10.931152)"
"A2-1 Hipodromo","Calle 18 No. 32-59 Soledad","25","10.92868","-74.76435","POINT (-74.76435 10.92868)"
"A2-1 Hipodromo","Calle 18 con Carrera 30 Soledad","26","10.926713","-74.764153","POINT (-74.764153 10.926713)"
"A2-1 Hipodromo","Calle 18 con Carrera 27 Soledad","27","10.924445","-74.763768","POINT (-74.763768 10.924445)"
"A2-1 Hipodromo","Calle 18 No. 25A-16 Soledad","28","10.92153","-74.763537","POINT (-74.763537 10.92153)"
"A2-1 Hipodromo","Calle 18 No. 23-37 Soledad","29","10.919673","-74.764115","POINT (-74.764115 10.919673)"
"A2-1 Hipodromo","Calle 18 No. 21-37 Soledad","30","10.917542","-74.765113","POINT (-74.765113 10.917542)"
"A2-1 Hipodromo","Carrera 19 Frente Nom. 20-19 Soledad","31","10.916582","-74.7671","POINT (-74.7671 10.916582)"
"A2-1 Hipodromo","Calle 23 con Carrera 19A esq Soledad","32","10.917762","-74.768873","POINT (-74.768873 10.917762)"
"A2-1 Hipodromo","Calle 23 No. 22-36 Soledad","33","10.920545","-74.768107","POINT (-74.768107 10.920545)"
"A2-1 Hipodromo","Calle 23 No. 25-40 Soledad","34","10.922783","-74.767398","POINT (-74.767398 10.922783)"
"A2-1 Hipodromo","Carrera 26 No. 24A-32 Soledad","35","10.923965","-74.768765","POINT (-74.768765 10.923965)"
"A2-1 Hipodromo","Carrera 30 con Calle 24 Lado Norte Soledad","36","10.926667","-74.768853","POINT (-74.768853 10.926667)"
"A2-1 Hipodromo","Carrera 30 con Calle 27 esq Lado Norte Soledad","37","10.927552","-74.772697","POINT (-74.772697 10.927552)"
"A2-1 Hipodromo","Carrera 30 con Calle 29C esq Lado Norte Soledad","38","10.927883","-74.775767","POINT (-74.775767 10.927883)"
"A2-1 Hipodromo","Carrera 30 con Calle 30 SAO Hipodromo Lado Norte","39","10.92744","-74.77775","POINT (-74.77775 10.92744)"
"A2-1 Hipodromo","Calle 30 con Carrera 34A entrada al Tucan Soledad","40","10.930023","-74.779742","POINT (-74.779742 10.930023)"
"A2-1 Hipodromo","Calle 30 Colegio INEM","41","10.93168","-74.78023","POINT (-74.78023 10.93168)"
"A2-1 Hipodromo","Av. Las Torres Circunvalar Iglesia Lado Norte","42","10.931798","-74.784507","POINT (-74.784507 10.931798)"
"A2-1 Hipodromo","Av. Las Torres con Calle 45 Olimpica Soledad","43","10.930985","-74.787303","POINT (-74.787303 10.930985)"
"A2-1 Hipodromo","Av. Las Torres con Calle 54 Lado Norte Soledad","44","10.929845","-74.790683","POINT (-74.790683 10.929845)"
"A2-1 Hipodromo","Av. Las Torres No. 56A-12 Lado Norte Soledad","45","10.929528","-74.793657","POINT (-74.793657 10.929528)"
"A2-1 Hipodromo","Av. Las Torres No. 41C-92 Lado Norte","46","10.929863","-74.796545","POINT (-74.796545 10.929863)"
"A2-1 Hipodromo","Av. Las Torres No. 43-76 Lado Norte","47","10.930047","-74.798235","POINT (-74.798235 10.930047)"
"A2-1 Hipodromo","Av. Las Torres con Calle 45 Lado Norte","48","10.930197","-74.799847","POINT (-74.799847 10.930197)"
"A2-1 Hipodromo","Av. Las Torres con Calle 45H Lado Norte","49","10.93041","-74.801802","POINT (-74.801802 10.93041)"
"A2-1 Hipodromo","Carrera 1E No. 45H-41","50","10.93184","-74.801897","POINT (-74.801897 10.93184)"
"A2-1 Hipodromo","Calle 45 con Carrera 1 Metrocentro","51","10.931795","-74.799609","POINT (-74.799609 10.931795)"
"A3-1 Villa Katanga","Carrera 24 Con Calle 63","1","10.921226","-74.798931","POINT (-74.798931 10.921226)"
"A3-1 Villa Katanga","Carrera 24 con Calle 59 Lado Sur Soledad","2","10.92152","-74.796022","POINT (-74.796022 10.92152)"
"A3-1 Villa Katanga","Carrera 24 con Calle 57D Lado Sur Soledad","3","10.921237","-74.794565","POINT (-74.794565 10.921237)"
"A3-1 Villa Katanga","Carrera 24 con Calle 55B Lado Sur Soledad","4","10.920945","-74.793112","POINT (-74.793112 10.920945)"
"A3-1 Villa Katanga","Carrera 24 con Calle 54 Lado Sur Soledad","5","10.921297","-74.791322","POINT (-74.791322 10.921297)"
"A3-1 Villa Katanga","Carrera 24 con Calle 48 Lado Sur Soledad","6","10.92143","-74.789708","POINT (-74.789708 10.92143)"
"A3-1 Villa Katanga","Carrera 24 con Calle 45A2 Lado Sur Soledad","7","10.921263","-74.788557","POINT (-74.788557 10.921263)"
"A3-1 Villa Katanga","Calle 45 con Carrera 25 esq Lado Oriental Soledad","8","10.922547","-74.787095","POINT (-74.787095 10.922547)"
"A3-1 Villa Katanga","Calle 45 con Carrera 26A Lado Oriental Soledad","9","10.923683","-74.7863","POINT (-74.7863 10.923683)"
"A3-1 Villa Katanga","Calle 43 con Carrera 31 Lado Oriental Soledad","10","10.925265","-74.784267","POINT (-74.784267 10.925265)"
"A3-1 Villa Katanga","Calle 43 con Carrera 37 Lado Oriental Soledad","11","10.927214","-74.784229","POINT (-74.784229 10.927214)"
"A3-1 Villa Katanga","Calle 43 con Carrera 37 Lado Occidental Soledad","12","10.927029","-74.784264","POINT (-74.784264 10.927029)"
"A3-1 Villa Katanga","Calle 43 con Carrera 32 Lado Occidental Soledad","13","10.925545","-74.784264","POINT (-74.784264 10.925545)"
"A3-1 Villa Katanga","Calle 45 con Carrera 26 Lado Occidental Soledad","14","10.922297","-74.787265","POINT (-74.787265 10.922297)"
"A3-1 Villa Katanga","Calle 45 con Carrera 24B Lado Occidental Soledad","15","10.921752","-74.78763","POINT (-74.78763 10.921752)"
"A3-1 Villa Katanga","Carrera 24 con Calle 48 esq Lado Norte Soledad","16","10.921452","-74.789715","POINT (-74.789715 10.921452)"
"A3-1 Villa Katanga","Carrera 24 con Calle 53 esq Lado Norte Soledad","17","10.92151","-74.790858","POINT (-74.790858 10.92151)"
"A3-1 Villa Katanga","Carrera 24 con Calle 54C Lado Norte Soledad","18","10.921133","-74.79225","POINT (-74.79225 10.921133)"
"A3-1 Villa Katanga","Calle 56 con Carrera 22C Soledad","19","10.919863","-74.793343","POINT (-74.793343 10.919863)"
"A3-1 Villa Katanga","Calle 56 con Carrera 20 Soledad","20","10.918265","-74.793335","POINT (-74.793335 10.918265)"
"A3-1 Villa Katanga","Carrera 18 No. 56-46 Soledad","21","10.917155","-74.79393","POINT (-74.79393 10.917155)"
"A3-1 Villa Katanga","Carrera 18 No. 59-18 Soledad","22","10.917143","-74.796177","POINT (-74.796177 10.917143)"
"A3-1 Villa Katanga","Carrera 18 No. 62-10 Soledad","23","10.917132","-74.798233","POINT (-74.798233 10.917132)"
"A3-1 Villa Katanga","Carrera 24 Con Calle 63","24","10.921226","-74.798931","POINT (-74.798931 10.921226)"
"A3-2 Soledad 2000","Portal de Soledad","1","10.907941","-74.800165","POINT (-74.800165 10.907941)"
"A3-2 Soledad 2000","Carrera 14 con Calle 62 Soledad","2","10.909228","-74.798492","POINT (-74.798492 10.909228)"
"A3-2 Soledad 2000","Carrera 14 con Calle 59 Ent. Nuevo Milenio Soledad","3","10.908877","-74.795947","POINT (-74.795947 10.908877)"
"A3-2 Soledad 2000","Calle 59 con Carrera 12D Soledad","4","10.906929","-74.795822","POINT (-74.795822 10.906929)"
"A3-2 Soledad 2000","Calle 59 No. 12-29 Soledad","5","10.905013","-74.795685","POINT (-74.795685 10.905013)"
"A3-2 Soledad 2000","Carrera 12 con Calle 56 Lado Sur Soledad","6","10.904918","-74.793891","POINT (-74.793891 10.904918)"
"A3-2 Soledad 2000","Carrera 13 con Calle 54 Lado Sur Soledad","7","10.906035","-74.792297","POINT (-74.792297 10.906035)"
"A3-2 Soledad 2000","Calle 54 Con Carrera 11B Lado Occidental Soledad","8","10.905077","-74.791623","POINT (-74.791623 10.905077)"
"A3-2 Soledad 2000","Carrera 11 con Calle 52 Siete Bocas Soledad","9","10.905058","-74.789035","POINT (-74.789035 10.905058)"
"A3-2 Soledad 2000","Carrera 11 con Calle 49 Polideportivo Soledad 2000","10","10.905652","-74.78593","POINT (-74.78593 10.905652)"
"A3-2 Soledad 2000","Carrera 11 con Calle 46 Soledad","11","10.906155","-74.783343","POINT (-74.783343 10.906155)"
"A3-2 Soledad 2000","Carrera 11 con Calle 44 Col.Club de Leones Soledad","12","10.906417","-74.781622","POINT (-74.781622 10.906417)"
"A3-2 Soledad 2000","Calle 43 con Carrera 13 Soledad","13","10.908305","-74.780645","POINT (-74.780645 10.908305)"
"A3-2 Soledad 2000","Calle 41 No. 14-68 Barrio La Fe Soledad","14","10.910237","-74.779402","POINT (-74.779402 10.910237)"
"A3-2 Soledad 2000","Carrera 15B con Calle 43C Soledad","15","10.911695","-74.780897","POINT (-74.780897 10.911695)"
"A3-2 Soledad 2000","Carrera 15B con Calle 44D Colegio Tajamar Soledad","16","10.912152","-74.782268","POINT (-74.782268 10.912152)"
"A3-2 Soledad 2000","Calle 45B con Carrera 12G Soledad","17","10.910737","-74.782867","POINT (-74.782867 10.910737)"
"A3-2 Soledad 2000","Calle 45B con Carrera 14 Soledad","18","10.908963","-74.782889","POINT (-74.782889 10.908963)"
"A3-2 Soledad 2000","Carrera 14 con Calle 47 Drog. Santa Lucia Soledad","19","10.908438","-74.784507","POINT (-74.784507 10.908438)"
"A3-2 Soledad 2000","Carrera 14 con Calle 47A Conj. Res. Doña Soledad","20","10.908482","-74.78601","POINT (-74.78601 10.908482)"
"A3-2 Soledad 2000","Carrera 14 con Calle 50 Soledad","21","10.908898","-74.787952","POINT (-74.787952 10.908898)"
"A3-2 Soledad 2000","Carrera 14 con Calle 52 Soledad","22","10.908058","-74.789332","POINT (-74.789332 10.908058)"
"A3-2 Soledad 2000","Carrera 13 con Calle 54 Lado Norte Soledad","23","10.906126","-74.792329","POINT (-74.792329 10.906126)"
"A3-2 Soledad 2000","Carrera 12 con Calle 57 Lado Norte Soledad","24","10.904914","-74.794149","POINT (-74.794149 10.904914)"
"A3-2 Soledad 2000","Carrera 12 con Calle 59A Lado Norte Soledad","25","10.904777","-74.796171","POINT (-74.796171 10.904777)"
"A3-2 Soledad 2000","Carrera 12 con Calle 62 Lado Norte Soledad","26","10.904135","-74.798383","POINT (-74.798383 10.904135)"
"A3-2 Soledad 2000","Carrera 12 con Calle 63A Lado Norte Soledad","27","10.903957","-74.800747","POINT (-74.800747 10.903957)"
"A3-2 Soledad 2000","Calle 65 con Carrera 11C Terranova 2da Etapa","28","10.904042","-74.801957","POINT (-74.801957 10.904042)"
"A3-2 Soledad 2000","Portal de Soledad","29","10.907941","-74.800165","POINT (-74.800165 10.907941)"
"A3-3 Manuela Beltran","Portal de Soledad","1","10.907631","-74.800391","POINT (-74.800391 10.907631)"
"A3-3 Manuela Beltran","Carrera 14 con Calle 62 Soledad","2","10.909228","-74.798492","POINT (-74.798492 10.909228)"
"A3-3 Manuela Beltran","Carrera 14 con Calle 59 Ent. Nuevo Milenio Soledad","3","10.908877","-74.795947","POINT (-74.795947 10.908877)"
"A3-3 Manuela Beltran","Terminal de Transportes","4","10.908944","-74.794045","POINT (-74.794045 10.908944)"
"A3-3 Manuela Beltran","Calle 54 con Carrera 14 El Percal Lado Occidental","5","10.906455","-74.791893","POINT (-74.791893 10.906455)"
"A3-3 Manuela Beltran","Calle 54 Con Carrera 11B Lado Occidental Soledad","6","10.905077","-74.791623","POINT (-74.791623 10.905077)"
"A3-3 Manuela Beltran","Carrera 11 con Calle 52 Siete Bocas Soledad","7","10.905058","-74.789035","POINT (-74.789035 10.905058)"
"A3-3 Manuela Beltran","Carrera 11 con Calle 49 Polideportivo Soledad 2000","8","10.905652","-74.78593","POINT (-74.78593 10.905652)"
"A3-3 Manuela Beltran","Carrera 11 con Calle 46 Soledad","9","10.906155","-74.783343","POINT (-74.783343 10.906155)"
"A3-3 Manuela Beltran","Carrera 11 con Calle 44 Col.Club de Leones Soledad","10","10.906417","-74.781622","POINT (-74.781622 10.906417)"
"A3-3 Manuela Beltran","Calle 47 No. 5B-16 Lado Oriental Soledad","11","10.899358","-74.782847","POINT (-74.782847 10.899358)"
"A3-3 Manuela Beltran","Calle 47 No. 6A-22 Lado Oriental Soledad","12","10.900828","-74.783167","POINT (-74.783167 10.900828)"
"A3-3 Manuela Beltran","Carrera 6C No. 47C-08 Lado Norte Soledad","13","10.90098","-74.784192","POINT (-74.784192 10.90098)"
"A3-3 Manuela Beltran","Calle 49 No. 6E-22 Lado Nororiental Soledad","14","10.9017","-74.785527","POINT (-74.785527 10.9017)"
"A3-3 Manuela Beltran","Carrera 14 con Calle 50 Soledad","15","10.908898","-74.787952","POINT (-74.787952 10.908898)"
"A3-3 Manuela Beltran","Carrera 14 con Calle 52 Soledad","16","10.908058","-74.789332","POINT (-74.789332 10.908058)"
"A3-3 Manuela Beltran","Carrera 13 con Calle 54 Lado Norte Soledad","17","10.906126","-74.792329","POINT (-74.792329 10.906126)"
"A3-3 Manuela Beltran","Carrera 12 con Calle 57 Lado Norte Soledad","18","10.904914","-74.794149","POINT (-74.794149 10.904914)"
"A3-3 Manuela Beltran","Carrera 12 con Calle 59A Lado Norte Soledad","19","10.904777","-74.796171","POINT (-74.796171 10.904777)"
"A3-3 Manuela Beltran","Carrera 12 con Calle 62 Lado Norte Soledad","20","10.904135","-74.798383","POINT (-74.798383 10.904135)"
"A3-3 Manuela Beltran","Carrera 12 con Calle 63A Lado Norte Soledad","21","10.903957","-74.800747","POINT (-74.800747 10.903957)"
"A3-3 Manuela Beltran","Calle 65 con Carrera 11C Terranova 2da Etapa","22","10.904042","-74.801957","POINT (-74.801957 10.904042)"
"A3-3 Manuela Beltran","Portal de Soledad","23","10.907631","-74.800391","POINT (-74.800391 10.907631)"
"A3-4 Villa Sol","Portal de Soledad","1","10.907377","-74.800586","POINT (-74.800586 10.907377)"
"A3-4 Villa Sol","Centro Comercial Nuestro Atlantico","2","10.905385","-74.801316","POINT (-74.801316 10.905385)"
"A3-4 Villa Sol","Calle 65 con Carrera 12 Ciudad Transmetro Lado Occ","3","10.904125","-74.802113","POINT (-74.802113 10.904125)"
"A3-4 Villa Sol","Calle 65 con Carrera 8 Los Loteros Lado Occidental","4","10.901335","-74.802702","POINT (-74.802702 10.901335)"
"A3-4 Villa Sol","Calle 65 Ciudad Camelot Lado Occidental","5","10.899415","-74.803115","POINT (-74.803115 10.899415)"
"A3-4 Villa Sol","Calle 65 La Candelaria Lado Occidental","6","10.895393","-74.803785","POINT (-74.803785 10.895393)"
"A3-4 Villa Sol","Calle 65 con Carrera 5 La Central Lado Occidental","7","10.891485","-74.80419","POINT (-74.80419 10.891485)"
"A3-4 Villa Sol","Calle 65 Gran Central de Abastos del Caribe","8","10.887832","-74.803852","POINT (-74.803852 10.887832)"
"A3-4 Villa Sol","Diagonal 56 Las Cometas Lado Sur","9","10.890973","-74.799828","POINT (-74.799828 10.890973)"
"A3-4 Villa Sol","Diagonal 56 Mega Colegio Lado Sur","10","10.892458","-74.797293","POINT (-74.797293 10.892458)"
"A3-4 Villa Sol","Diagonal 56 Villa Maria 1ra Etapa Lado Sur","11","10.89324","-74.795803","POINT (-74.795803 10.89324)"
"A3-4 Villa Sol","Diagonal 56 Villa Maria 2da Etapa Lado Sur","12","10.894047","-74.794525","POINT (-74.794525 10.894047)"
"A3-4 Villa Sol","Calle 57 con Carrera 3 Las Cuatro Villas","13","10.89342","-74.793272","POINT (-74.793272 10.89342)"
"A3-4 Villa Sol","Carrera 3 No. 56C-21 Movimiento Misionero Lado Sur","14","10.892867","-74.792117","POINT (-74.792117 10.892867)"
"A3-4 Villa Sol","Carrera 3 No. 54C-03 Tienda El Milagro Lado Sur","15","10.892803","-74.790272","POINT (-74.790272 10.892803)"
"A3-4 Villa Sol","Calle 54B con Transversal 2D10 Soledad","16","10.891348","-74.789497","POINT (-74.789497 10.891348)"
"A3-4 Villa Sol","Calle 54B con Carrera 2F Iglesia Lado Oriente","17","10.891917","-74.7896","POINT (-74.7896 10.891917)"
"A3-4 Villa Sol","Carrera 3 No. 55-16 Lado Norte Soledad","18","10.892782","-74.79065","POINT (-74.79065 10.892782)"
"A3-4 Villa Sol","Carrera 3 No. 56-142 Lado Norte Soledad","19","10.892948","-74.792595","POINT (-74.792595 10.892948)"
"A3-4 Villa Sol","Diagonal 56 Villa Karla Lado Sur","20","10.895408","-74.792565","POINT (-74.792565 10.895408)"
"A3-4 Villa Sol","Diagonal 56 Villa Karla Lado Norte","21","10.895937","-74.791992","POINT (-74.791992 10.895937)"
"A3-4 Villa Sol","Diagonal 56 Villa Maria 2da Etapa Lado Norte","22","10.894315","-74.794233","POINT (-74.794233 10.894315)"
"A3-4 Villa Sol","Diagonal 56 Villa Maria 1ra Etapa Lado Norte","23","10.893168","-74.79599","POINT (-74.79599 10.893168)"
"A3-4 Villa Sol","Diagonal 56 Mega Colegio Lado Norte","24","10.89253","-74.797202","POINT (-74.797202 10.89253)"
"A3-4 Villa Sol","Diagonal 56 Las Cometas Lado Norte","25","10.890955","-74.799928","POINT (-74.799928 10.890955)"
"A3-4 Villa Sol","Calle 65 con Diagonal 56 EDS La Inmaculada Soledad","26","10.889405","-74.803507","POINT (-74.803507 10.889405)"
"A3-4 Villa Sol","Calle 65 Villa Linda Av. Murillo Soledad","27","10.891925","-74.804013","POINT (-74.804013 10.891925)"
"A3-4 Villa Sol","Calle 65 La Candelaria Lado Oriental","28","10.893602","-74.804009","POINT (-74.804009 10.893602)"
"A3-4 Villa Sol","Calle 65 Villas del Portal 2 Lado Oriental","29","10.8988","-74.803067","POINT (-74.803067 10.8988)"
"A3-4 Villa Sol","Calle 65 con Carrera 8 Los Loteros Lado Oriental","30","10.900938","-74.802592","POINT (-74.802592 10.900938)"
"A3-4 Villa Sol","Calle 65 con Carrera 11C Terranova 2da Etapa","31","10.904042","-74.801957","POINT (-74.801957 10.904042)"
"A3-4 Villa Sol","Portal de Soledad","32","10.907377","-74.800586","POINT (-74.800586 10.907377)"
"A3-40 Villa Sol","Portal de Soledad","1","10.907377","-74.800586","POINT (-74.800586 10.907377)"
"A3-40 Villa Sol","Centro Comercial Nuestro Atlantico","2","10.905385","-74.801316","POINT (-74.801316 10.905385)"
"A3-40 Villa Sol","Calle 65 con Carrera 12 Ciudad Transmetro Lado Occ","3","10.904125","-74.802113","POINT (-74.802113 10.904125)"
"A3-40 Villa Sol","Calle 65 con Carrera 8 Los Loteros Lado Occidental","4","10.901335","-74.802702","POINT (-74.802702 10.901335)"
"A3-40 Villa Sol","Calle 65 Ciudad Camelot Lado Occidental","5","10.899415","-74.803115","POINT (-74.803115 10.899415)"
"A3-40 Villa Sol","Calle 65 La Candelaria Lado Occidental","6","10.895393","-74.803785","POINT (-74.803785 10.895393)"
"A3-40 Villa Sol","Calle 65 con Carrera 5 La Central Lado Occidental","7","10.891485","-74.80419","POINT (-74.80419 10.891485)"
"A3-40 Villa Sol","Calle 65 Gran Central de Abastos del Caribe","8","10.887832","-74.803852","POINT (-74.803852 10.887832)"
"A3-40 Villa Sol","Diagonal 56 Las Cometas Lado Sur","9","10.890973","-74.799828","POINT (-74.799828 10.890973)"
"A3-40 Villa Sol","Diagonal 56 Mega Colegio Lado Sur","10","10.892458","-74.797293","POINT (-74.797293 10.892458)"
"A3-40 Villa Sol","Diagonal 56 Villa Maria 1ra Etapa Lado Sur","11","10.89324","-74.795803","POINT (-74.795803 10.89324)"
"A3-40 Villa Sol","Diagonal 56 Villa Maria 2da Etapa Lado Sur","12","10.894047","-74.794525","POINT (-74.794525 10.894047)"
"A3-40 Villa Sol","Calle 57 con Carrera 3 Las Cuatro Villas","13","10.89342","-74.793272","POINT (-74.793272 10.89342)"
"A3-40 Villa Sol","Carrera 3 No. 56C-21 Movimiento Misionero Lado Sur","14","10.892867","-74.792117","POINT (-74.792117 10.892867)"
"A3-40 Villa Sol","Carrera 3 No. 54C-03 Tienda El Milagro Lado Sur","15","10.892803","-74.790272","POINT (-74.790272 10.892803)"
"A3-40 Villa Sol","Calle 54B con Transversal 2D10 Soledad","16","10.891348","-74.789497","POINT (-74.789497 10.891348)"
"A3-40 Villa Sol","Calle 54B con Carrera 2F Iglesia Lado Oriente","17","10.891917","-74.7896","POINT (-74.7896 10.891917)"
"A3-40 Villa Sol","Carrera 3 No. 55-16 Lado Norte Soledad","18","10.892782","-74.79065","POINT (-74.79065 10.892782)"
"A3-40 Villa Sol","Carrera 3 No. 56-142 Lado Norte Soledad","19","10.892948","-74.792595","POINT (-74.792595 10.892948)"
"A3-40 Villa Sol","Diagonal 56 Villa Maria 2da Etapa Lado Norte","20","10.894315","-74.794233","POINT (-74.794233 10.894315)"
"A3-40 Villa Sol","Diagonal 56 Villa Maria 1ra Etapa Lado Norte","21","10.893168","-74.79599","POINT (-74.79599 10.893168)"
"A3-40 Villa Sol","Diagonal 56 Mega Colegio Lado Norte","22","10.89253","-74.797202","POINT (-74.797202 10.89253)"
"A3-40 Villa Sol","Diagonal 56 Las Cometas Lado Norte","23","10.890955","-74.799928","POINT (-74.799928 10.890955)"
"A3-40 Villa Sol","Calle 65 con Diagonal 56 EDS La Inmaculada Soledad","24","10.889405","-74.803507","POINT (-74.803507 10.889405)"
"A3-40 Villa Sol","Calle 65 Villa Linda Av. Murillo Soledad","25","10.891925","-74.804013","POINT (-74.804013 10.891925)"
"A3-40 Villa Sol","Calle 65 La Candelaria Lado Oriental","26","10.893602","-74.804009","POINT (-74.804009 10.893602)"
"A3-40 Villa Sol","Calle 65 Villas del Portal 2 Lado Oriental","27","10.8988","-74.803067","POINT (-74.803067 10.8988)"
"A3-40 Villa Sol","Calle 65 con Carrera 8 Los Loteros Lado Oriental","28","10.900938","-74.802592","POINT (-74.802592 10.900938)"
"A3-40 Villa Sol","Calle 65 con Carrera 11C Terranova 2da Etapa","29","10.904042","-74.801957","POINT (-74.801957 10.904042)"
"A3-40 Villa Sol","Portal de Soledad","30","10.907377","-74.800586","POINT (-74.800586 10.907377)"
"A3-41 Villa Karla","Portal de Soledad","1","10.907377","-74.800586","POINT (-74.800586 10.907377)"
"A3-41 Villa Karla","Centro Comercial Nuestro Atlantico","2","10.905385","-74.801316","POINT (-74.801316 10.905385)"
"A3-41 Villa Karla","Calle 65 con Carrera 12 Ciudad Transmetro Lado Occ","3","10.904125","-74.802113","POINT (-74.802113 10.904125)"
"A3-41 Villa Karla","Calle 65 con Carrera 8 Los Loteros Lado Occidental","4","10.901335","-74.802702","POINT (-74.802702 10.901335)"
"A3-41 Villa Karla","Calle 65 Ciudad Camelot Lado Occidental","5","10.899415","-74.803115","POINT (-74.803115 10.899415)"
"A3-41 Villa Karla","Calle 65 La Candelaria Lado Occidental","6","10.895393","-74.803785","POINT (-74.803785 10.895393)"
"A3-41 Villa Karla","Calle 65 con Carrera 5 La Central Lado Occidental","7","10.891485","-74.80419","POINT (-74.80419 10.891485)"
"A3-41 Villa Karla","Calle 65 Gran Central de Abastos del Caribe","8","10.887832","-74.803852","POINT (-74.803852 10.887832)"
"A3-41 Villa Karla","Diagonal 56 Las Cometas Lado Sur","9","10.890973","-74.799828","POINT (-74.799828 10.890973)"
"A3-41 Villa Karla","Diagonal 56 Mega Colegio Lado Sur","10","10.892458","-74.797293","POINT (-74.797293 10.892458)"
"A3-41 Villa Karla","Diagonal 56 Villa Maria 1ra Etapa Lado Sur","11","10.89324","-74.795803","POINT (-74.795803 10.89324)"
"A3-41 Villa Karla","Diagonal 56 Villa Maria 2da Etapa Lado Sur","12","10.894047","-74.794525","POINT (-74.794525 10.894047)"
"A3-41 Villa Karla","Diagonal 56 Villa Karla Lado Sur","13","10.895408","-74.792565","POINT (-74.792565 10.895408)"
"A3-41 Villa Karla","Diagonal 56 Villa Karla Lado Norte","14","10.895937","-74.791992","POINT (-74.791992 10.895937)"
"A3-41 Villa Karla","Diagonal 56 Villa Maria 2da Etapa Lado Norte","15","10.894315","-74.794233","POINT (-74.794233 10.894315)"
"A3-41 Villa Karla","Diagonal 56 Villa Maria 1ra Etapa Lado Norte","16","10.893168","-74.79599","POINT (-74.79599 10.893168)"
"A3-41 Villa Karla","Diagonal 56 Mega Colegio Lado Norte","17","10.89253","-74.797202","POINT (-74.797202 10.89253)"
"A3-41 Villa Karla","Diagonal 56 Las Cometas Lado Norte","18","10.890955","-74.799928","POINT (-74.799928 10.890955)"
"A3-41 Villa Karla","Calle 65 con Diagonal 56 EDS La Inmaculada Soledad","19","10.889405","-74.803507","POINT (-74.803507 10.889405)"
"A3-41 Villa Karla","Calle 65 Villa Linda Av. Murillo Soledad","20","10.891925","-74.804013","POINT (-74.804013 10.891925)"
"A3-41 Villa Karla","Calle 65 La Candelaria Lado Oriental","21","10.893602","-74.804009","POINT (-74.804009 10.893602)"
"A3-41 Villa Karla","Calle 65 Villas del Portal 2 Lado Oriental","22","10.8988","-74.803067","POINT (-74.803067 10.8988)"
"A3-41 Villa Karla","Calle 65 con Carrera 8 Los Loteros Lado Oriental","23","10.900938","-74.802592","POINT (-74.802592 10.900938)"
"A3-41 Villa Karla","Calle 65 con Carrera 11C Terranova 2da Etapa","24","10.904042","-74.801957","POINT (-74.801957 10.904042)"
"A3-41 Villa Karla","Portal de Soledad","25","10.907377","-74.800586","POINT (-74.800586 10.907377)"
"A3-5 Ciudadela Metropolitana","Portal de Soledad","1","10.907587","-74.800303","POINT (-74.800303 10.907587)"
"A3-5 Ciudadela Metropolitana","Carrera 14 con Calle 62 Soledad","2","10.909228","-74.798492","POINT (-74.798492 10.909228)"
"A3-5 Ciudadela Metropolitana","Carrera 14 con Calle 59 Ent. Nuevo Milenio Soledad","3","10.908877","-74.795947","POINT (-74.795947 10.908877)"
"A3-5 Ciudadela Metropolitana","Terminal de Transportes","4","10.908944","-74.794045","POINT (-74.794045 10.908944)"
"A3-5 Ciudadela Metropolitana","Calle 54 con Carrera 14 El Percal Lado Occidental","5","10.906455","-74.791893","POINT (-74.791893 10.906455)"
"A3-5 Ciudadela Metropolitana","Calle 54 Con Carrera 11B Lado Occidental Soledad","6","10.905077","-74.791623","POINT (-74.791623 10.905077)"
"A3-5 Ciudadela Metropolitana","Calle 52 con Carrera 10C1 Siete Bocas","7","10.904732","-74.78935","POINT (-74.78935 10.904732)"
"A3-5 Ciudadela Metropolitana","Carrera 8 con Callle 53A H. Materno Infantil Norte","8","10.90196","-74.789625","POINT (-74.789625 10.90196)"
"A3-5 Ciudadela Metropolitana","Calle 54 con Carrera 8B Jesus Maestro Oriente","9","10.902397","-74.79088","POINT (-74.79088 10.902397)"
"A3-5 Ciudadela Metropolitana","Calle 54 No. 11-18 Soledad","10","10.904798","-74.791417","POINT (-74.791417 10.904798)"
"A3-5 Ciudadela Metropolitana","Calle 54 con Carrera 14 El Percal Lado Oriental","11","10.906856","-74.791828","POINT (-74.791828 10.906856)"
"A3-5 Ciudadela Metropolitana","Calle 54 No. 14-3-110 Compraventa Express Soledad","12","10.910017","-74.792017","POINT (-74.792017 10.910017)"
"A3-5 Ciudadela Metropolitana","Carrera 15 con Calle 59 Barrio Pta De Oro Soledad","13","10.910698","-74.79516","POINT (-74.79516 10.910698)"
"A3-5 Ciudadela Metropolitana","Carrera 15 con Calle 57 Villa Linda Soledad","14","10.911055","-74.797862","POINT (-74.797862 10.911055)"
"A3-5 Ciudadela Metropolitana","Portal de Soledad","15","10.907587","-74.800303","POINT (-74.800303 10.907587)"
"A5-1 Los Robles / Los Almendros","Carrera 23B con Calle 63","1","10.921138","-74.79951","POINT (-74.79951 10.921138)"
"A5-1 Los Robles / Los Almendros","Carrera 23B con Calle 67B Esq Soledad","2","10.92109","-74.801988","POINT (-74.801988 10.92109)"
"A5-1 Los Robles / Los Almendros","Carrera 18 Sur No. 46C-04 Baq / Cra24 Cl69A Sol","3","10.921888","-74.803522","POINT (-74.803522 10.921888)"
"A5-1 Los Robles / Los Almendros","Carrera 18 Sur con Calle 46H Baq / Cra24 Cl72 Sol","4","10.922383","-74.804978","POINT (-74.804978 10.922383)"
"A5-1 Los Robles / Los Almendros","Carrera 18 Sur con Calle 47E Baq / Cra24 Cl74 Sol","5","10.92194","-74.806707","POINT (-74.806707 10.92194)"
"A5-1 Los Robles / Los Almendros","Calle 74 con Carrera 23A Lado Occidente Soledad","6","10.920968","-74.806863","POINT (-74.806863 10.920968)"
"A5-1 Los Robles / Los Almendros","Carrera 23A con Calle 75B Esq Lado Norte Soledad","7","10.920595","-74.808545","POINT (-74.808545 10.920595)"
"A5-1 Los Robles / Los Almendros","Carrera 23A No. 76B-14 Lado Norte Soledad","8","10.920482","-74.810165","POINT (-74.810165 10.920482)"
"A5-1 Los Robles / Los Almendros","Calle 77 con Carrera 23D Lado Oriente Soledad","9","10.92112","-74.81162","POINT (-74.81162 10.92112)"
"A5-1 Los Robles / Los Almendros","Calle 79 No. 23B-03 Soledad","10","10.920608","-74.812565","POINT (-74.812565 10.920608)"
"A5-1 Los Robles / Los Almendros","Calle 79 No. 21B-15 Soledad","11","10.919267","-74.81397","POINT (-74.81397 10.919267)"
"A5-1 Los Robles / Los Almendros","Calle 79 No. 19-15 Soledad","12","10.91808","-74.815215","POINT (-74.815215 10.91808)"
"A5-1 Los Robles / Los Almendros","Carrera 18 No. 80C-12 Lado Norte Soledad","13","10.917393","-74.817938","POINT (-74.817938 10.917393)"
"A5-1 Los Robles / Los Almendros","Calle 83 No. 17-65 Lado Occidente Soledad","14","10.917762","-74.819767","POINT (-74.819767 10.917762)"
"A5-1 Los Robles / Los Almendros","Calle 83 No. 15-23 Lado Occidente Soledad","15","10.916053","-74.820338","POINT (-74.820338 10.916053)"
"A5-1 Los Robles / Los Almendros","Carrera 12D con Calle 84 Esq Soledad","16","10.91442","-74.822783","POINT (-74.822783 10.91442)"
"A5-1 Los Robles / Los Almendros","Calle 85 con Carrera 13 Esq Soledad","17","10.915288","-74.822995","POINT (-74.822995 10.915288)"
"A5-1 Los Robles / Los Almendros","Calle 84 con Carrera 14A Soledad","18","10.916137","-74.822024","POINT (-74.822024 10.916137)"
"A5-1 Los Robles / Los Almendros","Carrera 16 con Calle 83A Esq Soledad","19","10.916793","-74.820565","POINT (-74.820565 10.916793)"
"A5-1 Los Robles / Los Almendros","Calle 83 No. 17-62 Lado Oriente Soledad","20","10.917722","-74.819723","POINT (-74.819723 10.917722)"
"A5-1 Los Robles / Los Almendros","Carrera 18 No. 81-29 Lado Sur Soledad","21","10.917537","-74.818362","POINT (-74.818362 10.917537)"
"A5-1 Los Robles / Los Almendros","Calle 81 No. 18C-46 Soledad","22","10.918798","-74.817343","POINT (-74.817343 10.918798)"
"A5-1 Los Robles / Los Almendros","Calle 81 No. 19A-22 Soledad","23","10.919723","-74.816382","POINT (-74.816382 10.919723)"
"A5-1 Los Robles / Los Almendros","Calle 81 No. 21C-26 Soledad","24","10.920842","-74.815188","POINT (-74.815188 10.920842)"
"A5-1 Los Robles / Los Almendros","Carrera 22B No. 79-15 Soledad","25","10.92014","-74.813387","POINT (-74.813387 10.92014)"
"A5-1 Los Robles / Los Almendros","Calle 77 No. 23A-07 Lado Occidente Soledad","26","10.920568","-74.81167","POINT (-74.81167 10.920568)"
"A5-1 Los Robles / Los Almendros","Carrera 23A No. 76-03 Lado Sur Soledad","27","10.920475","-74.810078","POINT (-74.810078 10.920475)"
"A5-1 Los Robles / Los Almendros","Carrera 23A No. 74C-11 Lado Sur Soledad","28","10.920617","-74.807818","POINT (-74.807818 10.920617)"
"A5-1 Los Robles / Los Almendros","Calle 74 con Carrera 23D Lado Oriente","29","10.9218","-74.80691","POINT (-74.80691 10.9218)"
"A5-1 Los Robles / Los Almendros","Carrera 15 Sur No. 47C - 39","30","10.922777","-74.806583","POINT (-74.806583 10.922777)"
"A5-1 Los Robles / Los Almendros","Carrera 15 Sur con Calle 46H","31","10.922848","-74.804888","POINT (-74.804888 10.922848)"
"A5-1 Los Robles / Los Almendros","Av. Circunvalar con Calle 45H Puente Peat. Velodro","32","10.923168","-74.801603","POINT (-74.801603 10.923168)"
"A5-1 Los Robles / Los Almendros","Carrera 23B con Calle 63","33","10.921138","-74.79951","POINT (-74.79951 10.921138)"
"A5-2 Las Moras","Carrera 16 Con Calle 64 Esq Pacho Galan Sur","1","10.914618","-74.799829","POINT (-74.799829 10.914618)"
"A5-2 Las Moras","Carrera 16 con Calle 68 Esq Soledad","2","10.914585","-74.801387","POINT (-74.801387 10.914585)"
"A5-2 Las Moras","Carrera 15 con Calle 69 Centro Salud Adela de Char","3","10.913761","-74.803263","POINT (-74.803263 10.913761)"
"A5-2 Las Moras","Carrera 16 No. 73-26 Soledad","4","10.914402","-74.805789","POINT (-74.805789 10.914402)"
"A5-2 Las Moras","Calle 74A con Carrera 14 Soledad","5","10.913403","-74.807091","POINT (-74.807091 10.913403)"
"A5-2 Las Moras","Calle 76 No. 16-22 Soledad","6","10.914396","-74.808772","POINT (-74.808772 10.914396)"
"A5-2 Las Moras","Calle 76 con Carrera 18C Esq Soledad","7","10.916982","-74.808981","POINT (-74.808981 10.916982)"
"A5-2 Las Moras","Carrera 19 con Calle 74A Esq Soledad","8","10.917364","-74.807207","POINT (-74.807207 10.917364)"
"A5-2 Las Moras","Carrera 19 con Calle 72B Esq Soledad","9","10.917501","-74.805663","POINT (-74.805663 10.917501)"
"A5-2 Las Moras","Carrera 18 con Calle 70 Esq Soledad","10","10.916551","-74.804415","POINT (-74.804415 10.916551)"
"A5-2 Las Moras","Carrera 18 No. 68C-11 Soledad","11","10.916902","-74.802606","POINT (-74.802606 10.916902)"
"A5-2 Las Moras","Carrera 18 No. 65-15 Soledad","12","10.917038","-74.800371","POINT (-74.800371 10.917038)"
"A5-2 Las Moras","Carrera 16 Con Calle 64 Esq Pacho Galan Sur","13","10.914618","-74.799829","POINT (-74.799829 10.914618)"
"A5-3 Don Bosco","Portal de Soledad","1","10.907649","-74.800399","POINT (-74.800399 10.907649)"
"A5-3 Don Bosco","Centro Comercial Nuestro Atlantico","2","10.905385","-74.801316","POINT (-74.801316 10.905385)"
"A5-3 Don Bosco","Calle 65 con Carrera 12 Ciudad Transmetro Lado Occ","3","10.904125","-74.802113","POINT (-74.802113 10.904125)"
"A5-3 Don Bosco","Calle 65 con Carrera 8 Los Loteros Lado Occidental","4","10.901335","-74.802702","POINT (-74.802702 10.901335)"
"A5-3 Don Bosco","Calle 65 Ciudad Camelot Lado Occidental","5","10.899415","-74.803115","POINT (-74.803115 10.899415)"
"A5-3 Don Bosco","Calle 65 La Candelaria Lado Occidental","6","10.895393","-74.803785","POINT (-74.803785 10.895393)"
"A5-3 Don Bosco","Calle 65 con Carrera 5 La Central Lado Occidental","7","10.891485","-74.80419","POINT (-74.80419 10.891485)"
"A5-3 Don Bosco","Carrera 5 con Calle 66C Lado Norte Soledad","8","10.891468","-74.806688","POINT (-74.806688 10.891468)"
"A5-3 Don Bosco","Carrera 5 con Calle 68B Esq Lado Norte Soledad","9","10.891413","-74.808489","POINT (-74.808489 10.891413)"
"A5-3 Don Bosco","Calle 69 con Carrera 4 Soledad","10","10.889523","-74.808669","POINT (-74.808669 10.889523)"
"A5-3 Don Bosco","Carrera 4 con Calle 71A Lado Norte Soledad","11","10.88937","-74.810643","POINT (-74.810643 10.88937)"
"A5-3 Don Bosco","Diagonal 71 con Transversal 1A4 Lado Occidente","12","10.888093","-74.812008","POINT (-74.812008 10.888093)"
"A5-3 Don Bosco","Diagonal 71 con Transversal 1BSur Lado Occidente","13","10.886892","-74.81279","POINT (-74.81279 10.886892)"
"A5-3 Don Bosco","Transversal 1C sur con Diagonal 72 Cancha Don Bosc","14","10.887139","-74.813893","POINT (-74.813893 10.887139)"
"A5-3 Don Bosco","Transversal 2 sur con Diagonal 72 Esq (Panaderia)","15","10.886447","-74.814633","POINT (-74.814633 10.886447)"
"A5-3 Don Bosco","Diagonal 71 con Transversal 1BSur Lado Oriente","16","10.88687","-74.812773","POINT (-74.812773 10.88687)"
"A5-3 Don Bosco","Diagonal 71 con Transversal 1A4 Lado Oriente","17","10.888243","-74.81185","POINT (-74.81185 10.888243)"
"A5-3 Don Bosco","Carrera 4 con Calle 71 Lado Sur Soledad","18","10.889353","-74.810478","POINT (-74.810478 10.889353)"
"A5-3 Don Bosco","Carrera 4 con Calle 69A Lado Sur Soledad","19","10.889343","-74.808878","POINT (-74.808878 10.889343)"
"A5-3 Don Bosco","Carrera 5 con Calle 69 Esq Lado Sur Soledad","20","10.891352","-74.808445","POINT (-74.808445 10.891352)"
"A5-3 Don Bosco","Carrera 5 con Calle 66A Lado Sur Soledad","21","10.891378","-74.806367","POINT (-74.806367 10.891378)"
"A5-3 Don Bosco","Calle 65 Gran Central de Abastos del Caribe","22","10.887832","-74.803852","POINT (-74.803852 10.887832)"
"A5-3 Don Bosco","Calle 65 con Diagonal 56 EDS La Inmaculada Soledad","23","10.889405","-74.803507","POINT (-74.803507 10.889405)"
"A5-3 Don Bosco","Calle 65 Villa Linda Av. Murillo Soledad","24","10.891925","-74.804013","POINT (-74.804013 10.891925)"
"A5-3 Don Bosco","Calle 65 La Candelaria Lado Oriental","25","10.893602","-74.804009","POINT (-74.804009 10.893602)"
"A5-3 Don Bosco","Calle 65 Villas del Portal 2 Lado Oriental","26","10.8988","-74.803067","POINT (-74.803067 10.8988)"
"A5-3 Don Bosco","Calle 65 con Carrera 8 Los Loteros Lado Oriental","27","10.900938","-74.802592","POINT (-74.802592 10.900938)"
"A5-3 Don Bosco","Calle 65 con Carrera 11C Terranova 2da Etapa","28","10.904042","-74.801957","POINT (-74.801957 10.904042)"
"A5-3 Don Bosco","Portal de Soledad","29","10.907649","-74.800399","POINT (-74.800399 10.907649)"
"A5-3 Contingencia","Portal de Soledad","1","10.907649","-74.800399","POINT (-74.800399 10.907649)"
"A5-3 Contingencia","Calle 65 con Carrera 12 Ciudad Transmetro Lado Occ","2","10.904125","-74.802113","POINT (-74.802113 10.904125)"
"A5-3 Contingencia","Calle 65 con Carrera 8 Los Loteros Lado Occidental","3","10.901335","-74.802702","POINT (-74.802702 10.901335)"
"A5-3 Contingencia","Calle 65 Ciudad Camelot Lado Occidental","4","10.899415","-74.803115","POINT (-74.803115 10.899415)"
"A5-3 Contingencia","Calle 65 La Candelaria Lado Occidental","5","10.895393","-74.803785","POINT (-74.803785 10.895393)"
"A5-3 Contingencia","Calle 65 con Carrera 5 La Central Lado Occidental","6","10.891485","-74.80419","POINT (-74.80419 10.891485)"
"A5-3 Contingencia","Calle 65 Gran Central de Abastos del Caribe","7","10.887832","-74.803852","POINT (-74.803852 10.887832)"
"A5-3 Contingencia","Calle 65 con Diagonal 56 EDS La Inmaculada Soledad","8","10.889405","-74.803507","POINT (-74.803507 10.889405)"
"A5-3 Contingencia","Calle 65 Villa Linda Av. Murillo Soledad","9","10.891925","-74.804013","POINT (-74.804013 10.891925)"
"A5-3 Contingencia","Calle 65 La Candelaria Lado Oriental","10","10.893602","-74.804009","POINT (-74.804009 10.893602)"
"A5-3 Contingencia","Calle 65 Villas del Portal 2 Lado Oriental","11","10.8988","-74.803067","POINT (-74.803067 10.8988)"
"A5-3 Contingencia","Calle 65 con Carrera 8 Los Loteros Lado Oriental","12","10.900938","-74.802592","POINT (-74.802592 10.900938)"
"A5-3 Contingencia","Calle 65 con Carrera 11C Terranova 2da Etapa","13","10.904042","-74.801957","POINT (-74.801957 10.904042)"
"A5-3 Contingencia","Portal de Soledad","14","10.907649","-74.800399","POINT (-74.800399 10.907649)"
"A5-4 San Antonio","Portal de Soledad","1","10.907649","-74.800399","POINT (-74.800399 10.907649)"
"A5-4 San Antonio","Centro Comercial Nuestro Atlantico","2","10.905385","-74.801316","POINT (-74.801316 10.905385)"
"A5-4 San Antonio","Calle 65 con Carrera 12 Ciudad Transmetro Lado Occ","3","10.904125","-74.802113","POINT (-74.802113 10.904125)"
"A5-4 San Antonio","Calle 65 con Carrera 8 Los Loteros Lado Occidental","4","10.901335","-74.802702","POINT (-74.802702 10.901335)"
"A5-4 San Antonio","Calle 65 Ciudad Camelot Lado Occidental","5","10.899415","-74.803115","POINT (-74.803115 10.899415)"
"A5-4 San Antonio","Calle 65 La Candelaria Lado Occidental","6","10.895393","-74.803785","POINT (-74.803785 10.895393)"
"A5-4 San Antonio","Calle 65 con Carrera 5 La Central Lado Occidental","7","10.891485","-74.80419","POINT (-74.80419 10.891485)"
"A5-4 San Antonio","Urb. Salitre Lado Norte Soledad","8","10.886208","-74.806806","POINT (-74.806806 10.886208)"
"A5-4 San Antonio","Urb. San Antonio Soledad","9","10.885832","-74.80868","POINT (-74.80868 10.885832)"
"A5-4 San Antonio","Urb. Salitre Lado Sur Soledad","10","10.88617","-74.806858","POINT (-74.806858 10.88617)"
"A5-4 San Antonio","Calle 65 Gran Central de Abastos del Caribe","11","10.887832","-74.803852","POINT (-74.803852 10.887832)"
"A5-4 San Antonio","Calle 65 con Diagonal 56 EDS La Inmaculada Soledad","12","10.889405","-74.803507","POINT (-74.803507 10.889405)"
"A5-4 San Antonio","Calle 65 Villa Linda Av. Murillo Soledad","13","10.891925","-74.804013","POINT (-74.804013 10.891925)"
"A5-4 San Antonio","Calle 65 La Candelaria Lado Occidental","14","10.895393","-74.803785","POINT (-74.803785 10.895393)"
"A5-4 San Antonio","Calle 65 Villas del Portal 2 Lado Oriental","15","10.8988","-74.803067","POINT (-74.803067 10.8988)"
"A5-4 San Antonio","Calle 65 con Carrera 8 Los Loteros Lado Oriental","16","10.900938","-74.802592","POINT (-74.802592 10.900938)"
"A5-4 San Antonio","Calle 65 con Carrera 11C Terranova 2da Etapa","17","10.904042","-74.801957","POINT (-74.801957 10.904042)"
"A5-4 San Antonio","Portal de Soledad","18","10.907649","-74.800399","POINT (-74.800399 10.907649)"
"A5-5 El Manantial","Portal de Soledad","1","10.907649","-74.800399","POINT (-74.800399 10.907649)"
"A5-5 El Manantial","Centro Comercial Nuestro Atlantico","2","10.905385","-74.801316","POINT (-74.801316 10.905385)"
"A5-5 El Manantial","Calle 65 con Carrera 12 Ciudad Transmetro Lado Occ","3","10.904125","-74.802113","POINT (-74.802113 10.904125)"
"A5-5 El Manantial","Carrera 12 con Calle 66 Lado Norte Soledad","4","10.903984","-74.804235","POINT (-74.804235 10.903984)"
"A5-5 El Manantial","Carrera 11C con Calle 68 Lado Norte Soledad","5","10.903575","-74.806412","POINT (-74.806412 10.903575)"
"A5-5 El Manantial","Carrera 11C con Calle 70 Lado Norte Soledad","6","10.903093","-74.80875","POINT (-74.80875 10.903093)"
"A5-5 El Manantial","Calle 71 con Carrera 11C Lado Oriente Soledad","7","10.903156","-74.810245","POINT (-74.810245 10.903156)"
"A5-5 El Manantial","Calle 72 con Carrera 12 Soledad","8","10.903976","-74.811209","POINT (-74.811209 10.903976)"
"A5-5 El Manantial","Calle 71 con Carrera 12 Lado Occidente Soledad","9","10.903044","-74.810338","POINT (-74.810338 10.903044)"
"A5-5 El Manantial","Carrera 11C con Calle 69 Lado Sur Soledad","10","10.903085","-74.808402","POINT (-74.808402 10.903085)"
"A5-5 El Manantial","Carrera 11C con Calle 68 Lado Sur Soledad","11","10.903472","-74.806421","POINT (-74.806421 10.903472)"
"A5-5 El Manantial","Carrera 12 con Calle 66 Lado Sur Soledad","12","10.903901","-74.804209","POINT (-74.804209 10.903901)"
"A5-5 El Manantial","Calle 65 con Carrera 11C Terranova 2da Etapa","13","10.904042","-74.801957","POINT (-74.801957 10.904042)"
"A5-5 El Manantial","Portal de Soledad","14","10.907649","-74.800399","POINT (-74.800399 10.907649)"
"A5-6 Granabastos","Calle 65 Gran Central de Abastos del Caribe","1","10.887832","-74.803852","POINT (-74.803852 10.887832)"
"A5-6 Granabastos","Calle 65 con Diagonal 56 EDS La Inmaculada Soledad","2","10.889405","-74.803507","POINT (-74.803507 10.889405)"
"A5-6 Granabastos","Calle 65 Villa Linda Av. Murillo Soledad","3","10.891925","-74.804013","POINT (-74.804013 10.891925)"
"A5-6 Granabastos","Calle 65 La Candelaria Lado Occidental","4","10.895393","-74.803785","POINT (-74.803785 10.895393)"
"A5-6 Granabastos","Calle 65 Villas del Portal 2 Lado Oriental","5","10.8988","-74.803067","POINT (-74.803067 10.8988)"
"A5-6 Granabastos","Calle 65 con Carrera 8 Los Loteros Lado Oriental","6","10.900938","-74.802592","POINT (-74.802592 10.900938)"
"A5-6 Granabastos","Calle 65 con Carrera 11C Terranova 2da Etapa","7","10.904042","-74.801957","POINT (-74.801957 10.904042)"
"A5-6 Granabastos","Portal de Soledad","8","10.907649","-74.800399","POINT (-74.800399 10.907649)"
"A6-5 Carrizal","Calle 45 con Carrera 5B Iglesia","1","10.940807","-74.799647","POINT (-74.799647 10.940807)"
"A6-5 Carrizal","Carrera 4 con Calle 45B","2","10.938387","-74.799987","POINT (-74.799987 10.938387)"
"A6-5 Carrizal","Carrera 4 con Calle 45H","3","10.938394","-74.802086","POINT (-74.802086 10.938394)"
"A6-5 Carrizal","Calle 49 No. 3D-11 Lado Occidental","4","10.93715","-74.802692","POINT (-74.802692 10.93715)"
"A6-5 Carrizal","Calle 49 con Carrera 3 Lado Occidental","5","10.935974","-74.803306","POINT (-74.803306 10.935974)"
"A6-5 Carrizal","Calle 49 No. 2G-17 Lado Occidental","6","10.935257","-74.804337","POINT (-74.804337 10.935257)"
"A6-5 Carrizal","Carrera 2F No. 49F-40 Lado Norte","7","10.935675","-74.805897","POINT (-74.805897 10.935675)"
"A6-5 Carrizal","Calle 50C No. 2B-29","8","10.935786","-74.808294","POINT (-74.808294 10.935786)"
"A6-5 Carrizal","Carrera 2 No. 50D-16","9","10.934719","-74.808978","POINT (-74.808978 10.934719)"
"A6-5 Carrizal","Carrera 2 con Calle 51","10","10.935378","-74.810411","POINT (-74.810411 10.935378)"
"A6-5 Carrizal","Calle 51B No. 2B-16","11","10.93645","-74.810207","POINT (-74.810207 10.93645)"
"A6-5 Carrizal","Carrera 2F No. 50C-11 Lado Sur","12","10.936025","-74.808367","POINT (-74.808367 10.936025)"
"A6-5 Carrizal","Carrera 2F No. 49E-23 Ciclo Neval Lado Sur","13","10.935592","-74.805976","POINT (-74.805976 10.935592)"
"A6-5 Carrizal","Calle 49 con Carrera 2G Lado Oriental","14","10.935197","-74.804128","POINT (-74.804128 10.935197)"
"A6-5 Carrizal","Calle 49 con Carrera 3 Lado Oriental","15","10.935997","-74.803067","POINT (-74.803067 10.935997)"
"A6-5 Carrizal","Calle 49 con Carrera 3E Lado Oriental","16","10.938092","-74.802577","POINT (-74.802577 10.938092)"
"A6-5 Carrizal","Carrera 4C No. 49B-88","17","10.93936","-74.803619","POINT (-74.803619 10.93936)"
"A6-5 Carrizal","Calle 46 con Carrera 6 esq","18","10.941018","-74.802622","POINT (-74.802622 10.941018)"
"A6-5 Carrizal","Calle 45 con Carrera 5B Iglesia","19","10.940807","-74.799647","POINT (-74.799647 10.940807)"
"A6-6 Ciudadela","Est. Joaquin Barrios Polo","1","10.933248","-74.799342","POINT (-74.799342 10.933248)"
"A6-6 Ciudadela","Tv 14 sur con calle 45","2","10.93025","-74.799877","POINT (-74.799877 10.93025)"
"A6-6 Ciudadela","Av. Las Torres con Calle 45H Lado Norte","3","10.93041","-74.801802","POINT (-74.801802 10.93041)"
"A6-6 Ciudadela","Carrera 6 sur con Calle 46F esq","4","10.93014","-74.803898","POINT (-74.803898 10.93014)"
"A6-6 Ciudadela","Carrera 6 sur con Calle 47 esq","5","10.929058","-74.805548","POINT (-74.805548 10.929058)"
"A6-6 Ciudadela","Carrera 6 sur con Calle 47B","6","10.927633","-74.807463","POINT (-74.807463 10.927633)"
"A6-6 Ciudadela","Carrera 6 sur con Calle 48F","7","10.926347","-74.810113","POINT (-74.810113 10.926347)"
"A6-6 Ciudadela","Calle 49 con Carrera 8B sur Lado Occidente","8","10.924822","-74.811538","POINT (-74.811538 10.924822)"
"A6-6 Ciudadela","Calle 49 con Carrera 12 sur Lado Occidente","9","10.923305","-74.812088","POINT (-74.812088 10.923305)"
"A6-6 Ciudadela","Av. Circunvalar con Calle 51B","10","10.922777","-74.814132","POINT (-74.814132 10.922777)"
"A6-6 Ciudadela","Calle 51B con Carrera 10 sur","11","10.925147","-74.81477","POINT (-74.81477 10.925147)"
"A6-6 Ciudadela","Carrera 10 sur con Calle 50A","12","10.924185","-74.812707","POINT (-74.812707 10.924185)"
"A6-6 Ciudadela","Calle 49 No. 8 sur - 64 PASO Nueva Vida","13","10.924512","-74.811633","POINT (-74.811633 10.924512)"
"A6-6 Ciudadela","Calle 49 con Carrera 5B sur Lado Oriente","14","10.927535","-74.810925","POINT (-74.810925 10.927535)"
"A6-6 Ciudadela","Calle 49 con Carrera 3 sur Lado Oriente","15","10.929263","-74.810445","POINT (-74.810445 10.929263)"
"A6-6 Ciudadela","Carrera 1 con Calle 48C","16","10.93091","-74.809012","POINT (-74.809012 10.93091)"
"A6-6 Ciudadela","Carrera 1 No. 47B-03","17","10.930875","-74.807262","POINT (-74.807262 10.930875)"
"A6-6 Ciudadela","Calle 47 No. 3A sur - 18","18","10.929378","-74.805965","POINT (-74.805965 10.929378)"
"A6-6 Ciudadela","Calle 47 con Carrera 6D sur","19","10.928177","-74.805123","POINT (-74.805123 10.928177)"
"A6-6 Ciudadela","Carrera 7 sur No. 46-29","20","10.927993","-74.803052","POINT (-74.803052 10.927993)"
"A6-6 Ciudadela","Calle 46 con Carrera 1 sur esq","21","10.930078","-74.802598","POINT (-74.802598 10.930078)"
"A6-6 Ciudadela","Carrera 2D con Calle 47","22","10.93293","-74.803165","POINT (-74.803165 10.93293)"
"A6-6 Ciudadela","Calle 47 con Carrera 2G","23","10.93446","-74.80134","POINT (-74.80134 10.93446)"
"A6-6 Ciudadela","Est. Joaquin Barrios Polo","24","10.933248","-74.799342","POINT (-74.799342 10.933248)"
"A7-1 Miramar","Est. Joe Arroyo","1","10.995072","-74.807644","POINT (-74.807644 10.995072)"
"A7-1 Miramar","Calle 76 No. 47-57","2","10.997883","-74.809325","POINT (-74.809325 10.997883)"
"A7-1 Miramar","Calle 76 No. 43B - 05","3","10.994847","-74.811178","POINT (-74.811178 10.994847)"
"A7-1 Miramar","Carrera 43 con Calle 76","4","10.994982","-74.812923","POINT (-74.812923 10.994982)"
"A7-1 Miramar","Carrera 43 No. 79-212","5","10.996353","-74.815472","POINT (-74.815472 10.996353)"
"A7-1 Miramar","Carrera 43 No. 80-182","6","10.997342","-74.817303","POINT (-74.817303 10.997342)"
"A7-1 Miramar","Carrera 43 No. 82-178 Ferreteria Don Kike","7","10.998343","-74.819477","POINT (-74.819477 10.998343)"
"A7-1 Miramar","Carrera 43 No. 84-154 Narcobollo","8","10.998865","-74.821442","POINT (-74.821442 10.998865)"
"A7-1 Miramar","Carrera 43 No. 87-40","9","11.000108","-74.824375","POINT (-74.824375 11.000108)"
"A7-1 Miramar","Calle 90 No. 42H-19 Edificio Tabor","10","11.000172","-74.826065","POINT (-74.826065 11.000172)"
"A7-1 Miramar","Calle 90 No. 42E-37","11","10.998157","-74.827503","POINT (-74.827503 10.998157)"
"A7-1 Miramar","Calle 90 No. 42B1-61","12","10.996272","-74.828949","POINT (-74.828949 10.996272)"
"A7-1 Miramar","Carrera 42B1 No. 92-34","13","10.996381","-74.830052","POINT (-74.830052 10.996381)"
"A7-1 Miramar","Calle 96 No. 42C-66","14","10.998098","-74.831015","POINT (-74.831015 10.998098)"
"A7-1 Miramar","Calle 96 con Carrera 42G","15","10.999927","-74.83129","POINT (-74.83129 10.999927)"
"A7-1 Miramar","Carrera 42F con Calle 97","16","11.000557","-74.8322","POINT (-74.8322 11.000557)"
"A7-1 Miramar","Calle 98 con Carrera 42G2","17","11.002163","-74.833437","POINT (-74.833437 11.002163)"
"A7-1 Miramar","Carrera 43 No. 98-86","18","11.003392","-74.833915","POINT (-74.833915 11.003392)"
"A7-1 Miramar","Conj. Res. Balcones del Mar / Parque 100","19","11.000774","-74.83589","POINT (-74.83589 11.000774)"
"A7-1 Miramar","Calle 100 Conj. Res. Parque 100","20","11.000593","-74.837017","POINT (-74.837017 11.000593)"
"A7-1 Miramar","Calle 99C No. 43-150 Tarragona","21","11.003703","-74.836297","POINT (-74.836297 11.003703)"
"A7-1 Miramar","Transversal 44 No. 99C-20 Conj. Brisas del Mar","22","11.005243","-74.835023","POINT (-74.835023 11.005243)"
"A7-1 Miramar","Calle 100 con Carrera 44","23","11.006995","-74.834242","POINT (-74.834242 11.006995)"
"A7-1 Miramar","Carrera 46 con Calle 96A Lado Sur","24","11.00587","-74.829925","POINT (-74.829925 11.00587)"
"A7-1 Miramar","Carrera 46 No. 94-11 Lado Sur","25","11.005008","-74.82777","POINT (-74.82777 11.005008)"
"A7-1 Miramar","Carrera 46 con Calle 90 Uniautonoma Lado Sur","26","11.003378","-74.824262","POINT (-74.824262 11.003378)"
"A7-1 Miramar","Carrera 46 No. 85-163 Lado Sur","27","11.002598","-74.822492","POINT (-74.822492 11.002598)"
"A7-1 Miramar","Carrera 46 No. 82-205 Lado Sur","28","11.001358","-74.818477","POINT (-74.818477 11.001358)"
"A7-1 Miramar","Carrera 46 No. 80-211 Lado Sur","29","11.000155","-74.816007","POINT (-74.816007 11.000155)"
"A7-1 Miramar","Carrera 46 No. 79-175 Perez Radiologos Lado Sur","30","10.998798","-74.8136","POINT (-74.8136 10.998798)"
"A7-1 Miramar","Carrera 46 No. 76-109 Lado Sur","31","10.997287","-74.810998","POINT (-74.810998 10.997287)"
"A7-1 Miramar","Est. Joe Arroyo","32","10.994752","-74.807818","POINT (-74.807818 10.994752)"
"A7-3 Carrera 38","Est. Joe Arroyo","1","10.995072","-74.807644","POINT (-74.807644 10.995072)"
"A7-3 Carrera 38","Calle 76 No. 47-57","2","10.997883","-74.809325","POINT (-74.809325 10.997883)"
"A7-3 Carrera 38","Calle 76 No. 43B - 05","3","10.994847","-74.811178","POINT (-74.811178 10.994847)"
"A7-3 Carrera 38","Calle 76 con Carrera 42B U. Metropolitana Occident","4","10.993117","-74.813703","POINT (-74.813703 10.993117)"
"A7-3 Carrera 38","Calle 76 con Carrera 39 C.C. Unico Lado Occidente","5","10.989677","-74.814318","POINT (-74.814318 10.989677)"
"A7-3 Carrera 38","Calle 76 No. 38A-53 Col. Betania Lado Occidente","6","10.987803","-74.815632","POINT (-74.815632 10.987803)"
"A7-3 Carrera 38","Carrera 38 con Calle 74 C.C. Americano Lado Sur","7","10.985972","-74.814241","POINT (-74.814241 10.985972)"
"A7-3 Carrera 38","Carrera 38 con Calle 72 Lado Sur","8","10.985471","-74.811784","POINT (-74.811784 10.985471)"
"A7-3 Carrera 38","Carrera 38 No. 70B-135 Drogueria Inglesa Lado Sur","9","10.985015","-74.810241","POINT (-74.810241 10.985015)"
"A7-3 Carrera 38","Carrera 38 No. 69C-127 Lado Sur","10","10.984235","-74.807373","POINT (-74.807373 10.984235)"
"A7-3 Carrera 38","Carrera 38 No. 69-121 Lado Sur","11","10.983861","-74.805799","POINT (-74.805799 10.983861)"
"A7-3 Carrera 38","Carrera 38 No. 65-85 Club de Leones Lado Sur","12","10.983206","-74.803017","POINT (-74.803017 10.983206)"
"A7-3 Carrera 38","Carrera 38 con Calle 63B Lado Sur","13","10.984046","-74.800375","POINT (-74.800375 10.984046)"
"A7-3 Carrera 38","Carrera 38 con Calle 60 Clinica La Merced Lado Sur","14","10.983458","-74.798707","POINT (-74.798707 10.983458)"
"A7-3 Carrera 38","Carrera 38 No. 57-53 Lado Sur","15","10.982645","-74.796901","POINT (-74.796901 10.982645)"
"A7-3 Carrera 38","Carrera 38 No. 54-73 I.E. Elyon Yireh Lado Sur","16","10.981855","-74.795072","POINT (-74.795072 10.981855)"
"A7-3 Carrera 38","Calle 52 No. 38-22","17","10.981462","-74.792487","POINT (-74.792487 10.981462)"
"A7-3 Carrera 38","Carrera 41 No. 51-93 Col. Ateneo Tecnico Comercial","18","10.982407","-74.791823","POINT (-74.791823 10.982407)"
"A7-3 Carrera 38","Carrera 41 No. 48-67 Distrienvases","19","10.981953","-74.789624","POINT (-74.789624 10.981953)"
"A7-3 Carrera 38","Carrera 41 con Calle 45 Domesa","20","10.981627","-74.78725","POINT (-74.78725 10.981627)"
"A7-3 Carrera 38","Carrera 41 con Calle 43","21","10.981068","-74.784825","POINT (-74.784825 10.981068)"
"A7-3 Carrera 38","Carrera 41 con Calle 39","22","10.980491","-74.782007","POINT (-74.782007 10.980491)"
"A7-3 Carrera 38","Calle 38 con Carrera 41","23","10.980966","-74.781","POINT (-74.781 10.980966)"
"A7-3 Carrera 38","Carrera 43 No. 39-26","24","10.98196","-74.781695","POINT (-74.781695 10.98196)"
"A7-3 Carrera 38","Carrera 43 No. 43-16","25","10.982552","-74.784433","POINT (-74.784433 10.982552)"
"A7-3 Carrera 38","Carrera 43 con Calle 45 Ara","26","10.983073","-74.786588","POINT (-74.786588 10.983073)"
"A7-3 Carrera 38","Carrera 43 No. 50-12 Parque Central","27","10.98387","-74.789823","POINT (-74.789823 10.98387)"
"A7-3 Carrera 38","Carrera 43 con Calle 53 Colombo","28","10.984443","-74.791898","POINT (-74.791898 10.984443)"
"A7-3 Carrera 38","Calle 54 No. 41-77 Colegio Colon","29","10.983602","-74.793173","POINT (-74.793173 10.983602)"
"A7-3 Carrera 38","Carrera 38 No. 54-60 I. E. Elyon Yireh Lado Norte","30","10.981847","-74.794777","POINT (-74.794777 10.981847)"
"A7-3 Carrera 38","Carrera 38 No. 57-60 Unicash Lado Norte","31","10.982745","-74.796859","POINT (-74.796859 10.982745)"
"A7-3 Carrera 38","Carrera 38 con Calle 60 Clinica La Merced Lado Nor","32","10.983574","-74.798686","POINT (-74.798686 10.983574)"
"A7-3 Carrera 38","Carrera 38 No. 63A-30 Junior Pan Lado Norte","33","10.984157","-74.800379","POINT (-74.800379 10.984157)"
"A7-3 Carrera 38","Carrera 38 No. 66-90 Club de Leones Lado Norte","34","10.983306","-74.802905","POINT (-74.802905 10.983306)"
"A7-3 Carrera 38","Carrera 38 No. 69-128 Lado Norte","35","10.983986","-74.805814","POINT (-74.805814 10.983986)"
"A7-3 Carrera 38","Carrera 38 con Calle 70 Lado Norte","36","10.98458","-74.807831","POINT (-74.807831 10.98458)"
"A7-3 Carrera 38","Carrera 38 con Calle 71 Lado Norte","37","10.985193","-74.810056","POINT (-74.810056 10.985193)"
"A7-3 Carrera 38","Carrera 38 con Calle 73 C.C. Americano Lado Norte","38","10.985753","-74.812098","POINT (-74.812098 10.985753)"
"A7-3 Carrera 38","Carrera 38C con Calle 74","39","10.987368","-74.812365","POINT (-74.812365 10.987368)"
"A7-3 Carrera 38","Carrera 38C con Calle 76","40","10.988324","-74.81428","POINT (-74.81428 10.988324)"
"A7-3 Carrera 38","Calle 76 con Carrera 39 C.C. Unico Lado Oriente","41","10.990147","-74.814012","POINT (-74.814012 10.990147)"
"A7-3 Carrera 38","Calle 76 con Carrera 42 U. Metropolitana Oriente","42","10.993075","-74.813575","POINT (-74.813575 10.993075)"
"A7-3 Carrera 38","Calle 79 con Carrera 42F C.E. Litoral","43","10.994873","-74.813843","POINT (-74.813843 10.994873)"
"A7-3 Carrera 38","Calle 79 con Carrera 45","44","10.997167","-74.81255","POINT (-74.81255 10.997167)"
"A7-3 Carrera 38","Carrera 46 No. 76 - 109 Lado Sur","45","10.997237","-74.810953","POINT (-74.810953 10.997237)"
"A7-3 Carrera 38","Est. Joe Arroyo","46","10.994752","-74.807818","POINT (-74.807818 10.994752)"
"A7-4 Los Andes","Est. Joe Arroyo","1","10.995072","-74.807644","POINT (-74.807644 10.995072)"
"A7-4 Los Andes","Calle 76 No. 47-57","2","10.997883","-74.809325","POINT (-74.809325 10.997883)"
"A7-4 Los Andes","Calle 76 No. 43B - 05","3","10.994847","-74.811178","POINT (-74.811178 10.994847)"
"A7-4 Los Andes","Calle 76 con Carrera 42B U. Metropolitana Occident","4","10.993117","-74.813703","POINT (-74.813703 10.993117)"
"A7-4 Los Andes","Calle 76 con Carrera 39 C.C. Unico Lado Occidente","5","10.989677","-74.814318","POINT (-74.814318 10.989677)"
"A7-4 Los Andes","Calle 76 No. 38A-53 Col. Betania Lado Occidente","6","10.987803","-74.815632","POINT (-74.815632 10.987803)"
"A7-4 Los Andes","Carrera 38 No. 76-106","7","10.9869","-74.81724","POINT (-74.81724 10.9869)"
"A7-4 Los Andes","Calle 79A No. 35C-43 Lado Occidente","8","10.985725","-74.818157","POINT (-74.818157 10.985725)"
"A7-4 Los Andes","Calle 79A con Carrera 33 Parque Lado Occidente","9","10.983492","-74.817963","POINT (-74.817963 10.983492)"
"A7-4 Los Andes","Calle 79A con Carrera 27 Lado Occidente","10","10.981268","-74.818585","POINT (-74.818585 10.981268)"
"A7-4 Los Andes","Carrera 26C7 No. 75-77 Lado Sur","11","10.979563","-74.816695","POINT (-74.816695 10.979563)"
"A7-4 Los Andes","Calle 74B con Carrera 26C7 Lado Suroriente","12","10.978732","-74.814478","POINT (-74.814478 10.978732)"
"A7-4 Los Andes","Carrera 27 con Calle 72C Lado Sur","13","10.977868","-74.811927","POINT (-74.811927 10.977868)"
"A7-4 Los Andes","Carrera 27 No. 68 - 149 Colegio Olaya Lado Sur","14","10.976935","-74.808147","POINT (-74.808147 10.976935)"
"A7-4 Los Andes","Carrera 27 con Calle 64 Megamas Lado Sur","15","10.975983","-74.805577","POINT (-74.805577 10.975983)"
"A7-4 Los Andes","Carrera 27 con Calle 61 Parque Los Andes","16","10.975587","-74.803722","POINT (-74.803722 10.975587)"
"A7-4 Los Andes","Calle 61 No. 25-113","17","10.97334","-74.803404","POINT (-74.803404 10.97334)"
"A7-4 Los Andes","Carrera 24 No. 59-45","18","10.971383","-74.802755","POINT (-74.802755 10.971383)"
"A7-4 Los Andes","Carrera 24 con Calle 54 Seguro de los Andes","19","10.971312","-74.800838","POINT (-74.800838 10.971312)"
"A7-4 Los Andes","Carrera 24 No. 53D-29","20","10.971158","-74.798937","POINT (-74.798937 10.971158)"
"A7-4 Los Andes","Carrera 24 con Calle 53 esq","21","10.969612","-74.797022","POINT (-74.797022 10.969612)"
"A7-4 Los Andes","Carrera 24 No. 48-03","22","10.968147","-74.794592","POINT (-74.794592 10.968147)"
"A7-4 Los Andes","Carrera 26 No. 47C-01","23","10.968725","-74.793432","POINT (-74.793432 10.968725)"
"A7-4 Los Andes","Carrera 27 Con Calle 45 Exito","24","10.96973","-74.790445","POINT (-74.790445 10.96973)"
"A7-4 Los Andes","Carrera 26 con Calle 47C","25","10.968803","-74.793522","POINT (-74.793522 10.968803)"
"A7-4 Los Andes","Calle 48 No. 23-29","26","10.967455","-74.794725","POINT (-74.794725 10.967455)"
"A7-4 Los Andes","Carrera 23 No. 52-32","27","10.968305","-74.796838","POINT (-74.796838 10.968305)"
"A7-4 Los Andes","Carrera 23 con Calle 53D esq","28","10.969852","-74.79902","POINT (-74.79902 10.969852)"
"A7-4 Los Andes","Carrera 21B con Calle 53D Esq","29","10.96836","-74.800675","POINT (-74.800675 10.96836)"
"A7-4 Los Andes","Carrera 21B No. 60-28","30","10.968588","-74.803558","POINT (-74.803558 10.968588)"
"A7-4 Los Andes","Carrera 21B No. 64-26 E. Jimenez","31","10.968683","-74.806353","POINT (-74.806353 10.968683)"
"A7-4 Los Andes","Carrera 21B con Calle 65B esq","32","10.968805","-74.808722","POINT (-74.808722 10.968805)"
"A7-4 Los Andes","Carrera 21B No. 68C-14","33","10.968897","-74.811058","POINT (-74.811058 10.968897)"
"A7-4 Los Andes","Calle 70C con Carrera 22D Esq","34","10.97084","-74.810918","POINT (-74.810918 10.97084)"
"A7-4 Los Andes","Calle 70C con Carrera 24C Esq","35","10.97373","-74.81023","POINT (-74.81023 10.97373)"
"A7-4 Los Andes","Calle 70C No. 26B-44","36","10.976285","-74.80979","POINT (-74.80979 10.976285)"
"A7-4 Los Andes","Carrera 27 No. 72-10 Lado Norte","37","10.97793","-74.811912","POINT (-74.811912 10.97793)"
"A7-4 Los Andes","Calle 74B con Carrera 26C7 Lado Noroccidente","38","10.978673","-74.814658","POINT (-74.814658 10.978673)"
"A7-4 Los Andes","Carrera 26C7 No. 75B-68 Lado Norte","39","10.979957","-74.817132","POINT (-74.817132 10.979957)"
"A7-4 Los Andes","Calle 79A con Carrera 28 Lado Oriente","40","10.981678","-74.818478","POINT (-74.818478 10.981678)"
"A7-4 Los Andes","Calle 79A No. 34-22 Lado Oriente","41","10.983975","-74.817752","POINT (-74.817752 10.983975)"
"A7-4 Los Andes","Calle 79A No. 35D-50 Lado Oriente","42","10.986227","-74.818177","POINT (-74.818177 10.986227)"
"A7-4 Los Andes","Calle 76 con Carrea 38A Lado Oriente","43","10.987864","-74.815476","POINT (-74.815476 10.987864)"
"A7-4 Los Andes","Calle 76 con Carrera 39 C.C. Unico Lado Oriente","44","10.990147","-74.814012","POINT (-74.814012 10.990147)"
"A7-4 Los Andes","Calle 76 con Carrera 42 U. Metropolitana Oriente","45","10.993075","-74.813575","POINT (-74.813575 10.993075)"
"A7-4 Los Andes","Calle 79 con Carrera 42F C.E. Litoral","46","10.994873","-74.813843","POINT (-74.813843 10.994873)"
"A7-4 Los Andes","Calle 79 con Carrera 45","47","10.997167","-74.81255","POINT (-74.81255 10.997167)"
"A7-4 Los Andes","Carrera 46 No. 76 - 109 Lado Sur","48","10.997237","-74.810953","POINT (-74.810953 10.997237)"
"A7-4 Los Andes","Est. Joe Arroyo","49","10.994752","-74.807818","POINT (-74.807818 10.994752)"
"A8-1 Paraiso","Est. Joe Arroyo","1","10.994909","-74.807738","POINT (-74.807738 10.994909)"
"A8-1 Paraiso","Carrera 46 No. 76-68 Lado Norte","2","10.99712","-74.81069","POINT (-74.81069 10.99712)"
"A8-1 Paraiso","Carrera 46 No. 79-204 Perez Radiologos Lado Norte","3","10.998975","-74.813827","POINT (-74.813827 10.998975)"
"A8-1 Paraiso","Carrera 46 No. 81-102 Lado Norte","4","11.000343","-74.816172","POINT (-74.816172 11.000343)"
"A8-1 Paraiso","Carrera 46 No. 82-100 Lado Norte","5","11.001234","-74.817706","POINT (-74.817706 11.001234)"
"A8-1 Paraiso","Calle 84 No. 47-54","6","11.00277","-74.818557","POINT (-74.818557 11.00277)"
"A8-1 Paraiso","Calle 84 No. 51-32 Macmondongo","7","11.005383","-74.817308","POINT (-74.817308 11.005383)"
"A8-1 Paraiso","Calle 84 No. 52-76","8","11.007004","-74.816461","POINT (-74.816461 11.007004)"
"A8-1 Paraiso","Calle 84 No. 55-82","9","11.00856","-74.814133","POINT (-74.814133 11.00856)"
"A8-1 Paraiso","Calle 84 con Carrera 59B Fundemabu","10","11.011007","-74.81163","POINT (-74.81163 11.011007)"
"A8-1 Paraiso","Carrera 65 No. 84-52","11","11.013717","-74.810343","POINT (-74.810343 11.013717)"
"A8-1 Paraiso","Carrera 65 con Calle 85 Villa Andalucia Ent. 1","12","11.015947","-74.811937","POINT (-74.811937 11.015947)"
"A8-1 Paraiso","Calle 86 con Carrera 70 Villa Andalucia Ent. 2","13","11.017378","-74.812315","POINT (-74.812315 11.017378)"
"A8-1 Paraiso","Calle 86 con Carrera 73 Esq","14","11.018875","-74.810955","POINT (-74.810955 11.018875)"
"A8-1 Paraiso","Calle 86 No. 73-218","15","11.020403","-74.809663","POINT (-74.809663 11.020403)"
"A8-1 Paraiso","Calle 84 No. 75C-146","16","11.021702","-74.807692","POINT (-74.807692 11.021702)"
"A8-1 Paraiso","Calle 85 con Carrera 78A Esq","17","11.023615","-74.806923","POINT (-74.806923 11.023615)"
"A8-1 Paraiso","Calle 85 No. 78D-26","18","11.024627","-74.805728","POINT (-74.805728 11.024627)"
"A8-1 Paraiso","Calle 85 No. 81-32","19","11.026025","-74.804157","POINT (-74.804157 11.026025)"
"A8-1 Paraiso","Via 40 No. 83-53","20","11.025298","-74.802958","POINT (-74.802958 11.025298)"
"A8-1 Paraiso","Via 40 con Calle 80 Lado Sur","21","11.023185","-74.800988","POINT (-74.800988 11.023185)"
"A8-1 Paraiso","Calle 80 No. 78-19","22","11.02025","-74.803633","POINT (-74.803633 11.02025)"
"A8-1 Paraiso","Calle 80 No. 75-25","23","11.01863","-74.804693","POINT (-74.804693 11.01863)"
"A8-1 Paraiso","Calle 80 No. 72-43","24","11.016795","-74.805148","POINT (-74.805148 11.016795)"
"A8-1 Paraiso","Calle 80 con Carrera 69 Esq","25","11.014148","-74.80583","POINT (-74.80583 11.014148)"
"A8-1 Paraiso","Calle 80 No. 65-45","26","11.01224","-74.806352","POINT (-74.806352 11.01224)"
"A8-1 Paraiso","Carrera 64 No. 81-92","27","11.011637","-74.808646","POINT (-74.808646 11.011637)"
"A8-1 Paraiso","Calle 82 con Carrera 59B Esq","28","11.011138","-74.810875","POINT (-74.810875 11.011138)"
"A8-1 Paraiso","Calle 82 con Carrera 56 Esq","29","11.00812","-74.811997","POINT (-74.811997 11.00812)"
"A8-1 Paraiso","Calle 82 No. 52-61","30","11.005705","-74.813603","POINT (-74.813603 11.005705)"
"A8-1 Paraiso","Calle 82 con Carrera 51 Carulla","31","11.00361","-74.815011","POINT (-74.815011 11.00361)"
"A8-1 Paraiso","Calle 82 con Carrera 47 Comfamiliar","32","11.000475","-74.816039","POINT (-74.816039 11.000475)"
"A8-1 Paraiso","Carrera 46 No. 80-211 Lado Sur","33","11.000155","-74.816007","POINT (-74.816007 11.000155)"
"A8-1 Paraiso","Carrera 46 No. 79-175 Perez Radiologos Lado Sur","34","10.998798","-74.8136","POINT (-74.8136 10.998798)"
"A8-1 Paraiso","Carrera 46 No. 76-109 Lado Sur","35","10.997287","-74.810998","POINT (-74.810998 10.997287)"
"A8-1 Paraiso","Est. Joe Arroyo","36","10.994752","-74.807818","POINT (-74.807818 10.994752)"
"A8-2 Zoologico","Est. Joe Arroyo","1","10.994909","-74.807738","POINT (-74.807738 10.994909)"
"A8-2 Zoologico","Carrera 46 No. 76-68 Lado Norte","2","10.99712","-74.81069","POINT (-74.81069 10.99712)"
"A8-2 Zoologico","Calle 79 No. 47-10","3","10.99878","-74.811612","POINT (-74.811612 10.99878)"
"A8-2 Zoologico","Calle 79 No. 50-44","4","11.001413","-74.810027","POINT (-74.810027 11.001413)"
"A8-2 Zoologico","Calle 79 con Carrera 51B","5","11.002758","-74.809019","POINT (-74.809019 11.002758)"
"A8-2 Zoologico","Calle 79 No. 53-54","6","11.004785","-74.807912","POINT (-74.807912 11.004785)"
"A8-2 Zoologico","Calle 79 No. 55-154","7","11.006527","-74.80679","POINT (-74.80679 11.006527)"
"A8-2 Zoologico","Calle 79 No. 57-190","8","11.008503","-74.805203","POINT (-74.805203 11.008503)"
"A8-2 Zoologico","Calle 77 con Carrera 59","9","11.007761","-74.801429","POINT (-74.801429 11.007761)"
"A8-2 Zoologico","Calle 77 No. 62-40","10","11.008762","-74.800668","POINT (-74.800668 11.008762)"
"A8-2 Zoologico","Calle 77 con Carrera 68 Sutherland","11","11.011585","-74.798637","POINT (-74.798637 11.011585)"
"A8-2 Zoologico","Calle 77 con Carrera 71","12","11.012723","-74.797825","POINT (-74.797825 11.012723)"
"A8-2 Zoologico","Calle 77 con Via 40 Outlet Continente","13","11.015658","-74.79568","POINT (-74.79568 11.015658)"
"A8-2 Zoologico","Calle 76 con Via 40 Kia Motors","14","11.014287","-74.794432","POINT (-74.794432 11.014287)"
"A8-2 Zoologico","Calle 76 con Carrera 72","15","11.012275","-74.795943","POINT (-74.795943 11.012275)"
"A8-2 Zoologico","Calle 76 con Carrera 68 Zoologico de Barranquilla","16","11.010262","-74.797417","POINT (-74.797417 11.010262)"
"A8-2 Zoologico","Calle 76 No. 66-55","17","11.009001","-74.798252","POINT (-74.798252 11.009001)"
"A8-2 Zoologico","Calle 76 con Carrera 60","18","11.007005","-74.799925","POINT (-74.799925 11.007005)"
"A8-2 Zoologico","Calle 76 con Carrera 57 Combarranquilla","19","11.005315","-74.80228","POINT (-74.80228 11.005315)"
"A8-2 Zoologico","Calle 76 con Carrera 55 Country Club","20","11.004092","-74.803937","POINT (-74.803937 11.004092)"
"A8-2 Zoologico","Calle 76 con Carrera 53 Parque Karl. C. Parrish","21","11.002982","-74.805475","POINT (-74.805475 11.002982)"
"A8-2 Zoologico","Calle 76 No. 50-13","22","11.000677","-74.808055","POINT (-74.808055 11.000677)"
"A8-2 Zoologico","Calle 76 con Carrera 49B Olimpica","23","10.999515","-74.808557","POINT (-74.808557 10.999515)"
"A8-2 Zoologico","Calle 76 No. 47-57","24","10.997883","-74.809325","POINT (-74.809325 10.997883)"
"A8-2 Zoologico","Est. Joe Arroyo","25","10.994752","-74.807818","POINT (-74.807818 10.994752)"
"A8-3 Prado","Est. Parque Cultural del Caribe","1","10.986095","-74.778673","POINT (-74.778673 10.986095)"
"A8-3 Prado","Est. Barrio Abajo","2","10.987297","-74.78431","POINT (-74.78431 10.987297)"
"A8-3 Prado","Est. La Catedral","3","10.988595","-74.78895","POINT (-74.78895 10.988595)"
"A8-3 Prado","Calle 55 No. 46-26","4","10.98959","-74.791674","POINT (-74.791674 10.98959)"
"A8-3 Prado","Calle 55 con Carrera 50","5","10.991507","-74.791169","POINT (-74.791169 10.991507)"
"A8-3 Prado","Calle 55 con Carrera 53","6","10.99234","-74.791164","POINT (-74.791164 10.99234)"
"A8-3 Prado","Carrera 54 No. 58-78 Lado Norte","7","10.993478","-74.79223","POINT (-74.79223 10.993478)"
"A8-3 Prado","Carrera 54 No. 59-144 Lado Norte","8","10.995495","-74.79417","POINT (-74.79417 10.995495)"
"A8-3 Prado","Carrera 54 con Calle 64 Lado Norte","9","10.996074","-74.795307","POINT (-74.795307 10.996074)"
"A8-3 Prado","Carrera 54 con Calle 68 Lado Norte","10","10.997316","-74.797818","POINT (-74.797818 10.997316)"
"A8-3 Prado","Carrera 54 con Calle 70 Lado Norte","11","10.998185","-74.800015","POINT (-74.800015 10.998185)"
"A8-3 Prado","Carrera 54 con Calle 72 Lado Norte","12","10.999141","-74.801781","POINT (-74.801781 10.999141)"
"A8-3 Prado","Carrera 54 con Calle 74 Lado Norte","13","11.000539","-74.802814","POINT (-74.802814 11.000539)"
"A8-3 Prado","Calle 75 con Carrera 55","14","11.002751","-74.802608","POINT (-74.802608 11.002751)"
"A8-3 Prado","Calle 75 con Carrera 57","15","11.003521","-74.801343","POINT (-74.801343 11.003521)"
"A8-3 Prado","Carrera 58 con Calle 74 Lado Sur","16","11.002694","-74.799738","POINT (-74.799738 11.002694)"
"A8-3 Prado","Carrera 58 con Calle 72 Lado Sur","17","11.001355","-74.798632","POINT (-74.798632 11.001355)"
"A8-3 Prado","Carrera 58 con Calle 70 Lado Sur","18","11.000085","-74.797699","POINT (-74.797699 11.000085)"
"A8-3 Prado","Carrera 58 con Calle 68 Lado Sur","19","10.998633","-74.796613","POINT (-74.796613 10.998633)"
"A8-3 Prado","Carrera 58 con Calle 66 Lado Sur","20","10.996859","-74.79524","POINT (-74.79524 10.996859)"
"A8-3 Prado","Carrera 54 No. 59-167 Lado Sur","21","10.994747","-74.793875","POINT (-74.793875 10.994747)"
"A8-3 Prado","Carrera 54 No. 55-147 Lado Sur","22","10.99349","-74.792297","POINT (-74.792297 10.99349)"
"A8-3 Prado","Calle 54 con Carrera 53","23","10.992122","-74.790332","POINT (-74.790332 10.992122)"
"A8-3 Prado","Est. La Catedral","24","10.988238","-74.788445","POINT (-74.788445 10.988238)"
"A8-3 Prado","Est. Barrio Abajo","25","10.98691","-74.783718","POINT (-74.783718 10.98691)"
"A8-3 Prado","Est. Parque Cultural del Caribe","26","10.985792","-74.777985","POINT (-74.777985 10.985792)"
"A9-3 Buenavista","Est. Joe Arroyo","1","10.994595","-74.807907","POINT (-74.807907 10.994595)"
"A9-3 Buenavista","Calle 74 con Carrera 48","2","10.997434","-74.80447","POINT (-74.80447 10.997434)"
"A9-3 Buenavista","Calle 74 con Carrera 50","3","10.998721","-74.804676","POINT (-74.804676 10.998721)"
"A9-3 Buenavista","Carrera 54 con Calle 74","4","11.000818","-74.803025","POINT (-74.803025 11.000818)"
"A9-3 Buenavista","Carrera 54 No. 75-56","5","11.002463","-74.80423","POINT (-74.80423 11.002463)"
"A9-3 Buenavista","Carrera 53 con Calle 78 Villa Country","6","11.003743","-74.806597","POINT (-74.806597 11.003743)"
"A9-3 Buenavista","Carrera 53 No. 79-128","7","11.004786","-74.80931","POINT (-74.80931 11.004786)"
"A9-3 Buenavista","Carrera 53 con Calle 80 Torre Atlantica","8","11.005348","-74.811113","POINT (-74.811113 11.005348)"
"A9-3 Buenavista","Carrera 53 No. 82-86 C.C. Ocean Tower","9","11.006475","-74.814095","POINT (-74.814095 11.006475)"
"A9-3 Buenavista","Carrera 53 No. 82-268","10","11.00714","-74.815575","POINT (-74.815575 11.00714)"
"A9-3 Buenavista","Carrera 53 con Calle 85","11","11.008348","-74.817602","POINT (-74.817602 11.008348)"
"A9-3 Buenavista","Carrera 53 con Calle 89","12","11.010818","-74.819605","POINT (-74.819605 11.010818)"
"A9-3 Buenavista","Carrera 53 No. 91-60","13","11.012323","-74.822093","POINT (-74.822093 11.012323)"
"A9-3 Buenavista","Calle 94 No. 54-14","14","11.013379","-74.822499","POINT (-74.822499 11.013379)"
"A9-3 Buenavista","Carrera 57 No. 94-72","15","11.015238","-74.821775","POINT (-74.821775 11.015238)"
"A9-3 Buenavista","Carrera 57 No. 96-70","16","11.015894","-74.823621","POINT (-74.823621 11.015894)"
"A9-3 Buenavista","Calle 98 con Carrera 53 Plaza del Parque","17","11.014712","-74.82601","POINT (-74.82601 11.014712)"
"A9-3 Buenavista","Calle 98 con Carrera 52 C.C. Buenavista","18","11.012738","-74.827418","POINT (-74.827418 11.012738)"
"A9-3 Buenavista","Carrera 51B con Calle 96A","19","11.010689","-74.828054","POINT (-74.828054 11.010689)"
"A9-3 Buenavista","Carrera 51B con Calle 93","20","11.009642","-74.825803","POINT (-74.825803 11.009642)"
"A9-3 Buenavista","Carrera 51B con Calle 91","21","11.008648","-74.823632","POINT (-74.823632 11.008648)"
"A9-3 Buenavista","Carrera 51B con Calle 87 Col. Cervantes","22","11.007693","-74.82162","POINT (-74.82162 11.007693)"
"A9-3 Buenavista","Carrera 51B con Calle 86","23","11.006927","-74.819753","POINT (-74.819753 11.006927)"
"A9-3 Buenavista","Carrera 51B con Calle 84","24","11.005948","-74.81763","POINT (-74.81763 11.005948)"
"A9-3 Buenavista","Carrera 51B con Calle 82","25","11.004579","-74.814745","POINT (-74.814745 11.004579)"
"A9-3 Buenavista","Carrera 51B No. 80-35","26","11.004015","-74.813225","POINT (-74.813225 11.004015)"
"A9-3 Buenavista","Carrera 51B No. 79-105","27","11.003023","-74.810265","POINT (-74.810265 11.003023)"
"A9-3 Buenavista","Carrera 51B No. 76-85","28","11.002193","-74.80799","POINT (-74.80799 11.002193)"
"A9-3 Buenavista","Calle 76 No. 50-13","29","11.000677","-74.808055","POINT (-74.808055 11.000677)"
"A9-3 Buenavista","Calle 76 con Carrera 49B Olimpica","30","10.999515","-74.808557","POINT (-74.808557 10.999515)"
"A9-3 Buenavista","Calle 76 No. 47-57","31","10.997883","-74.809325","POINT (-74.809325 10.997883)"
"A9-3 Buenavista","Est. Joe Arroyo","32","10.994752","-74.807818","POINT (-74.807818 10.994752)"
"A9-4 Carrera 46","Est. Joe Arroyo","1","10.994752","-74.807818","POINT (-74.807818 10.994752)"
"A9-4 Carrera 46","Carrera 46 No. 76-68 Lado Norte","2","10.99712","-74.81069","POINT (-74.81069 10.99712)"
"A9-4 Carrera 46","Carrera 46 No. 79-204 Perez Radiologos Lado Norte","3","10.998975","-74.813827","POINT (-74.813827 10.998975)"
"A9-4 Carrera 46","Carrera 46 No. 81-102 Lado Norte","4","11.000343","-74.816172","POINT (-74.816172 11.000343)"
"A9-4 Carrera 46","Carrera 46 No. 82-100 Lado Norte","5","11.001234","-74.817706","POINT (-74.817706 11.001234)"
"A9-4 Carrera 46","Carrera 46 No. 84-126 Lado Norte","6","11.002042","-74.820122","POINT (-74.820122 11.002042)"
"A9-4 Carrera 46","Carrera 46 No. 85-86 Lado Norte","7","11.002486","-74.821824","POINT (-74.821824 11.002486)"
"A9-4 Carrera 46","Carrera 46 con Calle 90 Uniautonoma Lado Norte","8","11.00344","-74.824065","POINT (-74.824065 11.00344)"
"A9-4 Carrera 46","Carrera 46 No. 91-112 Lado Norte","9","11.004402","-74.82626","POINT (-74.82626 11.004402)"
"A9-4 Carrera 46","Carrera 47 No. 93-86","10","11.00553","-74.826987","POINT (-74.826987 11.00553)"
"A9-4 Carrera 46","Carrera 47 No. 95-82","11","11.006235","-74.828531","POINT (-74.828531 11.006235)"
"A9-4 Carrera 46","Carrera 46 No. 94-11 Lado Sur","12","11.005008","-74.82777","POINT (-74.82777 11.005008)"
"A9-4 Carrera 46","Carrera 46 con Calle 92 frente a Mundo Deportivo","13","11.004343","-74.826533","POINT (-74.826533 11.004343)"
"A9-4 Carrera 46","Carrera 46 con Calle 90 Uniautonoma Lado Sur","14","11.003378","-74.824262","POINT (-74.824262 11.003378)"
"A9-4 Carrera 46","Carrera 46 No. 85-163 Lado Sur","15","11.002598","-74.822492","POINT (-74.822492 11.002598)"
"A9-4 Carrera 46","Carrera 46 No. 82-205 Lado Sur","16","11.001358","-74.818477","POINT (-74.818477 11.001358)"
"A9-4 Carrera 46","Carrera 46 No. 80-211 Lado Sur","17","11.000155","-74.816007","POINT (-74.816007 11.000155)"
"A9-4 Carrera 46","Carrera 46 No. 79-175 Perez Radiologos Lado Sur","18","10.998798","-74.8136","POINT (-74.8136 10.998798)"
"A9-4 Carrera 46","Carrera 46 No. 76-109 Lado Sur","19","10.997287","-74.810998","POINT (-74.810998 10.997287)"
"A9-4 Carrera 46","Est. Joe Arroyo","20","10.994752","-74.807818","POINT (-74.807818 10.994752)"
"B1 Barranquillita","Portal de Soledad","1","10.90689","-74.800473","POINT (-74.800473 10.90689)"
"B1 Barranquillita","Est. Pacho Galan","2","10.915542","-74.799025","POINT (-74.799025 10.915542)"
"B1 Barranquillita","Est. Pedro Ramaya","3","10.921488","-74.79913","POINT (-74.79913 10.921488)"
"B1 Barranquillita","Est. Joaquin Barrios Polo","4","10.932948","-74.79903","POINT (-74.79903 10.932948)"
"B1 Barranquillita","Est. Buenos Aires","5","10.941818","-74.799458","POINT (-74.799458 10.941818)"
"B1 Barranquillita","Est. La Ocho","6","10.946887","-74.799652","POINT (-74.799652 10.946887)"
"B1 Barranquillita","Est. La Catorce","7","10.95489","-74.796328","POINT (-74.796328 10.95489)"
"B1 Barranquillita","Est. La Veintiuna","8","10.960433","-74.793557","POINT (-74.793557 10.960433)"
"B1 Barranquillita","Est. Atlantico","9","10.96872","-74.790163","POINT (-74.790163 10.96872)"
"B1 Barranquillita","Est. Chiquinquira","10","10.977185","-74.787662","POINT (-74.787662 10.977185)"
"B1 Barranquillita","Est. La Arenosa","11","10.982117","-74.786393","POINT (-74.786393 10.982117)"
"B1 Barranquillita","Est. Barrio Abajo","12","10.986953","-74.783863","POINT (-74.783863 10.986953)"
"B1 Barranquillita","Est. Parque Cultural del Caribe","13","10.985827","-74.778182","POINT (-74.778182 10.985827)"
"B10 Barranquillita","Portal de Soledad","1","10.90689","-74.800473","POINT (-74.800473 10.90689)"
"B10 Barranquillita","Est. Joaquin Barrios Polo","2","10.933358","-74.799152","POINT (-74.799152 10.933358)"
"B10 Barranquillita","Est. La Ocho","3","10.947358","-74.799708","POINT (-74.799708 10.947358)"
"B10 Barranquillita","Est. Atlantico","4","10.969155","-74.79004","POINT (-74.79004 10.969155)"
"B10 Barranquillita","Est. La Arenosa","5","10.982567","-74.786267","POINT (-74.786267 10.982567)"
"B10 Barranquillita","Est. Parque Cultural del Caribe","6","10.985902","-74.778635","POINT (-74.778635 10.985902)"
"B2 Barranquillita","Est. Joe Arroyo","1","10.994286","-74.80796","POINT (-74.80796 10.994286)"
"B2 Barranquillita","Est. Esthercita Forero","2","10.992468","-74.802465","POINT (-74.802465 10.992468)"
"B2 Barranquillita","Est. Alfredo Correa de Andreis","3","10.990375","-74.795923","POINT (-74.795923 10.990375)"
"B2 Barranquillita","Est. La Catedral","4","10.988238","-74.788445","POINT (-74.788445 10.988238)"
"B2 Barranquillita","Est. Barrio Abajo","5","10.98691","-74.783718","POINT (-74.783718 10.98691)"
"B2 Barranquillita","Est. Parque Cultural del Caribe","6","10.985792","-74.777985","POINT (-74.777985 10.985792)"
"Gran Malecon","Est. Joe Arroyo","1","10.994909","-74.807738","POINT (-74.807738 10.994909)"
"Gran Malecon","Calle 72 con Carrera 49 Colegio Lourdes","2","10.996981","-74.80397","POINT (-74.80397 10.996981)"
"Gran Malecon","Calle 72 No. 53-40 Lado Oriente","3","10.998508","-74.802029","POINT (-74.802029 10.998508)"
"Gran Malecon","Calle 72 con Carrera 54 Hotel El Prado","4","10.999352","-74.800946","POINT (-74.800946 10.999352)"
"Gran Malecon","Calle 72 No. 57-36 Lado Oriente","5","11.000781","-74.798984","POINT (-74.798984 11.000781)"
"Gran Malecon","Calle 72 con Carrera 59 Olimpica","6","11.00217","-74.797122","POINT (-74.797122 11.00217)"
"Gran Malecon","Calle 72 con Carrera 61 Parque Bellavista","7","11.002938","-74.796024","POINT (-74.796024 11.002938)"
"Gran Malecon","Calle 72 con Carrera 62 Capilla El Buen Pastor","8","11.00416","-74.794773","POINT (-74.794773 11.00416)"
"Gran Malecon","Calle 72 No. 65-182 Lado Oriente","9","11.006129","-74.793316","POINT (-74.793316 11.006129)"
"Gran Malecon","Calle 72 No. 70-14 Lado Oriente","10","11.007111","-74.791828","POINT (-74.791828 11.007111)"
"Gran Malecon","Avenida del Rio con Calle 72","11","11.012578","-74.790145","POINT (-74.790145 11.012578)"
"Gran Malecon","Avenida del Rio con Calle 78","12","11.020228","-74.792993","POINT (-74.792993 11.020228)"
"Gran Malecon","Centro de Convenciones Puerta de Oro","13","11.023228","-74.800835","POINT (-74.800835 11.023228)"
"Gran Malecon","Via 40 con Calle 80 Lado Sur","14","11.023185","-74.800988","POINT (-74.800988 11.023185)"
"Gran Malecon","Via 40 con Calle 77A Lado Sur","15","11.017362","-74.796408","POINT (-74.796408 11.017362)"
"Gran Malecon","Via 40 con Calle 75 Lado Sur","16","11.013207","-74.7931","POINT (-74.7931 11.013207)"
"Gran Malecon","Via 40 con Calle 71 Lado Sur","17","11.009161","-74.791171","POINT (-74.791171 11.009161)"
"Gran Malecon","Calle 72 con Carrera 68A Lado Occidente","18","11.007184","-74.791972","POINT (-74.791972 11.007184)"
"Gran Malecon","Calle 72 con Carrera 66 Lado Occidente","19","11.006129","-74.793354","POINT (-74.793354 11.006129)"
"Gran Malecon","Calle 72 con Carrera 62 Lado Occidente","20","11.004104","-74.794927","POINT (-74.794927 11.004104)"
"Gran Malecon","Calle 72 con Carrera 61 Lado Occidente","21","11.003061","-74.796073","POINT (-74.796073 11.003061)"
"Gran Malecon","Calle 72 con Carrera 58 Lado Occidente","22","11.001608","-74.798182","POINT (-74.798182 11.001608)"
"Gran Malecon","Calle 72 con Carrera 56 Lado Occidente","23","11.000393","-74.799585","POINT (-74.799585 11.000393)"
"Gran Malecon","Calle 72 con Carrera 53 Lado Occidente","24","10.998813","-74.80229","POINT (-74.80229 10.998813)"
"Gran Malecon","Calle 72 con Carrera 49 Lado Occidente","25","10.997121","-74.803825","POINT (-74.803825 10.997121)"
"Gran Malecon","Est. Joe Arroyo","26","10.994752","-74.807818","POINT (-74.807818 10.994752)"
"R1 Joe Arroyo","Portal de Soledad","1","10.907119","-74.800348","POINT (-74.800348 10.907119)"
"R1 Joe Arroyo","Est. Pacho Galan","2","10.915362","-74.79902","POINT (-74.79902 10.915362)"
"R1 Joe Arroyo","Est. Pedro Ramaya","3","10.921293","-74.799132","POINT (-74.799132 10.921293)"
"R1 Joe Arroyo","Est. Joaquin Barrios Polo","4","10.93274","-74.79906","POINT (-74.79906 10.93274)"
"R1 Joe Arroyo","Est. Buenos Aires","5","10.941627","-74.799488","POINT (-74.799488 10.941627)"
"R1 Joe Arroyo","Est. La Ocho","6","10.94671","-74.799648","POINT (-74.799648 10.94671)"
"R1 Joe Arroyo","Est. La Catorce","7","10.954748","-74.796438","POINT (-74.796438 10.954748)"
"R1 Joe Arroyo","Est. La Veintiuna","8","10.960262","-74.793648","POINT (-74.793648 10.960262)"
"R1 Joe Arroyo","Est. Atlantico","9","10.968515","-74.790222","POINT (-74.790222 10.968515)"
"R1 Joe Arroyo","Est. Chiquinquira","10","10.977003","-74.787722","POINT (-74.787722 10.977003)"
"R1 Joe Arroyo","Est. La Arenosa","11","10.981927","-74.786448","POINT (-74.786448 10.981927)"
"R1 Joe Arroyo","Est. La Catedral","12","10.988467","-74.78851","POINT (-74.78851 10.988467)"
"R1 Joe Arroyo","Est. Alfredo Correa de Andreis","13","10.990747","-74.796058","POINT (-74.796058 10.990747)"
"R1 Joe Arroyo","Est. Esthercita Forero","14","10.992705","-74.802543","POINT (-74.802543 10.992705)"
"R1 Joe Arroyo","Est. Joe Arroyo","15","10.994752","-74.807685","POINT (-74.807685 10.994752)"
"R10 Joe Arroyo","Portal de Soledad","1","10.907119","-74.800348","POINT (-74.800348 10.907119)"
"R10 Joe Arroyo","Est. Joaquin Barrios Polo","2","10.933358","-74.799152","POINT (-74.799152 10.933358)"
"R10 Joe Arroyo","Est. La Ocho","3","10.94671","-74.799648","POINT (-74.799648 10.94671)"
"R10 Joe Arroyo","Est. La Catedral","4","10.988595","-74.78895","POINT (-74.78895 10.988595)"
"R10 Joe Arroyo","Est. Alfredo Correa de Andreis","5","10.990747","-74.796527","POINT (-74.796527 10.990747)"
"R10 Joe Arroyo","Est. Esthercita Forero","6","10.992947","-74.802958","POINT (-74.802958 10.992947)"
"R10 Joe Arroyo","Est. Joe Arroyo","7","10.994752","-74.807685","POINT (-74.807685 10.994752)"
"R2 Joe Arroyo","Est. Parque Cultural del Caribe","1","10.98595","-74.778028","POINT (-74.778028 10.98595)"
"R2 Joe Arroyo","Est. Barrio Abajo","2","10.987045","-74.78369","POINT (-74.78369 10.987045)"
"R2 Joe Arroyo","Est. La Catedral","3","10.988385","-74.788347","POINT (-74.788347 10.988385)"
"R2 Joe Arroyo","Est. Alfredo Correa de Andreis","4","10.990495","-74.795908","POINT (-74.795908 10.990495)"
"R2 Joe Arroyo","Est. Esthercita Forero","5","10.99259","-74.802318","POINT (-74.802318 10.99259)"
"R2 Joe Arroyo","Est. Joe Arroyo","6","10.994286","-74.80796","POINT (-74.80796 10.994286)"
"R40 Joe Arroyo","Est. Pacho Galan","1","10.915362","-74.79902","POINT (-74.79902 10.915362)"
"R40 Joe Arroyo","Est. Pedro Ramaya","2","10.921293","-74.799132","POINT (-74.799132 10.921293)"
"R40 Joe Arroyo","Est. Buenos Aires","3","10.941627","-74.799488","POINT (-74.799488 10.941627)"
"R40 Joe Arroyo","Est. La Catedral","4","10.988595","-74.78895","POINT (-74.78895 10.988595)"
"R40 Joe Arroyo","Est. Alfredo Correa de Andreis","5","10.990747","-74.796527","POINT (-74.796527 10.990747)"
"R40 Joe Arroyo","Est. Esthercita Forero","6","10.992468","-74.802465","POINT (-74.802465 10.992468)"
"R40 Joe Arroyo","Est. Joe Arroyo","7","10.994752","-74.807685","POINT (-74.807685 10.994752)"
"S1 Portal de Soledad","Est. Joe Arroyo","1","10.994752","-74.807685","POINT (-74.807685 10.994752)"
"S1 Portal de Soledad","Est. Esthercita Forero","2","10.992575","-74.802642","POINT (-74.802642 10.992575)"
"S1 Portal de Soledad","Est. Alfredo Correa de Andreis","3","10.990423","-74.796118","POINT (-74.796118 10.990423)"
"S1 Portal de Soledad","Est. La Catedral","4","10.988318","-74.78853","POINT (-74.78853 10.988318)"
"S1 Portal de Soledad","Est. La Arenosa","5","10.981927","-74.786448","POINT (-74.786448 10.981927)"
"S1 Portal de Soledad","Est. Chiquinquira","6","10.976947","-74.787958","POINT (-74.787958 10.976947)"
"S1 Portal de Soledad","Est. Atlantico","7","10.968535","-74.790495","POINT (-74.790495 10.968535)"
"S1 Portal de Soledad","Est. La Veintiuna","8","10.960322","-74.793867","POINT (-74.793867 10.960322)"
"S1 Portal de Soledad","Est. La Catorce","9","10.954782","-74.796685","POINT (-74.796685 10.954782)"
"S1 Portal de Soledad","Est. La Ocho","10","10.946562","-74.799847","POINT (-74.799847 10.946562)"
"S1 Portal de Soledad","Est. Buenos Aires","11","10.941537","-74.79964","POINT (-74.79964 10.941537)"
"S1 Portal de Soledad","Est. Joaquin Barrios Polo","12","10.932678","-74.799372","POINT (-74.799372 10.932678)"
"S1 Portal de Soledad","Est. Pedro Ramaya","13","10.921185","-74.799265","POINT (-74.799265 10.921185)"
"S1 Portal de Soledad","Est. Pacho Galan","14","10.915247","-74.79922","POINT (-74.79922 10.915247)"
"S1 Portal de Soledad","Portal de Soledad","15","10.907119","-74.800348","POINT (-74.800348 10.907119)"
"S10 Portal de Soledad","Est. Joe Arroyo","1","10.994752","-74.807685","POINT (-74.807685 10.994752)"
"S10 Portal de Soledad","Est. Esthercita Forero","2","10.992753","-74.802992","POINT (-74.802992 10.992753)"
"S10 Portal de Soledad","Est. Alfredo Correa de Andreis","3","10.99058","-74.796665","POINT (-74.796665 10.99058)"
"S10 Portal de Soledad","Est. La Catedral","4","10.988453","-74.788928","POINT (-74.788928 10.988453)"
"S10 Portal de Soledad","Est. La Ocho","5","10.946562","-74.799847","POINT (-74.799847 10.946562)"
"S10 Portal de Soledad","Est. Joaquin Barrios Polo","6","10.932678","-74.799372","POINT (-74.799372 10.932678)"
"S10 Portal de Soledad","Portal de Soledad","7","10.907119","-74.800348","POINT (-74.800348 10.907119)"
"S2 Portal de Soledad","Est. Parque Cultural del Caribe","1","10.985995","-74.778213","POINT (-74.778213 10.985995)"
"S2 Portal de Soledad","Est. Barrio Abajo","2","10.987137","-74.783875","POINT (-74.783875 10.987137)"
"S2 Portal de Soledad","Est. La Arenosa","3","10.981927","-74.786448","POINT (-74.786448 10.981927)"
"S2 Portal de Soledad","Est. Chiquinquira","4","10.97718","-74.787893","POINT (-74.787893 10.97718)"
"S2 Portal de Soledad","Est. Atlantico","5","10.968715","-74.790393","POINT (-74.790393 10.968715)"
"S2 Portal de Soledad","Est. La Veintiuna","6","10.96048","-74.793827","POINT (-74.793827 10.96048)"
"S2 Portal de Soledad","Est. La Catorce","7","10.954933","-74.796583","POINT (-74.796583 10.954933)"
"S2 Portal de Soledad","Est. La Ocho","8","10.946817","-74.7998","POINT (-74.7998 10.946817)"
"S2 Portal de Soledad","Est. Buenos Aires","9","10.941725","-74.799682","POINT (-74.799682 10.941725)"
"S2 Portal de Soledad","Est. Joaquin Barrios Polo","10","10.932857","-74.79929","POINT (-74.79929 10.932857)"
"S2 Portal de Soledad","Est. Pedro Ramaya","11","10.921355","-74.799247","POINT (-74.799247 10.921355)"
"S2 Portal de Soledad","Est. Pacho Galan","12","10.915438","-74.799145","POINT (-74.799145 10.915438)"
"S2 Portal de Soledad","Portal de Soledad","13","10.90689","-74.800473","POINT (-74.800473 10.90689)"
"S20 Portal de Soledad","Est. Parque Cultural del Caribe","1","10.986095","-74.778673","POINT (-74.778673 10.986095)"
"S20 Portal de Soledad","Est. La Arenosa","2","10.982467","-74.786422","POINT (-74.786422 10.982467)"
"S20 Portal de Soledad","Est. Atlantico","3","10.969145","-74.79028","POINT (-74.79028 10.969145)"
"S20 Portal de Soledad","Est. La Ocho","4","10.947255","-74.799832","POINT (-74.799832 10.947255)"
"S20 Portal de Soledad","Est. Joaquin Barrios Polo","5","10.933248","-74.799342","POINT (-74.799342 10.933248)"
"S20 Portal de Soledad","Portal de Soledad","6","10.90689","-74.800473","POINT (-74.800473 10.90689)"
"S40 Portal de Soledad","Est. Joe Arroyo","1","10.994752","-74.807685","POINT (-74.807685 10.994752)"
"S40 Portal de Soledad","Est. Esthercita Forero","2","10.992753","-74.802992","POINT (-74.802992 10.992753)"
"S40 Portal de Soledad","Est. Alfredo Correa de Andreis","3","10.99058","-74.796665","POINT (-74.796665 10.99058)"
"S40 Portal de Soledad","Est. La Catedral","4","10.988453","-74.788928","POINT (-74.788928 10.988453)"
"S40 Portal de Soledad","Est. Buenos Aires","5","10.941537","-74.79964","POINT (-74.79964 10.941537)"
"S40 Portal de Soledad","Est. Pedro Ramaya","6","10.921185","-74.799265","POINT (-74.799265 10.921185)"
"S40 Portal de Soledad","Est. Pacho Galan","7","10.915247","-74.79922","POINT (-74.79922 10.915247)"
"S40 Portal de Soledad","Portal de Soledad","8","10.907119","-74.800348","POINT (-74.800348 10.907119)"
"U30 Corredor Universitario","Est. Joe Arroyo","1","10.994752","-74.807818","POINT (-74.807818 10.994752)"
"U30 Corredor Universitario","Carrera 46 No. 76-68 Lado Norte","2","10.99712","-74.81069","POINT (-74.81069 10.99712)"
"U30 Corredor Universitario","Carrera 46 No. 79-204 Perez Radiologos Lado Norte","3","10.998975","-74.813827","POINT (-74.813827 10.998975)"
"U30 Corredor Universitario","Carrera 46 No. 81-102 Lado Norte","4","11.000343","-74.816172","POINT (-74.816172 11.000343)"
"U30 Corredor Universitario","Carrera 46 No. 82-100 Lado Norte","5","11.001234","-74.817706","POINT (-74.817706 11.001234)"
"U30 Corredor Universitario","Carrera 46 No. 84-126 Lado Norte","6","11.002042","-74.820122","POINT (-74.820122 11.002042)"
"U30 Corredor Universitario","Carrera 46 No. 85-86 Lado Norte","7","11.002486","-74.821824","POINT (-74.821824 11.002486)"
"U30 Corredor Universitario","Carrera 46 con Calle 90 Uniautonoma Lado Norte","8","11.00344","-74.824065","POINT (-74.824065 11.00344)"
"U30 Corredor Universitario","Carrera 46 No. 91-112 Lado Norte","9","11.004402","-74.82626","POINT (-74.82626 11.004402)"
"U30 Corredor Universitario","Carrera 46 No. 93-44 El Corral Lado Norte","10","11.005222","-74.827978","POINT (-74.827978 11.005222)"
"U30 Corredor Universitario","Carrera 46 con Calle 96A Lado Norte","11","11.006195","-74.830159","POINT (-74.830159 11.006195)"
"U30 Corredor Universitario","Carrera 48 con Calle 98","12","11.007532","-74.830726","POINT (-74.830726 11.007532)"
"U30 Corredor Universitario","Calle 99 con Carrera 49C","13","11.008515","-74.83165","POINT (-74.83165 11.008515)"
"U30 Corredor Universitario","Calle 100 con Carrera 49C Lado Oriente","14","11.009631","-74.833067","POINT (-74.833067 11.009631)"
"U30 Corredor Universitario","Carrera 51B con Calle 106 Makro","15","11.015034","-74.83685","POINT (-74.83685 11.015034)"
"U30 Corredor Universitario","Corredor U. Col. Karl C. Parrish Lado Norte","16","11.016592","-74.842927","POINT (-74.842927 11.016592)"
"U30 Corredor Universitario","Corredor U. Col. Sagrado Corazon Lado Norte","17","11.016593","-74.844647","POINT (-74.844647 11.016593)"
"U30 Corredor Universitario","Corredor U. Jardines del Recuerdo Lado Norte","18","11.016558","-74.846957","POINT (-74.846957 11.016558)"
"U30 Corredor Universitario","Corredor U. Universidad del Norte Lado Norte","19","11.017333","-74.85048","POINT (-74.85048 11.017333)"
"U30 Corredor Universitario","Corredor U. Club Campestre del Caribe Lado Norte","20","11.017588","-74.852857","POINT (-74.852857 11.017588)"
"U30 Corredor Universitario","Corredor U. Col. Britanico Lado Norte","21","11.017101","-74.858004","POINT (-74.858004 11.017101)"
"U30 Corredor Universitario","Corredor U. Col. Aleman Lado Norte","22","11.017895","-74.860823","POINT (-74.860823 11.017895)"
"U30 Corredor Universitario","Corredor U. Villa Campestre Lado Norte","23","11.018218","-74.861758","POINT (-74.861758 11.018218)"
"U30 Corredor Universitario","Corredor U. Carulla Villa Campestre Lado Norte","24","11.019047","-74.864892","POINT (-74.864892 11.019047)"
"U30 Corredor Universitario","Corredor U. Universidad San Martin Lado Norte","25","11.019388","-74.866568","POINT (-74.866568 11.019388)"
"U30 Corredor Universitario","Corredor U. Olimpica Ciudad del Mar Lado Norte","26","11.019798","-74.868677","POINT (-74.868677 11.019798)"
"U30 Corredor Universitario","Corredor U. Universidad Antonio Nariño Lado Norte","27","11.020212","-74.870723","POINT (-74.870723 11.020212)"
"U30 Corredor Universitario","Corredor U. Universidad Antonio Nariño Lado Sur","28","11.019987","-74.870365","POINT (-74.870365 11.019987)"
"U30 Corredor Universitario","Corredor U. Olimpica Ciudad del Mar Lado Sur","29","11.019658","-74.868687","POINT (-74.868687 11.019658)"
"U30 Corredor Universitario","Corredor U. Universidad San Martin Lado Sur","30","11.019137","-74.866495","POINT (-74.866495 11.019137)"
"U30 Corredor Universitario","Corredor U. Villa Campestre Lado Sur","31","11.018168","-74.861993","POINT (-74.861993 11.018168)"
"U30 Corredor Universitario","Corredor U. Col. Aleman Lado Sur","32","11.017167","-74.85997","POINT (-74.85997 11.017167)"
"U30 Corredor Universitario","Corredor U. Col. Britanico Lado Sur","33","11.016952","-74.858197","POINT (-74.858197 11.016952)"
"U30 Corredor Universitario","Corredor U. Universidad del Norte Lado Sur","34","11.017378","-74.85142","POINT (-74.85142 11.017378)"
"U30 Corredor Universitario","Corredor U. Jardines del Recuerdo Lado Sur","35","11.016517","-74.848205","POINT (-74.848205 11.016517)"
"U30 Corredor Universitario","Corredor U. Col. Sagrado Corazon Lado Sur","36","11.016475","-74.844917","POINT (-74.844917 11.016475)"
"U30 Corredor Universitario","Corredor U. Col. Karl C. Parrish Lado Sur","37","11.016433","-74.842783","POINT (-74.842783 11.016433)"
"U30 Corredor Universitario","Carrera 51B con Calle 106 C.C. Gran Boulevard","38","11.014531","-74.836352","POINT (-74.836352 11.014531)"
"U30 Corredor Universitario","Carrera 51B con Calle 105","39","11.014019","-74.835614","POINT (-74.835614 11.014019)"
"U30 Corredor Universitario","Carrera 51B con Calle 102","40","11.01318","-74.834344","POINT (-74.834344 11.01318)"
"U30 Corredor Universitario","Carrera 51B con Calle 101","41","11.011464","-74.832279","POINT (-74.832279 11.011464)"
"U30 Corredor Universitario","Calle 100 con Carrera 49C Lado Occidente","42","11.010419","-74.832841","POINT (-74.832841 11.010419)"
"U30 Corredor Universitario","Calle 100 con Carrera 47 Lado Occidente","43","11.008723","-74.833675","POINT (-74.833675 11.008723)"
"U30 Corredor Universitario","Carrera 46 con Calle 96A Lado Sur","44","11.00587","-74.829925","POINT (-74.829925 11.00587)"
"U30 Corredor Universitario","Carrera 46 No. 94-11 Lado Sur","45","11.005008","-74.82777","POINT (-74.82777 11.005008)"
"U30 Corredor Universitario","Carrera 46 con Calle 92 frente a Mundo Deportivo","46","11.004343","-74.826533","POINT (-74.826533 11.004343)"
"U30 Corredor Universitario","Carrera 46 con Calle 90 Uniautonoma Lado Sur","47","11.003378","-74.824262","POINT (-74.824262 11.003378)"
"U30 Corredor Universitario","Carrera 46 No. 85-163 Lado Sur","48","11.002598","-74.822492","POINT (-74.822492 11.002598)"
"U30 Corredor Universitario","Carrera 46 No. 82-205 Lado Sur","49","11.001358","-74.818477","POINT (-74.818477 11.001358)"
"U30 Corredor Universitario","Carrera 46 No. 80-211 Lado Sur","50","11.000155","-74.816007","POINT (-74.816007 11.000155)"
"U30 Corredor Universitario","Carrera 46 No. 79-175 Perez Radiologos Lado Sur","51","10.998798","-74.8136","POINT (-74.8136 10.998798)"
"U30 Corredor Universitario","Carrera 46 No. 76-109 Lado Sur","52","10.997287","-74.810998","POINT (-74.810998 10.997287)"
"U30 Corredor Universitario","Est. Joe Arroyo","53","10.994752","-74.807818","POINT (-74.807818 10.994752)"
