{"type":"FeatureCollection","features":[{"type":"Feature","id":3498,"geometry":null,"properties":{"abreviatura_destino_zona_sitp":"CCC","codigo_definitivo_ruta_zonal":"BC917","delega_ruta_zonal":1,"denominacion_ruta_zonal":"VILLA CINDY - TERMINAL NORTE","destino_ruta_zonal":"VILLA CINDY","destino_zona_sitp":"SUBA","fecha_implementacion_ruta_zonal":"23/07/2022","globalid":"{00147C43-5901-4D7B-849A-9E6237065EB9}","localidad_destino_ruta_zonal":11,"localidad_origen_ruta_zonal":11,"longitud_ruta_zonal":18.592462180000002,"objectid":3498,"operador_ruta_zonal":"CONSORCIO EXPRESS N","origen_ruta_zonal":"TERMINAL NORTE","route_id_ruta_zonal":472,"route_name_ruta_zonal":"C917-2","tipo_operacion":"NORMAL","tipo_ruta_zonal":3,"tipo_servicio_ruta_zonal":1,"zona_destino_ruta_zonal":2,"zona_origen_ruta_zonal":3}},{"type":"Feature","id":3499,"geometry":null,"properties":{"abreviatura_destino_zona_sitp":"USM","codigo_definitivo_ruta_zonal":"661","delega_ruta_zonal":1,"denominacion_ruta_zonal":"TERMINAL NORTE - PENÍNSULA","destino_ruta_zonal":"PENÍNSULA","destino_zona_sitp":"USME","fecha_implementacion_ruta_zonal":"24/10/2022","globalid":"{0074261B-B2C9-44A8-979A-D7BE6D46EBE8}","localidad_destino_ruta_zonal":18,"localidad_origen_ruta_zonal":1,"longitud_ruta_zonal":41.481478129999999,"objectid":3499,"operador_ruta_zonal":"CONSORCIO EXPRESS N","origen_ruta_zonal":"TERMINAL NORTE","route_id_ruta_zonal":303,"route_name_ruta_zonal":"661-1","tipo_operacion":"NORMAL","tipo_ruta_zonal":3,"tipo_servicio_ruta_zonal":1,"zona_destino_ruta_zonal":12,"zona_origen_ruta_zonal":1}},{"type":"Feature","id":3500,"geometry":null,"properties":{"abreviatura_destino_zona_sitp":"LLL","codigo_definitivo_ruta_zonal":"GL519","delega_ruta_zonal":1,"denominacion_ruta_zonal":"OLARTE - LOS LACHES","destino_ruta_zonal":"LOS LACHES","destino_zona_sitp":"SAN CRISTOBAL","fecha_implementacion_ruta_zonal":"28/06/2021","globalid":"{0128A508-A53E-4374-BED5-91581C02D135}","localidad_destino_ruta_zonal":3,"localidad_origen_ruta_zonal":7,"longitud_ruta_zonal":23.32308853,"objectid":3500,"operador_ruta_zonal":"ETIB - BO","origen_ruta_zonal":"OLARTE","route_id_ruta_zonal":540,"route_name_ruta_zonal":"L519-1","tipo_operacion":"NORMAL","tipo_ruta_zonal":3,"tipo_servicio_ruta_zonal":1,"zona_destino_ruta_zonal":13,"zona_origen_ruta_zonal":9}},{"type":"Feature","id":3502,"geometry":null,"properties":{"abreviatura_destino_zona_sitp":"AAA","codigo_definitivo_ruta_zonal":"HA600","delega_ruta_zonal":1,"denominacion_ruta_zonal":"JERUSALEN - CHAPINERO","destino_ruta_zonal":"CHAPINERO","destino_zona_sitp":"NEUTRA","fecha_implementacion_ruta_zonal":"8/11/2021","globalid":"{02772E43-CB1D-40E0-83BA-AA1EDAA6D4F4}","localidad_destino_ruta_zonal":2,"localidad_origen_ruta_zonal":19,"longitud_ruta_zonal":24.476289829999999,"objectid":3502,"operador_ruta_zonal":"ETIB - BO","origen_ruta_zonal":"JERUSALÉN","route_id_ruta_zonal":633,"route_name_ruta_zonal":"A600-1","tipo_operacion":"NORMAL","tipo_ruta_zonal":3,"tipo_servicio_ruta_zonal":1,"zona_destino_ruta_zonal":0,"zona_origen_ruta_zonal":10}},{"type":"Feature","id":3503,"geometry":null,"properties":{"abreviatura_destino_zona_sitp":"CHA","codigo_definitivo_ruta_zonal":"T06","delega_ruta_zonal":1,"denominacion_ruta_zonal":"LA SURENA - PORCIUNCULA","destino_ruta_zonal":"PORCIÚNCULA","destino_zona_sitp":"CHAPINERO","fecha_implementacion_ruta_zonal":"23/02/2014","globalid":"{032F2941-F173-48CD-9FFA-CFAB9DAF8B24}","localidad_destino_ruta_zonal":2,"localidad_origen_ruta_zonal":2,"longitud_ruta_zonal":16.68923457,"objectid":3503,"operador_ruta_zonal":"CONSORCIO EXPRESS N","origen_ruta_zonal":"LA SURENA","route_id_ruta_zonal":91,"route_name_ruta_zonal":"T06-3","tipo_operacion":"NORMAL","tipo_ruta_zonal":3,"tipo_servicio_ruta_zonal":1,"zona_destino_ruta_zonal":0,"zona_origen_ruta_zonal":1}},{"type":"Feature","id":3504,"geometry":null,"properties":{"abreviatura_destino_zona_sitp":"ESP","codigo_definitivo_ruta_zonal":"10-12","delega_ruta_zonal":1,"denominacion_ruta_zonal":"MOCHUELO BAJO - PARAÍSO","destino_ruta_zonal":"PARAÍSO","destino_zona_sitp":"ESPECIAL","fecha_implementacion_ruta_zonal":"-","globalid":"{0387F312-DE8F-463F-8388-7203153BDBFC}","localidad_destino_ruta_zonal":19,"localidad_origen_ruta_zonal":19,"longitud_ruta_zonal":17.395887640000002,"objectid":3504,"operador_ruta_zonal":"SUMA - BC","origen_ruta_zonal":"MOCHUELO BAJO","route_id_ruta_zonal":112,"route_name_ruta_zonal":"10-12e","tipo_operacion":"NORMAL","tipo_ruta_zonal":6,"tipo_servicio_ruta_zonal":1,"zona_destino_ruta_zonal":11,"zona_origen_ruta_zonal":11}},{"type":"Feature","id":3505,"geometry":null,"properties":{"abreviatura_destino_zona_sitp":"FFF","codigo_definitivo_ruta_zonal":"FA405","delega_ruta_zonal":1,"denominacion_ruta_zonal":"CAMELIA - CENTRO INTERNACIONAL","destino_ruta_zonal":"CAMELIA","destino_zona_sitp":"AMERICAS","fecha_implementacion_ruta_zonal":"18/01/2021","globalid":"{038CC238-CF1A-4943-A05C-9E45B173A1EB}","localidad_destino_ruta_zonal":3,"localidad_origen_ruta_zonal":16,"longitud_ruta_zonal":9.00823456,"objectid":3505,"operador_ruta_zonal":"MASIVO CAPITAL - KE","origen_ruta_zonal":"CENTRO INTERNACIONAL","route_id_ruta_zonal":219,"route_name_ruta_zonal":"F405-2","tipo_operacion":"NORMAL","tipo_ruta_zonal":3,"tipo_servicio_ruta_zonal":1,"zona_destino_ruta_zonal":0,"zona_origen_ruta_zonal":8}},{"type":"Feature","id":3506,"geometry":null,"properties":{"abreviatura_destino_zona_sitp":"BOS","codigo_definitivo_ruta_zonal":"139","delega_ruta_zonal":1,"denominacion_ruta_zonal":"BOSA SAN JOSE - JUAN REY","destino_ruta_zonal":"BOSA SAN JOSÉ","destino_zona_sitp":"BOSA","fecha_implementacion_ruta_zonal":"23/11/2013","globalid":"{0391A811-FF0C-443D-8C10-8F74677E4838}","localidad_destino_ruta_zonal":4,"localidad_origen_ruta_zonal":7,"longitud_ruta_zonal":27.259597039999999,"objectid":3506,"operador_ruta_zonal":"CONSORCIO EXPRESS D","origen_ruta_zonal":"JUAN REY","route_id_ruta_zonal":130,"route_name_ruta_zonal":"139-2","tipo_operacion":"NORMAL","tipo_ruta_zonal":3,"tipo_servicio_ruta_zonal":1,"zona_destino_ruta_zonal":13,"zona_origen_ruta_zonal":9}},{"type":"Feature","id":3507,"geometry":null,"properties":{"abreviatura_destino_zona_sitp":"KKK","codigo_definitivo_ruta_zonal":"KA332","delega_ruta_zonal":1,"denominacion_ruta_zonal":"EL RECODO - LA PORCIÚNCULA","destino_ruta_zonal":"EL RECODO","destino_zona_sitp":"CALLE 26","fecha_implementacion_ruta_zonal":"15/01/2023","globalid":"{03B9F9D4-09E2-466B-A71F-2ADD87C2E734}","localidad_destino_ruta_zonal":2,"localidad_origen_ruta_zonal":9,"longitud_ruta_zonal":22.412079729999999,"objectid":3507,"operador_ruta_zonal":"ZMO FONTIBON V","origen_ruta_zonal":"LA PORCIÚNCULA","route_id_ruta_zonal":412,"route_name_ruta_zonal":"K332-2","tipo_operacion":"NORMAL","tipo_ruta_zonal":3,"tipo_servicio_ruta_zonal":1,"zona_destino_ruta_zonal":0,"zona_origen_ruta_zonal":7}},{"type":"Feature","id":3509,"geometry":null,"properties":{"abreviatura_destino_zona_sitp":"ALI","codigo_definitivo_ruta_zonal":"6-2","delega_ruta_zonal":2,"denominacion_ruta_zonal":"SAN FRANCISCO","destino_ruta_zonal":"SAN FRANCISCO","destino_zona_sitp":"ALIMENTADORA","fecha_implementacion_ruta_zonal":"-","globalid":"{046A3FA3-8D33-488C-8CBA-4DC2BAD51766}","localidad_destino_ruta_zonal":19,"localidad_origen_ruta_zonal":6,"longitud_ruta_zonal":5.1761502500000001,"objectid":3509,"operador_ruta_zonal":"SUMA - BC","origen_ruta_zonal":"PORTAL TUNAL","route_id_ruta_zonal":347,"route_name_ruta_zonal":"6-2a","tipo_operacion":"NORMAL","tipo_ruta_zonal":4,"tipo_servicio_ruta_zonal":1,"zona_destino_ruta_zonal":11,"zona_origen_ruta_zonal":11}},{"type":"Feature","id":3513,"geometry":null,"properties":{"abreviatura_destino_zona_sitp":"HHH","codigo_definitivo_ruta_zonal":"HK700","delega_ruta_zonal":1,"denominacion_ruta_zonal":"BELLAVISTA - TERMINAL SALITRE","destino_ruta_zonal":"BELLAVISTA","destino_zona_sitp":"USME/ CIUDAD BOLIVAR","fecha_implementacion_ruta_zonal":"16/01/2021","globalid":"{0549BEF0-CE45-4D66-97D7-C76F86572CEA}","localidad_destino_ruta_zonal":9,"localidad_origen_ruta_zonal":5,"longitud_ruta_zonal":25.914331690000001,"objectid":3513,"operador_ruta_zonal":"GRAN AMERICAS USME","origen_ruta_zonal":"TERMINAL SALITRE","route_id_ruta_zonal":207,"route_name_ruta_zonal":"H700-2","tipo_operacion":"NORMAL","tipo_ruta_zonal":3,"tipo_servicio_ruta_zonal":1,"zona_destino_ruta_zonal":6,"zona_origen_ruta_zonal":12}},{"type":"Feature","id":3514,"geometry":null,"properties":{"abreviatura_destino_zona_sitp":"KKK","codigo_definitivo_ruta_zonal":"KB326","delega_ruta_zonal":1,"denominacion_ruta_zonal":"PUERTA DE TEJA - UNICENTRO","destino_ruta_zonal":"UNICENTRO","destino_zona_sitp":"CALLE 26","fecha_implementacion_ruta_zonal":"11/05/2022","globalid":"{0617091C-FC87-45A5-BD78-9264720028B5}","localidad_destino_ruta_zonal":1,"localidad_origen_ruta_zonal":9,"longitud_ruta_zonal":22.867494740000001,"objectid":3514,"operador_ruta_zonal":"CONSORCIO EXPRESS N","origen_ruta_zonal":"PUERTA DE TEJA","route_id_ruta_zonal":427,"route_name_ruta_zonal":"B326-1","tipo_operacion":"NORMAL","tipo_ruta_zonal":3,"tipo_servicio_ruta_zonal":1,"zona_destino_ruta_zonal":1,"zona_origen_ruta_zonal":6}},{"type":"Feature","id":3515,"geometry":null,"properties":{"abreviatura_destino_zona_sitp":"COM","codigo_definitivo_ruta_zonal":"19-7","delega_ruta_zonal":1,"denominacion_ruta_zonal":"CANTABRIA","destino_ruta_zonal":"LA SIRENA","destino_zona_sitp":"COMPLEMENTARIA","fecha_implementacion_ruta_zonal":"-","globalid":"{064BCD4F-005C-4EF8-86CC-666D9DC5F60E}","localidad_destino_ruta_zonal":11,"localidad_origen_ruta_zonal":11,"longitud_ruta_zonal":5.1297062899999997,"objectid":3515,"operador_ruta_zonal":"MASIVO CAPITAL - SO","origen_ruta_zonal":"CALLE 146","route_id_ruta_zonal":12,"route_name_ruta_zonal":"19-7c","tipo_operacion":"NORMAL","tipo_ruta_zonal":5,"tipo_servicio_ruta_zonal":1,"zona_destino_ruta_zonal":2,"zona_origen_ruta_zonal":2}},{"type":"Feature","id":3516,"geometry":null,"properties":{"abreviatura_destino_zona_sitp":"BBB","codigo_definitivo_ruta_zonal":"CB162","delega_ruta_zonal":1,"denominacion_ruta_zonal":"VILLA GLORIA - SAN CRISTÓBAL NORTE","destino_ruta_zonal":"SAN CRISTÓBAL NORTE","destino_zona_sitp":"USAQUEN","fecha_implementacion_ruta_zonal":"23/09/2024","globalid":"{06F2450E-B2C4-455C-9E72-701BB2CA9830}","localidad_destino_ruta_zonal":1,"localidad_origen_ruta_zonal":11,"longitud_ruta_zonal":18.592140949999997,"objectid":3516,"operador_ruta_zonal":"CONSORCIO EXPRESS N","origen_ruta_zonal":"VILLA GLORIA","route_id_ruta_zonal":550,"route_name_ruta_zonal":"B162-1","tipo_operacion":"NORMAL","tipo_ruta_zonal":3,"tipo_servicio_ruta_zonal":1,"zona_destino_ruta_zonal":1,"zona_origen_ruta_zonal":3}},{"type":"Feature","id":3518,"geometry":null,"properties":{"abreviatura_destino_zona_sitp":"KKK","codigo_definitivo_ruta_zonal":"DK206","delega_ruta_zonal":1,"denominacion_ruta_zonal":"BACHUE - GOBERNACION","destino_ruta_zonal":"GOBERNACIÓN","destino_zona_sitp":"CALLE 26","fecha_implementacion_ruta_zonal":"20/11/2023","globalid":"{071BAF16-6E02-40E4-B440-BCA2479DDEFF}","localidad_destino_ruta_zonal":13,"localidad_origen_ruta_zonal":10,"longitud_ruta_zonal":12.341384270000001,"objectid":3518,"operador_ruta_zonal":"ESTE ES MI BUS - CO","origen_ruta_zonal":"BACHUÉ","route_id_ruta_zonal":238,"route_name_ruta_zonal":"K206-1","tipo_operacion":"NORMAL","tipo_ruta_zonal":3,"tipo_servicio_ruta_zonal":1,"zona_destino_ruta_zonal":6,"zona_origen_ruta_zonal":4}},{"type":"Feature","id":3519,"geometry":null,"properties":{"abreviatura_destino_zona_sitp":"DDD","codigo_definitivo_ruta_zonal":"LD800","delega_ruta_zonal":1,"denominacion_ruta_zonal":"GAVIOTAS - VILLA GLADYS","destino_ruta_zonal":"VILLA GLADYS","destino_zona_sitp":"ENGATIVA / CALLE 80","fecha_implementacion_ruta_zonal":"19/09/2022","globalid":"{074FADF1-F236-4377-98C7-B005F07E607A}","localidad_destino_ruta_zonal":10,"localidad_origen_ruta_zonal":4,"longitud_ruta_zonal":36.429646249999998,"objectid":3519,"operador_ruta_zonal":"CONSORCIO EXPRESS D","origen_ruta_zonal":"GAVIOTAS","route_id_ruta_zonal":360,"route_name_ruta_zonal":"D800-1","tipo_operacion":"NORMAL","tipo_ruta_zonal":3,"tipo_servicio_ruta_zonal":1,"zona_destino_ruta_zonal":5,"zona_origen_ruta_zonal":13}},{"type":"Feature","id":3520,"geometry":null,"properties":{"abreviatura_destino_zona_sitp":"CCC","codigo_definitivo_ruta_zonal":"KC315","delega_ruta_zonal":1,"denominacion_ruta_zonal":"PUENTE GRANDE - SUBA LISBOA","destino_ruta_zonal":"SUBA LISBOA","destino_zona_sitp":"SUBA","fecha_implementacion_ruta_zonal":"24/02/2025","globalid":"{078A1AF2-D332-4A0A-A835-B1E320D977F6}","localidad_destino_ruta_zonal":11,"localidad_origen_ruta_zonal":9,"longitud_ruta_zonal":25.797503289999998,"objectid":3520,"operador_ruta_zonal":"GRAN AMERICAS FONTIBON I","origen_ruta_zonal":"PUENTE GRANDE","route_id_ruta_zonal":478,"route_name_ruta_zonal":"C315-1","tipo_operacion":"NORMAL","tipo_ruta_zonal":3,"tipo_servicio_ruta_zonal":1,"zona_destino_ruta_zonal":3,"zona_origen_ruta_zonal":6}},{"type":"Feature","id":3521,"geometry":null,"properties":{"abreviatura_destino_zona_sitp":"LLL","codigo_definitivo_ruta_zonal":"CL149","delega_ruta_zonal":1,"denominacion_ruta_zonal":"EST- AV. 1 DE MAYO - BILBAO","destino_ruta_zonal":"EST- AV. 1 DE MAYO","destino_zona_sitp":"SAN CRISTOBAL","fecha_implementacion_ruta_zonal":"29/01/2024","globalid":"{07A0AF9C-4392-4E4F-9F6D-B472F337110F}","localidad_destino_ruta_zonal":4,"localidad_origen_ruta_zonal":11,"longitud_ruta_zonal":30.764504300000002,"objectid":3521,"operador_ruta_zonal":"EMASIVO 16","origen_ruta_zonal":"BILBAO","route_id_ruta_zonal":28,"route_name_ruta_zonal":"L149-1","tipo_operacion":"NORMAL","tipo_ruta_zonal":3,"tipo_servicio_ruta_zonal":1,"zona_destino_ruta_zonal":13,"zona_origen_ruta_zonal":3}},{"type":"Feature","id":3523,"geometry":null,"properties":{"abreviatura_destino_zona_sitp":"HHH","codigo_definitivo_ruta_zonal":"HF603","delega_ruta_zonal":1,"denominacion_ruta_zonal":"CORABASTOS - SANTO DOMINGO","destino_ruta_zonal":"SANTO DOMINGO","destino_zona_sitp":"USME/ CIUDAD BOLIVAR","fecha_implementacion_ruta_zonal":"15/06/2021","globalid":"{07D7406D-A44C-493A-A0FE-268577CBA199}","localidad_destino_ruta_zonal":8,"localidad_origen_ruta_zonal":19,"longitud_ruta_zonal":13.85282941,"objectid":3523,"operador_ruta_zonal":"ETIB - BO","origen_ruta_zonal":"CORABASTOS","route_id_ruta_zonal":272,"route_name_ruta_zonal":"H603-2","tipo_operacion":"NORMAL","tipo_ruta_zonal":3,"tipo_servicio_ruta_zonal":1,"zona_destino_ruta_zonal":8,"zona_origen_ruta_zonal":10}},{"type":"Feature","id":3524,"geometry":null,"properties":{"abreviatura_destino_zona_sitp":"PER","codigo_definitivo_ruta_zonal":"192","delega_ruta_zonal":1,"denominacion_ruta_zonal":"UNICENTRO - CATALINA","destino_ruta_zonal":"CATALINA","destino_zona_sitp":"PERDOMO","fecha_implementacion_ruta_zonal":"19/12/2020","globalid":"{0840EF31-6187-4388-ABB9-EA3E53331278}","localidad_destino_ruta_zonal":1,"localidad_origen_ruta_zonal":8,"longitud_ruta_zonal":30.248855219999999,"objectid":3524,"operador_ruta_zonal":"ETIB - BO","origen_ruta_zonal":"UNICENTRO","route_id_ruta_zonal":67,"route_name_ruta_zonal":"192-1","tipo_operacion":"NORMAL","tipo_ruta_zonal":3,"tipo_servicio_ruta_zonal":1,"zona_destino_ruta_zonal":9,"zona_origen_ruta_zonal":1}},{"type":"Feature","id":3525,"geometry":null,"properties":{"abreviatura_destino_zona_sitp":"SCR","codigo_definitivo_ruta_zonal":"P24","delega_ruta_zonal":1,"denominacion_ruta_zonal":"SAN BLASS - BOSA SAN JOSE","destino_ruta_zonal":"SAN BLASS","destino_zona_sitp":"SAN CRISTOBAL","fecha_implementacion_ruta_zonal":"21/02/2014","globalid":"{087A9D7C-BACB-4321-B204-0B3461CD6CE9}","localidad_destino_ruta_zonal":4,"localidad_origen_ruta_zonal":7,"longitud_ruta_zonal":20.161673140000001,"objectid":3525,"operador_ruta_zonal":"ETIB - BO","origen_ruta_zonal":"BOSA SAN JOSÉ","route_id_ruta_zonal":142,"route_name_ruta_zonal":"P24-2","tipo_operacion":"NORMAL","tipo_ruta_zonal":3,"tipo_servicio_ruta_zonal":1,"zona_destino_ruta_zonal":13,"zona_origen_ruta_zonal":9}},{"type":"Feature","id":3527,"geometry":null,"properties":{"abreviatura_destino_zona_sitp":"DDD","codigo_definitivo_ruta_zonal":"HD607","delega_ruta_zonal":1,"denominacion_ruta_zonal":"ARBORIZADORA ALTA - MORATO","destino_ruta_zonal":"MORATO","destino_zona_sitp":"ENGATIVA / CALLE 80","fecha_implementacion_ruta_zonal":"12/01/2021","globalid":"{09935597-33BC-4C1C-85DF-26D5D79547C6}","localidad_destino_ruta_zonal":11,"localidad_origen_ruta_zonal":19,"longitud_ruta_zonal":25.501133670000002,"objectid":3527,"operador_ruta_zonal":"SUMA - BC","origen_ruta_zonal":"ARBORIZADORA ALTA","route_id_ruta_zonal":190,"route_name_ruta_zonal":"D607-1","tipo_operacion":"NORMAL","tipo_ruta_zonal":3,"tipo_servicio_ruta_zonal":1,"zona_destino_ruta_zonal":3,"zona_origen_ruta_zonal":11}},{"type":"Feature","id":3528,"geometry":null,"properties":{"abreviatura_destino_zona_sitp":"CHA","codigo_definitivo_ruta_zonal":"97","delega_ruta_zonal":1,"denominacion_ruta_zonal":"RINCON DE VENECIA - GALERIAS","destino_ruta_zonal":"GALERÍAS","destino_zona_sitp":"CHAPINERO","fecha_implementacion_ruta_zonal":"17/02/2020","globalid":"{09C825BD-0050-450A-A812-BEA849E17E04}","localidad_destino_ruta_zonal":13,"localidad_origen_ruta_zonal":6,"longitud_ruta_zonal":45.416518189999998,"objectid":3528,"operador_ruta_zonal":"ETIB - BO","origen_ruta_zonal":"RINCON DE VENECIA","route_id_ruta_zonal":161,"route_name_ruta_zonal":"97-3","tipo_operacion":"NORMAL","tipo_ruta_zonal":3,"tipo_servicio_ruta_zonal":1,"zona_destino_ruta_zonal":0,"zona_origen_ruta_zonal":10}},{"type":"Feature","id":3531,"geometry":null,"properties":{"abreviatura_destino_zona_sitp":"ALI","codigo_definitivo_ruta_zonal":"10-1","delega_ruta_zonal":2,"denominacion_ruta_zonal":"AVENIDA BOSA","destino_ruta_zonal":"AVENIDA BOSA","destino_zona_sitp":"ALIMENTADORA","fecha_implementacion_ruta_zonal":"-","globalid":"{0B0B371E-0FD9-4C31-B580-215E281FCCC2}","localidad_destino_ruta_zonal":7,"localidad_origen_ruta_zonal":7,"longitud_ruta_zonal":8.0939150499999997,"objectid":3531,"operador_ruta_zonal":"ETIB - BO","origen_ruta_zonal":"PORTAL SUR","route_id_ruta_zonal":100,"route_name_ruta_zonal":"10-1a","tipo_operacion":"NORMAL","tipo_ruta_zonal":4,"tipo_servicio_ruta_zonal":4,"zona_destino_ruta_zonal":9,"zona_origen_ruta_zonal":9}},{"type":"Feature","id":3532,"geometry":null,"properties":{"abreviatura_destino_zona_sitp":"CBO","codigo_definitivo_ruta_zonal":"T25","delega_ruta_zonal":1,"denominacion_ruta_zonal":"POTOSI - TERMINAL NORTE","destino_ruta_zonal":"POTOSÍ","destino_zona_sitp":"CIUDAD BOLIVAR","fecha_implementacion_ruta_zonal":"7/09/2020","globalid":"{0B2C6C35-F7D6-4F98-92EF-A3BD61BBE8C1}","localidad_destino_ruta_zonal":1,"localidad_origen_ruta_zonal":19,"longitud_ruta_zonal":42.992192600000003,"objectid":3532,"operador_ruta_zonal":"CONSORCIO EXPRESS N","origen_ruta_zonal":"TERMINAL NORTE","route_id_ruta_zonal":195,"route_name_ruta_zonal":"T25-2","tipo_operacion":"NORMAL","tipo_ruta_zonal":3,"tipo_servicio_ruta_zonal":1,"zona_destino_ruta_zonal":1,"zona_origen_ruta_zonal":11}},{"type":"Feature","id":3533,"geometry":null,"properties":{"abreviatura_destino_zona_sitp":"ENG","codigo_definitivo_ruta_zonal":"C101","delega_ruta_zonal":1,"denominacion_ruta_zonal":"PROVIDENCIA - EL PALMAR","destino_ruta_zonal":"EL PALMAR","destino_zona_sitp":"ENGATIVA","fecha_implementacion_ruta_zonal":"30/01/2014","globalid":"{0B5884DB-94AF-4861-A689-7E04AF45D251}","localidad_destino_ruta_zonal":18,"localidad_origen_ruta_zonal":10,"longitud_ruta_zonal":29.017849529999999,"objectid":3533,"operador_ruta_zonal":"GMOVIL - E","origen_ruta_zonal":"PROVIDENCIA","route_id_ruta_zonal":305,"route_name_ruta_zonal":"C101-2","tipo_operacion":"NORMAL","tipo_ruta_zonal":3,"tipo_servicio_ruta_zonal":1,"zona_destino_ruta_zonal":12,"zona_origen_ruta_zonal":5}},{"type":"Feature","id":3537,"geometry":null,"properties":{"abreviatura_destino_zona_sitp":"C80","codigo_definitivo_ruta_zonal":"60","delega_ruta_zonal":1,"denominacion_ruta_zonal":"BACHUÉ - ZARAZOTA","destino_ruta_zonal":"BACHUÉ","destino_zona_sitp":"CALLE 80","fecha_implementacion_ruta_zonal":"10/08/2013","globalid":"{0E9EFA46-5D64-4F61-9C43-0AD3E0AFC0E4}","localidad_destino_ruta_zonal":18,"localidad_origen_ruta_zonal":10,"longitud_ruta_zonal":28.599303089999999,"objectid":3537,"operador_ruta_zonal":"ESTE ES MI BUS - CO","origen_ruta_zonal":"ZARAZOTA","route_id_ruta_zonal":151,"route_name_ruta_zonal":"60-2","tipo_operacion":"NORMAL","tipo_ruta_zonal":3,"tipo_servicio_ruta_zonal":1,"zona_destino_ruta_zonal":12,"zona_origen_ruta_zonal":4}},{"type":"Feature","id":3538,"geometry":null,"properties":{"abreviatura_destino_zona_sitp":"0","codigo_definitivo_ruta_zonal":"DA215","delega_ruta_zonal":1,"denominacion_ruta_zonal":"BACHUÉ - GERMANÍA","destino_ruta_zonal":"GERMANÍA","destino_zona_sitp":"0","fecha_implementacion_ruta_zonal":"20/11/2023","globalid":"{0F20E2B7-C607-4B1E-8640-4B5092B4BA4F}","localidad_destino_ruta_zonal":3,"localidad_origen_ruta_zonal":10,"longitud_ruta_zonal":44.641682159999995,"objectid":3538,"operador_ruta_zonal":"ESTE ES MI BUS - CO","origen_ruta_zonal":"BACHUÉ","route_id_ruta_zonal":668,"route_name_ruta_zonal":"DA215-3","tipo_operacion":"NORMAL","tipo_ruta_zonal":3,"tipo_servicio_ruta_zonal":1,"zona_destino_ruta_zonal":0,"zona_origen_ruta_zonal":4}},{"type":"Feature","id":3540,"geometry":null,"properties":{"abreviatura_destino_zona_sitp":"CCC","codigo_definitivo_ruta_zonal":"CB161","delega_ruta_zonal":1,"denominacion_ruta_zonal":"UNICENTRO - VILLA GLORIA","destino_ruta_zonal":"VILLA GLORIA","destino_zona_sitp":"SUBA","fecha_implementacion_ruta_zonal":"10/04/2023","globalid":"{100BD108-0DAF-4D85-BFE6-F021EC932193}","localidad_destino_ruta_zonal":11,"localidad_origen_ruta_zonal":1,"longitud_ruta_zonal":24.180224410000001,"objectid":3540,"operador_ruta_zonal":"CONSORCIO EXPRESS N","origen_ruta_zonal":"UNICENTRO","route_id_ruta_zonal":546,"route_name_ruta_zonal":"C161-2","tipo_operacion":"NORMAL","tipo_ruta_zonal":3,"tipo_servicio_ruta_zonal":1,"zona_destino_ruta_zonal":3,"zona_origen_ruta_zonal":1}},{"type":"Feature","id":3541,"geometry":null,"properties":{"abreviatura_destino_zona_sitp":"GGG","codigo_definitivo_ruta_zonal":"GG536","delega_ruta_zonal":1,"denominacion_ruta_zonal":"SENA - SANTA ISABEL","destino_ruta_zonal":"SANTA ISABEL","destino_zona_sitp":"BOSA","fecha_implementacion_ruta_zonal":"-","globalid":"{10537090-4316-4AA7-AEC9-3F9DCD9201AD}","localidad_destino_ruta_zonal":16,"localidad_origen_ruta_zonal":8,"longitud_ruta_zonal":3.32703894,"objectid":3541,"operador_ruta_zonal":"MASIVO CAPITAL - KE","origen_ruta_zonal":"SENA","route_id_ruta_zonal":686,"route_name_ruta_zonal":"G536-3","tipo_operacion":"NORMAL","tipo_ruta_zonal":3,"tipo_servicio_ruta_zonal":1,"zona_destino_ruta_zonal":8,"zona_origen_ruta_zonal":8}},{"type":"Feature","id":3542,"geometry":null,"properties":{"abreviatura_destino_zona_sitp":"ALI","codigo_definitivo_ruta_zonal":"11-3","delega_ruta_zonal":2,"denominacion_ruta_zonal":"VILLA MARÍA","destino_ruta_zonal":"VILLA MARÍA","destino_zona_sitp":"ALIMENTADORA","fecha_implementacion_ruta_zonal":"-","globalid":"{1075B761-3990-42CF-B5A9-325E1FCBC12D}","localidad_destino_ruta_zonal":11,"localidad_origen_ruta_zonal":11,"longitud_ruta_zonal":6.6035839200000002,"objectid":3542,"operador_ruta_zonal":"ESTE ES MI BUS - CO","origen_ruta_zonal":"PORTAL SUBA","route_id_ruta_zonal":16,"route_name_ruta_zonal":"11-3a","tipo_operacion":"NORMAL","tipo_ruta_zonal":4,"tipo_servicio_ruta_zonal":1,"zona_destino_ruta_zonal":3,"zona_origen_ruta_zonal":3}},{"type":"Feature","id":3543,"geometry":null,"properties":{"abreviatura_destino_zona_sitp":"PER","codigo_definitivo_ruta_zonal":"T163","delega_ruta_zonal":1,"denominacion_ruta_zonal":"PERDOMO - CALLE 222","destino_ruta_zonal":"PERDOMO","destino_zona_sitp":"PERDOMO","fecha_implementacion_ruta_zonal":"28/03/2015","globalid":"{107B7FAB-ED1A-4818-BD39-A034387C425E}","localidad_destino_ruta_zonal":19,"localidad_origen_ruta_zonal":11,"longitud_ruta_zonal":41.587300800000001,"objectid":3543,"operador_ruta_zonal":"MASIVO CAPITAL - SO","origen_ruta_zonal":"CALLE 222","route_id_ruta_zonal":118,"route_name_ruta_zonal":"T163-2","tipo_operacion":"NORMAL","tipo_ruta_zonal":3,"tipo_servicio_ruta_zonal":4,"zona_destino_ruta_zonal":10,"zona_origen_ruta_zonal":2}},{"type":"Feature","id":3544,"geometry":null,"properties":{"abreviatura_destino_zona_sitp":"HHH","codigo_definitivo_ruta_zonal":"HB631","delega_ruta_zonal":1,"denominacion_ruta_zonal":"PARAÍSO - AV. CALLE 134","destino_ruta_zonal":"PARAÍSO","destino_zona_sitp":"USME/ CIUDAD BOLIVAR","fecha_implementacion_ruta_zonal":"24/01/2022","globalid":"{10B61A9F-779E-442E-A1C2-8AE1FFE089C8}","localidad_destino_ruta_zonal":1,"localidad_origen_ruta_zonal":19,"longitud_ruta_zonal":29.778434620000002,"objectid":3544,"operador_ruta_zonal":"SUMA - BC","origen_ruta_zonal":"AV. CALLE 134","route_id_ruta_zonal":376,"route_name_ruta_zonal":"H631-2","tipo_operacion":"NORMAL","tipo_ruta_zonal":3,"tipo_servicio_ruta_zonal":1,"zona_destino_ruta_zonal":1,"zona_origen_ruta_zonal":11}},{"type":"Feature","id":3545,"geometry":null,"properties":{"abreviatura_destino_zona_sitp":"COM","codigo_definitivo_ruta_zonal":"14-1","delega_ruta_zonal":1,"denominacion_ruta_zonal":"LAS CRUCES","destino_ruta_zonal":"LAS CRUCES","destino_zona_sitp":"COMPLEMENTARIA","fecha_implementacion_ruta_zonal":"-","globalid":"{112A9944-762C-4DAD-892D-E4463297C909}","localidad_destino_ruta_zonal":3,"localidad_origen_ruta_zonal":17,"longitud_ruta_zonal":4.1359478700000007,"objectid":3545,"operador_ruta_zonal":"CONSORCIO EXPRESS D","origen_ruta_zonal":"BICENTENARIO","route_id_ruta_zonal":83,"route_name_ruta_zonal":"14-1c","tipo_operacion":"NORMAL","tipo_ruta_zonal":4,"tipo_servicio_ruta_zonal":1,"zona_destino_ruta_zonal":13,"zona_origen_ruta_zonal":13}},{"type":"Feature","id":3547,"geometry":null,"properties":{"abreviatura_destino_zona_sitp":"GGG","codigo_definitivo_ruta_zonal":"GH530","delega_ruta_zonal":1,"denominacion_ruta_zonal":"METROVIVIENDA - FISCALA ALTA","destino_ruta_zonal":"METROVIVIENDA","destino_zona_sitp":"BOSA","fecha_implementacion_ruta_zonal":"5/06/2023","globalid":"{115A9562-A272-4209-AB0F-832F94508FF1}","localidad_destino_ruta_zonal":5,"localidad_origen_ruta_zonal":7,"longitud_ruta_zonal":23.53073221,"objectid":3547,"operador_ruta_zonal":"MASIVO CAPITAL - KE","origen_ruta_zonal":"FISCALA ALTA","route_id_ruta_zonal":631,"route_name_ruta_zonal":"G530-2","tipo_operacion":"NORMAL","tipo_ruta_zonal":3,"tipo_servicio_ruta_zonal":1,"zona_destino_ruta_zonal":12,"zona_origen_ruta_zonal":8}},{"type":"Feature","id":3548,"geometry":null,"properties":{"abreviatura_destino_zona_sitp":"AAA","codigo_definitivo_ruta_zonal":"HA617","delega_ruta_zonal":1,"denominacion_ruta_zonal":"PERDOMO - CENTRO","destino_ruta_zonal":"PERDOMO","destino_zona_sitp":"USME/ CIUDAD BOLIVAR","fecha_implementacion_ruta_zonal":"27/11/2023","globalid":"{11A94029-713F-41C2-89BB-9504974200F6}","localidad_destino_ruta_zonal":3,"localidad_origen_ruta_zonal":19,"longitud_ruta_zonal":22.493067,"objectid":3548,"operador_ruta_zonal":"ODT LA ROLITA","origen_ruta_zonal":"CENTRO","route_id_ruta_zonal":675,"route_name_ruta_zonal":"H617-2","tipo_operacion":"NORMAL","tipo_ruta_zonal":3,"tipo_servicio_ruta_zonal":1,"zona_destino_ruta_zonal":0,"zona_origen_ruta_zonal":10}},{"type":"Feature","id":3549,"geometry":null,"properties":{"abreviatura_destino_zona_sitp":"BBB","codigo_definitivo_ruta_zonal":"BB926","delega_ruta_zonal":1,"denominacion_ruta_zonal":"EST. MAZUREN","destino_ruta_zonal":"SIRENA","destino_zona_sitp":"USAQUEN","fecha_implementacion_ruta_zonal":"25/07/2022","globalid":"{11BB5847-8BB8-4064-BF97-FAB5D98C1F87}","localidad_destino_ruta_zonal":1,"localidad_origen_ruta_zonal":1,"longitud_ruta_zonal":4.8636228499999996,"objectid":3549,"operador_ruta_zonal":"CONSORCIO EXPRESS N","origen_ruta_zonal":"EST. MAZUREN","route_id_ruta_zonal":467,"route_name_ruta_zonal":"B926-3","tipo_operacion":"NORMAL","tipo_ruta_zonal":3,"tipo_servicio_ruta_zonal":1,"zona_destino_ruta_zonal":1,"zona_origen_ruta_zonal":1}},{"type":"Feature","id":3550,"geometry":null,"properties":{"abreviatura_destino_zona_sitp":"COM","codigo_definitivo_ruta_zonal":"13-2","delega_ruta_zonal":2,"denominacion_ruta_zonal":"PROVIDENCIA ALTA - RESTREPO","destino_ruta_zonal":"RESTREPO","destino_zona_sitp":"COMPLEMENTARIA","fecha_implementacion_ruta_zonal":"2/05/2023","globalid":"{11D27DD3-C68D-4A3E-A7D0-BFF274CE7D9D}","localidad_destino_ruta_zonal":15,"localidad_origen_ruta_zonal":18,"longitud_ruta_zonal":12.146021950000002,"objectid":3550,"operador_ruta_zonal":"CONSORCIO EXPRESS D","origen_ruta_zonal":"PROVIDENCIA ALTA","route_id_ruta_zonal":93,"route_name_ruta_zonal":"13-2c","tipo_operacion":"NORMAL","tipo_ruta_zonal":5,"tipo_servicio_ruta_zonal":1,"zona_destino_ruta_zonal":12,"zona_origen_ruta_zonal":12}},{"type":"Feature","id":3551,"geometry":null,"properties":{"abreviatura_destino_zona_sitp":"CEN","codigo_definitivo_ruta_zonal":"99","delega_ruta_zonal":1,"denominacion_ruta_zonal":"BOSA LA PRIMAVERA - GERMANIA","destino_ruta_zonal":"GERMANIA","destino_zona_sitp":"CENTRO","fecha_implementacion_ruta_zonal":"27/07/2020","globalid":"{12175930-2CFF-470E-89F6-665CC4517DFD}","localidad_destino_ruta_zonal":3,"localidad_origen_ruta_zonal":7,"longitud_ruta_zonal":47.124892100000004,"objectid":3551,"operador_ruta_zonal":"ETIB - BO","origen_ruta_zonal":"BOSA LA PRIMAVERA","route_id_ruta_zonal":168,"route_name_ruta_zonal":"99-3","tipo_operacion":"NORMAL","tipo_ruta_zonal":3,"tipo_servicio_ruta_zonal":1,"zona_destino_ruta_zonal":0,"zona_origen_ruta_zonal":9}},{"type":"Feature","id":3553,"geometry":null,"properties":{"abreviatura_destino_zona_sitp":"KKK","codigo_definitivo_ruta_zonal":"16-12","delega_ruta_zonal":1,"denominacion_ruta_zonal":"BELÉN - PORTAL EL DORADO","destino_ruta_zonal":"BELÉN","destino_zona_sitp":"CALLE 26","fecha_implementacion_ruta_zonal":"-","globalid":"{125D9961-ECB8-4789-9BC0-0C320421B437}","localidad_destino_ruta_zonal":9,"localidad_origen_ruta_zonal":9,"longitud_ruta_zonal":13.269104860000001,"objectid":3553,"operador_ruta_zonal":"GRAN AMERICAS FONTIBON I","origen_ruta_zonal":"PORTAL EL DORADO","route_id_ruta_zonal":50,"route_name_ruta_zonal":"16-12c","tipo_operacion":"NORMAL","tipo_ruta_zonal":3,"tipo_servicio_ruta_zonal":1,"zona_destino_ruta_zonal":6,"zona_origen_ruta_zonal":6}},{"type":"Feature","id":3554,"geometry":null,"properties":{"abreviatura_destino_zona_sitp":"ESP","codigo_definitivo_ruta_zonal":"HH640","delega_ruta_zonal":1,"denominacion_ruta_zonal":"SANTO DOMINGO AM","destino_ruta_zonal":"SANTO DOMINGO","destino_zona_sitp":"ESPECIAL","fecha_implementacion_ruta_zonal":"25/02/2023","globalid":"{135D40C4-A30E-472A-82EF-C0290021C939}","localidad_destino_ruta_zonal":19,"localidad_origen_ruta_zonal":19,"longitud_ruta_zonal":10.715889649999999,"objectid":3554,"operador_ruta_zonal":"SUMA - BC","origen_ruta_zonal":"PORTAL SUR","route_id_ruta_zonal":543,"route_name_ruta_zonal":"H640-3","tipo_operacion":"NORMAL","tipo_ruta_zonal":4,"tipo_servicio_ruta_zonal":1,"zona_destino_ruta_zonal":10,"zona_origen_ruta_zonal":10}},{"type":"Feature","id":3556,"geometry":null,"properties":{"abreviatura_destino_zona_sitp":"0","codigo_definitivo_ruta_zonal":"HK627","delega_ruta_zonal":1,"denominacion_ruta_zonal":"ALPES - SALITRE","destino_ruta_zonal":"SALITRE","destino_zona_sitp":"0","fecha_implementacion_ruta_zonal":"20/11/2023","globalid":"{14F7F629-FA3E-40D0-891A-49465D3FCAAF}","localidad_destino_ruta_zonal":13,"localidad_origen_ruta_zonal":19,"longitud_ruta_zonal":20.680708840000001,"objectid":3556,"operador_ruta_zonal":"SUMA - BC","origen_ruta_zonal":"ALPES","route_id_ruta_zonal":355,"route_name_ruta_zonal":"K627-1","tipo_operacion":"NORMAL","tipo_ruta_zonal":3,"tipo_servicio_ruta_zonal":1,"zona_destino_ruta_zonal":5,"zona_origen_ruta_zonal":11}},{"type":"Feature","id":3558,"geometry":null,"properties":{"abreviatura_destino_zona_sitp":"ALI","codigo_definitivo_ruta_zonal":"13-7","delega_ruta_zonal":1,"denominacion_ruta_zonal":"LA PENÍNSULA","destino_ruta_zonal":"LA PENÍNSULA","destino_zona_sitp":"ALIMENTADORA","fecha_implementacion_ruta_zonal":"-","globalid":"{15B0E15D-8481-4E4D-9734-2A7132823BA0}","localidad_destino_ruta_zonal":4,"localidad_origen_ruta_zonal":4,"longitud_ruta_zonal":6.63146536,"objectid":3558,"operador_ruta_zonal":"CONSORCIO EXPRESS D","origen_ruta_zonal":"PORTAL 20 JULIO","route_id_ruta_zonal":75,"route_name_ruta_zonal":"13-7a","tipo_operacion":"NORMAL","tipo_ruta_zonal":4,"tipo_servicio_ruta_zonal":1,"zona_destino_ruta_zonal":13,"zona_origen_ruta_zonal":13}},{"type":"Feature","id":3559,"geometry":null,"properties":{"abreviatura_destino_zona_sitp":"HHH","codigo_definitivo_ruta_zonal":"HA708","delega_ruta_zonal":1,"denominacion_ruta_zonal":"ANTONIO J. DE SUCRE - CHICO NORTE","destino_ruta_zonal":"ANTONIO J. DE SUCRE","destino_zona_sitp":"USME/ CIUDAD BOLIVAR","fecha_implementacion_ruta_zonal":"26/07/2021","globalid":"{15B6593B-9429-4A85-8B6B-33F75C6BB736}","localidad_destino_ruta_zonal":2,"localidad_origen_ruta_zonal":5,"longitud_ruta_zonal":29.348137469999998,"objectid":3559,"operador_ruta_zonal":"GRAN AMERICAS USME","origen_ruta_zonal":"CHICÓ NORTE","route_id_ruta_zonal":286,"route_name_ruta_zonal":"H708-2","tipo_operacion":"NORMAL","tipo_ruta_zonal":3,"tipo_servicio_ruta_zonal":1,"zona_destino_ruta_zonal":0,"zona_origen_ruta_zonal":12}},{"type":"Feature","id":3560,"geometry":null,"properties":{"abreviatura_destino_zona_sitp":"NOR","codigo_definitivo_ruta_zonal":"402","delega_ruta_zonal":1,"denominacion_ruta_zonal":"AUTO NORTE EST. TERMINAL - SABANA DEL DORADO","destino_ruta_zonal":"AUTO NORTE EST. TERMINAL","destino_zona_sitp":"NORTE","fecha_implementacion_ruta_zonal":"31/08/2020","globalid":"{15CA2BA9-9BA1-4A7C-941C-2B2126320D1E}","localidad_destino_ruta_zonal":1,"localidad_origen_ruta_zonal":10,"longitud_ruta_zonal":32.8673249,"objectid":3560,"operador_ruta_zonal":"GMOVIL - E","origen_ruta_zonal":"SABANA DEL DORADO","route_id_ruta_zonal":181,"route_name_ruta_zonal":"402-1","tipo_operacion":"NORMAL","tipo_ruta_zonal":3,"tipo_servicio_ruta_zonal":1,"zona_destino_ruta_zonal":1,"zona_origen_ruta_zonal":5}},{"type":"Feature","id":3561,"geometry":null,"properties":{"abreviatura_destino_zona_sitp":"LLL","codigo_definitivo_ruta_zonal":"LA809","delega_ruta_zonal":1,"denominacion_ruta_zonal":"SANTA RITA S.O. - MARLY","destino_ruta_zonal":"SANTA RITA S.O.","destino_zona_sitp":"SAN CRISTOBAL","fecha_implementacion_ruta_zonal":"6/09/2021","globalid":"{166725F2-E777-4E7E-A217-04398BA0142E}","localidad_destino_ruta_zonal":2,"localidad_origen_ruta_zonal":4,"longitud_ruta_zonal":15.31231442,"objectid":3561,"operador_ruta_zonal":"CONSORCIO EXPRESS D","origen_ruta_zonal":"MARLY","route_id_ruta_zonal":335,"route_name_ruta_zonal":"L809-2","tipo_operacion":"NORMAL","tipo_ruta_zonal":3,"tipo_servicio_ruta_zonal":1,"zona_destino_ruta_zonal":0,"zona_origen_ruta_zonal":13}},{"type":"Feature","id":3562,"geometry":null,"properties":{"abreviatura_destino_zona_sitp":"CEN","codigo_definitivo_ruta_zonal":"T48","delega_ruta_zonal":1,"denominacion_ruta_zonal":"NUEVA CASTILLA - PUENTE ARANDA","destino_ruta_zonal":"PUENTE ARANDA","destino_zona_sitp":"CENTRO","fecha_implementacion_ruta_zonal":"-","globalid":"{1675B472-7EEF-4AB8-81CD-AFB0AA5EBA1B}","localidad_destino_ruta_zonal":16,"localidad_origen_ruta_zonal":8,"longitud_ruta_zonal":22.79069668,"objectid":3562,"operador_ruta_zonal":"ESTE ES MI BUS - TZ","origen_ruta_zonal":"NUEVA CASTILLA","route_id_ruta_zonal":526,"route_name_ruta_zonal":"T48-3","tipo_operacion":"NORMAL","tipo_ruta_zonal":3,"tipo_servicio_ruta_zonal":1,"zona_destino_ruta_zonal":7,"zona_origen_ruta_zonal":7}},{"type":"Feature","id":3564,"geometry":null,"properties":{"abreviatura_destino_zona_sitp":"HHH","codigo_definitivo_ruta_zonal":"HH632","delega_ruta_zonal":1,"denominacion_ruta_zonal":"VILLA GLORIA - EST. GRAL SANTANDER","destino_ruta_zonal":"EST. GRAL SANTANDER","destino_zona_sitp":"USME/ CIUDAD BOLIVAR","fecha_implementacion_ruta_zonal":"2/05/2022","globalid":"{168FDC56-606B-4753-ADB3-0180D6515646}","localidad_destino_ruta_zonal":15,"localidad_origen_ruta_zonal":19,"longitud_ruta_zonal":19.20041814,"objectid":3564,"operador_ruta_zonal":"ODT LA ROLITA","origen_ruta_zonal":"VILLA GLORIA","route_id_ruta_zonal":426,"route_name_ruta_zonal":"HH632-3","tipo_operacion":"NORMAL","tipo_ruta_zonal":3,"tipo_servicio_ruta_zonal":1,"zona_destino_ruta_zonal":10,"zona_origen_ruta_zonal":11}},{"type":"Feature","id":3565,"geometry":null,"properties":{"abreviatura_destino_zona_sitp":"HHH","codigo_definitivo_ruta_zonal":"GH521","delega_ruta_zonal":1,"denominacion_ruta_zonal":"SAN BERNANDINO - USME CHIGUAZA","destino_ruta_zonal":"USME CHIGUAZA","destino_zona_sitp":"USME/ CIUDAD BOLIVAR","fecha_implementacion_ruta_zonal":"19/10/2021","globalid":"{178F4DC7-9202-4ACF-B76E-E6F1134077A1}","localidad_destino_ruta_zonal":7,"localidad_origen_ruta_zonal":5,"longitud_ruta_zonal":29.898485609999998,"objectid":3565,"operador_ruta_zonal":"ETIB - BO","origen_ruta_zonal":"SAN BERNARDINO","route_id_ruta_zonal":608,"route_name_ruta_zonal":"H521-2","tipo_operacion":"NORMAL","tipo_ruta_zonal":3,"tipo_servicio_ruta_zonal":1,"zona_destino_ruta_zonal":9,"zona_origen_ruta_zonal":12}},{"type":"Feature","id":3567,"geometry":null,"properties":{"abreviatura_destino_zona_sitp":"CHA","codigo_definitivo_ruta_zonal":"12","delega_ruta_zonal":1,"denominacion_ruta_zonal":"SAN PABLO - PORCIÚNCULA","destino_ruta_zonal":"PORCIÚNCULA","destino_zona_sitp":"CHAPINERO","fecha_implementacion_ruta_zonal":"17/07/2023","globalid":"{1866AEFC-0110-4E47-A688-CFAA700882C8}","localidad_destino_ruta_zonal":2,"localidad_origen_ruta_zonal":9,"longitud_ruta_zonal":43.043526579999998,"objectid":3567,"operador_ruta_zonal":"GMOVIL - E","origen_ruta_zonal":"SAN PABLO","route_id_ruta_zonal":311,"route_name_ruta_zonal":"12-3","tipo_operacion":"NORMAL","tipo_ruta_zonal":3,"tipo_servicio_ruta_zonal":1,"zona_destino_ruta_zonal":0,"zona_origen_ruta_zonal":5}},{"type":"Feature","id":3568,"geometry":null,"properties":{"abreviatura_destino_zona_sitp":"C80","codigo_definitivo_ruta_zonal":"271","delega_ruta_zonal":1,"denominacion_ruta_zonal":"LOMAS - GRAN GRANADA","destino_ruta_zonal":"GRAN GRANADA","destino_zona_sitp":"CALLE 80","fecha_implementacion_ruta_zonal":"15/07/2024","globalid":"{1872F383-2032-4EBD-A153-7BAE310E29C7}","localidad_destino_ruta_zonal":18,"localidad_origen_ruta_zonal":10,"longitud_ruta_zonal":32.672361979999998,"objectid":3568,"operador_ruta_zonal":"ESTE ES MI BUS - CO","origen_ruta_zonal":"LOMAS","route_id_ruta_zonal":49,"route_name_ruta_zonal":"271-1","tipo_operacion":"NORMAL","tipo_ruta_zonal":3,"tipo_servicio_ruta_zonal":1,"zona_destino_ruta_zonal":12,"zona_origen_ruta_zonal":5}},{"type":"Feature","id":3569,"geometry":null,"properties":{"abreviatura_destino_zona_sitp":"KKK","codigo_definitivo_ruta_zonal":"KL331","delega_ruta_zonal":1,"denominacion_ruta_zonal":"FONTIBON BRISAS - NUEVA DELHI","destino_ruta_zonal":"FONTIBÓN BRISAS","destino_zona_sitp":"CALLE 26","fecha_implementacion_ruta_zonal":"15/01/2023","globalid":"{1880E0E2-D1AE-418F-8A7D-ADFC0FB41F9B}","localidad_destino_ruta_zonal":4,"localidad_origen_ruta_zonal":9,"longitud_ruta_zonal":31.653534440000001,"objectid":3569,"operador_ruta_zonal":"ZMO FONTIBON V","origen_ruta_zonal":"NUEVA DELHI","route_id_ruta_zonal":415,"route_name_ruta_zonal":"K331-1","tipo_operacion":"NORMAL","tipo_ruta_zonal":3,"tipo_servicio_ruta_zonal":1,"zona_destino_ruta_zonal":13,"zona_origen_ruta_zonal":6}},{"type":"Feature","id":3571,"geometry":null,"properties":{"abreviatura_destino_zona_sitp":"ALI","codigo_definitivo_ruta_zonal":"9-3","delega_ruta_zonal":2,"denominacion_ruta_zonal":"BOSA LA LIBERTAD","destino_ruta_zonal":"BOSA LA LIBERTAD","destino_zona_sitp":"ALIMENTADORA","fecha_implementacion_ruta_zonal":"-","globalid":"{1A3B962B-0292-45CC-8733-0E17F028B9DA}","localidad_destino_ruta_zonal":7,"localidad_origen_ruta_zonal":8,"longitud_ruta_zonal":6.2992095699999995,"objectid":3571,"operador_ruta_zonal":"ETIB - BO","origen_ruta_zonal":"PORTAL AMERICAS","route_id_ruta_zonal":19,"route_name_ruta_zonal":"9-3a","tipo_operacion":"NORMAL","tipo_ruta_zonal":4,"tipo_servicio_ruta_zonal":1,"zona_destino_ruta_zonal":9,"zona_origen_ruta_zonal":9}},{"type":"Feature","id":3572,"geometry":null,"properties":{"abreviatura_destino_zona_sitp":"GGG","codigo_definitivo_ruta_zonal":"GH543","delega_ruta_zonal":1,"denominacion_ruta_zonal":"TIMIZA - EST G. SANTANDER","destino_ruta_zonal":"TIMIZA","destino_zona_sitp":"BOSA","fecha_implementacion_ruta_zonal":"12/11/2024","globalid":"{1A5E2E0F-D256-42BA-ADE2-E6CDE4D24270}","localidad_destino_ruta_zonal":15,"localidad_origen_ruta_zonal":8,"longitud_ruta_zonal":7.6677187599999996,"objectid":3572,"operador_ruta_zonal":"ETIB - BO","origen_ruta_zonal":"GRAL SANTANDER","route_id_ruta_zonal":700,"route_name_ruta_zonal":"G543-2","tipo_operacion":"NORMAL","tipo_ruta_zonal":3,"tipo_servicio_ruta_zonal":1,"zona_destino_ruta_zonal":10,"zona_origen_ruta_zonal":9}},{"type":"Feature","id":3573,"geometry":null,"properties":{"abreviatura_destino_zona_sitp":"CCC","codigo_definitivo_ruta_zonal":"HC612","delega_ruta_zonal":1,"denominacion_ruta_zonal":"SAN JOAQUIN - VILLA MARIA","destino_ruta_zonal":"VILLA MARÍA","destino_zona_sitp":"SUBA","fecha_implementacion_ruta_zonal":"5/12/2022","globalid":"{1A87C23E-2292-464C-97D2-A04C1F674F3C}","localidad_destino_ruta_zonal":1,"localidad_origen_ruta_zonal":11,"longitud_ruta_zonal":32.241134950000003,"objectid":3573,"operador_ruta_zonal":"SUMA - BC","origen_ruta_zonal":"SAN JOAQUÍN","route_id_ruta_zonal":386,"route_name_ruta_zonal":"C612-1","tipo_operacion":"NORMAL","tipo_ruta_zonal":3,"tipo_servicio_ruta_zonal":1,"zona_destino_ruta_zonal":1,"zona_origen_ruta_zonal":3}},{"type":"Feature","id":3577,"geometry":null,"properties":{"abreviatura_destino_zona_sitp":"LLL","codigo_definitivo_ruta_zonal":"LL822","delega_ruta_zonal":1,"denominacion_ruta_zonal":"EST. AV. DE MAYO - SIDEL","destino_ruta_zonal":"SIDEL","destino_zona_sitp":"SAN CRISTOBAL","fecha_implementacion_ruta_zonal":"17/02/2025","globalid":"{1B8AE3BD-F2A8-4CD7-9B0D-A2F809F80CA8}","localidad_destino_ruta_zonal":4,"localidad_origen_ruta_zonal":4,"longitud_ruta_zonal":11.206920349999999,"objectid":3577,"operador_ruta_zonal":"CONSORCIO EXPRESS D","origen_ruta_zonal":"AV 1 MAYO","route_id_ruta_zonal":0,"route_name_ruta_zonal":"LL822-3","tipo_operacion":"NORMAL","tipo_ruta_zonal":3,"tipo_servicio_ruta_zonal":1,"zona_destino_ruta_zonal":13,"zona_origen_ruta_zonal":13}},{"type":"Feature","id":3578,"geometry":null,"properties":{"abreviatura_destino_zona_sitp":"CCC","codigo_definitivo_ruta_zonal":"CL155","delega_ruta_zonal":1,"denominacion_ruta_zonal":"SUBA GAITANA - GAVIOTAS","destino_ruta_zonal":"SUBA GAITANA","destino_zona_sitp":"SUBA","fecha_implementacion_ruta_zonal":"23/07/2022","globalid":"{1B9D5307-5E2D-4935-BE67-38B1D5200A11}","localidad_destino_ruta_zonal":4,"localidad_origen_ruta_zonal":11,"longitud_ruta_zonal":37.308413039999998,"objectid":3578,"operador_ruta_zonal":"CONSORCIO EXPRESS N","origen_ruta_zonal":"GAVIOTAS","route_id_ruta_zonal":375,"route_name_ruta_zonal":"C155-2","tipo_operacion":"NORMAL","tipo_ruta_zonal":3,"tipo_servicio_ruta_zonal":1,"zona_destino_ruta_zonal":13,"zona_origen_ruta_zonal":3}},{"type":"Feature","id":3579,"geometry":null,"properties":{"abreviatura_destino_zona_sitp":"KKK","codigo_definitivo_ruta_zonal":"GK505","delega_ruta_zonal":1,"denominacion_ruta_zonal":"BOSA SAN DIEGO - CORFERIAS","destino_ruta_zonal":"CORFERIAS","destino_zona_sitp":"CALLE 26","fecha_implementacion_ruta_zonal":"1/06/2020","globalid":"{1BF119D0-AE2A-4131-A5F4-8B15509542D4}","localidad_destino_ruta_zonal":13,"localidad_origen_ruta_zonal":7,"longitud_ruta_zonal":19.577299930000002,"objectid":3579,"operador_ruta_zonal":"ETIB - BO","origen_ruta_zonal":"BOSA SAN DIEGO","route_id_ruta_zonal":165,"route_name_ruta_zonal":"K505-1","tipo_operacion":"NORMAL","tipo_ruta_zonal":3,"tipo_servicio_ruta_zonal":1,"zona_destino_ruta_zonal":6,"zona_origen_ruta_zonal":9}},{"type":"Feature","id":3580,"geometry":null,"properties":{"abreviatura_destino_zona_sitp":"AAA","codigo_definitivo_ruta_zonal":"AA002","delega_ruta_zonal":1,"denominacion_ruta_zonal":"SAN LUIS - EST. MOVISTAR ARENA","destino_ruta_zonal":"EST. MOVISTAR ARENA","destino_zona_sitp":"NEUTRA","fecha_implementacion_ruta_zonal":"5/09/2022","globalid":"{1C0C94A1-F888-418A-A5EA-C5D6838CE76A}","localidad_destino_ruta_zonal":2,"localidad_origen_ruta_zonal":13,"longitud_ruta_zonal":26.058962080000001,"objectid":3580,"operador_ruta_zonal":"CONSORCIO EXPRESS N","origen_ruta_zonal":"SAN LUIS","route_id_ruta_zonal":516,"route_name_ruta_zonal":"AA002-3","tipo_operacion":"NORMAL","tipo_ruta_zonal":3,"tipo_servicio_ruta_zonal":1,"zona_destino_ruta_zonal":0,"zona_origen_ruta_zonal":0}},{"type":"Feature","id":3581,"geometry":null,"properties":{"abreviatura_destino_zona_sitp":"GGG","codigo_definitivo_ruta_zonal":"GH521","delega_ruta_zonal":1,"denominacion_ruta_zonal":"SAN BERNANDINO - USME CHIGUAZA","destino_ruta_zonal":"SAN BERNARDINO","destino_zona_sitp":"BOSA","fecha_implementacion_ruta_zonal":"19/10/2021","globalid":"{1C322CAA-94CA-4550-9BB5-EBB127221D9D}","localidad_destino_ruta_zonal":7,"localidad_origen_ruta_zonal":5,"longitud_ruta_zonal":32.810105960000001,"objectid":3581,"operador_ruta_zonal":"ETIB - BO","origen_ruta_zonal":"USME CHIGUAZA","route_id_ruta_zonal":625,"route_name_ruta_zonal":"G521-1","tipo_operacion":"NORMAL","tipo_ruta_zonal":3,"tipo_servicio_ruta_zonal":1,"zona_destino_ruta_zonal":9,"zona_origen_ruta_zonal":12}},{"type":"Feature","id":3582,"geometry":null,"properties":{"abreviatura_destino_zona_sitp":"COM","codigo_definitivo_ruta_zonal":"19-11","delega_ruta_zonal":1,"denominacion_ruta_zonal":"CANODROMO","destino_ruta_zonal":"PRADO VERANIEGO","destino_zona_sitp":"COMPLEMENTARIA","fecha_implementacion_ruta_zonal":"-","globalid":"{1CB5755D-5284-4304-901A-F771D9A089F5}","localidad_destino_ruta_zonal":11,"localidad_origen_ruta_zonal":11,"longitud_ruta_zonal":3.39943909,"objectid":3582,"operador_ruta_zonal":"MASIVO CAPITAL - SO","origen_ruta_zonal":"CANODROMO","route_id_ruta_zonal":15,"route_name_ruta_zonal":"19-11c","tipo_operacion":"NORMAL","tipo_ruta_zonal":5,"tipo_servicio_ruta_zonal":3,"zona_destino_ruta_zonal":2,"zona_origen_ruta_zonal":2}},{"type":"Feature","id":3583,"geometry":null,"properties":{"abreviatura_destino_zona_sitp":"HHH","codigo_definitivo_ruta_zonal":"HC705","delega_ruta_zonal":1,"denominacion_ruta_zonal":"ALFONSO LOPEZ - EST. SUBA CALLE 100","destino_ruta_zonal":"ALFONSO LÓPEZ","destino_zona_sitp":"USME/ CIUDAD BOLIVAR","fecha_implementacion_ruta_zonal":"13/09/2021","globalid":"{1D51AE45-B2D9-4703-9F7F-F3081D02A960}","localidad_destino_ruta_zonal":11,"localidad_origen_ruta_zonal":5,"longitud_ruta_zonal":30.882350500000001,"objectid":3583,"operador_ruta_zonal":"GRAN AMERICAS USME","origen_ruta_zonal":"EST. SUBA CALLE 100","route_id_ruta_zonal":212,"route_name_ruta_zonal":"H705-2","tipo_operacion":"NORMAL","tipo_ruta_zonal":3,"tipo_servicio_ruta_zonal":1,"zona_destino_ruta_zonal":3,"zona_origen_ruta_zonal":12}},{"type":"Feature","id":3585,"geometry":null,"properties":{"abreviatura_destino_zona_sitp":"ALI","codigo_definitivo_ruta_zonal":"13-12","delega_ruta_zonal":1,"denominacion_ruta_zonal":"LOS LIBERTADORES","destino_ruta_zonal":"LOS LIBERTADORES","destino_zona_sitp":"ALIMENTADORA","fecha_implementacion_ruta_zonal":"-","globalid":"{1DA2491F-305F-449C-BC4E-02E50927341E}","localidad_destino_ruta_zonal":4,"localidad_origen_ruta_zonal":4,"longitud_ruta_zonal":15.099211439999999,"objectid":3585,"operador_ruta_zonal":"CONSORCIO EXPRESS D","origen_ruta_zonal":"PORTAL DE 20 JULIO","route_id_ruta_zonal":74,"route_name_ruta_zonal":"13-12a","tipo_operacion":"NORMAL","tipo_ruta_zonal":4,"tipo_servicio_ruta_zonal":1,"zona_destino_ruta_zonal":13,"zona_origen_ruta_zonal":13}},{"type":"Feature","id":3586,"geometry":null,"properties":{"abreviatura_destino_zona_sitp":"HHH","codigo_definitivo_ruta_zonal":"HB609","delega_ruta_zonal":1,"denominacion_ruta_zonal":"ARBORIZADORA ALTA - UNICENTRO","destino_ruta_zonal":"ARBORIZADORA ALTA","destino_zona_sitp":"USME/ CIUDAD BOLIVAR","fecha_implementacion_ruta_zonal":"20/11/2023","globalid":"{1DB72F21-8EB3-46D7-8386-59A693856636}","localidad_destino_ruta_zonal":1,"localidad_origen_ruta_zonal":19,"longitud_ruta_zonal":32.245318310000002,"objectid":3586,"operador_ruta_zonal":"SUMA - BC","origen_ruta_zonal":"UNICENTRO","route_id_ruta_zonal":231,"route_name_ruta_zonal":"H609-2","tipo_operacion":"NORMAL","tipo_ruta_zonal":3,"tipo_servicio_ruta_zonal":1,"zona_destino_ruta_zonal":1,"zona_origen_ruta_zonal":11}},{"type":"Feature","id":3587,"geometry":null,"properties":{"abreviatura_destino_zona_sitp":"CEN","codigo_definitivo_ruta_zonal":"SE10","delega_ruta_zonal":1,"denominacion_ruta_zonal":"ENGATIVA CENTRO - GERMANIA","destino_ruta_zonal":"GERMANIA","destino_zona_sitp":"CENTRO","fecha_implementacion_ruta_zonal":"18/04/2024","globalid":"{1DBD3AEC-14E7-466D-9059-F3E9C42B74F2}","localidad_destino_ruta_zonal":3,"localidad_origen_ruta_zonal":10,"longitud_ruta_zonal":40.647121200000001,"objectid":3587,"operador_ruta_zonal":"GMOVIL - E","origen_ruta_zonal":"ENGATIVÁ CENTRO","route_id_ruta_zonal":179,"route_name_ruta_zonal":"SE10-3","tipo_operacion":"NORMAL","tipo_ruta_zonal":3,"tipo_servicio_ruta_zonal":1,"zona_destino_ruta_zonal":0,"zona_origen_ruta_zonal":5}},{"type":"Feature","id":3589,"geometry":null,"properties":{"abreviatura_destino_zona_sitp":"ALI","codigo_definitivo_ruta_zonal":"5-1","delega_ruta_zonal":2,"denominacion_ruta_zonal":"SUBA RINCÓN","destino_ruta_zonal":"SUBA RINCÓN","destino_zona_sitp":"ENGATIVA / CALLE 80","fecha_implementacion_ruta_zonal":"-","globalid":"{1F2A5244-6A0E-42E5-ABD4-934EB4740379}","localidad_destino_ruta_zonal":11,"localidad_origen_ruta_zonal":10,"longitud_ruta_zonal":9.7296346699999994,"objectid":3589,"operador_ruta_zonal":"ESTE ES MI BUS - CO","origen_ruta_zonal":"GRANJA","route_id_ruta_zonal":5,"route_name_ruta_zonal":"5-1","tipo_operacion":"NORMAL","tipo_ruta_zonal":4,"tipo_servicio_ruta_zonal":1,"zona_destino_ruta_zonal":3,"zona_origen_ruta_zonal":4}},{"type":"Feature","id":3592,"geometry":null,"properties":{"abreviatura_destino_zona_sitp":"HHH","codigo_definitivo_ruta_zonal":"HL723","delega_ruta_zonal":1,"denominacion_ruta_zonal":"USME CENTRO - PORTAL 20 DE JULIO","destino_ruta_zonal":"PORTAL 20 DE JULIO","destino_zona_sitp":"USME/ CIUDAD BOLIVAR","fecha_implementacion_ruta_zonal":"25/08/2022","globalid":"{1FBFFAF6-B91C-4250-8E47-76877AA0120E}","localidad_destino_ruta_zonal":4,"localidad_origen_ruta_zonal":1,"longitud_ruta_zonal":30.60324306,"objectid":3592,"operador_ruta_zonal":"MUEVE USME","origen_ruta_zonal":"USME CENTRO","route_id_ruta_zonal":504,"route_name_ruta_zonal":"HL723-3","tipo_operacion":"NORMAL","tipo_ruta_zonal":3,"tipo_servicio_ruta_zonal":1,"zona_destino_ruta_zonal":13,"zona_origen_ruta_zonal":12}},{"type":"Feature","id":3593,"geometry":null,"properties":{"abreviatura_destino_zona_sitp":"ALI","codigo_definitivo_ruta_zonal":"4-1","delega_ruta_zonal":2,"denominacion_ruta_zonal":"BOCHICA","destino_ruta_zonal":"BOCHICA","destino_zona_sitp":"ALIMENTADORA","fecha_implementacion_ruta_zonal":"-","globalid":"{201D5827-D0BC-4E36-BA9B-1E647DBB9C62}","localidad_destino_ruta_zonal":18,"localidad_origen_ruta_zonal":18,"longitud_ruta_zonal":5.4362799900000001,"objectid":3593,"operador_ruta_zonal":"E-SOMOS ALIMENTACION","origen_ruta_zonal":"MOLINOS","route_id_ruta_zonal":644,"route_name_ruta_zonal":"4-1a","tipo_operacion":"NORMAL","tipo_ruta_zonal":4,"tipo_servicio_ruta_zonal":1,"zona_destino_ruta_zonal":12,"zona_origen_ruta_zonal":12}},{"type":"Feature","id":3594,"geometry":null,"properties":{"abreviatura_destino_zona_sitp":"CEN","codigo_definitivo_ruta_zonal":"HA643","delega_ruta_zonal":1,"denominacion_ruta_zonal":"PALOQUEMAO - SAN JOAQUÍN","destino_ruta_zonal":"PALOQUEMAO","destino_zona_sitp":"CENTRO","fecha_implementacion_ruta_zonal":"10/03/2025","globalid":"{20C80FD8-ADF0-46B1-B04D-36A024A69D7A}","localidad_destino_ruta_zonal":14,"localidad_origen_ruta_zonal":5,"longitud_ruta_zonal":15.741624180000001,"objectid":3594,"operador_ruta_zonal":"SUMA - BC","origen_ruta_zonal":"SAN JOAQUÍN","route_id_ruta_zonal":0,"route_name_ruta_zonal":"HA643-1","tipo_operacion":"NORMAL","tipo_ruta_zonal":3,"tipo_servicio_ruta_zonal":1,"zona_destino_ruta_zonal":0,"zona_origen_ruta_zonal":12}},{"type":"Feature","id":3595,"geometry":null,"properties":{"abreviatura_destino_zona_sitp":"HHH","codigo_definitivo_ruta_zonal":"HA702","delega_ruta_zonal":1,"denominacion_ruta_zonal":"EL UVAL - LAS NIEVES","destino_ruta_zonal":"EL UVAL","destino_zona_sitp":"USME/ CIUDAD BOLIVAR","fecha_implementacion_ruta_zonal":"10/01/2023","globalid":"{20EC8C77-0FAE-4791-AA7B-4B0A6A76AB79}","localidad_destino_ruta_zonal":3,"localidad_origen_ruta_zonal":5,"longitud_ruta_zonal":24.78172193,"objectid":3595,"operador_ruta_zonal":"GRAN AMERICAS USME","origen_ruta_zonal":"LAS NIEVES","route_id_ruta_zonal":209,"route_name_ruta_zonal":"H702-2","tipo_operacion":"NORMAL","tipo_ruta_zonal":3,"tipo_servicio_ruta_zonal":1,"zona_destino_ruta_zonal":0,"zona_origen_ruta_zonal":12}},{"type":"Feature","id":3596,"geometry":null,"properties":{"abreviatura_destino_zona_sitp":"BBB","codigo_definitivo_ruta_zonal":"BB924","delega_ruta_zonal":1,"denominacion_ruta_zonal":"GUAYMARAL","destino_ruta_zonal":"GUAYMARAL","destino_zona_sitp":"USAQUEN","fecha_implementacion_ruta_zonal":"23/05/2022","globalid":"{2150F9DA-482C-4A83-8D24-2FED1E571FC4}","localidad_destino_ruta_zonal":1,"localidad_origen_ruta_zonal":1,"longitud_ruta_zonal":13.809951760000001,"objectid":3596,"operador_ruta_zonal":"CONSORCIO EXPRESS N","origen_ruta_zonal":"PORTAL NORTE","route_id_ruta_zonal":441,"route_name_ruta_zonal":"B924-3","tipo_operacion":"NORMAL","tipo_ruta_zonal":3,"tipo_servicio_ruta_zonal":4,"zona_destino_ruta_zonal":1,"zona_origen_ruta_zonal":1}},{"type":"Feature","id":3600,"geometry":null,"properties":{"abreviatura_destino_zona_sitp":"ALI","codigo_definitivo_ruta_zonal":"16-3","delega_ruta_zonal":1,"denominacion_ruta_zonal":"AV. ELDORADO - ALAMOS","destino_ruta_zonal":"AV. ELDORADO - ALAMOS","destino_zona_sitp":"ALIMENTADORA","fecha_implementacion_ruta_zonal":"-","globalid":"{22C13FE0-CDEB-4C78-8A1D-76A858769F41}","localidad_destino_ruta_zonal":10,"localidad_origen_ruta_zonal":9,"longitud_ruta_zonal":7.0825546099999999,"objectid":3600,"operador_ruta_zonal":"GMOVIL - E","origen_ruta_zonal":"PORTAL EL DORADO","route_id_ruta_zonal":31,"route_name_ruta_zonal":"16-3a","tipo_operacion":"NORMAL","tipo_ruta_zonal":4,"tipo_servicio_ruta_zonal":1,"zona_destino_ruta_zonal":5,"zona_origen_ruta_zonal":5}},{"type":"Feature","id":3601,"geometry":null,"properties":{"abreviatura_destino_zona_sitp":"COM","codigo_definitivo_ruta_zonal":"19-2","delega_ruta_zonal":1,"denominacion_ruta_zonal":"COLINA","destino_ruta_zonal":"COLINA","destino_zona_sitp":"COMPLEMENTARIA","fecha_implementacion_ruta_zonal":"-","globalid":"{22ECEF17-678D-490E-B6CE-E48A3696608F}","localidad_destino_ruta_zonal":11,"localidad_origen_ruta_zonal":11,"longitud_ruta_zonal":4.5378301699999994,"objectid":3601,"operador_ruta_zonal":"MASIVO CAPITAL - SO","origen_ruta_zonal":"ALCALA","route_id_ruta_zonal":14,"route_name_ruta_zonal":"19-2c","tipo_operacion":"NORMAL","tipo_ruta_zonal":5,"tipo_servicio_ruta_zonal":1,"zona_destino_ruta_zonal":2,"zona_origen_ruta_zonal":2}},{"type":"Feature","id":3602,"geometry":null,"properties":{"abreviatura_destino_zona_sitp":"CCC","codigo_definitivo_ruta_zonal":"CB118","delega_ruta_zonal":1,"denominacion_ruta_zonal":"SAN CRISTOBAL NTE - SUBA GAITANA","destino_ruta_zonal":"SAN CRISTÓBAL NORTE","destino_zona_sitp":"SUBA","fecha_implementacion_ruta_zonal":"23/09/2024","globalid":"{233CD440-D324-4959-9DCC-88327AB1A99E}","localidad_destino_ruta_zonal":1,"localidad_origen_ruta_zonal":11,"longitud_ruta_zonal":20.81303964,"objectid":3602,"operador_ruta_zonal":"CONSORCIO EXPRESS N","origen_ruta_zonal":"SUBA GAITANA","route_id_ruta_zonal":325,"route_name_ruta_zonal":"B118-1","tipo_operacion":"NORMAL","tipo_ruta_zonal":3,"tipo_servicio_ruta_zonal":1,"zona_destino_ruta_zonal":1,"zona_origen_ruta_zonal":3}},{"type":"Feature","id":3603,"geometry":null,"properties":{"abreviatura_destino_zona_sitp":"HHH","codigo_definitivo_ruta_zonal":"HA606","delega_ruta_zonal":1,"denominacion_ruta_zonal":"SAN JOAQUÍN - CHICÓ NORTE","destino_ruta_zonal":"SAN JOAQUÍN","destino_zona_sitp":"USME/ CIUDAD BOLIVAR","fecha_implementacion_ruta_zonal":"27/09/2021","globalid":"{237F9C53-00E8-4528-82D2-6554F87AAEEF}","localidad_destino_ruta_zonal":2,"localidad_origen_ruta_zonal":19,"longitud_ruta_zonal":25.596367470000001,"objectid":3603,"operador_ruta_zonal":"SUMA - BC","origen_ruta_zonal":"CHICÓ NORTE","route_id_ruta_zonal":189,"route_name_ruta_zonal":"H606-2","tipo_operacion":"NORMAL","tipo_ruta_zonal":3,"tipo_servicio_ruta_zonal":1,"zona_destino_ruta_zonal":0,"zona_origen_ruta_zonal":11}},{"type":"Feature","id":3606,"geometry":null,"properties":{"abreviatura_destino_zona_sitp":"ALI","codigo_definitivo_ruta_zonal":"8-4","delega_ruta_zonal":2,"denominacion_ruta_zonal":"CORABASTOS","destino_ruta_zonal":"CORABASTOS","destino_zona_sitp":"ALIMENTADORA","fecha_implementacion_ruta_zonal":"-","globalid":"{245454CE-A263-4708-85D2-E41A4FE35BEE}","localidad_destino_ruta_zonal":8,"localidad_origen_ruta_zonal":8,"longitud_ruta_zonal":6.00878858,"objectid":3606,"operador_ruta_zonal":"MASIVO CAPITAL - KE","origen_ruta_zonal":"BANDERAS","route_id_ruta_zonal":36,"route_name_ruta_zonal":"8-4a","tipo_operacion":"NORMAL","tipo_ruta_zonal":4,"tipo_servicio_ruta_zonal":1,"zona_destino_ruta_zonal":8,"zona_origen_ruta_zonal":8}},{"type":"Feature","id":3607,"geometry":null,"properties":{"abreviatura_destino_zona_sitp":"LLL","codigo_definitivo_ruta_zonal":"HL636","delega_ruta_zonal":1,"denominacion_ruta_zonal":"RINCON DE VENECIA - SAN BLAS II","destino_ruta_zonal":"SAN BLAS II","destino_zona_sitp":"SAN CRISTOBAL","fecha_implementacion_ruta_zonal":"27/03/2023","globalid":"{24F40EA4-0BEF-463F-A54F-126DF61D73B2}","localidad_destino_ruta_zonal":6,"localidad_origen_ruta_zonal":4,"longitud_ruta_zonal":12.885363060000001,"objectid":3607,"operador_ruta_zonal":"ODT LA ROLITA","origen_ruta_zonal":"RINCÓN DE VENECIA","route_id_ruta_zonal":519,"route_name_ruta_zonal":"L636-2","tipo_operacion":"NORMAL","tipo_ruta_zonal":3,"tipo_servicio_ruta_zonal":1,"zona_destino_ruta_zonal":10,"zona_origen_ruta_zonal":13}},{"type":"Feature","id":3608,"geometry":null,"properties":{"abreviatura_destino_zona_sitp":"BOS","codigo_definitivo_ruta_zonal":"1-4","delega_ruta_zonal":2,"denominacion_ruta_zonal":"CORTIJO","destino_ruta_zonal":"CORTIJO","destino_zona_sitp":"580","fecha_implementacion_ruta_zonal":"25/07/2022","globalid":"{2506E670-829F-404B-B516-725B4571B500}","localidad_destino_ruta_zonal":10,"localidad_origen_ruta_zonal":10,"longitud_ruta_zonal":9.8476354500000003,"objectid":3608,"operador_ruta_zonal":"EMASIVO 10","origen_ruta_zonal":"PORTAL 80","route_id_ruta_zonal":82,"route_name_ruta_zonal":"1-4a","tipo_operacion":"NORMAL","tipo_ruta_zonal":4,"tipo_servicio_ruta_zonal":1,"zona_destino_ruta_zonal":4,"zona_origen_ruta_zonal":4}},{"type":"Feature","id":3609,"geometry":null,"properties":{"abreviatura_destino_zona_sitp":"ALI","codigo_definitivo_ruta_zonal":"7-2","delega_ruta_zonal":2,"denominacion_ruta_zonal":"TUNAL","destino_ruta_zonal":"TUNAL","destino_zona_sitp":"ALIMENTADORA","fecha_implementacion_ruta_zonal":"-","globalid":"{2509D4C0-27F1-4CC3-B365-DD0F82476385}","localidad_destino_ruta_zonal":6,"localidad_origen_ruta_zonal":18,"longitud_ruta_zonal":5.6811204899999996,"objectid":3609,"operador_ruta_zonal":"SUMA - BC","origen_ruta_zonal":"CALLE 40 SUR","route_id_ruta_zonal":4,"route_name_ruta_zonal":"7-2a","tipo_operacion":"NORMAL","tipo_ruta_zonal":4,"tipo_servicio_ruta_zonal":1,"zona_destino_ruta_zonal":11,"zona_origen_ruta_zonal":11}},{"type":"Feature","id":3610,"geometry":null,"properties":{"abreviatura_destino_zona_sitp":"USA","codigo_definitivo_ruta_zonal":"192","delega_ruta_zonal":1,"denominacion_ruta_zonal":"UNICENTRO - CATALINA","destino_ruta_zonal":"UNICENTRO","destino_zona_sitp":"USAQUEN","fecha_implementacion_ruta_zonal":"19/12/2020","globalid":"{2558089B-8238-4173-9957-5AF803A8F7C5}","localidad_destino_ruta_zonal":1,"localidad_origen_ruta_zonal":8,"longitud_ruta_zonal":29.180145750000001,"objectid":3610,"operador_ruta_zonal":"ETIB - BO","origen_ruta_zonal":"CATALINA","route_id_ruta_zonal":121,"route_name_ruta_zonal":"192-2","tipo_operacion":"NORMAL","tipo_ruta_zonal":3,"tipo_servicio_ruta_zonal":1,"zona_destino_ruta_zonal":9,"zona_origen_ruta_zonal":1}},{"type":"Feature","id":3611,"geometry":null,"properties":{"abreviatura_destino_zona_sitp":"HHH","codigo_definitivo_ruta_zonal":"HK721","delega_ruta_zonal":1,"denominacion_ruta_zonal":"EL TUNO - TERMINAL SALITRE","destino_ruta_zonal":"EL TUNO","destino_zona_sitp":"USME/ CIUDAD BOLIVAR","fecha_implementacion_ruta_zonal":"20/08/2022","globalid":"{25A0441B-5205-453C-B6C4-20D70A14A1BE}","localidad_destino_ruta_zonal":5,"localidad_origen_ruta_zonal":9,"longitud_ruta_zonal":23.036062190000003,"objectid":3611,"operador_ruta_zonal":"MUEVE USME","origen_ruta_zonal":"TERMINAL SALITRE","route_id_ruta_zonal":502,"route_name_ruta_zonal":"H721-2","tipo_operacion":"NORMAL","tipo_ruta_zonal":3,"tipo_servicio_ruta_zonal":1,"zona_destino_ruta_zonal":12,"zona_origen_ruta_zonal":6}},{"type":"Feature","id":3613,"geometry":null,"properties":{"abreviatura_destino_zona_sitp":"SCR","codigo_definitivo_ruta_zonal":"P7","delega_ruta_zonal":1,"denominacion_ruta_zonal":"PINARES - PORVENIR","destino_ruta_zonal":"PINARES","destino_zona_sitp":"SAN CRISTOBAL","fecha_implementacion_ruta_zonal":"20/02/2023","globalid":"{261CA429-519E-4E5B-B78E-1CC44EA9A508}","localidad_destino_ruta_zonal":8,"localidad_origen_ruta_zonal":4,"longitud_ruta_zonal":26.12013477,"objectid":3613,"operador_ruta_zonal":"MASIVO CAPITAL-CONSORCIO EXPRESS","origen_ruta_zonal":"PORVENIR","route_id_ruta_zonal":588,"route_name_ruta_zonal":"P7-2","tipo_operacion":"NORMAL","tipo_ruta_zonal":3,"tipo_servicio_ruta_zonal":1,"zona_destino_ruta_zonal":8,"zona_origen_ruta_zonal":13}},{"type":"Feature","id":3614,"geometry":null,"properties":{"abreviatura_destino_zona_sitp":"BOS","codigo_definitivo_ruta_zonal":"599","delega_ruta_zonal":1,"denominacion_ruta_zonal":"BOSA SAN DIEGO - SUBA GAITANA","destino_ruta_zonal":"BOSA SAN DIEGO","destino_zona_sitp":"BOSA","fecha_implementacion_ruta_zonal":"7/02/2015","globalid":"{263AD8F3-F2E0-4D79-8B2D-C34FD9533F6E}","localidad_destino_ruta_zonal":11,"localidad_origen_ruta_zonal":7,"longitud_ruta_zonal":36.660346500000003,"objectid":3614,"operador_ruta_zonal":"ETIB - BO","origen_ruta_zonal":"SUBA GAITANA","route_id_ruta_zonal":106,"route_name_ruta_zonal":"599-2","tipo_operacion":"NORMAL","tipo_ruta_zonal":3,"tipo_servicio_ruta_zonal":1,"zona_destino_ruta_zonal":3,"zona_origen_ruta_zonal":9}},{"type":"Feature","id":3616,"geometry":null,"properties":{"abreviatura_destino_zona_sitp":"COM","codigo_definitivo_ruta_zonal":"TC10","delega_ruta_zonal":1,"denominacion_ruta_zonal":"PORTAL NORTE","destino_ruta_zonal":"ABASTOS DEL NORTE","destino_zona_sitp":"COMPLEMENTARIA","fecha_implementacion_ruta_zonal":"14/01/2019","globalid":"{2811FEF4-1B20-4C8E-AE5C-B3750CB27342}","localidad_destino_ruta_zonal":1,"localidad_origen_ruta_zonal":1,"longitud_ruta_zonal":7.0055243899999997,"objectid":3616,"operador_ruta_zonal":"CONSORCIO EXPRESS N","origen_ruta_zonal":"PORTAL NORTE","route_id_ruta_zonal":126,"route_name_ruta_zonal":"TC10-3","tipo_operacion":"NORMAL","tipo_ruta_zonal":3,"tipo_servicio_ruta_zonal":1,"zona_destino_ruta_zonal":1,"zona_origen_ruta_zonal":1}},{"type":"Feature","id":3618,"geometry":null,"properties":{"abreviatura_destino_zona_sitp":"CBO","codigo_definitivo_ruta_zonal":"260","delega_ruta_zonal":1,"denominacion_ruta_zonal":"ARABIA - UNICENTRO","destino_ruta_zonal":"ARABIA","destino_zona_sitp":"CIUDAD BOLIVAR","fecha_implementacion_ruta_zonal":"26/10/2020","globalid":"{28334D6A-07F6-421C-9F61-FFED7EFB3348}","localidad_destino_ruta_zonal":1,"localidad_origen_ruta_zonal":19,"longitud_ruta_zonal":27.371669969999999,"objectid":3618,"operador_ruta_zonal":"SUMA - BC","origen_ruta_zonal":"UNICENTRO","route_id_ruta_zonal":1,"route_name_ruta_zonal":"260-2","tipo_operacion":"NORMAL","tipo_ruta_zonal":3,"tipo_servicio_ruta_zonal":1,"zona_destino_ruta_zonal":1,"zona_origen_ruta_zonal":11}},{"type":"Feature","id":3619,"geometry":null,"properties":{"abreviatura_destino_zona_sitp":"AAA","codigo_definitivo_ruta_zonal":"HA706","delega_ruta_zonal":1,"denominacion_ruta_zonal":"EL UVAL - SAN DIEGO","destino_ruta_zonal":"SAN DIEGO","destino_zona_sitp":"NEUTRA","fecha_implementacion_ruta_zonal":"16/01/2021","globalid":"{28458133-E305-48C5-8E72-8CA915F90926}","localidad_destino_ruta_zonal":3,"localidad_origen_ruta_zonal":5,"longitud_ruta_zonal":22.265575630000001,"objectid":3619,"operador_ruta_zonal":"GRAN AMERICAS USME","origen_ruta_zonal":"EL UVAL","route_id_ruta_zonal":372,"route_name_ruta_zonal":"A706-1","tipo_operacion":"NORMAL","tipo_ruta_zonal":3,"tipo_servicio_ruta_zonal":1,"zona_destino_ruta_zonal":0,"zona_origen_ruta_zonal":12}},{"type":"Feature","id":3620,"geometry":null,"properties":{"abreviatura_destino_zona_sitp":"GGG","codigo_definitivo_ruta_zonal":"LG807","delega_ruta_zonal":1,"denominacion_ruta_zonal":"SAN BLAS - BOSA CARBONELL","destino_ruta_zonal":"BOSA CARBONELL","destino_zona_sitp":"BOSA","fecha_implementacion_ruta_zonal":"4/09/2023","globalid":"{288E5A7C-79C2-4936-B8A6-B4257695C1E0}","localidad_destino_ruta_zonal":7,"localidad_origen_ruta_zonal":4,"longitud_ruta_zonal":17.950412,"objectid":3620,"operador_ruta_zonal":"CONSORCIO EXPRESS D","origen_ruta_zonal":"SAN BLAS","route_id_ruta_zonal":259,"route_name_ruta_zonal":"G807-2","tipo_operacion":"NORMAL","tipo_ruta_zonal":3,"tipo_servicio_ruta_zonal":1,"zona_destino_ruta_zonal":9,"zona_origen_ruta_zonal":13}},{"type":"Feature","id":3621,"geometry":null,"properties":{"abreviatura_destino_zona_sitp":"GGG","codigo_definitivo_ruta_zonal":"GA537","delega_ruta_zonal":1,"denominacion_ruta_zonal":"VILLA DEL RIO - PALERMO","destino_ruta_zonal":"VILLA DEL RÍO","destino_zona_sitp":"BOSA","fecha_implementacion_ruta_zonal":"4/03/2024","globalid":"{28E09799-628C-44F6-AA04-D0D0D06C8A1E}","localidad_destino_ruta_zonal":13,"localidad_origen_ruta_zonal":8,"longitud_ruta_zonal":17.310025239999998,"objectid":3621,"operador_ruta_zonal":"ETIB - BO","origen_ruta_zonal":"PALERMO","route_id_ruta_zonal":679,"route_name_ruta_zonal":"G537-2","tipo_operacion":"NORMAL","tipo_ruta_zonal":3,"tipo_servicio_ruta_zonal":1,"zona_destino_ruta_zonal":0,"zona_origen_ruta_zonal":9}},{"type":"Feature","id":3622,"geometry":null,"properties":{"abreviatura_destino_zona_sitp":"HHH","codigo_definitivo_ruta_zonal":"KH322","delega_ruta_zonal":1,"denominacion_ruta_zonal":"FONTIBON BRISAS - CERROS DE ORIENTE","destino_ruta_zonal":"CERROS DE ORIENTE","destino_zona_sitp":"USME/ CIUDAD BOLIVAR","fecha_implementacion_ruta_zonal":"10/03/2025","globalid":"{28F6CADE-10CE-45D3-BE31-F425D8BC1F76}","localidad_destino_ruta_zonal":9,"localidad_origen_ruta_zonal":18,"longitud_ruta_zonal":26.080275440000001,"objectid":3622,"operador_ruta_zonal":"MUEVE FONTIBON","origen_ruta_zonal":"FONTIBÓN BRISAS","route_id_ruta_zonal":1,"route_name_ruta_zonal":"H322-2","tipo_operacion":"NORMAL","tipo_ruta_zonal":3,"tipo_servicio_ruta_zonal":1,"zona_destino_ruta_zonal":6,"zona_origen_ruta_zonal":12}},{"type":"Feature","id":3624,"geometry":null,"properties":{"abreviatura_destino_zona_sitp":"GGG","codigo_definitivo_ruta_zonal":"GK505","delega_ruta_zonal":1,"denominacion_ruta_zonal":"BOSA SAN DIEGO - CORFERIAS","destino_ruta_zonal":"BOSA SAN DIEGO","destino_zona_sitp":"BOSA","fecha_implementacion_ruta_zonal":"1/06/2020","globalid":"{29CA411F-8BE1-49E0-AE05-1ACE8DF7EE0C}","localidad_destino_ruta_zonal":13,"localidad_origen_ruta_zonal":7,"longitud_ruta_zonal":19.359276400000002,"objectid":3624,"operador_ruta_zonal":"ETIB - BO","origen_ruta_zonal":"CORFERIAS","route_id_ruta_zonal":166,"route_name_ruta_zonal":"G505-2","tipo_operacion":"NORMAL","tipo_ruta_zonal":3,"tipo_servicio_ruta_zonal":1,"zona_destino_ruta_zonal":6,"zona_origen_ruta_zonal":9}},{"type":"Feature","id":3625,"geometry":null,"properties":{"abreviatura_destino_zona_sitp":"ENG","codigo_definitivo_ruta_zonal":"539","delega_ruta_zonal":1,"denominacion_ruta_zonal":"EL UVAL - ENGATIVÁ CENTRO","destino_ruta_zonal":"ENGATIVÁ CENTRO","destino_zona_sitp":"ENGATIVA","fecha_implementacion_ruta_zonal":"31/08/2020","globalid":"{2A9920C1-0A87-480B-A2E3-7D43F06C541D}","localidad_destino_ruta_zonal":10,"localidad_origen_ruta_zonal":5,"longitud_ruta_zonal":42.241031249999999,"objectid":3625,"operador_ruta_zonal":"GMOVIL - E","origen_ruta_zonal":"EL UVAL","route_id_ruta_zonal":156,"route_name_ruta_zonal":"539-1","tipo_operacion":"NORMAL","tipo_ruta_zonal":3,"tipo_servicio_ruta_zonal":1,"zona_destino_ruta_zonal":5,"zona_origen_ruta_zonal":12}},{"type":"Feature","id":3626,"geometry":null,"properties":{"abreviatura_destino_zona_sitp":"ALI","codigo_definitivo_ruta_zonal":"3-3","delega_ruta_zonal":2,"denominacion_ruta_zonal":"CHUNIZA","destino_ruta_zonal":"CHUNIZA","destino_zona_sitp":"ALIMENTADORA","fecha_implementacion_ruta_zonal":"-","globalid":"{2B0EDC6B-B90D-4BA4-9C05-19A7F4B39E12}","localidad_destino_ruta_zonal":5,"localidad_origen_ruta_zonal":5,"longitud_ruta_zonal":9.4943644900000006,"objectid":3626,"operador_ruta_zonal":"E-SOMOS ALIMENTACION","origen_ruta_zonal":"PORTAL USME","route_id_ruta_zonal":264,"route_name_ruta_zonal":"3-3a","tipo_operacion":"NORMAL","tipo_ruta_zonal":4,"tipo_servicio_ruta_zonal":1,"zona_destino_ruta_zonal":12,"zona_origen_ruta_zonal":12}},{"type":"Feature","id":3627,"geometry":null,"properties":{"abreviatura_destino_zona_sitp":"BBB","codigo_definitivo_ruta_zonal":"BA915","delega_ruta_zonal":1,"denominacion_ruta_zonal":"TOBERÍN - PORCIÚNCULA","destino_ruta_zonal":"TOBERÍN","destino_zona_sitp":"USAQUEN","fecha_implementacion_ruta_zonal":"26/08/2023","globalid":"{2B2DAD5F-5540-4464-8C1E-5FE952B30BC6}","localidad_destino_ruta_zonal":2,"localidad_origen_ruta_zonal":1,"longitud_ruta_zonal":12.800147070000001,"objectid":3627,"operador_ruta_zonal":"CONSORCIO EXPRESS N","origen_ruta_zonal":"PORCIÚNCULA","route_id_ruta_zonal":277,"route_name_ruta_zonal":"B915-2","tipo_operacion":"NORMAL","tipo_ruta_zonal":3,"tipo_servicio_ruta_zonal":1,"zona_destino_ruta_zonal":0,"zona_origen_ruta_zonal":1}},{"type":"Feature","id":3628,"geometry":null,"properties":{"abreviatura_destino_zona_sitp":"HHH","codigo_definitivo_ruta_zonal":"HA725","delega_ruta_zonal":1,"denominacion_ruta_zonal":"EL TUNO - LAS NIEVES","destino_ruta_zonal":"LAS NIEVES","destino_zona_sitp":"USME/ CIUDAD BOLIVAR","fecha_implementacion_ruta_zonal":"28/10/2024","globalid":"{2B9F9528-8DEE-452D-9443-6EDFDC592E7E}","localidad_destino_ruta_zonal":3,"localidad_origen_ruta_zonal":1,"longitud_ruta_zonal":39.526817270000002,"objectid":3628,"operador_ruta_zonal":"MUEVE USME","origen_ruta_zonal":"EL TUNO","route_id_ruta_zonal":503,"route_name_ruta_zonal":"HA725-3","tipo_operacion":"NORMAL","tipo_ruta_zonal":3,"tipo_servicio_ruta_zonal":1,"zona_destino_ruta_zonal":0,"zona_origen_ruta_zonal":12}},{"type":"Feature","id":3629,"geometry":null,"properties":{"abreviatura_destino_zona_sitp":"ESP","codigo_definitivo_ruta_zonal":"14-6","delega_ruta_zonal":1,"denominacion_ruta_zonal":"EL VERJÓN","destino_ruta_zonal":"EL VERJON","destino_zona_sitp":"ESPECIAL","fecha_implementacion_ruta_zonal":"29/04/2024","globalid":"{2C371969-ECBA-408F-9C47-339871E38B98}","localidad_destino_ruta_zonal":3,"localidad_origen_ruta_zonal":17,"longitud_ruta_zonal":35.221562919999997,"objectid":3629,"operador_ruta_zonal":"CONSORCIO EXPRESS D","origen_ruta_zonal":"EL VERJÓN","route_id_ruta_zonal":128,"route_name_ruta_zonal":"14-6e","tipo_operacion":"NORMAL","tipo_ruta_zonal":6,"tipo_servicio_ruta_zonal":1,"zona_destino_ruta_zonal":13,"zona_origen_ruta_zonal":13}},{"type":"Feature","id":3630,"geometry":null,"properties":{"abreviatura_destino_zona_sitp":"CHA","codigo_definitivo_ruta_zonal":"166","delega_ruta_zonal":1,"denominacion_ruta_zonal":"METROVIVIENDA - PORCIUNCULA","destino_ruta_zonal":"PORCIUNCULA","destino_zona_sitp":"CHAPINERO","fecha_implementacion_ruta_zonal":"14/09/2020","globalid":"{2D2528BF-3698-4D2C-A6AE-879B167601EA}","localidad_destino_ruta_zonal":2,"localidad_origen_ruta_zonal":7,"longitud_ruta_zonal":58.750717250000001,"objectid":3630,"operador_ruta_zonal":"MASIVO CAPITAL - KE","origen_ruta_zonal":"METROVIVIENDA","route_id_ruta_zonal":617,"route_name_ruta_zonal":"166-3","tipo_operacion":"NORMAL","tipo_ruta_zonal":3,"tipo_servicio_ruta_zonal":1,"zona_destino_ruta_zonal":0,"zona_origen_ruta_zonal":8}},{"type":"Feature","id":3631,"geometry":null,"properties":{"abreviatura_destino_zona_sitp":"BOS","codigo_definitivo_ruta_zonal":"P44","delega_ruta_zonal":1,"denominacion_ruta_zonal":"BOSA SANTA FE - ARABIA","destino_ruta_zonal":"BOSA SANTA FÉ","destino_zona_sitp":"BOSA","fecha_implementacion_ruta_zonal":"31/07/2023","globalid":"{2D5AC251-7544-4E2A-9C22-0CEC43DA719F}","localidad_destino_ruta_zonal":19,"localidad_origen_ruta_zonal":7,"longitud_ruta_zonal":21.064712739999997,"objectid":3631,"operador_ruta_zonal":"SUMA - BC","origen_ruta_zonal":"ARABIA","route_id_ruta_zonal":592,"route_name_ruta_zonal":"P44-2","tipo_operacion":"NORMAL","tipo_ruta_zonal":3,"tipo_servicio_ruta_zonal":1,"zona_destino_ruta_zonal":11,"zona_origen_ruta_zonal":8}},{"type":"Feature","id":3632,"geometry":null,"properties":{"abreviatura_destino_zona_sitp":"HHH","codigo_definitivo_ruta_zonal":"HH639","delega_ruta_zonal":1,"denominacion_ruta_zonal":"ARBORIZADORA ALTA - VILLA MAYOR","destino_ruta_zonal":"VILLA MAYOR","destino_zona_sitp":"USME/ CIUDAD BOLIVAR","fecha_implementacion_ruta_zonal":"19/12/2022","globalid":"{2D644A93-BF03-49AA-A2E5-8D0F9FB386AD}","localidad_destino_ruta_zonal":15,"localidad_origen_ruta_zonal":19,"longitud_ruta_zonal":10.941202990000001,"objectid":3632,"operador_ruta_zonal":"SUMA - BC","origen_ruta_zonal":"ARBORIZADORA ALTA","route_id_ruta_zonal":534,"route_name_ruta_zonal":"H639-1","tipo_operacion":"NORMAL","tipo_ruta_zonal":3,"tipo_servicio_ruta_zonal":1,"zona_destino_ruta_zonal":10,"zona_origen_ruta_zonal":11}},{"type":"Feature","id":3633,"geometry":null,"properties":{"abreviatura_destino_zona_sitp":"FER","codigo_definitivo_ruta_zonal":"621","delega_ruta_zonal":1,"denominacion_ruta_zonal":"BACHUÉ - SANTO DOMINGO","destino_ruta_zonal":"BACHUÉ","destino_zona_sitp":"FERIAS","fecha_implementacion_ruta_zonal":"27/12/2012","globalid":"{2DAE832F-E290-4024-B87D-97C96F473F61}","localidad_destino_ruta_zonal":19,"localidad_origen_ruta_zonal":10,"longitud_ruta_zonal":32.433244420000001,"objectid":3633,"operador_ruta_zonal":"ESTE ES MI BUS - CO","origen_ruta_zonal":"SANTO DOMINGO","route_id_ruta_zonal":632,"route_name_ruta_zonal":"621-2","tipo_operacion":"NORMAL","tipo_ruta_zonal":3,"tipo_servicio_ruta_zonal":1,"zona_destino_ruta_zonal":10,"zona_origen_ruta_zonal":4}},{"type":"Feature","id":3636,"geometry":null,"properties":{"abreviatura_destino_zona_sitp":"PER","codigo_definitivo_ruta_zonal":"621","delega_ruta_zonal":1,"denominacion_ruta_zonal":"BACHUÉ - SANTO DOMINGO","destino_ruta_zonal":"SANTO DOMINGO","destino_zona_sitp":"PERDOMO","fecha_implementacion_ruta_zonal":"27/12/2012","globalid":"{2E2B0B60-4FF7-402F-9C0D-818E34E5D2D8}","localidad_destino_ruta_zonal":19,"localidad_origen_ruta_zonal":10,"longitud_ruta_zonal":36.405021590000004,"objectid":3636,"operador_ruta_zonal":"ESTE ES MI BUS - CO","origen_ruta_zonal":"BACHUÉ","route_id_ruta_zonal":153,"route_name_ruta_zonal":"621-1","tipo_operacion":"NORMAL","tipo_ruta_zonal":3,"tipo_servicio_ruta_zonal":1,"zona_destino_ruta_zonal":10,"zona_origen_ruta_zonal":4}},{"type":"Feature","id":3637,"geometry":null,"properties":{"abreviatura_destino_zona_sitp":"HHH","codigo_definitivo_ruta_zonal":"HL602","delega_ruta_zonal":1,"denominacion_ruta_zonal":"GALICIA - LOS LACHES","destino_ruta_zonal":"GALICIA","destino_zona_sitp":"USME/ CIUDAD BOLIVAR","fecha_implementacion_ruta_zonal":"5/08/2024","globalid":"{2E3A7294-EDE4-416E-9EFC-8671B5832AEE}","localidad_destino_ruta_zonal":4,"localidad_origen_ruta_zonal":19,"longitud_ruta_zonal":27.411212000000003,"objectid":3637,"operador_ruta_zonal":"ETIB - BO","origen_ruta_zonal":"LOS LACHES","route_id_ruta_zonal":246,"route_name_ruta_zonal":"H602-2","tipo_operacion":"NORMAL","tipo_ruta_zonal":3,"tipo_servicio_ruta_zonal":1,"zona_destino_ruta_zonal":13,"zona_origen_ruta_zonal":10}},{"type":"Feature","id":3640,"geometry":null,"properties":{"abreviatura_destino_zona_sitp":"ALI","codigo_definitivo_ruta_zonal":"16-9","delega_ruta_zonal":1,"denominacion_ruta_zonal":"FONTIBÓN CENTRO","destino_ruta_zonal":"FONTIBÓN CENTRO","destino_zona_sitp":"ALIMENTADORA","fecha_implementacion_ruta_zonal":"5/06/2023","globalid":"{2F132AD5-F84E-4539-9601-246FC99CBD5B}","localidad_destino_ruta_zonal":9,"localidad_origen_ruta_zonal":9,"longitud_ruta_zonal":8.5668862800000003,"objectid":3640,"operador_ruta_zonal":"GRAN AMERICAS FONTIBON I","origen_ruta_zonal":"PORTAL EL DORADO","route_id_ruta_zonal":221,"route_name_ruta_zonal":"16-9a","tipo_operacion":"NORMAL","tipo_ruta_zonal":4,"tipo_servicio_ruta_zonal":1,"zona_destino_ruta_zonal":6,"zona_origen_ruta_zonal":6}},{"type":"Feature","id":3641,"geometry":null,"properties":{"abreviatura_destino_zona_sitp":"ENG","codigo_definitivo_ruta_zonal":"402","delega_ruta_zonal":1,"denominacion_ruta_zonal":"AUTO NORTE EST. TERMINAL - SABANA DEL DORADO","destino_ruta_zonal":"SABANA DEL DORADO","destino_zona_sitp":"ENGATIVA","fecha_implementacion_ruta_zonal":"31/08/2020","globalid":"{30231A3E-17DE-47A2-A16E-F86EB15F9CD6}","localidad_destino_ruta_zonal":1,"localidad_origen_ruta_zonal":10,"longitud_ruta_zonal":32.228233790000004,"objectid":3641,"operador_ruta_zonal":"GMOVIL - E","origen_ruta_zonal":"AUTO NORTE EST. TERMINAL","route_id_ruta_zonal":119,"route_name_ruta_zonal":"402-2","tipo_operacion":"NORMAL","tipo_ruta_zonal":3,"tipo_servicio_ruta_zonal":1,"zona_destino_ruta_zonal":1,"zona_origen_ruta_zonal":5}},{"type":"Feature","id":3643,"geometry":null,"properties":{"abreviatura_destino_zona_sitp":"LLL","codigo_definitivo_ruta_zonal":"CL155","delega_ruta_zonal":1,"denominacion_ruta_zonal":"SUBA GAITANA - GAVIOTAS","destino_ruta_zonal":"GAVIOTAS","destino_zona_sitp":"SAN CRISTOBAL","fecha_implementacion_ruta_zonal":"5/11/2024","globalid":"{30E0A096-8CF0-4019-A7E2-A83AD0E69045}","localidad_destino_ruta_zonal":4,"localidad_origen_ruta_zonal":11,"longitud_ruta_zonal":39.330124940000005,"objectid":3643,"operador_ruta_zonal":"CONSORCIO EXPRESS N","origen_ruta_zonal":"SUBA GAITANA","route_id_ruta_zonal":475,"route_name_ruta_zonal":"L155-1","tipo_operacion":"NORMAL","tipo_ruta_zonal":3,"tipo_servicio_ruta_zonal":1,"zona_destino_ruta_zonal":13,"zona_origen_ruta_zonal":3}},{"type":"Feature","id":3644,"geometry":null,"properties":{"abreviatura_destino_zona_sitp":"USA","codigo_definitivo_ruta_zonal":"E26B","delega_ruta_zonal":1,"denominacion_ruta_zonal":"CORPAS - CANTON NORTE","destino_ruta_zonal":"CANTON NORTE","destino_zona_sitp":"USAQUEN","fecha_implementacion_ruta_zonal":"27/09/2021","globalid":"{30F32A35-C62A-4D5B-BB3C-6173433C3747}","localidad_destino_ruta_zonal":1,"localidad_origen_ruta_zonal":11,"longitud_ruta_zonal":20.088965999999999,"objectid":3644,"operador_ruta_zonal":"CONSORCIO EXPRESS N","origen_ruta_zonal":"CORPAS","route_id_ruta_zonal":84,"route_name_ruta_zonal":"E26B-1","tipo_operacion":"NORMAL","tipo_ruta_zonal":3,"tipo_servicio_ruta_zonal":1,"zona_destino_ruta_zonal":1,"zona_origen_ruta_zonal":3}},{"type":"Feature","id":3646,"geometry":null,"properties":{"abreviatura_destino_zona_sitp":"ALI","codigo_definitivo_ruta_zonal":"11-7","delega_ruta_zonal":2,"denominacion_ruta_zonal":"PINAR","destino_ruta_zonal":"PINAR","destino_zona_sitp":"ALIMENTADORA","fecha_implementacion_ruta_zonal":"-","globalid":"{311B5DA6-1C69-49D3-9EFA-0D2DFBBE00B5}","localidad_destino_ruta_zonal":11,"localidad_origen_ruta_zonal":11,"longitud_ruta_zonal":5.2014606699999995,"objectid":3646,"operador_ruta_zonal":"ESTE ES MI BUS - CO","origen_ruta_zonal":"PORTAL SUBA","route_id_ruta_zonal":17,"route_name_ruta_zonal":"11-7a","tipo_operacion":"NORMAL","tipo_ruta_zonal":4,"tipo_servicio_ruta_zonal":1,"zona_destino_ruta_zonal":3,"zona_origen_ruta_zonal":3}},{"type":"Feature","id":3647,"geometry":null,"properties":{"abreviatura_destino_zona_sitp":"AAA","codigo_definitivo_ruta_zonal":"GA516","delega_ruta_zonal":1,"denominacion_ruta_zonal":"PORTAL SUR - CHAPINERO","destino_ruta_zonal":"CHAPINERO","destino_zona_sitp":"NEUTRA","fecha_implementacion_ruta_zonal":"2/09/2024","globalid":"{31462B05-A8C1-456D-BA21-5358D2DA713D}","localidad_destino_ruta_zonal":13,"localidad_origen_ruta_zonal":8,"longitud_ruta_zonal":19.72032227,"objectid":3647,"operador_ruta_zonal":"ETIB - BO","origen_ruta_zonal":"PORTAL SUR","route_id_ruta_zonal":689,"route_name_ruta_zonal":"A516-1","tipo_operacion":"NORMAL","tipo_ruta_zonal":3,"tipo_servicio_ruta_zonal":1,"zona_destino_ruta_zonal":0,"zona_origen_ruta_zonal":9}},{"type":"Feature","id":3649,"geometry":null,"properties":{"abreviatura_destino_zona_sitp":"LLL","codigo_definitivo_ruta_zonal":"KL331","delega_ruta_zonal":1,"denominacion_ruta_zonal":"FONTIBON BRISAS - NUEVA DELHI","destino_ruta_zonal":"NUEVA DELHI","destino_zona_sitp":"SAN CRISTOBAL","fecha_implementacion_ruta_zonal":"15/01/2023","globalid":"{31A4B25D-F9CC-4C9B-AAB6-BDF568269321}","localidad_destino_ruta_zonal":4,"localidad_origen_ruta_zonal":9,"longitud_ruta_zonal":31.656864349999999,"objectid":3649,"operador_ruta_zonal":"ZMO FONTIBON V","origen_ruta_zonal":"FONTIBÓN BRISAS","route_id_ruta_zonal":416,"route_name_ruta_zonal":"L331-2","tipo_operacion":"NORMAL","tipo_ruta_zonal":3,"tipo_servicio_ruta_zonal":1,"zona_destino_ruta_zonal":13,"zona_origen_ruta_zonal":6}},{"type":"Feature","id":3652,"geometry":null,"properties":{"abreviatura_destino_zona_sitp":"ALI","codigo_definitivo_ruta_zonal":"1-1","delega_ruta_zonal":2,"denominacion_ruta_zonal":"ÁLAMOS","destino_ruta_zonal":"ÁLAMOS","destino_zona_sitp":"ALIMENTADORA","fecha_implementacion_ruta_zonal":"-","globalid":"{356E0C0A-842D-4E6D-A5A0-2D088568230D}","localidad_destino_ruta_zonal":10,"localidad_origen_ruta_zonal":10,"longitud_ruta_zonal":5.26831227,"objectid":3652,"operador_ruta_zonal":"ESTE ES MI BUS - CO","origen_ruta_zonal":"PORTAL CALLE 80","route_id_ruta_zonal":29,"route_name_ruta_zonal":"1-1a","tipo_operacion":"NORMAL","tipo_ruta_zonal":4,"tipo_servicio_ruta_zonal":1,"zona_destino_ruta_zonal":5,"zona_origen_ruta_zonal":4}},{"type":"Feature","id":3654,"geometry":null,"properties":{"abreviatura_destino_zona_sitp":"KKK","codigo_definitivo_ruta_zonal":"P39","delega_ruta_zonal":1,"denominacion_ruta_zonal":"ARABIA - ZONA FRANCA","destino_ruta_zonal":"ZONA FRANCA","destino_zona_sitp":"FONTIBON","fecha_implementacion_ruta_zonal":"1/10/2013","globalid":"{3613F3F5-01C5-4F3F-B9A7-3CB050839E48}","localidad_destino_ruta_zonal":9,"localidad_origen_ruta_zonal":19,"longitud_ruta_zonal":23.435118759999998,"objectid":3654,"operador_ruta_zonal":"SUMA - BC","origen_ruta_zonal":"ARABIA","route_id_ruta_zonal":0,"route_name_ruta_zonal":"P39-1","tipo_operacion":"NORMAL","tipo_ruta_zonal":3,"tipo_servicio_ruta_zonal":1,"zona_destino_ruta_zonal":6,"zona_origen_ruta_zonal":11}},{"type":"Feature","id":3655,"geometry":null,"properties":{"abreviatura_destino_zona_sitp":"CCC","codigo_definitivo_ruta_zonal":"CB144","delega_ruta_zonal":1,"denominacion_ruta_zonal":"BILBAO - CLINICA EL BOSQUE","destino_ruta_zonal":"BILBAO","destino_zona_sitp":"SUBA","fecha_implementacion_ruta_zonal":"20/06/2023","globalid":"{362FFDCD-A756-4C7D-934B-786144FFC1D8}","localidad_destino_ruta_zonal":1,"localidad_origen_ruta_zonal":11,"longitud_ruta_zonal":18.615048679999997,"objectid":3655,"operador_ruta_zonal":"EMASIVO 16","origen_ruta_zonal":"CLINICA EL BOSQUE","route_id_ruta_zonal":323,"route_name_ruta_zonal":"C144-2","tipo_operacion":"NORMAL","tipo_ruta_zonal":3,"tipo_servicio_ruta_zonal":1,"zona_destino_ruta_zonal":1,"zona_origen_ruta_zonal":3}},{"type":"Feature","id":3657,"geometry":null,"properties":{"abreviatura_destino_zona_sitp":"LLL","codigo_definitivo_ruta_zonal":"LH811","delega_ruta_zonal":1,"denominacion_ruta_zonal":"AGUAS CLARAS - RESTREPO","destino_ruta_zonal":"AGUAS CLARAS","destino_zona_sitp":"SAN CRISTOBAL","fecha_implementacion_ruta_zonal":"19/10/2021","globalid":"{374A0705-B4F8-4917-B671-E8C61BE39045}","localidad_destino_ruta_zonal":15,"localidad_origen_ruta_zonal":4,"longitud_ruta_zonal":6.5609313600000005,"objectid":3657,"operador_ruta_zonal":"CONSORCIO EXPRESS D","origen_ruta_zonal":"RESTREPO","route_id_ruta_zonal":352,"route_name_ruta_zonal":"L811-2","tipo_operacion":"NORMAL","tipo_ruta_zonal":3,"tipo_servicio_ruta_zonal":1,"zona_destino_ruta_zonal":11,"zona_origen_ruta_zonal":13}},{"type":"Feature","id":3658,"geometry":null,"properties":{"abreviatura_destino_zona_sitp":"ALI","codigo_definitivo_ruta_zonal":"13-13","delega_ruta_zonal":1,"denominacion_ruta_zonal":"RESURRECCIÓN","destino_ruta_zonal":"RESURRECCIÓN","destino_zona_sitp":"ALIMENTADORA","fecha_implementacion_ruta_zonal":"-","globalid":"{37F927E0-1AE3-409C-BEB7-5E55503ED784}","localidad_destino_ruta_zonal":18,"localidad_origen_ruta_zonal":4,"longitud_ruta_zonal":8.3294543799999996,"objectid":3658,"operador_ruta_zonal":"CONSORCIO EXPRESS D","origen_ruta_zonal":"PORTAL 20 JULIO","route_id_ruta_zonal":111,"route_name_ruta_zonal":"13-13a","tipo_operacion":"NORMAL","tipo_ruta_zonal":4,"tipo_servicio_ruta_zonal":1,"zona_destino_ruta_zonal":13,"zona_origen_ruta_zonal":13}},{"type":"Feature","id":3659,"geometry":null,"properties":{"abreviatura_destino_zona_sitp":"AAA","codigo_definitivo_ruta_zonal":"HA708","delega_ruta_zonal":1,"denominacion_ruta_zonal":"ANTONIO J. DE SUCRE - CHICO NORTE","destino_ruta_zonal":"CHICÓ NORTE","destino_zona_sitp":"NEUTRA","fecha_implementacion_ruta_zonal":"26/07/2021","globalid":"{3809B84B-055E-40E6-A137-205C4EB9B4FD}","localidad_destino_ruta_zonal":2,"localidad_origen_ruta_zonal":5,"longitud_ruta_zonal":28.698803249999997,"objectid":3659,"operador_ruta_zonal":"GRAN AMERICAS USME","origen_ruta_zonal":"ANTONIO J. DE SUCRE","route_id_ruta_zonal":285,"route_name_ruta_zonal":"A708-2","tipo_operacion":"NORMAL","tipo_ruta_zonal":3,"tipo_servicio_ruta_zonal":1,"zona_destino_ruta_zonal":0,"zona_origen_ruta_zonal":12}},{"type":"Feature","id":3660,"geometry":null,"properties":{"abreviatura_destino_zona_sitp":"HHH","codigo_definitivo_ruta_zonal":"KH308","delega_ruta_zonal":1,"denominacion_ruta_zonal":"PUENTE GRANDE - EL TUNO","destino_ruta_zonal":"EL TUNO","destino_zona_sitp":"USME/ CIUDAD BOLIVAR","fecha_implementacion_ruta_zonal":"21/06/2021","globalid":"{38155181-6697-4156-ABB9-DE69B3C072AB}","localidad_destino_ruta_zonal":9,"localidad_origen_ruta_zonal":5,"longitud_ruta_zonal":28.151235589999999,"objectid":3660,"operador_ruta_zonal":"GMOVIL - E","origen_ruta_zonal":"PUENTE GRANDE","route_id_ruta_zonal":278,"route_name_ruta_zonal":"H308-2","tipo_operacion":"NORMAL","tipo_ruta_zonal":3,"tipo_servicio_ruta_zonal":1,"zona_destino_ruta_zonal":6,"zona_origen_ruta_zonal":12}},{"type":"Feature","id":3661,"geometry":null,"properties":{"abreviatura_destino_zona_sitp":"ALI","codigo_definitivo_ruta_zonal":"6-6","delega_ruta_zonal":2,"denominacion_ruta_zonal":"JUAN JOSÉ RONDÓN","destino_ruta_zonal":"JUAN JOSÉ RONDÓN","destino_zona_sitp":"ALIMENTADORA","fecha_implementacion_ruta_zonal":"-","globalid":"{3837F87A-8EC7-4DEA-BB02-0B294062DC52}","localidad_destino_ruta_zonal":19,"localidad_origen_ruta_zonal":6,"longitud_ruta_zonal":6.9364826800000001,"objectid":3661,"operador_ruta_zonal":"SUMA - BC","origen_ruta_zonal":"PORTAL TUNAL","route_id_ruta_zonal":146,"route_name_ruta_zonal":"6-6a","tipo_operacion":"NORMAL","tipo_ruta_zonal":4,"tipo_servicio_ruta_zonal":4,"zona_destino_ruta_zonal":11,"zona_origen_ruta_zonal":11}},{"type":"Feature","id":3662,"geometry":null,"properties":{"abreviatura_destino_zona_sitp":"BBB","codigo_definitivo_ruta_zonal":"BA900","delega_ruta_zonal":1,"denominacion_ruta_zonal":"LA ESTRELLITA - GALERÍAS","destino_ruta_zonal":"LA ESTRELLITA","destino_zona_sitp":"USAQUEN","fecha_implementacion_ruta_zonal":"27/02/2023","globalid":"{39596BF4-0E1A-4115-B6C4-1AC54E0899F7}","localidad_destino_ruta_zonal":13,"localidad_origen_ruta_zonal":1,"longitud_ruta_zonal":19.93553971,"objectid":3662,"operador_ruta_zonal":"CONSORCIO EXPRESS N","origen_ruta_zonal":"GALERÍAS","route_id_ruta_zonal":491,"route_name_ruta_zonal":"B900-2","tipo_operacion":"NORMAL","tipo_ruta_zonal":3,"tipo_servicio_ruta_zonal":1,"zona_destino_ruta_zonal":0,"zona_origen_ruta_zonal":1}},{"type":"Feature","id":3663,"geometry":null,"properties":{"abreviatura_destino_zona_sitp":"0","codigo_definitivo_ruta_zonal":"HK627","delega_ruta_zonal":1,"denominacion_ruta_zonal":"ALPES - SALITRE","destino_ruta_zonal":"ALPES","destino_zona_sitp":"0","fecha_implementacion_ruta_zonal":"20/11/2023","globalid":"{39A843B0-40A1-4622-BCEF-6EC90A13B347}","localidad_destino_ruta_zonal":13,"localidad_origen_ruta_zonal":19,"longitud_ruta_zonal":19.859692259999999,"objectid":3663,"operador_ruta_zonal":"SUMA - BC","origen_ruta_zonal":"SALITRE","route_id_ruta_zonal":356,"route_name_ruta_zonal":"H627-2","tipo_operacion":"NORMAL","tipo_ruta_zonal":3,"tipo_servicio_ruta_zonal":1,"zona_destino_ruta_zonal":5,"zona_origen_ruta_zonal":11}},{"type":"Feature","id":3664,"geometry":null,"properties":{"abreviatura_destino_zona_sitp":"FFF","codigo_definitivo_ruta_zonal":"HF603","delega_ruta_zonal":1,"denominacion_ruta_zonal":"CORABASTOS - SANTO DOMINGO","destino_ruta_zonal":"CORABASTOS","destino_zona_sitp":"AMERICAS","fecha_implementacion_ruta_zonal":"15/06/2021","globalid":"{39CCA749-D741-47F4-9B65-9D219302D8D4}","localidad_destino_ruta_zonal":8,"localidad_origen_ruta_zonal":19,"longitud_ruta_zonal":16.455283020000003,"objectid":3664,"operador_ruta_zonal":"ETIB - BO","origen_ruta_zonal":"SANTO DOMINGO","route_id_ruta_zonal":636,"route_name_ruta_zonal":"F603-1","tipo_operacion":"NORMAL","tipo_ruta_zonal":3,"tipo_servicio_ruta_zonal":1,"zona_destino_ruta_zonal":8,"zona_origen_ruta_zonal":10}},{"type":"Feature","id":3665,"geometry":null,"properties":{"abreviatura_destino_zona_sitp":"KKK","codigo_definitivo_ruta_zonal":"HK715","delega_ruta_zonal":1,"denominacion_ruta_zonal":"CORFERIAS - EL UVAL","destino_ruta_zonal":"CORFERIAS","destino_zona_sitp":"CALLE 26","fecha_implementacion_ruta_zonal":"30/09/2023","globalid":"{39FF997D-DF8F-4755-9EB0-242C666ABB12}","localidad_destino_ruta_zonal":16,"localidad_origen_ruta_zonal":5,"longitud_ruta_zonal":23.942813599999997,"objectid":3665,"operador_ruta_zonal":"GRAN AMERICAS USME","origen_ruta_zonal":"EL UVAL","route_id_ruta_zonal":439,"route_name_ruta_zonal":"K715-1","tipo_operacion":"NORMAL","tipo_ruta_zonal":3,"tipo_servicio_ruta_zonal":1,"zona_destino_ruta_zonal":6,"zona_origen_ruta_zonal":12}},{"type":"Feature","id":3666,"geometry":null,"properties":{"abreviatura_destino_zona_sitp":"FFF","codigo_definitivo_ruta_zonal":"FH733","delega_ruta_zonal":1,"denominacion_ruta_zonal":"TIERRA BUENA - CERROS DE ORIENTE","destino_ruta_zonal":"TIERRA BUENA","destino_zona_sitp":"AMERICAS","fecha_implementacion_ruta_zonal":"10/03/2025","globalid":"{3A445ECA-B978-4F92-855E-FF6AEE69A070}","localidad_destino_ruta_zonal":18,"localidad_origen_ruta_zonal":8,"longitud_ruta_zonal":24.300453019999999,"objectid":3666,"operador_ruta_zonal":"MASIVO CAPITAL - KE","origen_ruta_zonal":"CERROS DE ORIENTE","route_id_ruta_zonal":null,"route_name_ruta_zonal":"F733-1","tipo_operacion":"NORMAL","tipo_ruta_zonal":3,"tipo_servicio_ruta_zonal":1,"zona_destino_ruta_zonal":12,"zona_origen_ruta_zonal":8}},{"type":"Feature","id":3667,"geometry":null,"properties":{"abreviatura_destino_zona_sitp":"ALI","codigo_definitivo_ruta_zonal":"6-7","delega_ruta_zonal":2,"denominacion_ruta_zonal":"SAN JOAQUÍN","destino_ruta_zonal":"SAN JOAQUÍN","destino_zona_sitp":"ALIMENTADORA","fecha_implementacion_ruta_zonal":"-","globalid":"{3A639A9B-8881-4588-AD14-4E34E8CE37C0}","localidad_destino_ruta_zonal":19,"localidad_origen_ruta_zonal":6,"longitud_ruta_zonal":11.21349466,"objectid":3667,"operador_ruta_zonal":"SUMA - BC","origen_ruta_zonal":"PORTAL TUNAL","route_id_ruta_zonal":18,"route_name_ruta_zonal":"6-7a","tipo_operacion":"NORMAL","tipo_ruta_zonal":4,"tipo_servicio_ruta_zonal":1,"zona_destino_ruta_zonal":11,"zona_origen_ruta_zonal":11}},{"type":"Feature","id":3668,"geometry":null,"properties":{"abreviatura_destino_zona_sitp":"AAA","codigo_definitivo_ruta_zonal":"GA537","delega_ruta_zonal":1,"denominacion_ruta_zonal":"VILLA DEL RIO - PALERMO","destino_ruta_zonal":"PALERMO","destino_zona_sitp":"NEUTRA","fecha_implementacion_ruta_zonal":"4/03/2024","globalid":"{3AE403FC-DFF2-4730-9DC7-8FE48926C691}","localidad_destino_ruta_zonal":13,"localidad_origen_ruta_zonal":8,"longitud_ruta_zonal":17.281575620000002,"objectid":3668,"operador_ruta_zonal":"ETIB - BO","origen_ruta_zonal":"VILLA DEL RÍO","route_id_ruta_zonal":678,"route_name_ruta_zonal":"A537-1","tipo_operacion":"NORMAL","tipo_ruta_zonal":3,"tipo_servicio_ruta_zonal":1,"zona_destino_ruta_zonal":0,"zona_origen_ruta_zonal":9}},{"type":"Feature","id":3669,"geometry":null,"properties":{"abreviatura_destino_zona_sitp":"HHH","codigo_definitivo_ruta_zonal":"HC612","delega_ruta_zonal":1,"denominacion_ruta_zonal":"SAN JOAQUIN - VILLA MARIA","destino_ruta_zonal":"SAN JOAQUÍN","destino_zona_sitp":"USME/ CIUDAD BOLIVAR","fecha_implementacion_ruta_zonal":"5/12/2022","globalid":"{3C26DD7F-D255-4919-92F2-C5ACDC9ADD08}","localidad_destino_ruta_zonal":1,"localidad_origen_ruta_zonal":11,"longitud_ruta_zonal":30.097767579999999,"objectid":3669,"operador_ruta_zonal":"SUMA - BC","origen_ruta_zonal":"VILLA MARÍA","route_id_ruta_zonal":200,"route_name_ruta_zonal":"H612-2","tipo_operacion":"NORMAL","tipo_ruta_zonal":3,"tipo_servicio_ruta_zonal":1,"zona_destino_ruta_zonal":1,"zona_origen_ruta_zonal":3}},{"type":"Feature","id":3671,"geometry":null,"properties":{"abreviatura_destino_zona_sitp":"BOS","codigo_definitivo_ruta_zonal":"P7","delega_ruta_zonal":1,"denominacion_ruta_zonal":"PINARES - PORVENIR","destino_ruta_zonal":"PORVENIR","destino_zona_sitp":"BOSA","fecha_implementacion_ruta_zonal":"20/02/2023","globalid":"{3C9A392A-F04A-4948-AC65-43C02356ABC7}","localidad_destino_ruta_zonal":8,"localidad_origen_ruta_zonal":4,"longitud_ruta_zonal":26.683400299999999,"objectid":3671,"operador_ruta_zonal":"MASIVO CAPITAL-CONSORCIO EXPRESS","origen_ruta_zonal":"PINARES","route_id_ruta_zonal":591,"route_name_ruta_zonal":"P7-1","tipo_operacion":"NORMAL","tipo_ruta_zonal":3,"tipo_servicio_ruta_zonal":1,"zona_destino_ruta_zonal":8,"zona_origen_ruta_zonal":13}},{"type":"Feature","id":3672,"geometry":null,"properties":{"abreviatura_destino_zona_sitp":"HHH","codigo_definitivo_ruta_zonal":"HD607","delega_ruta_zonal":1,"denominacion_ruta_zonal":"ARBORIZADORA ALTA - MORATO","destino_ruta_zonal":"ARBORIZADORA ALTA","destino_zona_sitp":"USME/ CIUDAD BOLIVAR","fecha_implementacion_ruta_zonal":"12/01/2021","globalid":"{3CA4D11C-8BD5-40B0-B8A1-6CDE1D73C786}","localidad_destino_ruta_zonal":11,"localidad_origen_ruta_zonal":19,"longitud_ruta_zonal":26.04121439,"objectid":3672,"operador_ruta_zonal":"SUMA - BC","origen_ruta_zonal":"MORATO","route_id_ruta_zonal":205,"route_name_ruta_zonal":"H607-2","tipo_operacion":"NORMAL","tipo_ruta_zonal":3,"tipo_servicio_ruta_zonal":1,"zona_destino_ruta_zonal":3,"zona_origen_ruta_zonal":11}},{"type":"Feature","id":3673,"geometry":null,"properties":{"abreviatura_destino_zona_sitp":"GGG","codigo_definitivo_ruta_zonal":"GF512","delega_ruta_zonal":1,"denominacion_ruta_zonal":"PARQUES DE BOGOTA - PORTAL AMERICAS","destino_ruta_zonal":"PARQUES DE BOGOTA","destino_zona_sitp":"BOSA","fecha_implementacion_ruta_zonal":"23/03/2021","globalid":"{3CB09254-8DEA-4CF3-B9E1-EC0992BC025B}","localidad_destino_ruta_zonal":8,"localidad_origen_ruta_zonal":7,"longitud_ruta_zonal":6.2482683300000001,"objectid":3673,"operador_ruta_zonal":"MASIVO CAPITAL - KE","origen_ruta_zonal":"PORTAL AMÉRICAS","route_id_ruta_zonal":580,"route_name_ruta_zonal":"G512-2","tipo_operacion":"NORMAL","tipo_ruta_zonal":3,"tipo_servicio_ruta_zonal":1,"zona_destino_ruta_zonal":8,"zona_origen_ruta_zonal":9}},{"type":"Feature","id":3675,"geometry":null,"properties":{"abreviatura_destino_zona_sitp":"KKK","codigo_definitivo_ruta_zonal":"KH322","delega_ruta_zonal":1,"denominacion_ruta_zonal":"FONTIBON BRISAS - CERROS DE ORIENTE","destino_ruta_zonal":"FONTIBÓN BRISAS","destino_zona_sitp":"CALLE 26","fecha_implementacion_ruta_zonal":"10/03/2025","globalid":"{3D05FB9B-6FE5-4D68-8C99-86C7B82B11A2}","localidad_destino_ruta_zonal":9,"localidad_origen_ruta_zonal":18,"longitud_ruta_zonal":26.66313856,"objectid":3675,"operador_ruta_zonal":"MUEVE FONTIBON","origen_ruta_zonal":"CERROS DE ORIENTE","route_id_ruta_zonal":0,"route_name_ruta_zonal":"K322-1","tipo_operacion":"NORMAL","tipo_ruta_zonal":3,"tipo_servicio_ruta_zonal":1,"zona_destino_ruta_zonal":6,"zona_origen_ruta_zonal":12}},{"type":"Feature","id":3677,"geometry":null,"properties":{"abreviatura_destino_zona_sitp":"NOR","codigo_definitivo_ruta_zonal":"T25","delega_ruta_zonal":1,"denominacion_ruta_zonal":"POTOSI - TERMINAL NORTE","destino_ruta_zonal":"TERMINAL NORTE","destino_zona_sitp":"NORTE","fecha_implementacion_ruta_zonal":"7/09/2020","globalid":"{3DDED224-8B6D-487E-B978-8DC613FA3A48}","localidad_destino_ruta_zonal":1,"localidad_origen_ruta_zonal":19,"longitud_ruta_zonal":39.89852552,"objectid":3677,"operador_ruta_zonal":"CONSORCIO EXPRESS N","origen_ruta_zonal":"POTOSÍ","route_id_ruta_zonal":198,"route_name_ruta_zonal":"T25-1","tipo_operacion":"NORMAL","tipo_ruta_zonal":3,"tipo_servicio_ruta_zonal":1,"zona_destino_ruta_zonal":1,"zona_origen_ruta_zonal":11}},{"type":"Feature","id":3678,"geometry":null,"properties":{"abreviatura_destino_zona_sitp":"CCC","codigo_definitivo_ruta_zonal":"CA153","delega_ruta_zonal":1,"denominacion_ruta_zonal":"SUBA LA GAITANA - CENTRO","destino_ruta_zonal":"SUBA LA GAITANA","destino_zona_sitp":"SUBA","fecha_implementacion_ruta_zonal":"23/07/2022","globalid":"{3E839E43-26EC-4C0E-94CF-4D6AB4AEC039}","localidad_destino_ruta_zonal":3,"localidad_origen_ruta_zonal":11,"longitud_ruta_zonal":22.1870996,"objectid":3678,"operador_ruta_zonal":"EMASIVO 16","origen_ruta_zonal":"CENTRO","route_id_ruta_zonal":327,"route_name_ruta_zonal":"C153-2","tipo_operacion":"NORMAL","tipo_ruta_zonal":3,"tipo_servicio_ruta_zonal":1,"zona_destino_ruta_zonal":0,"zona_origen_ruta_zonal":3}},{"type":"Feature","id":3679,"geometry":null,"properties":{"abreviatura_destino_zona_sitp":"ALI","codigo_definitivo_ruta_zonal":"13-6","delega_ruta_zonal":1,"denominacion_ruta_zonal":"JUAN REY","destino_ruta_zonal":"JUAN REY","destino_zona_sitp":"ALIMENTADORA","fecha_implementacion_ruta_zonal":"-","globalid":"{3F6CF3C9-B059-4E70-B21E-2509416B29E1}","localidad_destino_ruta_zonal":4,"localidad_origen_ruta_zonal":4,"longitud_ruta_zonal":17.022183349999999,"objectid":3679,"operador_ruta_zonal":"CONSORCIO EXPRESS D","origen_ruta_zonal":"PORTAL 20 JULIO","route_id_ruta_zonal":45,"route_name_ruta_zonal":"13-6a","tipo_operacion":"NORMAL","tipo_ruta_zonal":4,"tipo_servicio_ruta_zonal":1,"zona_destino_ruta_zonal":13,"zona_origen_ruta_zonal":13}},{"type":"Feature","id":3680,"geometry":null,"properties":{"abreviatura_destino_zona_sitp":"ESP","codigo_definitivo_ruta_zonal":"18-11","delega_ruta_zonal":1,"denominacion_ruta_zonal":"UNICERROS AM","destino_ruta_zonal":"UNICERROS","destino_zona_sitp":"ESPECIAL","fecha_implementacion_ruta_zonal":"23/09/2024","globalid":"{4012DA17-CEC2-4878-B574-B0E9D8E5556D}","localidad_destino_ruta_zonal":1,"localidad_origen_ruta_zonal":1,"longitud_ruta_zonal":7.1249592700000006,"objectid":3680,"operador_ruta_zonal":"CONSORCIO EXPRESS N","origen_ruta_zonal":"UNICERROS","route_id_ruta_zonal":696,"route_name_ruta_zonal":"18-11e AM","tipo_operacion":"NORMAL","tipo_ruta_zonal":6,"tipo_servicio_ruta_zonal":1,"zona_destino_ruta_zonal":1,"zona_origen_ruta_zonal":1}},{"type":"Feature","id":3682,"geometry":null,"properties":{"abreviatura_destino_zona_sitp":"USM","codigo_definitivo_ruta_zonal":"271","delega_ruta_zonal":1,"denominacion_ruta_zonal":"LOMAS - GRAN GRANADA","destino_ruta_zonal":"LOMAS","destino_zona_sitp":"USME","fecha_implementacion_ruta_zonal":"15/07/2024","globalid":"{4149FE33-8D54-4301-8BD5-0ECFFBB03402}","localidad_destino_ruta_zonal":18,"localidad_origen_ruta_zonal":10,"longitud_ruta_zonal":32.233696690000002,"objectid":3682,"operador_ruta_zonal":"ESTE ES MI BUS - CO","origen_ruta_zonal":"GRAN GRANADA","route_id_ruta_zonal":68,"route_name_ruta_zonal":"271-2","tipo_operacion":"NORMAL","tipo_ruta_zonal":3,"tipo_servicio_ruta_zonal":1,"zona_destino_ruta_zonal":12,"zona_origen_ruta_zonal":5}},{"type":"Feature","id":3683,"geometry":null,"properties":{"abreviatura_destino_zona_sitp":"DDD","codigo_definitivo_ruta_zonal":"BD909","delega_ruta_zonal":1,"denominacion_ruta_zonal":"MAZUREN - VILLAS DE GRANADA","destino_ruta_zonal":"VILLAS DE GRANADA","destino_zona_sitp":"ENGATIVA / CALLE 80","fecha_implementacion_ruta_zonal":"26/09/2022","globalid":"{41BF790B-21E3-4E29-B5E5-68E84CBF0261}","localidad_destino_ruta_zonal":11,"localidad_origen_ruta_zonal":10,"longitud_ruta_zonal":26.401643449999998,"objectid":3683,"operador_ruta_zonal":"ESTE ES MI BUS - CO","origen_ruta_zonal":"MAZURÉN","route_id_ruta_zonal":260,"route_name_ruta_zonal":"D909-2","tipo_operacion":"NORMAL","tipo_ruta_zonal":3,"tipo_servicio_ruta_zonal":1,"zona_destino_ruta_zonal":2,"zona_origen_ruta_zonal":4}},{"type":"Feature","id":3684,"geometry":null,"properties":{"abreviatura_destino_zona_sitp":"BBB","codigo_definitivo_ruta_zonal":"CB118","delega_ruta_zonal":1,"denominacion_ruta_zonal":"SAN CRISTOBAL NTE - SUBA GAITANA","destino_ruta_zonal":"SUBA GAITANA","destino_zona_sitp":"USAQUEN","fecha_implementacion_ruta_zonal":"23/09/2024","globalid":"{41E46172-1078-43BD-8487-22136E0D7F66}","localidad_destino_ruta_zonal":1,"localidad_origen_ruta_zonal":11,"longitud_ruta_zonal":20.551049129999999,"objectid":3684,"operador_ruta_zonal":"CONSORCIO EXPRESS N","origen_ruta_zonal":"SAN CRISTÓBAL NORTE","route_id_ruta_zonal":326,"route_name_ruta_zonal":"C118-2","tipo_operacion":"NORMAL","tipo_ruta_zonal":3,"tipo_servicio_ruta_zonal":1,"zona_destino_ruta_zonal":1,"zona_origen_ruta_zonal":3}},{"type":"Feature","id":3685,"geometry":null,"properties":{"abreviatura_destino_zona_sitp":"ESP","codigo_definitivo_ruta_zonal":"10-11","delega_ruta_zonal":1,"denominacion_ruta_zonal":"BELLA FLOR","destino_ruta_zonal":"BELLA FLOR","destino_zona_sitp":"ESPECIAL","fecha_implementacion_ruta_zonal":"29/11/2021","globalid":"{422755E5-49C8-4D36-8BE2-AA2944590A3B}","localidad_destino_ruta_zonal":19,"localidad_origen_ruta_zonal":19,"longitud_ruta_zonal":4.0584440900000001,"objectid":3685,"operador_ruta_zonal":"SUMA - BC","origen_ruta_zonal":"BELLA FLOR","route_id_ruta_zonal":371,"route_name_ruta_zonal":"10-11e","tipo_operacion":"NORMAL","tipo_ruta_zonal":6,"tipo_servicio_ruta_zonal":1,"zona_destino_ruta_zonal":11,"zona_origen_ruta_zonal":11}},{"type":"Feature","id":3686,"geometry":null,"properties":{"abreviatura_destino_zona_sitp":"AAA","codigo_definitivo_ruta_zonal":"KA332","delega_ruta_zonal":1,"denominacion_ruta_zonal":"EL RECODO - LA PORCIÚNCULA","destino_ruta_zonal":"LA PORCIÚNCULA","destino_zona_sitp":"NEUTRA","fecha_implementacion_ruta_zonal":"15/01/2023","globalid":"{424C8E99-0B79-4190-931E-67DC55B7133A}","localidad_destino_ruta_zonal":2,"localidad_origen_ruta_zonal":9,"longitud_ruta_zonal":21.793657810000003,"objectid":3686,"operador_ruta_zonal":"ZMO FONTIBON V","origen_ruta_zonal":"EL RECODO","route_id_ruta_zonal":411,"route_name_ruta_zonal":"A332-1","tipo_operacion":"NORMAL","tipo_ruta_zonal":3,"tipo_servicio_ruta_zonal":1,"zona_destino_ruta_zonal":0,"zona_origen_ruta_zonal":7}},{"type":"Feature","id":3687,"geometry":null,"properties":{"abreviatura_destino_zona_sitp":"ALI","codigo_definitivo_ruta_zonal":"3-2","delega_ruta_zonal":2,"denominacion_ruta_zonal":"SANTA LIBRADA","destino_ruta_zonal":"SANTA LIBRADA","destino_zona_sitp":"ALIMENTADORA","fecha_implementacion_ruta_zonal":"-","globalid":"{426A905B-4861-45EE-89CD-66429A1381E2}","localidad_destino_ruta_zonal":5,"localidad_origen_ruta_zonal":5,"longitud_ruta_zonal":7.4840304299999998,"objectid":3687,"operador_ruta_zonal":"E-SOMOS ALIMENTACION","origen_ruta_zonal":"PORTAL USME","route_id_ruta_zonal":7,"route_name_ruta_zonal":"3-2a","tipo_operacion":"NORMAL","tipo_ruta_zonal":4,"tipo_servicio_ruta_zonal":1,"zona_destino_ruta_zonal":12,"zona_origen_ruta_zonal":12}},{"type":"Feature","id":3688,"geometry":null,"properties":{"abreviatura_destino_zona_sitp":"BOS","codigo_definitivo_ruta_zonal":"T62","delega_ruta_zonal":1,"denominacion_ruta_zonal":"METROVIVIENDA - CASABLANCA","destino_ruta_zonal":"METROVIVIENDA","destino_zona_sitp":"BOSA","fecha_implementacion_ruta_zonal":"20/08/2024","globalid":"{4286276C-C439-45B9-BDF4-EA1FB5886DD6}","localidad_destino_ruta_zonal":11,"localidad_origen_ruta_zonal":7,"longitud_ruta_zonal":37.301374499999994,"objectid":3688,"operador_ruta_zonal":"MASIVO CAPITAL - KE","origen_ruta_zonal":"CASABLANCA","route_id_ruta_zonal":19,"route_name_ruta_zonal":"T62-2","tipo_operacion":"NORMAL","tipo_ruta_zonal":3,"tipo_servicio_ruta_zonal":1,"zona_destino_ruta_zonal":2,"zona_origen_ruta_zonal":8}},{"type":"Feature","id":3689,"geometry":null,"properties":{"abreviatura_destino_zona_sitp":"CCC","codigo_definitivo_ruta_zonal":"CA127","delega_ruta_zonal":1,"denominacion_ruta_zonal":"FONTANAR DEL RÍO - GERMANÍA","destino_ruta_zonal":"FONTANAR DEL RÍO","destino_zona_sitp":"SUBA","fecha_implementacion_ruta_zonal":"23/07/2022","globalid":"{42BFE9B9-A9CF-43FB-B196-FA885E7DDACA}","localidad_destino_ruta_zonal":3,"localidad_origen_ruta_zonal":11,"longitud_ruta_zonal":26.712887390000002,"objectid":3689,"operador_ruta_zonal":"EMASIVO 10","origen_ruta_zonal":"GERMANÍA","route_id_ruta_zonal":511,"route_name_ruta_zonal":"C127-2","tipo_operacion":"NORMAL","tipo_ruta_zonal":3,"tipo_servicio_ruta_zonal":1,"zona_destino_ruta_zonal":0,"zona_origen_ruta_zonal":3}},{"type":"Feature","id":3691,"geometry":null,"properties":{"abreviatura_destino_zona_sitp":"COL","codigo_definitivo_ruta_zonal":"T53","delega_ruta_zonal":1,"denominacion_ruta_zonal":"EST. ALCALA - COLINA","destino_ruta_zonal":"COLINA","destino_zona_sitp":"COLINA","fecha_implementacion_ruta_zonal":"15/07/2024","globalid":"{4313A747-A561-4934-9A4B-2F3989957E42}","localidad_destino_ruta_zonal":11,"localidad_origen_ruta_zonal":11,"longitud_ruta_zonal":7.6753906000000001,"objectid":3691,"operador_ruta_zonal":"MASIVO CAPITAL - SO","origen_ruta_zonal":"ALCALA","route_id_ruta_zonal":72,"route_name_ruta_zonal":"T53-3","tipo_operacion":"NORMAL","tipo_ruta_zonal":3,"tipo_servicio_ruta_zonal":1,"zona_destino_ruta_zonal":2,"zona_origen_ruta_zonal":2}},{"type":"Feature","id":3692,"geometry":null,"properties":{"abreviatura_destino_zona_sitp":"ALI","codigo_definitivo_ruta_zonal":"2-2","delega_ruta_zonal":2,"denominacion_ruta_zonal":"JARDINES","destino_ruta_zonal":"JARDINES","destino_zona_sitp":"ALIMENTADORA","fecha_implementacion_ruta_zonal":"-","globalid":"{431C052B-F86B-4ACE-BF35-093D1C00DE84}","localidad_destino_ruta_zonal":1,"localidad_origen_ruta_zonal":1,"longitud_ruta_zonal":8.2249216599999997,"objectid":3692,"operador_ruta_zonal":"CONSORCIO EXPRESS N","origen_ruta_zonal":"PORTAL NORTE","route_id_ruta_zonal":62,"route_name_ruta_zonal":"2-2a","tipo_operacion":"NORMAL","tipo_ruta_zonal":4,"tipo_servicio_ruta_zonal":1,"zona_destino_ruta_zonal":2,"zona_origen_ruta_zonal":1}},{"type":"Feature","id":3693,"geometry":null,"properties":{"abreviatura_destino_zona_sitp":"AAA","codigo_definitivo_ruta_zonal":"CA124","delega_ruta_zonal":1,"denominacion_ruta_zonal":"BILBAO - CENTRO","destino_ruta_zonal":"CENTRO","destino_zona_sitp":"NEUTRA","fecha_implementacion_ruta_zonal":"29/01/2024","globalid":"{432670DF-D240-4A7D-9D98-63311F633C07}","localidad_destino_ruta_zonal":3,"localidad_origen_ruta_zonal":11,"longitud_ruta_zonal":26.542321770000001,"objectid":3693,"operador_ruta_zonal":"EMASIVO 10","origen_ruta_zonal":"BILBAO","route_id_ruta_zonal":290,"route_name_ruta_zonal":"A124-1","tipo_operacion":"NORMAL","tipo_ruta_zonal":3,"tipo_servicio_ruta_zonal":1,"zona_destino_ruta_zonal":0,"zona_origen_ruta_zonal":3}},{"type":"Feature","id":3694,"geometry":null,"properties":{"abreviatura_destino_zona_sitp":"BOS","codigo_definitivo_ruta_zonal":"607A","delega_ruta_zonal":1,"denominacion_ruta_zonal":"SAN BERNARDINO - PONTEVEDRA","destino_ruta_zonal":"SAN BERNARDINO","destino_zona_sitp":"BOSA","fecha_implementacion_ruta_zonal":"25/11/2019","globalid":"{448D98BA-ECD6-4484-8647-23584B5DC4FB}","localidad_destino_ruta_zonal":11,"localidad_origen_ruta_zonal":7,"longitud_ruta_zonal":21.302051599999999,"objectid":3694,"operador_ruta_zonal":"ETIB - BO","origen_ruta_zonal":"PONTEVEDRA","route_id_ruta_zonal":124,"route_name_ruta_zonal":"607A-1","tipo_operacion":"NORMAL","tipo_ruta_zonal":3,"tipo_servicio_ruta_zonal":1,"zona_destino_ruta_zonal":3,"zona_origen_ruta_zonal":9}},{"type":"Feature","id":3695,"geometry":null,"properties":{"abreviatura_destino_zona_sitp":"ALI","codigo_definitivo_ruta_zonal":"16-8","delega_ruta_zonal":1,"denominacion_ruta_zonal":"ZONA FRANCA","destino_ruta_zonal":"ZONA FRANCA","destino_zona_sitp":"ALIMENTADORA","fecha_implementacion_ruta_zonal":"-","globalid":"{4494039E-387B-4FD7-8E77-2E33359C9B7C}","localidad_destino_ruta_zonal":9,"localidad_origen_ruta_zonal":9,"longitud_ruta_zonal":15.146963620000001,"objectid":3695,"operador_ruta_zonal":"GRAN AMERICAS FONTIBON I","origen_ruta_zonal":"PORTAL EL DORADO","route_id_ruta_zonal":164,"route_name_ruta_zonal":"16-8a","tipo_operacion":"NORMAL","tipo_ruta_zonal":4,"tipo_servicio_ruta_zonal":1,"zona_destino_ruta_zonal":6,"zona_origen_ruta_zonal":6}},{"type":"Feature","id":3696,"geometry":null,"properties":{"abreviatura_destino_zona_sitp":"ALI","codigo_definitivo_ruta_zonal":"10-2","delega_ruta_zonal":2,"denominacion_ruta_zonal":"BOSA CENTRO","destino_ruta_zonal":"BOSA CENTRO","destino_zona_sitp":"ALIMENTADORA","fecha_implementacion_ruta_zonal":"-","globalid":"{4502C8AB-89FB-4FA2-95A0-64B94B7EA687}","localidad_destino_ruta_zonal":7,"localidad_origen_ruta_zonal":7,"longitud_ruta_zonal":5.2512078600000001,"objectid":3696,"operador_ruta_zonal":"ETIB - BO","origen_ruta_zonal":"PORTAL SUR","route_id_ruta_zonal":129,"route_name_ruta_zonal":"10-2a","tipo_operacion":"NORMAL","tipo_ruta_zonal":4,"tipo_servicio_ruta_zonal":1,"zona_destino_ruta_zonal":9,"zona_origen_ruta_zonal":9}},{"type":"Feature","id":3697,"geometry":null,"properties":{"abreviatura_destino_zona_sitp":"BBB","codigo_definitivo_ruta_zonal":"BD909","delega_ruta_zonal":1,"denominacion_ruta_zonal":"MAZUREN - VILLAS DE GRANADA","destino_ruta_zonal":"MAZURÉN","destino_zona_sitp":"USAQUEN","fecha_implementacion_ruta_zonal":"26/09/2022","globalid":"{4503058C-2649-49EC-BFF7-2C44D28BA392}","localidad_destino_ruta_zonal":11,"localidad_origen_ruta_zonal":10,"longitud_ruta_zonal":29.222569759999999,"objectid":3697,"operador_ruta_zonal":"ESTE ES MI BUS - CO","origen_ruta_zonal":"VILLAS DE GRANADA","route_id_ruta_zonal":261,"route_name_ruta_zonal":"B909-1","tipo_operacion":"NORMAL","tipo_ruta_zonal":3,"tipo_servicio_ruta_zonal":1,"zona_destino_ruta_zonal":2,"zona_origen_ruta_zonal":4}},{"type":"Feature","id":3698,"geometry":null,"properties":{"abreviatura_destino_zona_sitp":"KKK","codigo_definitivo_ruta_zonal":"KL325","delega_ruta_zonal":1,"denominacion_ruta_zonal":"LAS BRISAS - EL DORADO","destino_ruta_zonal":"EL DORADO","destino_zona_sitp":"CALLE 26","fecha_implementacion_ruta_zonal":"15/01/2023","globalid":"{45C6EC6D-B682-4813-8670-4A57A816ECD3}","localidad_destino_ruta_zonal":3,"localidad_origen_ruta_zonal":9,"longitud_ruta_zonal":25.074870229999998,"objectid":3698,"operador_ruta_zonal":"ZMO FONTIBON V","origen_ruta_zonal":"FONTIBÓN BRISAS","route_id_ruta_zonal":417,"route_name_ruta_zonal":"L325-1","tipo_operacion":"NORMAL","tipo_ruta_zonal":3,"tipo_servicio_ruta_zonal":1,"zona_destino_ruta_zonal":13,"zona_origen_ruta_zonal":6}},{"type":"Feature","id":3699,"geometry":null,"properties":{"abreviatura_destino_zona_sitp":"HHH","codigo_definitivo_ruta_zonal":"HH604","delega_ruta_zonal":1,"denominacion_ruta_zonal":"SANTO DOMINGO - EST. GRAL SANTANDER","destino_ruta_zonal":"SANTO DOMINGO","destino_zona_sitp":"USME/ CIUDAD BOLIVAR","fecha_implementacion_ruta_zonal":"5/11/2024","globalid":"{45D53CA3-DBBE-455D-BCA2-EE405722FAC8}","localidad_destino_ruta_zonal":15,"localidad_origen_ruta_zonal":19,"longitud_ruta_zonal":10.39102988,"objectid":3699,"operador_ruta_zonal":"ETIB - BO","origen_ruta_zonal":"EST. GRAL SANTANDER","route_id_ruta_zonal":670,"route_name_ruta_zonal":"H604-2","tipo_operacion":"NORMAL","tipo_ruta_zonal":3,"tipo_servicio_ruta_zonal":1,"zona_destino_ruta_zonal":10,"zona_origen_ruta_zonal":10}},{"type":"Feature","id":3701,"geometry":null,"properties":{"abreviatura_destino_zona_sitp":"ALI","codigo_definitivo_ruta_zonal":"2-5","delega_ruta_zonal":2,"denominacion_ruta_zonal":"SAN CRISTÓBAL","destino_ruta_zonal":"SAN CRISTÓBAL","destino_zona_sitp":"ALIMENTADORA","fecha_implementacion_ruta_zonal":"-","globalid":"{467D862E-CA4E-43B2-887D-92235C648551}","localidad_destino_ruta_zonal":1,"localidad_origen_ruta_zonal":1,"longitud_ruta_zonal":11.01846209,"objectid":3701,"operador_ruta_zonal":"CONSORCIO EXPRESS N","origen_ruta_zonal":"PORTAL NORTE","route_id_ruta_zonal":80,"route_name_ruta_zonal":"2-5a","tipo_operacion":"NORMAL","tipo_ruta_zonal":4,"tipo_servicio_ruta_zonal":1,"zona_destino_ruta_zonal":1,"zona_origen_ruta_zonal":1}},{"type":"Feature","id":3702,"geometry":null,"properties":{"abreviatura_destino_zona_sitp":"AAA","codigo_definitivo_ruta_zonal":"GA522","delega_ruta_zonal":1,"denominacion_ruta_zonal":"METROVIVIENDA - GERMANÍA","destino_ruta_zonal":"GERMANÍA","destino_zona_sitp":"NEUTRA","fecha_implementacion_ruta_zonal":"6/09/2021","globalid":"{47052FFF-72F8-4004-86C6-427E58FC9C3E}","localidad_destino_ruta_zonal":3,"localidad_origen_ruta_zonal":7,"longitud_ruta_zonal":25.31080321,"objectid":3702,"operador_ruta_zonal":"MASIVO CAPITAL - KE","origen_ruta_zonal":"METROVIVIENDA","route_id_ruta_zonal":337,"route_name_ruta_zonal":"A522-1","tipo_operacion":"NORMAL","tipo_ruta_zonal":3,"tipo_servicio_ruta_zonal":1,"zona_destino_ruta_zonal":0,"zona_origen_ruta_zonal":9}},{"type":"Feature","id":3703,"geometry":null,"properties":{"abreviatura_destino_zona_sitp":"COM","codigo_definitivo_ruta_zonal":"15-5","delega_ruta_zonal":1,"denominacion_ruta_zonal":"LA MARÍA","destino_ruta_zonal":"LA MARÍA","destino_zona_sitp":"COMPLEMENTARIA","fecha_implementacion_ruta_zonal":"-","globalid":"{471887F1-4339-4612-B4CD-B4E04D2E2930}","localidad_destino_ruta_zonal":4,"localidad_origen_ruta_zonal":17,"longitud_ruta_zonal":8.4595341400000006,"objectid":3703,"operador_ruta_zonal":"CONSORCIO EXPRESS D","origen_ruta_zonal":"BICENTENARIO","route_id_ruta_zonal":44,"route_name_ruta_zonal":"15-5c","tipo_operacion":"NORMAL","tipo_ruta_zonal":5,"tipo_servicio_ruta_zonal":1,"zona_destino_ruta_zonal":13,"zona_origen_ruta_zonal":13}},{"type":"Feature","id":3704,"geometry":null,"properties":{"abreviatura_destino_zona_sitp":"ALI","codigo_definitivo_ruta_zonal":"3-11","delega_ruta_zonal":2,"denominacion_ruta_zonal":"FISCALA","destino_ruta_zonal":"FISCALA","destino_zona_sitp":"ALIMENTADORA","fecha_implementacion_ruta_zonal":"-","globalid":"{47368522-F165-48FA-A488-5459D43D598A}","localidad_destino_ruta_zonal":5,"localidad_origen_ruta_zonal":5,"longitud_ruta_zonal":6.0118456399999998,"objectid":3704,"operador_ruta_zonal":"E-SOMOS ALIMENTACION","origen_ruta_zonal":"PORTAL USME","route_id_ruta_zonal":348,"route_name_ruta_zonal":"3-11a","tipo_operacion":"NORMAL","tipo_ruta_zonal":4,"tipo_servicio_ruta_zonal":1,"zona_destino_ruta_zonal":12,"zona_origen_ruta_zonal":12}},{"type":"Feature","id":3705,"geometry":null,"properties":{"abreviatura_destino_zona_sitp":"DDD","codigo_definitivo_ruta_zonal":"DG208","delega_ruta_zonal":1,"denominacion_ruta_zonal":"PUENTE DE GUADUA - METROVIVIENDA","destino_ruta_zonal":"PUENTE DE GUADUA","destino_zona_sitp":"ENGATIVA / CALLE 80","fecha_implementacion_ruta_zonal":"3/10/2022","globalid":"{479060E2-1A55-459B-BCD2-2D37861C27A5}","localidad_destino_ruta_zonal":7,"localidad_origen_ruta_zonal":10,"longitud_ruta_zonal":31.430251949999999,"objectid":3705,"operador_ruta_zonal":"EMASIVO 10","origen_ruta_zonal":"METROVIVIENDA","route_id_ruta_zonal":597,"route_name_ruta_zonal":"D208-1","tipo_operacion":"NORMAL","tipo_ruta_zonal":3,"tipo_servicio_ruta_zonal":1,"zona_destino_ruta_zonal":8,"zona_origen_ruta_zonal":4}},{"type":"Feature","id":3706,"geometry":null,"properties":{"abreviatura_destino_zona_sitp":"ALI","codigo_definitivo_ruta_zonal":"6-9","delega_ruta_zonal":2,"denominacion_ruta_zonal":"ARBORIZADORA ALTA","destino_ruta_zonal":"ARBORIZADORA ALTA","destino_zona_sitp":"ALIMENTADORA","fecha_implementacion_ruta_zonal":"-","globalid":"{47A70800-8F02-40B9-B9D3-21CB0C4F380B}","localidad_destino_ruta_zonal":19,"localidad_origen_ruta_zonal":6,"longitud_ruta_zonal":11.14105692,"objectid":3706,"operador_ruta_zonal":"SUMA - BC","origen_ruta_zonal":"PORTAL TUNAL","route_id_ruta_zonal":197,"route_name_ruta_zonal":"6-9a","tipo_operacion":"NORMAL","tipo_ruta_zonal":4,"tipo_servicio_ruta_zonal":1,"zona_destino_ruta_zonal":11,"zona_origen_ruta_zonal":11}},{"type":"Feature","id":3707,"geometry":null,"properties":{"abreviatura_destino_zona_sitp":"ESP","codigo_definitivo_ruta_zonal":"18-7","delega_ruta_zonal":1,"denominacion_ruta_zonal":"SORATAMA","destino_ruta_zonal":"SORATAMA","destino_zona_sitp":"ESPECIAL","fecha_implementacion_ruta_zonal":"12/08/2024","globalid":"{47C759A8-0997-4332-B58C-A372E5F1BB8E}","localidad_destino_ruta_zonal":1,"localidad_origen_ruta_zonal":1,"longitud_ruta_zonal":7.4332056900000003,"objectid":3707,"operador_ruta_zonal":"CONSORCIO EXPRESS N","origen_ruta_zonal":"SORATAMA","route_id_ruta_zonal":22,"route_name_ruta_zonal":"18-7e","tipo_operacion":"NORMAL","tipo_ruta_zonal":6,"tipo_servicio_ruta_zonal":1,"zona_destino_ruta_zonal":1,"zona_origen_ruta_zonal":1}},{"type":"Feature","id":3708,"geometry":null,"properties":{"abreviatura_destino_zona_sitp":"GGG","codigo_definitivo_ruta_zonal":"GA506","delega_ruta_zonal":1,"denominacion_ruta_zonal":"CATALINA II - GALERÍAS","destino_ruta_zonal":"CATALINA II","destino_zona_sitp":"BOSA","fecha_implementacion_ruta_zonal":"2/09/2024","globalid":"{48042413-1FFC-4822-98A7-2445D8A077BC}","localidad_destino_ruta_zonal":13,"localidad_origen_ruta_zonal":8,"longitud_ruta_zonal":22.780692609999999,"objectid":3708,"operador_ruta_zonal":"ETIB - BO","origen_ruta_zonal":"GALERÍAS","route_id_ruta_zonal":186,"route_name_ruta_zonal":"G506-2","tipo_operacion":"NORMAL","tipo_ruta_zonal":3,"tipo_servicio_ruta_zonal":1,"zona_destino_ruta_zonal":0,"zona_origen_ruta_zonal":9}},{"type":"Feature","id":3710,"geometry":null,"properties":{"abreviatura_destino_zona_sitp":"COL","codigo_definitivo_ruta_zonal":"T52","delega_ruta_zonal":1,"denominacion_ruta_zonal":"CALLE 167","destino_ruta_zonal":"CALLE 167","destino_zona_sitp":"COLINA","fecha_implementacion_ruta_zonal":"31/07/2017","globalid":"{49697D38-BF74-4143-9477-46B79B48B060}","localidad_destino_ruta_zonal":11,"localidad_origen_ruta_zonal":11,"longitud_ruta_zonal":5.69424522,"objectid":3710,"operador_ruta_zonal":"MASIVO CAPITAL - SO","origen_ruta_zonal":"TOBERÍN","route_id_ruta_zonal":28,"route_name_ruta_zonal":"T52","tipo_operacion":"NORMAL","tipo_ruta_zonal":3,"tipo_servicio_ruta_zonal":1,"zona_destino_ruta_zonal":2,"zona_origen_ruta_zonal":2}},{"type":"Feature","id":3711,"geometry":null,"properties":{"abreviatura_destino_zona_sitp":"BBB","codigo_definitivo_ruta_zonal":"CB144","delega_ruta_zonal":1,"denominacion_ruta_zonal":"BILBAO - CLINICA EL BOSQUE","destino_ruta_zonal":"CLINICA EL BOSQUE","destino_zona_sitp":"USAQUEN","fecha_implementacion_ruta_zonal":"20/06/2023","globalid":"{4A5254A3-3D63-47F5-A619-F06F56A61943}","localidad_destino_ruta_zonal":1,"localidad_origen_ruta_zonal":11,"longitud_ruta_zonal":14.869273099999999,"objectid":3711,"operador_ruta_zonal":"EMASIVO 16","origen_ruta_zonal":"BILBAO","route_id_ruta_zonal":322,"route_name_ruta_zonal":"B144-1","tipo_operacion":"NORMAL","tipo_ruta_zonal":3,"tipo_servicio_ruta_zonal":1,"zona_destino_ruta_zonal":1,"zona_origen_ruta_zonal":3}},{"type":"Feature","id":3712,"geometry":null,"properties":{"abreviatura_destino_zona_sitp":"HHH","codigo_definitivo_ruta_zonal":"HH622","delega_ruta_zonal":1,"denominacion_ruta_zonal":"RINCON DE VENECIA - LA FISCALA","destino_ruta_zonal":"LA FISCALA","destino_zona_sitp":"USME/ CIUDAD BOLIVAR","fecha_implementacion_ruta_zonal":"4/03/2024","globalid":"{4AEB4E2B-966C-4C40-97A7-66C51682F6C5}","localidad_destino_ruta_zonal":6,"localidad_origen_ruta_zonal":5,"longitud_ruta_zonal":11.629206140000001,"objectid":3712,"operador_ruta_zonal":"ETIB - BO","origen_ruta_zonal":"RINCON DE VENECIA","route_id_ruta_zonal":0,"route_name_ruta_zonal":"H622-2","tipo_operacion":"NORMAL","tipo_ruta_zonal":3,"tipo_servicio_ruta_zonal":1,"zona_destino_ruta_zonal":10,"zona_origen_ruta_zonal":12}},{"type":"Feature","id":3713,"geometry":null,"properties":{"abreviatura_destino_zona_sitp":"DEN","codigo_definitivo_ruta_zonal":"1-3","delega_ruta_zonal":2,"denominacion_ruta_zonal":"VILLAS DE GRANADA","destino_ruta_zonal":"VILLAS DE GRANADA","destino_zona_sitp":"CODIGO DEFINITIVO","fecha_implementacion_ruta_zonal":"-","globalid":"{4B4432C1-DA76-4006-95E0-7531F7A3C031}","localidad_destino_ruta_zonal":10,"localidad_origen_ruta_zonal":10,"longitud_ruta_zonal":5.6425916899999997,"objectid":3713,"operador_ruta_zonal":"objectid *","origen_ruta_zonal":"PORTAL 80","route_id_ruta_zonal":51,"route_name_ruta_zonal":"1-3a","tipo_operacion":"ROUTE ID","tipo_ruta_zonal":4,"tipo_servicio_ruta_zonal":1,"zona_destino_ruta_zonal":4,"zona_origen_ruta_zonal":4}},{"type":"Feature","id":3714,"geometry":null,"properties":{"abreviatura_destino_zona_sitp":"CCC","codigo_definitivo_ruta_zonal":"CG156","delega_ruta_zonal":1,"denominacion_ruta_zonal":"BILBAO - EL RECREO","destino_ruta_zonal":"BILBAO","destino_zona_sitp":"SUBA","fecha_implementacion_ruta_zonal":"19/10/2021","globalid":"{4BBCEE2D-4237-4629-884A-FF5DC805F88F}","localidad_destino_ruta_zonal":7,"localidad_origen_ruta_zonal":11,"longitud_ruta_zonal":37.75695168,"objectid":3714,"operador_ruta_zonal":"MASIVO CAPITAL - KE","origen_ruta_zonal":"EL RECREO","route_id_ruta_zonal":609,"route_name_ruta_zonal":"C156-1","tipo_operacion":"NORMAL","tipo_ruta_zonal":3,"tipo_servicio_ruta_zonal":1,"zona_destino_ruta_zonal":8,"zona_origen_ruta_zonal":3}},{"type":"Feature","id":3715,"geometry":null,"properties":{"abreviatura_destino_zona_sitp":"HHH","codigo_definitivo_ruta_zonal":"CH131","delega_ruta_zonal":1,"denominacion_ruta_zonal":"BILBAO - DIANA TURBAY","destino_ruta_zonal":"DIANA TURBAY","destino_zona_sitp":"USME/ CIUDAD BOLIVAR","fecha_implementacion_ruta_zonal":"11/09/2023","globalid":"{4BDCE63A-8ECF-464E-B59D-538D8DF4447E}","localidad_destino_ruta_zonal":18,"localidad_origen_ruta_zonal":11,"longitud_ruta_zonal":34.438306879999999,"objectid":3715,"operador_ruta_zonal":"EMASIVO 10","origen_ruta_zonal":"BILBAO","route_id_ruta_zonal":313,"route_name_ruta_zonal":"H131-1","tipo_operacion":"NORMAL","tipo_ruta_zonal":3,"tipo_servicio_ruta_zonal":1,"zona_destino_ruta_zonal":12,"zona_origen_ruta_zonal":3}},{"type":"Feature","id":3716,"geometry":null,"properties":{"abreviatura_destino_zona_sitp":"GGG","codigo_definitivo_ruta_zonal":"DG208","delega_ruta_zonal":1,"denominacion_ruta_zonal":"PUENTE DE GUADUA - METROVIVIENDA","destino_ruta_zonal":"METROVIVIENDA","destino_zona_sitp":"BOSA","fecha_implementacion_ruta_zonal":"3/10/2022","globalid":"{4C1A7049-BA06-4298-8934-662E805F248F}","localidad_destino_ruta_zonal":7,"localidad_origen_ruta_zonal":10,"longitud_ruta_zonal":30.23314835,"objectid":3716,"operador_ruta_zonal":"EMASIVO 10","origen_ruta_zonal":"PUENTE DE GUADUA","route_id_ruta_zonal":599,"route_name_ruta_zonal":"G208-2","tipo_operacion":"NORMAL","tipo_ruta_zonal":3,"tipo_servicio_ruta_zonal":1,"zona_destino_ruta_zonal":8,"zona_origen_ruta_zonal":4}},{"type":"Feature","id":3717,"geometry":null,"properties":{"abreviatura_destino_zona_sitp":"ALI","codigo_definitivo_ruta_zonal":"16-10","delega_ruta_zonal":1,"denominacion_ruta_zonal":"VILLEMAR","destino_ruta_zonal":"VILLEMAR","destino_zona_sitp":"ALIMENTADORA","fecha_implementacion_ruta_zonal":"-","globalid":"{4C34B2D0-71D6-48D1-8A32-A30FD6D7B987}","localidad_destino_ruta_zonal":9,"localidad_origen_ruta_zonal":9,"longitud_ruta_zonal":9.5069877999999992,"objectid":3717,"operador_ruta_zonal":"GRAN AMERICAS FONTIBON I","origen_ruta_zonal":"PORTAL EL DORADO","route_id_ruta_zonal":64,"route_name_ruta_zonal":"16-10a","tipo_operacion":"NORMAL","tipo_ruta_zonal":4,"tipo_servicio_ruta_zonal":1,"zona_destino_ruta_zonal":6,"zona_origen_ruta_zonal":6}},{"type":"Feature","id":3718,"geometry":null,"properties":{"abreviatura_destino_zona_sitp":"KKK","codigo_definitivo_ruta_zonal":"927","delega_ruta_zonal":1,"denominacion_ruta_zonal":"BOSA SAN JOSE - AEROPUERTO","destino_ruta_zonal":"AEROPUERTO","destino_zona_sitp":"FONTIBON","fecha_implementacion_ruta_zonal":"15/01/2023","globalid":"{4C7306C1-C1A4-476A-8040-613CC21D06AA}","localidad_destino_ruta_zonal":9,"localidad_origen_ruta_zonal":7,"longitud_ruta_zonal":41.532537489999996,"objectid":3718,"operador_ruta_zonal":"ETIB - BO","origen_ruta_zonal":"BOSA SAN JOSÉ","route_id_ruta_zonal":26,"route_name_ruta_zonal":"927-3","tipo_operacion":"NORMAL","tipo_ruta_zonal":3,"tipo_servicio_ruta_zonal":1,"zona_destino_ruta_zonal":6,"zona_origen_ruta_zonal":9}},{"type":"Feature","id":3719,"geometry":null,"properties":{"abreviatura_destino_zona_sitp":"CHA","codigo_definitivo_ruta_zonal":"19-8","delega_ruta_zonal":1,"denominacion_ruta_zonal":"LA CABRERA","destino_ruta_zonal":"LA CABRERA","destino_zona_sitp":"CHAPINERO","fecha_implementacion_ruta_zonal":"-","globalid":"{4C8B46A9-40C0-4C50-9DD4-ACE896088D00}","localidad_destino_ruta_zonal":2,"localidad_origen_ruta_zonal":2,"longitud_ruta_zonal":3.3299883299999999,"objectid":3719,"operador_ruta_zonal":"CONSORCIO EXPRESS N","origen_ruta_zonal":"CALLE 85","route_id_ruta_zonal":42,"route_name_ruta_zonal":"19-8","tipo_operacion":"NORMAL","tipo_ruta_zonal":3,"tipo_servicio_ruta_zonal":1,"zona_destino_ruta_zonal":0,"zona_origen_ruta_zonal":0}},{"type":"Feature","id":3720,"geometry":null,"properties":{"abreviatura_destino_zona_sitp":"ALI","codigo_definitivo_ruta_zonal":"16-4","delega_ruta_zonal":1,"denominacion_ruta_zonal":"EL MUELLE","destino_ruta_zonal":"EL MUELLE","destino_zona_sitp":"ALIMENTADORA","fecha_implementacion_ruta_zonal":"-","globalid":"{4DD04518-9DB5-45A7-894F-FFF3137B6CD4}","localidad_destino_ruta_zonal":10,"localidad_origen_ruta_zonal":9,"longitud_ruta_zonal":9.2409937299999996,"objectid":3720,"operador_ruta_zonal":"GMOVIL - E","origen_ruta_zonal":"PORTAL EL DORADO","route_id_ruta_zonal":424,"route_name_ruta_zonal":"16-4a","tipo_operacion":"NORMAL","tipo_ruta_zonal":4,"tipo_servicio_ruta_zonal":1,"zona_destino_ruta_zonal":5,"zona_origen_ruta_zonal":5}},{"type":"Feature","id":3722,"geometry":null,"properties":{"abreviatura_destino_zona_sitp":"BBB","codigo_definitivo_ruta_zonal":"KB326","delega_ruta_zonal":1,"denominacion_ruta_zonal":"PUERTA DE TEJA - UNICENTRO","destino_ruta_zonal":"PUERTA DE TEJA","destino_zona_sitp":"USAQUEN","fecha_implementacion_ruta_zonal":"11/05/2022","globalid":"{4E9D7479-A164-48FA-BE86-0871B5F3FA4E}","localidad_destino_ruta_zonal":1,"localidad_origen_ruta_zonal":9,"longitud_ruta_zonal":22.420801690000001,"objectid":3722,"operador_ruta_zonal":"CONSORCIO EXPRESS N","origen_ruta_zonal":"UNICENTRO","route_id_ruta_zonal":428,"route_name_ruta_zonal":"K326-2","tipo_operacion":"NORMAL","tipo_ruta_zonal":3,"tipo_servicio_ruta_zonal":1,"zona_destino_ruta_zonal":1,"zona_origen_ruta_zonal":6}},{"type":"Feature","id":3723,"geometry":null,"properties":{"abreviatura_destino_zona_sitp":"CCC","codigo_definitivo_ruta_zonal":"CC146","delega_ruta_zonal":1,"denominacion_ruta_zonal":"CASABLANCA - EST. CALLE 106","destino_ruta_zonal":"EST. CALLE 106","destino_zona_sitp":"SUBA","fecha_implementacion_ruta_zonal":"26/09/2022","globalid":"{4EA20F66-5940-49AD-AC1A-545FEF88A96F}","localidad_destino_ruta_zonal":11,"localidad_origen_ruta_zonal":11,"longitud_ruta_zonal":3.2730050800000003,"objectid":3723,"operador_ruta_zonal":"MASIVO CAPITAL - SO","origen_ruta_zonal":"CASABLANCA NORTE","route_id_ruta_zonal":294,"route_name_ruta_zonal":"CC146-3","tipo_operacion":"NORMAL","tipo_ruta_zonal":3,"tipo_servicio_ruta_zonal":1,"zona_destino_ruta_zonal":3,"zona_origen_ruta_zonal":3}},{"type":"Feature","id":3724,"geometry":null,"properties":{"abreviatura_destino_zona_sitp":"KKK","codigo_definitivo_ruta_zonal":"KL328","delega_ruta_zonal":1,"denominacion_ruta_zonal":"PUERTA DE TEJA - EST. AV 1 MAYO","destino_ruta_zonal":"EST. AV 1 DE MAYO","destino_zona_sitp":"CALLE 26","fecha_implementacion_ruta_zonal":"15/01/2023","globalid":"{4EC86759-48DF-4687-A6E3-530DF911ACED}","localidad_destino_ruta_zonal":15,"localidad_origen_ruta_zonal":9,"longitud_ruta_zonal":24.060622160000001,"objectid":3724,"operador_ruta_zonal":"ZMO FONTIBON III","origen_ruta_zonal":"PUERTA DE TEJA","route_id_ruta_zonal":430,"route_name_ruta_zonal":"L328-2","tipo_operacion":"NORMAL","tipo_ruta_zonal":3,"tipo_servicio_ruta_zonal":1,"zona_destino_ruta_zonal":13,"zona_origen_ruta_zonal":6}},{"type":"Feature","id":3726,"geometry":null,"properties":{"abreviatura_destino_zona_sitp":"COM","codigo_definitivo_ruta_zonal":"18-3","delega_ruta_zonal":1,"denominacion_ruta_zonal":"AUTONORTE EST. TERMINAL - GERMANIA","destino_ruta_zonal":"GERMANIA","destino_zona_sitp":"COMPLEMENTARIA","fecha_implementacion_ruta_zonal":"-","globalid":"{4FA6FFD5-FB6B-4226-A40C-5EC2459C1636}","localidad_destino_ruta_zonal":3,"localidad_origen_ruta_zonal":1,"longitud_ruta_zonal":47.070384310000001,"objectid":3726,"operador_ruta_zonal":"CONSORCIO EXPRESS N","origen_ruta_zonal":"AUTONORTE EST. TERMINAL","route_id_ruta_zonal":114,"route_name_ruta_zonal":"18-3c","tipo_operacion":"NORMAL","tipo_ruta_zonal":5,"tipo_servicio_ruta_zonal":1,"zona_destino_ruta_zonal":0,"zona_origen_ruta_zonal":1}},{"type":"Feature","id":3727,"geometry":null,"properties":{"abreviatura_destino_zona_sitp":"AAA","codigo_definitivo_ruta_zonal":"CA117","delega_ruta_zonal":1,"denominacion_ruta_zonal":"VILLA CINDY - CHAPINERO","destino_ruta_zonal":"CHAPINERO","destino_zona_sitp":"NEUTRA","fecha_implementacion_ruta_zonal":"23/07/2022","globalid":"{4FFB7EF1-CC01-484A-827A-9313F43EC8A9}","localidad_destino_ruta_zonal":2,"localidad_origen_ruta_zonal":11,"longitud_ruta_zonal":20.668470039999999,"objectid":3727,"operador_ruta_zonal":"MASIVO CAPITAL - SO","origen_ruta_zonal":"VILLA CINDY","route_id_ruta_zonal":468,"route_name_ruta_zonal":"A117-1","tipo_operacion":"NORMAL","tipo_ruta_zonal":3,"tipo_servicio_ruta_zonal":1,"zona_destino_ruta_zonal":0,"zona_origen_ruta_zonal":3}},{"type":"Feature","id":3728,"geometry":null,"properties":{"abreviatura_destino_zona_sitp":"ENG","codigo_definitivo_ruta_zonal":"P49","delega_ruta_zonal":1,"denominacion_ruta_zonal":"VILLA GLADYS - TERMINAL NORTE","destino_ruta_zonal":"VILLA GLADYS","destino_zona_sitp":"ENGATIVA","fecha_implementacion_ruta_zonal":"6/09/2021","globalid":"{5016AF3E-D12D-4AFB-8406-E0627C7B72AC}","localidad_destino_ruta_zonal":1,"localidad_origen_ruta_zonal":10,"longitud_ruta_zonal":28.26169548,"objectid":3728,"operador_ruta_zonal":"CONSORCIO EXPRESS N","origen_ruta_zonal":"TERMINAL NORTE","route_id_ruta_zonal":489,"route_name_ruta_zonal":"P49-2","tipo_operacion":"NORMAL","tipo_ruta_zonal":3,"tipo_servicio_ruta_zonal":1,"zona_destino_ruta_zonal":1,"zona_origen_ruta_zonal":5}},{"type":"Feature","id":3729,"geometry":null,"properties":{"abreviatura_destino_zona_sitp":"AAA","codigo_definitivo_ruta_zonal":"GA501","delega_ruta_zonal":1,"denominacion_ruta_zonal":"SAN JOSE - GERMANIA","destino_ruta_zonal":"GERMANIA","destino_zona_sitp":"NEUTRA","fecha_implementacion_ruta_zonal":"28/03/2020","globalid":"{501E043E-8C57-4F7A-BDB1-67187E115D7B}","localidad_destino_ruta_zonal":3,"localidad_origen_ruta_zonal":7,"longitud_ruta_zonal":23.848448700000002,"objectid":3729,"operador_ruta_zonal":"ETIB - BO","origen_ruta_zonal":"SAN JOSÉ","route_id_ruta_zonal":158,"route_name_ruta_zonal":"A501-1","tipo_operacion":"NORMAL","tipo_ruta_zonal":3,"tipo_servicio_ruta_zonal":1,"zona_destino_ruta_zonal":0,"zona_origen_ruta_zonal":9}},{"type":"Feature","id":3730,"geometry":null,"properties":{"abreviatura_destino_zona_sitp":"#N/","codigo_definitivo_ruta_zonal":"HL613","delega_ruta_zonal":1,"denominacion_ruta_zonal":"PERDOMO - HORACIO ORJUELA","destino_ruta_zonal":"HORACIO ORJUELA","destino_zona_sitp":"#N/D","fecha_implementacion_ruta_zonal":"26/11/2022","globalid":"{508204D5-0C51-499D-A44D-7B8F31EA2188}","localidad_destino_ruta_zonal":4,"localidad_origen_ruta_zonal":3,"longitud_ruta_zonal":19.427546979999999,"objectid":3730,"operador_ruta_zonal":"ODT LA ROLITA","origen_ruta_zonal":"PERDOMO","route_id_ruta_zonal":204,"route_name_ruta_zonal":"H613-1","tipo_operacion":"NORMAL","tipo_ruta_zonal":3,"tipo_servicio_ruta_zonal":1,"zona_destino_ruta_zonal":13,"zona_origen_ruta_zonal":10}},{"type":"Feature","id":3731,"geometry":null,"properties":{"abreviatura_destino_zona_sitp":"AAA","codigo_definitivo_ruta_zonal":"LA818","delega_ruta_zonal":1,"denominacion_ruta_zonal":"AGUAS CLARAS - GALERÍAS","destino_ruta_zonal":"GALERÍAS","destino_zona_sitp":"NEUTRA","fecha_implementacion_ruta_zonal":"1/08/2022","globalid":"{50FE932E-18AE-4043-AB81-71F6FE06B1F4}","localidad_destino_ruta_zonal":13,"localidad_origen_ruta_zonal":4,"longitud_ruta_zonal":16.149442440000001,"objectid":3731,"operador_ruta_zonal":"CONSORCIO EXPRESS D","origen_ruta_zonal":"AGUAS CLARAS","route_id_ruta_zonal":484,"route_name_ruta_zonal":"A818-1","tipo_operacion":"NORMAL","tipo_ruta_zonal":3,"tipo_servicio_ruta_zonal":1,"zona_destino_ruta_zonal":0,"zona_origen_ruta_zonal":13}},{"type":"Feature","id":3732,"geometry":null,"properties":{"abreviatura_destino_zona_sitp":"NOR","codigo_definitivo_ruta_zonal":"T163","delega_ruta_zonal":1,"denominacion_ruta_zonal":"PERDOMO - CALLE 222","destino_ruta_zonal":"CALLE 222","destino_zona_sitp":"NORTE","fecha_implementacion_ruta_zonal":"28/03/2015","globalid":"{510222AA-227B-432D-BAEB-E4846182D88B}","localidad_destino_ruta_zonal":19,"localidad_origen_ruta_zonal":11,"longitud_ruta_zonal":45.00928751,"objectid":3732,"operador_ruta_zonal":"MASIVO CAPITAL - SO","origen_ruta_zonal":"PERDOMO","route_id_ruta_zonal":63,"route_name_ruta_zonal":"T163-1","tipo_operacion":"NORMAL","tipo_ruta_zonal":3,"tipo_servicio_ruta_zonal":4,"zona_destino_ruta_zonal":10,"zona_origen_ruta_zonal":2}},{"type":"Feature","id":3733,"geometry":null,"properties":{"abreviatura_destino_zona_sitp":"LLL","codigo_definitivo_ruta_zonal":"KL328","delega_ruta_zonal":1,"denominacion_ruta_zonal":"PUERTA DE TEJA - EST. AV 1 MAYO","destino_ruta_zonal":"PUERTA DE TEJA","destino_zona_sitp":"SAN CRISTOBAL","fecha_implementacion_ruta_zonal":"15/01/2023","globalid":"{523FA719-A84A-4009-9695-35CC0036D6A2}","localidad_destino_ruta_zonal":15,"localidad_origen_ruta_zonal":9,"longitud_ruta_zonal":26.9059834,"objectid":3733,"operador_ruta_zonal":"ZMO FONTIBON III","origen_ruta_zonal":"EST. AV 1 DE MAYO","route_id_ruta_zonal":429,"route_name_ruta_zonal":"K328-1","tipo_operacion":"NORMAL","tipo_ruta_zonal":3,"tipo_servicio_ruta_zonal":1,"zona_destino_ruta_zonal":13,"zona_origen_ruta_zonal":6}},{"type":"Feature","id":3734,"geometry":null,"properties":{"abreviatura_destino_zona_sitp":"HHH","codigo_definitivo_ruta_zonal":"HG712","delega_ruta_zonal":1,"denominacion_ruta_zonal":"ALFONSO LOPEZ - BOSA LA ESTACION","destino_ruta_zonal":"ALFONSO LÓPEZ","destino_zona_sitp":"USME/ CIUDAD BOLIVAR","fecha_implementacion_ruta_zonal":"21/06/2022","globalid":"{52533EC4-6A9E-44E8-9BD3-C43A80483728}","localidad_destino_ruta_zonal":7,"localidad_origen_ruta_zonal":5,"longitud_ruta_zonal":19.887042319999999,"objectid":3734,"operador_ruta_zonal":"GRAN AMERICAS USME","origen_ruta_zonal":"BOSA LA ESTACION","route_id_ruta_zonal":449,"route_name_ruta_zonal":"H712-2","tipo_operacion":"NORMAL","tipo_ruta_zonal":3,"tipo_servicio_ruta_zonal":1,"zona_destino_ruta_zonal":9,"zona_origen_ruta_zonal":12}},{"type":"Feature","id":3735,"geometry":null,"properties":{"abreviatura_destino_zona_sitp":"KKK","codigo_definitivo_ruta_zonal":"KA305","delega_ruta_zonal":1,"denominacion_ruta_zonal":"EL RECODO - EST. CALLE 100","destino_ruta_zonal":"EL RECODO","destino_zona_sitp":"CALLE 26","fecha_implementacion_ruta_zonal":"10/07/2023","globalid":"{527CBB73-0DB7-4DAF-AF5F-5671EE525C1E}","localidad_destino_ruta_zonal":12,"localidad_origen_ruta_zonal":9,"longitud_ruta_zonal":20.293721860000002,"objectid":3735,"operador_ruta_zonal":"E-SOMOS FONTIBON","origen_ruta_zonal":"EST. CALLE 100","route_id_ruta_zonal":301,"route_name_ruta_zonal":"K305-2","tipo_operacion":"NORMAL","tipo_ruta_zonal":3,"tipo_servicio_ruta_zonal":1,"zona_destino_ruta_zonal":0,"zona_origen_ruta_zonal":6}},{"type":"Feature","id":3738,"geometry":null,"properties":{"abreviatura_destino_zona_sitp":"HHH","codigo_definitivo_ruta_zonal":"HD630","delega_ruta_zonal":1,"denominacion_ruta_zonal":"ARBORIZADORA ALTA -  MORATO","destino_ruta_zonal":"ARBORIZADORA ALTA","destino_zona_sitp":"USME/ CIUDAD BOLIVAR","fecha_implementacion_ruta_zonal":"17/04/2023","globalid":"{543B50CB-1A67-45C7-93A0-89C572FD7618}","localidad_destino_ruta_zonal":11,"localidad_origen_ruta_zonal":19,"longitud_ruta_zonal":24.431617750000001,"objectid":3738,"operador_ruta_zonal":"ODT LA ROLITA","origen_ruta_zonal":"MORATO","route_id_ruta_zonal":545,"route_name_ruta_zonal":"H630-2","tipo_operacion":"NORMAL","tipo_ruta_zonal":3,"tipo_servicio_ruta_zonal":1,"zona_destino_ruta_zonal":3,"zona_origen_ruta_zonal":11}},{"type":"Feature","id":3739,"geometry":null,"properties":{"abreviatura_destino_zona_sitp":"AAA","codigo_definitivo_ruta_zonal":"CA103","delega_ruta_zonal":1,"denominacion_ruta_zonal":"PORTALES DEL NTE - EST. CALLE 76","destino_ruta_zonal":"EST. CALLE 76","destino_zona_sitp":"NEUTRA","fecha_implementacion_ruta_zonal":"15/07/2024","globalid":"{54641926-AEDC-46F2-BE27-C657C1C55BCC}","localidad_destino_ruta_zonal":3,"localidad_origen_ruta_zonal":11,"longitud_ruta_zonal":23.453777860000002,"objectid":3739,"operador_ruta_zonal":"MASIVO CAPITAL - SO","origen_ruta_zonal":"PORTALES DEL NORTE","route_id_ruta_zonal":192,"route_name_ruta_zonal":"A103-1","tipo_operacion":"NORMAL","tipo_ruta_zonal":3,"tipo_servicio_ruta_zonal":1,"zona_destino_ruta_zonal":0,"zona_origen_ruta_zonal":2}},{"type":"Feature","id":3741,"geometry":null,"properties":{"abreviatura_destino_zona_sitp":"SUB","codigo_definitivo_ruta_zonal":"E26B","delega_ruta_zonal":1,"denominacion_ruta_zonal":"CORPAS - CANTON NORTE","destino_ruta_zonal":"CORPAS","destino_zona_sitp":"SUBA","fecha_implementacion_ruta_zonal":"27/09/2021","globalid":"{5509A8D5-4E69-4FAE-8955-0748C4D6713D}","localidad_destino_ruta_zonal":1,"localidad_origen_ruta_zonal":11,"longitud_ruta_zonal":19.407654709999999,"objectid":3741,"operador_ruta_zonal":"CONSORCIO EXPRESS N","origen_ruta_zonal":"CANTON NORTE","route_id_ruta_zonal":85,"route_name_ruta_zonal":"E26B-2","tipo_operacion":"NORMAL","tipo_ruta_zonal":3,"tipo_servicio_ruta_zonal":1,"zona_destino_ruta_zonal":1,"zona_origen_ruta_zonal":3}},{"type":"Feature","id":3742,"geometry":null,"properties":{"abreviatura_destino_zona_sitp":"0","codigo_definitivo_ruta_zonal":"FA426","delega_ruta_zonal":1,"denominacion_ruta_zonal":"EST. COMUNEROS - GALÁN","destino_ruta_zonal":"GALÁN","destino_zona_sitp":"0","fecha_implementacion_ruta_zonal":"4/07/2023","globalid":"{5547D5CD-5BF6-4F9A-8CFD-3CDF91F3A4CD}","localidad_destino_ruta_zonal":16,"localidad_origen_ruta_zonal":14,"longitud_ruta_zonal":7.21961795,"objectid":3742,"operador_ruta_zonal":"MASIVO CAPITAL - KE","origen_ruta_zonal":"EST. COMUNEROS","route_id_ruta_zonal":645,"route_name_ruta_zonal":"F426-2","tipo_operacion":"NORMAL","tipo_ruta_zonal":3,"tipo_servicio_ruta_zonal":1,"zona_destino_ruta_zonal":0,"zona_origen_ruta_zonal":8}},{"type":"Feature","id":3744,"geometry":null,"properties":{"abreviatura_destino_zona_sitp":"HHH","codigo_definitivo_ruta_zonal":"FH733","delega_ruta_zonal":1,"denominacion_ruta_zonal":"TIERRA BUENA - CERROS DE ORIENTE","destino_ruta_zonal":"CERROS DE ORIENTE","destino_zona_sitp":"USME/ CIUDAD BOLIVAR","fecha_implementacion_ruta_zonal":"22/07/2024","globalid":"{55888773-7855-46A0-ACB0-3D12D84713A8}","localidad_destino_ruta_zonal":18,"localidad_origen_ruta_zonal":8,"longitud_ruta_zonal":23.560607620000003,"objectid":3744,"operador_ruta_zonal":"MASIVO CAPITAL - KE","origen_ruta_zonal":"TIERRA BUENA","route_id_ruta_zonal":692,"route_name_ruta_zonal":"H733-2","tipo_operacion":"NORMAL","tipo_ruta_zonal":3,"tipo_servicio_ruta_zonal":1,"zona_destino_ruta_zonal":12,"zona_origen_ruta_zonal":8}},{"type":"Feature","id":3746,"geometry":null,"properties":{"abreviatura_destino_zona_sitp":"AAA","codigo_definitivo_ruta_zonal":"GA507","delega_ruta_zonal":1,"denominacion_ruta_zonal":"CHAPINERO - METROVIVIENDA","destino_ruta_zonal":"CHAPINERO","destino_zona_sitp":"NEUTRA","fecha_implementacion_ruta_zonal":"10/03/2025","globalid":"{56023F8D-300B-4C74-8CE5-EA4DD12B485A}","localidad_destino_ruta_zonal":2,"localidad_origen_ruta_zonal":7,"longitud_ruta_zonal":23.703121109999998,"objectid":3746,"operador_ruta_zonal":"MASIVO CAPITAL - KE","origen_ruta_zonal":"METROVIVIENDA","route_id_ruta_zonal":0,"route_name_ruta_zonal":"A507-1","tipo_operacion":"NORMAL","tipo_ruta_zonal":3,"tipo_servicio_ruta_zonal":1,"zona_destino_ruta_zonal":0,"zona_origen_ruta_zonal":8}},{"type":"Feature","id":3747,"geometry":null,"properties":{"abreviatura_destino_zona_sitp":"KKK","codigo_definitivo_ruta_zonal":"HK724","delega_ruta_zonal":1,"denominacion_ruta_zonal":"CIUDADELA USME - MONTEVIDEO","destino_ruta_zonal":"MONTEVIDEO","destino_zona_sitp":"CALLE 26","fecha_implementacion_ruta_zonal":"17/06/2024","globalid":"{56185A11-B95A-4230-8A3F-EA37D7F07804}","localidad_destino_ruta_zonal":5,"localidad_origen_ruta_zonal":9,"longitud_ruta_zonal":26.450053090000001,"objectid":3747,"operador_ruta_zonal":"MUEVE USME","origen_ruta_zonal":"CIUDADELA USME","route_id_ruta_zonal":506,"route_name_ruta_zonal":"K724-1","tipo_operacion":"NORMAL","tipo_ruta_zonal":3,"tipo_servicio_ruta_zonal":1,"zona_destino_ruta_zonal":12,"zona_origen_ruta_zonal":6}},{"type":"Feature","id":3748,"geometry":null,"properties":{"abreviatura_destino_zona_sitp":"CHA","codigo_definitivo_ruta_zonal":"E61","delega_ruta_zonal":1,"denominacion_ruta_zonal":"CASABLANCA - PORCIUNCULA","destino_ruta_zonal":"PORCIÚNCULA","destino_zona_sitp":"CHAPINERO","fecha_implementacion_ruta_zonal":"24/08/2013","globalid":"{5661DABB-87BA-4B34-B946-79A88B4B0578}","localidad_destino_ruta_zonal":2,"localidad_origen_ruta_zonal":11,"longitud_ruta_zonal":27.06942931,"objectid":3748,"operador_ruta_zonal":"MASIVO CAPITAL - SO","origen_ruta_zonal":"CASABLANCA","route_id_ruta_zonal":90,"route_name_ruta_zonal":"E61-3","tipo_operacion":"NORMAL","tipo_ruta_zonal":3,"tipo_servicio_ruta_zonal":1,"zona_destino_ruta_zonal":0,"zona_origen_ruta_zonal":2}},{"type":"Feature","id":3750,"geometry":null,"properties":{"abreviatura_destino_zona_sitp":"CBO","codigo_definitivo_ruta_zonal":"P44","delega_ruta_zonal":1,"denominacion_ruta_zonal":"BOSA SANTA FE - ARABIA","destino_ruta_zonal":"ARABIA","destino_zona_sitp":"CIUDAD BOLIVAR","fecha_implementacion_ruta_zonal":"31/07/2023","globalid":"{56E70CDE-7EA6-49CC-BEAD-0DC1CE96AF5B}","localidad_destino_ruta_zonal":19,"localidad_origen_ruta_zonal":7,"longitud_ruta_zonal":18.349393429999999,"objectid":3750,"operador_ruta_zonal":"SUMA - BC","origen_ruta_zonal":"BOSA SANTA FÉ","route_id_ruta_zonal":590,"route_name_ruta_zonal":"P44-1","tipo_operacion":"NORMAL","tipo_ruta_zonal":3,"tipo_servicio_ruta_zonal":1,"zona_destino_ruta_zonal":11,"zona_origen_ruta_zonal":8}},{"type":"Feature","id":3751,"geometry":null,"properties":{"abreviatura_destino_zona_sitp":"HHH","codigo_definitivo_ruta_zonal":"HK724","delega_ruta_zonal":1,"denominacion_ruta_zonal":"CIUDADELA USME - MONTEVIDEO","destino_ruta_zonal":"CIUDADELA USME","destino_zona_sitp":"USME/ CIUDAD BOLIVAR","fecha_implementacion_ruta_zonal":"17/06/2024","globalid":"{578E7167-E909-4A5F-83AF-A9B3CFBDDCDD}","localidad_destino_ruta_zonal":5,"localidad_origen_ruta_zonal":9,"longitud_ruta_zonal":24.89351929,"objectid":3751,"operador_ruta_zonal":"MUEVE USME","origen_ruta_zonal":"MONTEVIDEO","route_id_ruta_zonal":505,"route_name_ruta_zonal":"H724-2","tipo_operacion":"NORMAL","tipo_ruta_zonal":3,"tipo_servicio_ruta_zonal":1,"zona_destino_ruta_zonal":12,"zona_origen_ruta_zonal":6}},{"type":"Feature","id":3752,"geometry":null,"properties":{"abreviatura_destino_zona_sitp":"ALI","codigo_definitivo_ruta_zonal":"11-10_p","delega_ruta_zonal":2,"denominacion_ruta_zonal":"BILBAO","destino_ruta_zonal":"BILBAO","destino_zona_sitp":"ALIMENTADORA","fecha_implementacion_ruta_zonal":"-","globalid":"{57E4E6CB-C573-47A4-AD44-A38B8BB86947}","localidad_destino_ruta_zonal":11,"localidad_origen_ruta_zonal":11,"longitud_ruta_zonal":8.5388794000000008,"objectid":3752,"operador_ruta_zonal":"ESTE ES MI BUS - CO","origen_ruta_zonal":"PORTAL SUBA","route_id_ruta_zonal":642,"route_name_ruta_zonal":"11-10a_p","tipo_operacion":"NORMAL","tipo_ruta_zonal":4,"tipo_servicio_ruta_zonal":4,"zona_destino_ruta_zonal":3,"zona_origen_ruta_zonal":3}},{"type":"Feature","id":3753,"geometry":null,"properties":{"abreviatura_destino_zona_sitp":"CEN","codigo_definitivo_ruta_zonal":"579","delega_ruta_zonal":1,"denominacion_ruta_zonal":"EL RECREO - MARLY","destino_ruta_zonal":"MARLY","destino_zona_sitp":"CENTRO","fecha_implementacion_ruta_zonal":"11/05/2013","globalid":"{58A8B54F-22B7-468F-A85A-AAFEC8C53E55}","localidad_destino_ruta_zonal":3,"localidad_origen_ruta_zonal":7,"longitud_ruta_zonal":48.468669000000006,"objectid":3753,"operador_ruta_zonal":"MASIVO CAPITAL - KE","origen_ruta_zonal":"EL RECREO","route_id_ruta_zonal":621,"route_name_ruta_zonal":"579-3","tipo_operacion":"NORMAL","tipo_ruta_zonal":3,"tipo_servicio_ruta_zonal":1,"zona_destino_ruta_zonal":0,"zona_origen_ruta_zonal":8}},{"type":"Feature","id":3755,"geometry":null,"properties":{"abreviatura_destino_zona_sitp":"HHH","codigo_definitivo_ruta_zonal":"HL716","delega_ruta_zonal":1,"denominacion_ruta_zonal":"MOLINOS II - EST. 1 DE MAYO","destino_ruta_zonal":"EST. 1 DE MAYO","destino_zona_sitp":"USME/ CIUDAD BOLIVAR","fecha_implementacion_ruta_zonal":"1/08/2022","globalid":"{59112A5C-8984-4486-9810-F5BACD73A477}","localidad_destino_ruta_zonal":15,"localidad_origen_ruta_zonal":18,"longitud_ruta_zonal":6.0551358200000003,"objectid":3755,"operador_ruta_zonal":"CONSORCIO EXPRESS D","origen_ruta_zonal":"MOLINOS II","route_id_ruta_zonal":513,"route_name_ruta_zonal":"H716-1","tipo_operacion":"NORMAL","tipo_ruta_zonal":3,"tipo_servicio_ruta_zonal":1,"zona_destino_ruta_zonal":12,"zona_origen_ruta_zonal":12}},{"type":"Feature","id":3757,"geometry":null,"properties":{"abreviatura_destino_zona_sitp":"C80","codigo_definitivo_ruta_zonal":"806","delega_ruta_zonal":1,"denominacion_ruta_zonal":"PROVIDENCIA ALTA - SABANA DEL DORADO","destino_ruta_zonal":"SABANA DEL DORADO","destino_zona_sitp":"CALLE 80","fecha_implementacion_ruta_zonal":"29/01/2014","globalid":"{5A7E3886-1AEB-4639-A48C-FD6F9284181F}","localidad_destino_ruta_zonal":10,"localidad_origen_ruta_zonal":18,"longitud_ruta_zonal":30.080572020000002,"objectid":3757,"operador_ruta_zonal":"GMOVIL - E","origen_ruta_zonal":"PROVIDENCIA ALTA","route_id_ruta_zonal":493,"route_name_ruta_zonal":"806-1","tipo_operacion":"NORMAL","tipo_ruta_zonal":3,"tipo_servicio_ruta_zonal":1,"zona_destino_ruta_zonal":5,"zona_origen_ruta_zonal":12}},{"type":"Feature","id":3759,"geometry":null,"properties":{"abreviatura_destino_zona_sitp":"CHA","codigo_definitivo_ruta_zonal":"56A","delega_ruta_zonal":1,"denominacion_ruta_zonal":"ISLA DEL SOL - PORCIUNCULA","destino_ruta_zonal":"PORCIUNCULA","destino_zona_sitp":"CHAPINERO","fecha_implementacion_ruta_zonal":"13/04/2020","globalid":"{5B5CF702-6CBF-4A62-B173-8DD96B31C356}","localidad_destino_ruta_zonal":2,"localidad_origen_ruta_zonal":6,"longitud_ruta_zonal":46.058615070000002,"objectid":3759,"operador_ruta_zonal":"ETIB - BO","origen_ruta_zonal":"ISLA DEL SOL","route_id_ruta_zonal":669,"route_name_ruta_zonal":"56A-3","tipo_operacion":"NORMAL","tipo_ruta_zonal":3,"tipo_servicio_ruta_zonal":1,"zona_destino_ruta_zonal":0,"zona_origen_ruta_zonal":10}},{"type":"Feature","id":3760,"geometry":null,"properties":{"abreviatura_destino_zona_sitp":"HHH","codigo_definitivo_ruta_zonal":"HH604","delega_ruta_zonal":1,"denominacion_ruta_zonal":"SANTO DOMINGO - EST. GRAL SANTANDER","destino_ruta_zonal":"EST. GRAL SANTANDER","destino_zona_sitp":"USME/ CIUDAD BOLIVAR","fecha_implementacion_ruta_zonal":"5/11/2024","globalid":"{5B7278CB-93C5-4E33-8825-627AE8335B04}","localidad_destino_ruta_zonal":15,"localidad_origen_ruta_zonal":19,"longitud_ruta_zonal":9.8439756999999997,"objectid":3760,"operador_ruta_zonal":"ETIB - BO","origen_ruta_zonal":"SANTO DOMINGO","route_id_ruta_zonal":674,"route_name_ruta_zonal":"H604-1","tipo_operacion":"NORMAL","tipo_ruta_zonal":3,"tipo_servicio_ruta_zonal":1,"zona_destino_ruta_zonal":10,"zona_origen_ruta_zonal":10}},{"type":"Feature","id":3761,"geometry":null,"properties":{"abreviatura_destino_zona_sitp":"ALI","codigo_definitivo_ruta_zonal":"4-3","delega_ruta_zonal":2,"denominacion_ruta_zonal":"MOLINOS II","destino_ruta_zonal":"MOLINOS II","destino_zona_sitp":"ALIMENTADORA","fecha_implementacion_ruta_zonal":"-","globalid":"{5BEF683C-DB3C-40C7-9D5C-4F42ACC679C7}","localidad_destino_ruta_zonal":18,"localidad_origen_ruta_zonal":18,"longitud_ruta_zonal":6.2951945799999995,"objectid":3761,"operador_ruta_zonal":"E-SOMOS ALIMENTACION","origen_ruta_zonal":"MOLINOS","route_id_ruta_zonal":46,"route_name_ruta_zonal":"4-3a","tipo_operacion":"NORMAL","tipo_ruta_zonal":4,"tipo_servicio_ruta_zonal":1,"zona_destino_ruta_zonal":12,"zona_origen_ruta_zonal":12}},{"type":"Feature","id":3762,"geometry":null,"properties":{"abreviatura_destino_zona_sitp":"NOR","codigo_definitivo_ruta_zonal":"634","delega_ruta_zonal":1,"denominacion_ruta_zonal":"BOSA SAN DIEGO - CALLE 153","destino_ruta_zonal":"CALLE 153","destino_zona_sitp":"NORTE","fecha_implementacion_ruta_zonal":"24/02/2020","globalid":"{5C3A58A3-D1FB-412B-B14E-C5785A47E529}","localidad_destino_ruta_zonal":1,"localidad_origen_ruta_zonal":7,"longitud_ruta_zonal":32.571469229999998,"objectid":3762,"operador_ruta_zonal":"ETIB - BO","origen_ruta_zonal":"BOSA SAN DIEGO","route_id_ruta_zonal":308,"route_name_ruta_zonal":"634-1","tipo_operacion":"NORMAL","tipo_ruta_zonal":3,"tipo_servicio_ruta_zonal":1,"zona_destino_ruta_zonal":1,"zona_origen_ruta_zonal":9}},{"type":"Feature","id":3763,"geometry":null,"properties":{"abreviatura_destino_zona_sitp":"ESP","codigo_definitivo_ruta_zonal":"T08","delega_ruta_zonal":1,"denominacion_ruta_zonal":"PORTAL SUBA - TUNA ALTA","destino_ruta_zonal":"TUNA ALTA","destino_zona_sitp":"ESPECIAL","fecha_implementacion_ruta_zonal":"-","globalid":"{5CB074C1-BDE3-49F1-9818-600217931AD2}","localidad_destino_ruta_zonal":11,"localidad_origen_ruta_zonal":11,"longitud_ruta_zonal":7.1446890099999996,"objectid":3763,"operador_ruta_zonal":"MASIVO CAPITAL - SO","origen_ruta_zonal":"PORTAL SUBA","route_id_ruta_zonal":23,"route_name_ruta_zonal":"T08e","tipo_operacion":"NORMAL","tipo_ruta_zonal":6,"tipo_servicio_ruta_zonal":1,"zona_destino_ruta_zonal":3,"zona_origen_ruta_zonal":3}},{"type":"Feature","id":3764,"geometry":null,"properties":{"abreviatura_destino_zona_sitp":"BOS","codigo_definitivo_ruta_zonal":"1-5","delega_ruta_zonal":2,"denominacion_ruta_zonal":"COLSUBSIDIO","destino_ruta_zonal":"COLSUBSIDIO","destino_zona_sitp":"580","fecha_implementacion_ruta_zonal":"-","globalid":"{5CD0CD5C-CA5A-40F5-95F6-B51BE2060563}","localidad_destino_ruta_zonal":10,"localidad_origen_ruta_zonal":10,"longitud_ruta_zonal":8.021660709999999,"objectid":3764,"operador_ruta_zonal":"EMASIVO 10","origen_ruta_zonal":"PORTAL 80","route_id_ruta_zonal":52,"route_name_ruta_zonal":"1-5a","tipo_operacion":"NORMAL","tipo_ruta_zonal":4,"tipo_servicio_ruta_zonal":1,"zona_destino_ruta_zonal":4,"zona_origen_ruta_zonal":4}},{"type":"Feature","id":3765,"geometry":null,"properties":{"abreviatura_destino_zona_sitp":"CCC","codigo_definitivo_ruta_zonal":"CA103","delega_ruta_zonal":1,"denominacion_ruta_zonal":"PORTALES DEL NTE - EST. CALLE 76","destino_ruta_zonal":"PORTALES DEL NORTE","destino_zona_sitp":"SUBA","fecha_implementacion_ruta_zonal":"15/07/2024","globalid":"{5D87DE7B-9E3A-4CF3-BAC4-6D3C131EBC87}","localidad_destino_ruta_zonal":3,"localidad_origen_ruta_zonal":11,"longitud_ruta_zonal":21.643750389999997,"objectid":3765,"operador_ruta_zonal":"MASIVO CAPITAL - SO","origen_ruta_zonal":"EST. CALLE 76","route_id_ruta_zonal":193,"route_name_ruta_zonal":"C103-2","tipo_operacion":"NORMAL","tipo_ruta_zonal":3,"tipo_servicio_ruta_zonal":1,"zona_destino_ruta_zonal":0,"zona_origen_ruta_zonal":2}},{"type":"Feature","id":3766,"geometry":null,"properties":{"abreviatura_destino_zona_sitp":"AAA","codigo_definitivo_ruta_zonal":"HA704","delega_ruta_zonal":1,"denominacion_ruta_zonal":"EL UVAL - GERMANIA","destino_ruta_zonal":"GERMANÍA","destino_zona_sitp":"NEUTRA","fecha_implementacion_ruta_zonal":"16/01/2021","globalid":"{5DD4D702-81CD-4DCD-A381-2DE28AB7CA09}","localidad_destino_ruta_zonal":3,"localidad_origen_ruta_zonal":5,"longitud_ruta_zonal":23.828000920000001,"objectid":3766,"operador_ruta_zonal":"GRAN AMERICAS USME","origen_ruta_zonal":"EL UVAL","route_id_ruta_zonal":210,"route_name_ruta_zonal":"A704-1","tipo_operacion":"NORMAL","tipo_ruta_zonal":3,"tipo_servicio_ruta_zonal":1,"zona_destino_ruta_zonal":0,"zona_origen_ruta_zonal":12}},{"type":"Feature","id":3767,"geometry":null,"properties":{"abreviatura_destino_zona_sitp":"USA","codigo_definitivo_ruta_zonal":"C25","delega_ruta_zonal":1,"denominacion_ruta_zonal":"SABANA DEL DORADO - UNICENTRO","destino_ruta_zonal":"UNICENTRO","destino_zona_sitp":"USAQUEN","fecha_implementacion_ruta_zonal":"31/08/2020","globalid":"{5E832C1A-984C-4A98-AF00-AA6F7FDB1746}","localidad_destino_ruta_zonal":1,"localidad_origen_ruta_zonal":10,"longitud_ruta_zonal":19.41180812,"objectid":3767,"operador_ruta_zonal":"CONSORCIO EXPRESS N-GMOVIL","origen_ruta_zonal":"SABANA DEL DORADO","route_id_ruta_zonal":176,"route_name_ruta_zonal":"C25-1","tipo_operacion":"NORMAL","tipo_ruta_zonal":3,"tipo_servicio_ruta_zonal":1,"zona_destino_ruta_zonal":1,"zona_origen_ruta_zonal":5}},{"type":"Feature","id":3768,"geometry":null,"properties":{"abreviatura_destino_zona_sitp":"ALI","codigo_definitivo_ruta_zonal":"6-1","delega_ruta_zonal":2,"denominacion_ruta_zonal":"CANDELARIA","destino_ruta_zonal":"CANDELARIA","destino_zona_sitp":"ALIMENTADORA","fecha_implementacion_ruta_zonal":"-","globalid":"{5EB82FFD-4F5E-4D32-B7EA-5EE1C646EA0E}","localidad_destino_ruta_zonal":19,"localidad_origen_ruta_zonal":6,"longitud_ruta_zonal":6.8292211300000005,"objectid":3768,"operador_ruta_zonal":"SUMA - BC","origen_ruta_zonal":"PORTAL TUNAL","route_id_ruta_zonal":144,"route_name_ruta_zonal":"6-1a","tipo_operacion":"NORMAL","tipo_ruta_zonal":4,"tipo_servicio_ruta_zonal":1,"zona_destino_ruta_zonal":10,"zona_origen_ruta_zonal":11}},{"type":"Feature","id":3770,"geometry":null,"properties":{"abreviatura_destino_zona_sitp":"ALI","codigo_definitivo_ruta_zonal":"1-10","delega_ruta_zonal":2,"denominacion_ruta_zonal":"BOLIVIA BOCHICA II","destino_ruta_zonal":"BOLIVIA BOCHICA II","destino_zona_sitp":"ALIMENTADORA","fecha_implementacion_ruta_zonal":"5/11/2024","globalid":"{5EE6B2BE-079A-4F5C-A565-E9AD2C8D684B}","localidad_destino_ruta_zonal":10,"localidad_origen_ruta_zonal":10,"longitud_ruta_zonal":4.0492905299999995,"objectid":3770,"operador_ruta_zonal":"ESTE ES MI BUS - CO","origen_ruta_zonal":"PORTAL 80","route_id_ruta_zonal":30,"route_name_ruta_zonal":"1-10a","tipo_operacion":"NORMAL","tipo_ruta_zonal":4,"tipo_servicio_ruta_zonal":1,"zona_destino_ruta_zonal":4,"zona_origen_ruta_zonal":4}},{"type":"Feature","id":3771,"geometry":null,"properties":{"abreviatura_destino_zona_sitp":"HHH","codigo_definitivo_ruta_zonal":"KH317","delega_ruta_zonal":1,"denominacion_ruta_zonal":"AEROPUERTO - TUNAL","destino_ruta_zonal":"TUNAL","destino_zona_sitp":"USME/ CIUDAD BOLIVAR","fecha_implementacion_ruta_zonal":"11/05/2022","globalid":"{5F49565D-95B5-4A43-8DD9-E75E052535FA}","localidad_destino_ruta_zonal":9,"localidad_origen_ruta_zonal":18,"longitud_ruta_zonal":22.797705479999998,"objectid":3771,"operador_ruta_zonal":"E-SOMOS FONTIBON","origen_ruta_zonal":"AEROPUERTO","route_id_ruta_zonal":434,"route_name_ruta_zonal":"H317-2","tipo_operacion":"NORMAL","tipo_ruta_zonal":3,"tipo_servicio_ruta_zonal":1,"zona_destino_ruta_zonal":6,"zona_origen_ruta_zonal":11}},{"type":"Feature","id":3772,"geometry":null,"properties":{"abreviatura_destino_zona_sitp":"AAA","codigo_definitivo_ruta_zonal":"HA610","delega_ruta_zonal":1,"denominacion_ruta_zonal":"PARAÍSO - CHICÓ NORTE","destino_ruta_zonal":"CHICÓ NORTE","destino_zona_sitp":"NEUTRA","fecha_implementacion_ruta_zonal":"9/11/2020","globalid":"{5FA8FEAF-EB0D-4C93-ACF8-BEA0918E2099}","localidad_destino_ruta_zonal":2,"localidad_origen_ruta_zonal":19,"longitud_ruta_zonal":28.855726600000001,"objectid":3772,"operador_ruta_zonal":"SUMA - BC","origen_ruta_zonal":"PARAÍSO","route_id_ruta_zonal":384,"route_name_ruta_zonal":"A610-1","tipo_operacion":"NORMAL","tipo_ruta_zonal":3,"tipo_servicio_ruta_zonal":1,"zona_destino_ruta_zonal":1,"zona_origen_ruta_zonal":11}},{"type":"Feature","id":3773,"geometry":null,"properties":{"abreviatura_destino_zona_sitp":"AAA","codigo_definitivo_ruta_zonal":"LA805","delega_ruta_zonal":1,"denominacion_ruta_zonal":"GAVIOTAS - SIETE DE AGOSTO","destino_ruta_zonal":"SIETE DE AGOSTO","destino_zona_sitp":"NEUTRA","fecha_implementacion_ruta_zonal":"23/10/2023","globalid":"{6079F865-95E7-46BD-9306-B283FDEA4854}","localidad_destino_ruta_zonal":12,"localidad_origen_ruta_zonal":4,"longitud_ruta_zonal":20.573710119999998,"objectid":3773,"operador_ruta_zonal":"CONSORCIO EXPRESS D","origen_ruta_zonal":"GAVIOTAS","route_id_ruta_zonal":236,"route_name_ruta_zonal":"A805-1","tipo_operacion":"NORMAL","tipo_ruta_zonal":3,"tipo_servicio_ruta_zonal":1,"zona_destino_ruta_zonal":0,"zona_origen_ruta_zonal":13}},{"type":"Feature","id":3774,"geometry":null,"properties":{"abreviatura_destino_zona_sitp":"BOS","codigo_definitivo_ruta_zonal":"117","delega_ruta_zonal":1,"denominacion_ruta_zonal":"SAN BERNARDINO - LIBERTADORES","destino_ruta_zonal":"SAN BERNARDINO","destino_zona_sitp":"BOSA","fecha_implementacion_ruta_zonal":"31/01/2014","globalid":"{607FD679-2761-4C38-8E48-8AB76F1E048E}","localidad_destino_ruta_zonal":4,"localidad_origen_ruta_zonal":7,"longitud_ruta_zonal":27.77002925,"objectid":3774,"operador_ruta_zonal":"ETIB - BO","origen_ruta_zonal":"LIBERTADORES","route_id_ruta_zonal":579,"route_name_ruta_zonal":"117-1","tipo_operacion":"NORMAL","tipo_ruta_zonal":3,"tipo_servicio_ruta_zonal":1,"zona_destino_ruta_zonal":13,"zona_origen_ruta_zonal":9}},{"type":"Feature","id":3775,"geometry":null,"properties":{"abreviatura_destino_zona_sitp":"#N/","codigo_definitivo_ruta_zonal":"SanMateo","delega_ruta_zonal":1,"denominacion_ruta_zonal":"SAN MATEO - PORTAL SUR","destino_ruta_zonal":"SAN MATEO","destino_zona_sitp":"#N/D","fecha_implementacion_ruta_zonal":"-","globalid":"{60C8E86D-2F13-4565-93DB-E7521D99A9E7}","localidad_destino_ruta_zonal":21,"localidad_origen_ruta_zonal":21,"longitud_ruta_zonal":7.4839601600000005,"objectid":3775,"operador_ruta_zonal":"ETIB - BO","origen_ruta_zonal":"PORTAL SUR","route_id_ruta_zonal":524,"route_name_ruta_zonal":"SanMateo","tipo_operacion":"NORMAL","tipo_ruta_zonal":4,"tipo_servicio_ruta_zonal":1,"zona_destino_ruta_zonal":14,"zona_origen_ruta_zonal":14}},{"type":"Feature","id":3776,"geometry":null,"properties":{"abreviatura_destino_zona_sitp":"USA","codigo_definitivo_ruta_zonal":"E17","delega_ruta_zonal":1,"denominacion_ruta_zonal":"VILLA GLORIA - CHICO","destino_ruta_zonal":"CHICÓ","destino_zona_sitp":"USAQUEN","fecha_implementacion_ruta_zonal":"23/07/2022","globalid":"{6233B2C1-0875-4060-B8C9-68A07D33687C}","localidad_destino_ruta_zonal":1,"localidad_origen_ruta_zonal":11,"longitud_ruta_zonal":33.424461870000002,"objectid":3776,"operador_ruta_zonal":"CONSORCIO EXPRESS N","origen_ruta_zonal":"VILLA GLORIA","route_id_ruta_zonal":470,"route_name_ruta_zonal":"E17-3","tipo_operacion":"NORMAL","tipo_ruta_zonal":3,"tipo_servicio_ruta_zonal":1,"zona_destino_ruta_zonal":1,"zona_origen_ruta_zonal":3}},{"type":"Feature","id":3777,"geometry":null,"properties":{"abreviatura_destino_zona_sitp":"CEN","codigo_definitivo_ruta_zonal":"T40","delega_ruta_zonal":1,"denominacion_ruta_zonal":"CATALINA II - MARLY","destino_ruta_zonal":"MARLY","destino_zona_sitp":"CENTRO","fecha_implementacion_ruta_zonal":"30/06/2015","globalid":"{62A7E4DB-AF83-435F-A71D-B457093BB1AA}","localidad_destino_ruta_zonal":2,"localidad_origen_ruta_zonal":8,"longitud_ruta_zonal":40.405108009999999,"objectid":3777,"operador_ruta_zonal":"ETIB - BO","origen_ruta_zonal":"CATALINA II","route_id_ruta_zonal":216,"route_name_ruta_zonal":"T40-3","tipo_operacion":"NORMAL","tipo_ruta_zonal":3,"tipo_servicio_ruta_zonal":1,"zona_destino_ruta_zonal":0,"zona_origen_ruta_zonal":9}},{"type":"Feature","id":3778,"geometry":null,"properties":{"abreviatura_destino_zona_sitp":"#N/","codigo_definitivo_ruta_zonal":"CB100","delega_ruta_zonal":1,"denominacion_ruta_zonal":"EST. ALCALA - CASABLANCA","destino_ruta_zonal":"CASABLANCA","destino_zona_sitp":"#N/D","fecha_implementacion_ruta_zonal":"18/05/2020","globalid":"{62A8B54B-17B5-42E1-B7B8-C95B8B9D9E0F}","localidad_destino_ruta_zonal":11,"localidad_origen_ruta_zonal":11,"longitud_ruta_zonal":8.7568421900000004,"objectid":3778,"operador_ruta_zonal":"MASIVO CAPITAL - SO","origen_ruta_zonal":"EST. ALCALA","route_id_ruta_zonal":167,"route_name_ruta_zonal":"BC100-3","tipo_operacion":"NORMAL","tipo_ruta_zonal":3,"tipo_servicio_ruta_zonal":1,"zona_destino_ruta_zonal":2,"zona_origen_ruta_zonal":2}},{"type":"Feature","id":3779,"geometry":null,"properties":{"abreviatura_destino_zona_sitp":"AAA","codigo_definitivo_ruta_zonal":"KA302","delega_ruta_zonal":1,"denominacion_ruta_zonal":"EL RECODO - CENTRO","destino_ruta_zonal":"CENTRO","destino_zona_sitp":"NEUTRA","fecha_implementacion_ruta_zonal":"5/11/2024","globalid":"{630B43A9-0B17-4CDB-9F22-0BF0D61C512F}","localidad_destino_ruta_zonal":3,"localidad_origen_ruta_zonal":9,"longitud_ruta_zonal":23.189557109999999,"objectid":3779,"operador_ruta_zonal":"E-SOMOS FONTIBON","origen_ruta_zonal":"EL RECODO","route_id_ruta_zonal":202,"route_name_ruta_zonal":"A302-1","tipo_operacion":"NORMAL","tipo_ruta_zonal":3,"tipo_servicio_ruta_zonal":1,"zona_destino_ruta_zonal":0,"zona_origen_ruta_zonal":6}},{"type":"Feature","id":3780,"geometry":null,"properties":{"abreviatura_destino_zona_sitp":"FER","codigo_definitivo_ruta_zonal":"359","delega_ruta_zonal":1,"denominacion_ruta_zonal":"ZN. IN ALAMOS - GERMANIA","destino_ruta_zonal":"ZN. IN ALAMOS","destino_zona_sitp":"FERIAS","fecha_implementacion_ruta_zonal":"26/10/2013","globalid":"{637898AF-9E29-4CF2-B2C2-355D930B15CF}","localidad_destino_ruta_zonal":3,"localidad_origen_ruta_zonal":10,"longitud_ruta_zonal":19.97398433,"objectid":3780,"operador_ruta_zonal":"GMOVIL - E","origen_ruta_zonal":"GERMANIA","route_id_ruta_zonal":38,"route_name_ruta_zonal":"359-1","tipo_operacion":"NORMAL","tipo_ruta_zonal":3,"tipo_servicio_ruta_zonal":1,"zona_destino_ruta_zonal":0,"zona_origen_ruta_zonal":5}},{"type":"Feature","id":3782,"geometry":null,"properties":{"abreviatura_destino_zona_sitp":"AAA","codigo_definitivo_ruta_zonal":"CA129","delega_ruta_zonal":1,"denominacion_ruta_zonal":"BILBAO - GERMANÍA","destino_ruta_zonal":"GERMANÍA","destino_zona_sitp":"NEUTRA","fecha_implementacion_ruta_zonal":"29/01/2024","globalid":"{6402980E-593A-4615-ADFC-770E54AA5FB6}","localidad_destino_ruta_zonal":3,"localidad_origen_ruta_zonal":11,"longitud_ruta_zonal":26.419723680000001,"objectid":3782,"operador_ruta_zonal":"EMASIVO 10","origen_ruta_zonal":"BILBAO","route_id_ruta_zonal":292,"route_name_ruta_zonal":"A129-1","tipo_operacion":"NORMAL","tipo_ruta_zonal":3,"tipo_servicio_ruta_zonal":1,"zona_destino_ruta_zonal":0,"zona_origen_ruta_zonal":3}},{"type":"Feature","id":3783,"geometry":null,"properties":{"abreviatura_destino_zona_sitp":"KKK","codigo_definitivo_ruta_zonal":"KC315","delega_ruta_zonal":1,"denominacion_ruta_zonal":"PUENTE GRANDE - SUBA LISBOA","destino_ruta_zonal":"PUENTE GRANDE","destino_zona_sitp":"CALLE 26","fecha_implementacion_ruta_zonal":"24/02/2025","globalid":"{6501B74C-2469-42BA-AB96-4E8BBA01344B}","localidad_destino_ruta_zonal":11,"localidad_origen_ruta_zonal":9,"longitud_ruta_zonal":27.551526030000002,"objectid":3783,"operador_ruta_zonal":"GRAN AMERICAS FONTIBON I","origen_ruta_zonal":"SUBA LISBOA","route_id_ruta_zonal":365,"route_name_ruta_zonal":"K315-2","tipo_operacion":"NORMAL","tipo_ruta_zonal":3,"tipo_servicio_ruta_zonal":1,"zona_destino_ruta_zonal":3,"zona_origen_ruta_zonal":6}},{"type":"Feature","id":3785,"geometry":null,"properties":{"abreviatura_destino_zona_sitp":"AAA","codigo_definitivo_ruta_zonal":"KA319","delega_ruta_zonal":1,"denominacion_ruta_zonal":"FONTIBON BRISAS - CENTRO ANDINO","destino_ruta_zonal":"CENTRO ANDINO","destino_zona_sitp":"NEUTRA","fecha_implementacion_ruta_zonal":"23/09/2024","globalid":"{6539F45B-5727-4F02-A359-658604CF0F9F}","localidad_destino_ruta_zonal":2,"localidad_origen_ruta_zonal":9,"longitud_ruta_zonal":22.77054974,"objectid":3785,"operador_ruta_zonal":"MUEVE FONTIBON","origen_ruta_zonal":"FONTIBÓN BRISAS","route_id_ruta_zonal":396,"route_name_ruta_zonal":"A319-1","tipo_operacion":"NORMAL","tipo_ruta_zonal":3,"tipo_servicio_ruta_zonal":1,"zona_destino_ruta_zonal":0,"zona_origen_ruta_zonal":6}},{"type":"Feature","id":3787,"geometry":null,"properties":{"abreviatura_destino_zona_sitp":"HHH","codigo_definitivo_ruta_zonal":"BH907","delega_ruta_zonal":1,"denominacion_ruta_zonal":"TERMINAL NORTE - USME CENTRO","destino_ruta_zonal":"USME CENTRO","destino_zona_sitp":"USME/ CIUDAD BOLIVAR","fecha_implementacion_ruta_zonal":"12/04/2021","globalid":"{65574E3E-8374-4091-9A40-1A8ECDF35969}","localidad_destino_ruta_zonal":5,"localidad_origen_ruta_zonal":1,"longitud_ruta_zonal":42.14468179,"objectid":3787,"operador_ruta_zonal":"CONSORCIO EXPRESS N","origen_ruta_zonal":"TERMINAL NORTE","route_id_ruta_zonal":252,"route_name_ruta_zonal":"H907-1","tipo_operacion":"NORMAL","tipo_ruta_zonal":3,"tipo_servicio_ruta_zonal":1,"zona_destino_ruta_zonal":12,"zona_origen_ruta_zonal":1}},{"type":"Feature","id":3788,"geometry":null,"properties":{"abreviatura_destino_zona_sitp":"LLL","codigo_definitivo_ruta_zonal":"HL602","delega_ruta_zonal":1,"denominacion_ruta_zonal":"GALICIA - LOS LACHES","destino_ruta_zonal":"LOS LACHES","destino_zona_sitp":"SAN CRISTOBAL","fecha_implementacion_ruta_zonal":"5/08/2024","globalid":"{65B3C156-EA2A-4D81-AA2D-3C6B101F93F3}","localidad_destino_ruta_zonal":4,"localidad_origen_ruta_zonal":19,"longitud_ruta_zonal":26.705005619999998,"objectid":3788,"operador_ruta_zonal":"ETIB - BO","origen_ruta_zonal":"GALICIA","route_id_ruta_zonal":634,"route_name_ruta_zonal":"L602-1","tipo_operacion":"NORMAL","tipo_ruta_zonal":3,"tipo_servicio_ruta_zonal":1,"zona_destino_ruta_zonal":13,"zona_origen_ruta_zonal":10}},{"type":"Feature","id":3789,"geometry":null,"properties":{"abreviatura_destino_zona_sitp":"CEN","codigo_definitivo_ruta_zonal":"T43A","delega_ruta_zonal":1,"denominacion_ruta_zonal":"MUSEO NACIONAL - GAVIOTAS","destino_ruta_zonal":"MUSEO NACIONAL","destino_zona_sitp":"CENTRO","fecha_implementacion_ruta_zonal":"18/07/2022","globalid":"{65DEA357-224B-4871-AA7B-6A1E9139F79F}","localidad_destino_ruta_zonal":3,"localidad_origen_ruta_zonal":4,"longitud_ruta_zonal":29.20900314,"objectid":3789,"operador_ruta_zonal":"CONSORCIO EXPRESS D","origen_ruta_zonal":"GAVIOTAS","route_id_ruta_zonal":465,"route_name_ruta_zonal":"T43A-3","tipo_operacion":"NORMAL","tipo_ruta_zonal":3,"tipo_servicio_ruta_zonal":1,"zona_destino_ruta_zonal":0,"zona_origen_ruta_zonal":13}},{"type":"Feature","id":3790,"geometry":null,"properties":{"abreviatura_destino_zona_sitp":"PER","codigo_definitivo_ruta_zonal":"TC14","delega_ruta_zonal":1,"denominacion_ruta_zonal":"NUEVA ROMA - PORTAL SUR","destino_ruta_zonal":"NUEVA ROMA","destino_zona_sitp":"PERDOMO","fecha_implementacion_ruta_zonal":"18/11/2024","globalid":"{65F320BA-84F1-479C-B311-0BDF89DD6315}","localidad_destino_ruta_zonal":8,"localidad_origen_ruta_zonal":7,"longitud_ruta_zonal":10.016142289999999,"objectid":3790,"operador_ruta_zonal":"ETIB - BO","origen_ruta_zonal":"PORTAL SUR","route_id_ruta_zonal":163,"route_name_ruta_zonal":"TC14-3","tipo_operacion":"NORMAL","tipo_ruta_zonal":3,"tipo_servicio_ruta_zonal":1,"zona_destino_ruta_zonal":9,"zona_origen_ruta_zonal":9}},{"type":"Feature","id":3792,"geometry":null,"properties":{"abreviatura_destino_zona_sitp":"COM","codigo_definitivo_ruta_zonal":"19-6","delega_ruta_zonal":1,"denominacion_ruta_zonal":"CEDRITOS","destino_ruta_zonal":"CEDRITOS","destino_zona_sitp":"COMPLEMENTARIA","fecha_implementacion_ruta_zonal":"-","globalid":"{6618450A-1020-4E21-AEEA-581852CF9336}","localidad_destino_ruta_zonal":1,"localidad_origen_ruta_zonal":1,"longitud_ruta_zonal":7.7789950299999999,"objectid":3792,"operador_ruta_zonal":"CONSORCIO EXPRESS N","origen_ruta_zonal":"CALLE 142","route_id_ruta_zonal":41,"route_name_ruta_zonal":"19-6c","tipo_operacion":"NORMAL","tipo_ruta_zonal":5,"tipo_servicio_ruta_zonal":1,"zona_destino_ruta_zonal":1,"zona_origen_ruta_zonal":1}},{"type":"Feature","id":3794,"geometry":null,"properties":{"abreviatura_destino_zona_sitp":"AAA","codigo_definitivo_ruta_zonal":"GA541","delega_ruta_zonal":1,"denominacion_ruta_zonal":"BOSA CENTRO - CHAPINERO","destino_ruta_zonal":"CHAPINERO","destino_zona_sitp":"NEUTRA","fecha_implementacion_ruta_zonal":"18/03/2024","globalid":"{6730D028-1642-4B69-A8DD-CE93F813D5E5}","localidad_destino_ruta_zonal":13,"localidad_origen_ruta_zonal":8,"longitud_ruta_zonal":22.979343679999999,"objectid":3794,"operador_ruta_zonal":"ETIB - BO","origen_ruta_zonal":"BOSA CENTRO","route_id_ruta_zonal":680,"route_name_ruta_zonal":"A541-1","tipo_operacion":"NORMAL","tipo_ruta_zonal":3,"tipo_servicio_ruta_zonal":1,"zona_destino_ruta_zonal":0,"zona_origen_ruta_zonal":9}},{"type":"Feature","id":3798,"geometry":null,"properties":{"abreviatura_destino_zona_sitp":"AAA","codigo_definitivo_ruta_zonal":"DA203","delega_ruta_zonal":1,"denominacion_ruta_zonal":"BACHUÉ - CHICÓ NORTE","destino_ruta_zonal":"CHICÓ NORTE","destino_zona_sitp":"NEUTRA","fecha_implementacion_ruta_zonal":"28/09/2020","globalid":"{67D130AD-9BA4-4D89-982E-A0773F593ECE}","localidad_destino_ruta_zonal":2,"localidad_origen_ruta_zonal":10,"longitud_ruta_zonal":14.751715819999999,"objectid":3798,"operador_ruta_zonal":"ESTE ES MI BUS - CO","origen_ruta_zonal":"BACHUÉ","route_id_ruta_zonal":184,"route_name_ruta_zonal":"A203-2","tipo_operacion":"NORMAL","tipo_ruta_zonal":3,"tipo_servicio_ruta_zonal":1,"zona_destino_ruta_zonal":0,"zona_origen_ruta_zonal":4}},{"type":"Feature","id":3800,"geometry":null,"properties":{"abreviatura_destino_zona_sitp":"FFF","codigo_definitivo_ruta_zonal":"GF512","delega_ruta_zonal":1,"denominacion_ruta_zonal":"PARQUES DE BOGOTA - PORTAL AMERICAS","destino_ruta_zonal":"PORTAL AMÉRICAS","destino_zona_sitp":"AMERICAS","fecha_implementacion_ruta_zonal":"23/03/2021","globalid":"{68954F68-06F7-4AE1-9D2E-AA738D06E6DF}","localidad_destino_ruta_zonal":8,"localidad_origen_ruta_zonal":7,"longitud_ruta_zonal":6.0619247499999993,"objectid":3800,"operador_ruta_zonal":"MASIVO CAPITAL - KE","origen_ruta_zonal":"PARQUES DE BOGOTA","route_id_ruta_zonal":618,"route_name_ruta_zonal":"F512-1","tipo_operacion":"NORMAL","tipo_ruta_zonal":3,"tipo_servicio_ruta_zonal":1,"zona_destino_ruta_zonal":8,"zona_origen_ruta_zonal":9}},{"type":"Feature","id":3802,"geometry":null,"properties":{"abreviatura_destino_zona_sitp":"ALI","codigo_definitivo_ruta_zonal":"8-1","delega_ruta_zonal":2,"denominacion_ruta_zonal":"KENNEDY CENTRAL","destino_ruta_zonal":"KENNEDY CENTRAL","destino_zona_sitp":"ALIMENTADORA","fecha_implementacion_ruta_zonal":"-","globalid":"{694D47BB-F3AB-48EC-B4A0-0D3091A71208}","localidad_destino_ruta_zonal":8,"localidad_origen_ruta_zonal":8,"longitud_ruta_zonal":4.6937116699999999,"objectid":3802,"operador_ruta_zonal":"MASIVO CAPITAL - KE","origen_ruta_zonal":"BANDERAS","route_id_ruta_zonal":147,"route_name_ruta_zonal":"8-1a","tipo_operacion":"NORMAL","tipo_ruta_zonal":4,"tipo_servicio_ruta_zonal":1,"zona_destino_ruta_zonal":8,"zona_origen_ruta_zonal":8}},{"type":"Feature","id":3803,"geometry":null,"properties":{"abreviatura_destino_zona_sitp":"SCR","codigo_definitivo_ruta_zonal":"13-8","delega_ruta_zonal":1,"denominacion_ruta_zonal":"PORTAL 20 DE JULIO - ALTAMIRA","destino_ruta_zonal":"ALTAMIRA","destino_zona_sitp":"SAN CRISTOBAL","fecha_implementacion_ruta_zonal":"29/11/2021","globalid":"{69A71B40-DD17-4961-B3DC-55A4B7DA6E2D}","localidad_destino_ruta_zonal":4,"localidad_origen_ruta_zonal":4,"longitud_ruta_zonal":10.927227029999999,"objectid":3803,"operador_ruta_zonal":"CONSORCIO EXPRESS D","origen_ruta_zonal":"PORTAL 20 JULIO","route_id_ruta_zonal":370,"route_name_ruta_zonal":"13-8","tipo_operacion":"NORMAL","tipo_ruta_zonal":3,"tipo_servicio_ruta_zonal":1,"zona_destino_ruta_zonal":13,"zona_origen_ruta_zonal":13}},{"type":"Feature","id":3805,"geometry":null,"properties":{"abreviatura_destino_zona_sitp":"AAA","codigo_definitivo_ruta_zonal":"KA334","delega_ruta_zonal":1,"denominacion_ruta_zonal":"FONTIBÓN VERSALLES - LA PORCIÚNCULA","destino_ruta_zonal":"LA PORCIÚNCULA","destino_zona_sitp":"NEUTRA","fecha_implementacion_ruta_zonal":"4/06/2024","globalid":"{6AC84173-58DF-4B3C-8A8C-8468120F6D88}","localidad_destino_ruta_zonal":2,"localidad_origen_ruta_zonal":9,"longitud_ruta_zonal":23.121601170000002,"objectid":3805,"operador_ruta_zonal":"E-SOMOS FONTIBON","origen_ruta_zonal":"FONTIBÓN VERSALLES","route_id_ruta_zonal":458,"route_name_ruta_zonal":"A334-1","tipo_operacion":"NORMAL","tipo_ruta_zonal":3,"tipo_servicio_ruta_zonal":1,"zona_destino_ruta_zonal":0,"zona_origen_ruta_zonal":6}},{"type":"Feature","id":3806,"geometry":null,"properties":{"abreviatura_destino_zona_sitp":"BBB","codigo_definitivo_ruta_zonal":"HB609","delega_ruta_zonal":1,"denominacion_ruta_zonal":"ARBORIZADORA ALTA - UNICENTRO","destino_ruta_zonal":"UNICENTRO","destino_zona_sitp":"USAQUEN","fecha_implementacion_ruta_zonal":"20/11/2023","globalid":"{6AEAD728-AD6E-422D-B161-A90C3D16F197}","localidad_destino_ruta_zonal":1,"localidad_origen_ruta_zonal":19,"longitud_ruta_zonal":30.361471599999998,"objectid":3806,"operador_ruta_zonal":"SUMA - BC","origen_ruta_zonal":"ARBORIZADORA ALTA","route_id_ruta_zonal":230,"route_name_ruta_zonal":"B609-1","tipo_operacion":"NORMAL","tipo_ruta_zonal":3,"tipo_servicio_ruta_zonal":1,"zona_destino_ruta_zonal":1,"zona_origen_ruta_zonal":11}},{"type":"Feature","id":3808,"geometry":null,"properties":{"abreviatura_destino_zona_sitp":"ALI","codigo_definitivo_ruta_zonal":"10-3C","delega_ruta_zonal":2,"denominacion_ruta_zonal":"ALAMEDA","destino_ruta_zonal":"ALAMEDA","destino_zona_sitp":"ALIMENTADORA","fecha_implementacion_ruta_zonal":"-","globalid":"{6B265785-DAAF-4BFE-8E45-30B82D8674AD}","localidad_destino_ruta_zonal":7,"localidad_origen_ruta_zonal":7,"longitud_ruta_zonal":8.5849576799999987,"objectid":3808,"operador_ruta_zonal":"ETIB - BO","origen_ruta_zonal":"PORTAL SUR","route_id_ruta_zonal":92,"route_name_ruta_zonal":"10-3C","tipo_operacion":"NORMAL","tipo_ruta_zonal":4,"tipo_servicio_ruta_zonal":1,"zona_destino_ruta_zonal":9,"zona_origen_ruta_zonal":9}},{"type":"Feature","id":3809,"geometry":null,"properties":{"abreviatura_destino_zona_sitp":"HHH","codigo_definitivo_ruta_zonal":"GH543","delega_ruta_zonal":1,"denominacion_ruta_zonal":"TIMIZA - EST G. SANTANDER","destino_ruta_zonal":"GRAL SANTANDER","destino_zona_sitp":"USME/ CIUDAD BOLIVAR","fecha_implementacion_ruta_zonal":"12/11/2024","globalid":"{6B316158-BE1D-46BF-83C5-D26E9E1E09DB}","localidad_destino_ruta_zonal":15,"localidad_origen_ruta_zonal":8,"longitud_ruta_zonal":6.7184403799999997,"objectid":3809,"operador_ruta_zonal":"ETIB - BO","origen_ruta_zonal":"TIMIZA","route_id_ruta_zonal":699,"route_name_ruta_zonal":"H543-1","tipo_operacion":"NORMAL","tipo_ruta_zonal":3,"tipo_servicio_ruta_zonal":1,"zona_destino_ruta_zonal":10,"zona_origen_ruta_zonal":9}},{"type":"Feature","id":3811,"geometry":null,"properties":{"abreviatura_destino_zona_sitp":"HHH","codigo_definitivo_ruta_zonal":"HD717","delega_ruta_zonal":1,"denominacion_ruta_zonal":"USME CENTRO - BONANZA","destino_ruta_zonal":"USME CENTRO","destino_zona_sitp":"USME/ CIUDAD BOLIVAR","fecha_implementacion_ruta_zonal":"5/12/2022","globalid":"{6C571739-ABA0-42E8-AF3E-3470F616445A}","localidad_destino_ruta_zonal":10,"localidad_origen_ruta_zonal":5,"longitud_ruta_zonal":30.533151760000003,"objectid":3811,"operador_ruta_zonal":"MUEVE USME","origen_ruta_zonal":"BONANZA","route_id_ruta_zonal":499,"route_name_ruta_zonal":"H717-2","tipo_operacion":"NORMAL","tipo_ruta_zonal":3,"tipo_servicio_ruta_zonal":1,"zona_destino_ruta_zonal":4,"zona_origen_ruta_zonal":12}},{"type":"Feature","id":3813,"geometry":null,"properties":{"abreviatura_destino_zona_sitp":"LLL","codigo_definitivo_ruta_zonal":"LA814","delega_ruta_zonal":1,"denominacion_ruta_zonal":"HORACIO ORJUELA - PORCIÚNCULA","destino_ruta_zonal":"HORACIO ORJUELA","destino_zona_sitp":"SAN CRISTOBAL","fecha_implementacion_ruta_zonal":"31/01/2022","globalid":"{6D1CA043-79B8-45EB-9744-C4079922769A}","localidad_destino_ruta_zonal":2,"localidad_origen_ruta_zonal":4,"longitud_ruta_zonal":15.02013335,"objectid":3813,"operador_ruta_zonal":"CONSORCIO EXPRESS N","origen_ruta_zonal":"PORCIÚNCULA","route_id_ruta_zonal":393,"route_name_ruta_zonal":"L814-2","tipo_operacion":"NORMAL","tipo_ruta_zonal":3,"tipo_servicio_ruta_zonal":1,"zona_destino_ruta_zonal":0,"zona_origen_ruta_zonal":13}},{"type":"Feature","id":3814,"geometry":null,"properties":{"abreviatura_destino_zona_sitp":"SAL","codigo_definitivo_ruta_zonal":"614","delega_ruta_zonal":1,"denominacion_ruta_zonal":"BOLONIA USME - MONTEVIDEO","destino_ruta_zonal":"MONTEVIDEO","destino_zona_sitp":"SALITRE","fecha_implementacion_ruta_zonal":"17/06/2024","globalid":"{6D2A9ECF-CA2A-433C-8E90-043746B1718D}","localidad_destino_ruta_zonal":9,"localidad_origen_ruta_zonal":5,"longitud_ruta_zonal":26.413377539999999,"objectid":3814,"operador_ruta_zonal":"GMOVIL - E","origen_ruta_zonal":"BOLONIA USME","route_id_ruta_zonal":70,"route_name_ruta_zonal":"614-1","tipo_operacion":"NORMAL","tipo_ruta_zonal":3,"tipo_servicio_ruta_zonal":1,"zona_destino_ruta_zonal":6,"zona_origen_ruta_zonal":12}},{"type":"Feature","id":3816,"geometry":null,"properties":{"abreviatura_destino_zona_sitp":"BOS","codigo_definitivo_ruta_zonal":"P24","delega_ruta_zonal":1,"denominacion_ruta_zonal":"SAN BLASS - BOSA SAN JOSE","destino_ruta_zonal":"BOSA SAN JOSÉ","destino_zona_sitp":"BOSA","fecha_implementacion_ruta_zonal":"21/02/2014","globalid":"{6D82AEA3-EC43-4932-B85A-88EF4351AB8E}","localidad_destino_ruta_zonal":4,"localidad_origen_ruta_zonal":7,"longitud_ruta_zonal":20.478389280000002,"objectid":3816,"operador_ruta_zonal":"ETIB - BO","origen_ruta_zonal":"SAN BLASS","route_id_ruta_zonal":140,"route_name_ruta_zonal":"P24-1","tipo_operacion":"NORMAL","tipo_ruta_zonal":3,"tipo_servicio_ruta_zonal":1,"zona_destino_ruta_zonal":13,"zona_origen_ruta_zonal":9}},{"type":"Feature","id":3818,"geometry":null,"properties":{"abreviatura_destino_zona_sitp":"HHH","codigo_definitivo_ruta_zonal":"HH625","delega_ruta_zonal":1,"denominacion_ruta_zonal":"POTOSI - PORTAL TUNAL","destino_ruta_zonal":"POTOSI","destino_zona_sitp":"USME/ CIUDAD BOLIVAR","fecha_implementacion_ruta_zonal":"2/08/2021","globalid":"{6E005CEC-D7E2-4E52-A26C-23B8D35D40B3}","localidad_destino_ruta_zonal":19,"localidad_origen_ruta_zonal":19,"longitud_ruta_zonal":11.499796250000001,"objectid":3818,"operador_ruta_zonal":"SUMA - BC","origen_ruta_zonal":"PORTAL TUNAL","route_id_ruta_zonal":289,"route_name_ruta_zonal":"H625-3","tipo_operacion":"NORMAL","tipo_ruta_zonal":3,"tipo_servicio_ruta_zonal":1,"zona_destino_ruta_zonal":11,"zona_origen_ruta_zonal":11}},{"type":"Feature","id":3823,"geometry":null,"properties":{"abreviatura_destino_zona_sitp":"ALI","codigo_definitivo_ruta_zonal":"11-4","delega_ruta_zonal":2,"denominacion_ruta_zonal":"AURES","destino_ruta_zonal":"AURES","destino_zona_sitp":"ALIMENTADORA","fecha_implementacion_ruta_zonal":"-","globalid":"{71DB0AC8-3AEC-449F-A1A0-AC7BF0DC722B}","localidad_destino_ruta_zonal":11,"localidad_origen_ruta_zonal":11,"longitud_ruta_zonal":7.9589973999999994,"objectid":3823,"operador_ruta_zonal":"ESTE ES MI BUS - CO","origen_ruta_zonal":"PORTAL SUBA","route_id_ruta_zonal":263,"route_name_ruta_zonal":"11-4a","tipo_operacion":"NORMAL","tipo_ruta_zonal":4,"tipo_servicio_ruta_zonal":1,"zona_destino_ruta_zonal":3,"zona_origen_ruta_zonal":3}},{"type":"Feature","id":3824,"geometry":null,"properties":{"abreviatura_destino_zona_sitp":"CCC","codigo_definitivo_ruta_zonal":"CL149","delega_ruta_zonal":1,"denominacion_ruta_zonal":"EST- AV. 1 DE MAYO - BILBAO","destino_ruta_zonal":"BILBAO","destino_zona_sitp":"SUBA","fecha_implementacion_ruta_zonal":"29/01/2024","globalid":"{71E94952-F03C-4F06-B56A-AA8D1E1C210C}","localidad_destino_ruta_zonal":4,"localidad_origen_ruta_zonal":11,"longitud_ruta_zonal":30.094856399999998,"objectid":3824,"operador_ruta_zonal":"EMASIVO 16","origen_ruta_zonal":"EST- AV. 1 DE MAYO","route_id_ruta_zonal":27,"route_name_ruta_zonal":"C149-2","tipo_operacion":"NORMAL","tipo_ruta_zonal":3,"tipo_servicio_ruta_zonal":1,"zona_destino_ruta_zonal":13,"zona_origen_ruta_zonal":3}},{"type":"Feature","id":3826,"geometry":null,"properties":{"abreviatura_destino_zona_sitp":"KKK","codigo_definitivo_ruta_zonal":"GK527","delega_ruta_zonal":1,"denominacion_ruta_zonal":"METROVIVIENDA - CAN","destino_ruta_zonal":"CAN","destino_zona_sitp":"CALLE 26","fecha_implementacion_ruta_zonal":"18/07/2022","globalid":"{72504383-340B-4960-81DB-BD0F5AF6E210}","localidad_destino_ruta_zonal":13,"localidad_origen_ruta_zonal":7,"longitud_ruta_zonal":17.15082713,"objectid":3826,"operador_ruta_zonal":"MASIVO CAPITAL - KE","origen_ruta_zonal":"METROVIVIENDA","route_id_ruta_zonal":653,"route_name_ruta_zonal":"K527-1","tipo_operacion":"NORMAL","tipo_ruta_zonal":3,"tipo_servicio_ruta_zonal":1,"zona_destino_ruta_zonal":6,"zona_origen_ruta_zonal":9}},{"type":"Feature","id":3827,"geometry":null,"properties":{"abreviatura_destino_zona_sitp":"BBB","codigo_definitivo_ruta_zonal":"BK903","delega_ruta_zonal":1,"denominacion_ruta_zonal":"SAN CRISTOBAL NORTE - AEROPUERTO","destino_ruta_zonal":"SAN CRISTOBAL NORTE","destino_zona_sitp":"USAQUEN","fecha_implementacion_ruta_zonal":"6/06/2022","globalid":"{7291CBF7-B673-487D-93D4-2E2040D354EF}","localidad_destino_ruta_zonal":9,"localidad_origen_ruta_zonal":1,"longitud_ruta_zonal":22.939669499999997,"objectid":3827,"operador_ruta_zonal":"CONSORCIO EXPRESS N","origen_ruta_zonal":"AEROPUERTO","route_id_ruta_zonal":446,"route_name_ruta_zonal":"B903-2","tipo_operacion":"NORMAL","tipo_ruta_zonal":3,"tipo_servicio_ruta_zonal":1,"zona_destino_ruta_zonal":6,"zona_origen_ruta_zonal":1}},{"type":"Feature","id":3829,"geometry":null,"properties":{"abreviatura_destino_zona_sitp":"ALI","codigo_definitivo_ruta_zonal":"6-5C","delega_ruta_zonal":1,"denominacion_ruta_zonal":"ARABIA","destino_ruta_zonal":"ARABIA","destino_zona_sitp":"ALIMENTADORA","fecha_implementacion_ruta_zonal":"-","globalid":"{73CFCDCF-8AFA-4E62-8BB3-4855CB87AB7C}","localidad_destino_ruta_zonal":19,"localidad_origen_ruta_zonal":6,"longitud_ruta_zonal":12.941757320000001,"objectid":3829,"operador_ruta_zonal":"SUMA - BC","origen_ruta_zonal":"PORTAL TUNAL","route_id_ruta_zonal":76,"route_name_ruta_zonal":"6-5Ca","tipo_operacion":"NORMAL","tipo_ruta_zonal":4,"tipo_servicio_ruta_zonal":4,"zona_destino_ruta_zonal":11,"zona_origen_ruta_zonal":11}},{"type":"Feature","id":3831,"geometry":null,"properties":{"abreviatura_destino_zona_sitp":"HHH","codigo_definitivo_ruta_zonal":"HA617","delega_ruta_zonal":1,"denominacion_ruta_zonal":"PERDOMO - CENTRO","destino_ruta_zonal":"CENTRO","destino_zona_sitp":"NEUTRA","fecha_implementacion_ruta_zonal":"27/11/2023","globalid":"{73E803FD-08B5-40C3-97A4-266742395DD3}","localidad_destino_ruta_zonal":3,"localidad_origen_ruta_zonal":19,"longitud_ruta_zonal":21.921063220000001,"objectid":3831,"operador_ruta_zonal":"ODT LA ROLITA","origen_ruta_zonal":"PERDOMO","route_id_ruta_zonal":671,"route_name_ruta_zonal":"A617-1","tipo_operacion":"NORMAL","tipo_ruta_zonal":3,"tipo_servicio_ruta_zonal":1,"zona_destino_ruta_zonal":0,"zona_origen_ruta_zonal":10}},{"type":"Feature","id":3832,"geometry":null,"properties":{"abreviatura_destino_zona_sitp":"LLL","codigo_definitivo_ruta_zonal":"HL716","delega_ruta_zonal":1,"denominacion_ruta_zonal":"MOLINOS II - EST. 1 DE MAYO","destino_ruta_zonal":"MOLINOS II","destino_zona_sitp":"SAN CRISTOBAL","fecha_implementacion_ruta_zonal":"1/08/2022","globalid":"{740A430E-487A-4489-8D2F-3A434FC56002}","localidad_destino_ruta_zonal":15,"localidad_origen_ruta_zonal":18,"longitud_ruta_zonal":6.6010359200000002,"objectid":3832,"operador_ruta_zonal":"CONSORCIO EXPRESS D","origen_ruta_zonal":"EST. 1 DE MAYO","route_id_ruta_zonal":514,"route_name_ruta_zonal":"L716-2","tipo_operacion":"NORMAL","tipo_ruta_zonal":3,"tipo_servicio_ruta_zonal":1,"zona_destino_ruta_zonal":12,"zona_origen_ruta_zonal":12}},{"type":"Feature","id":3833,"geometry":null,"properties":{"abreviatura_destino_zona_sitp":"HHH","codigo_definitivo_ruta_zonal":"HH726","delega_ruta_zonal":1,"denominacion_ruta_zonal":"BOLONIA - EST. GRAL SANTANDER","destino_ruta_zonal":"EST. GRAL SANTANDER","destino_zona_sitp":"USME/ CIUDAD BOLIVAR","fecha_implementacion_ruta_zonal":"25/08/2022","globalid":"{74E2AC23-840C-4606-A237-CBB2B8E53503}","localidad_destino_ruta_zonal":15,"localidad_origen_ruta_zonal":1,"longitud_ruta_zonal":30.447933670000001,"objectid":3833,"operador_ruta_zonal":"MUEVE USME","origen_ruta_zonal":"BOLONIA","route_id_ruta_zonal":507,"route_name_ruta_zonal":"HH726-3","tipo_operacion":"NORMAL","tipo_ruta_zonal":3,"tipo_servicio_ruta_zonal":1,"zona_destino_ruta_zonal":10,"zona_origen_ruta_zonal":12}},{"type":"Feature","id":3834,"geometry":null,"properties":{"abreviatura_destino_zona_sitp":"CCC","codigo_definitivo_ruta_zonal":"CA151","delega_ruta_zonal":1,"denominacion_ruta_zonal":"TIBABUYES - CENTRO","destino_ruta_zonal":"TIBABUYES","destino_zona_sitp":"SUBA","fecha_implementacion_ruta_zonal":"23/07/2022","globalid":"{7501B6F2-0AD9-464A-BB0E-08BEF78D12E7}","localidad_destino_ruta_zonal":3,"localidad_origen_ruta_zonal":11,"longitud_ruta_zonal":25.33600706,"objectid":3834,"operador_ruta_zonal":"EMASIVO 16","origen_ruta_zonal":"CENTRO","route_id_ruta_zonal":316,"route_name_ruta_zonal":"C151-2","tipo_operacion":"NORMAL","tipo_ruta_zonal":3,"tipo_servicio_ruta_zonal":1,"zona_destino_ruta_zonal":0,"zona_origen_ruta_zonal":3}},{"type":"Feature","id":3836,"geometry":null,"properties":{"abreviatura_destino_zona_sitp":"ALI","codigo_definitivo_ruta_zonal":"1-8","delega_ruta_zonal":2,"denominacion_ruta_zonal":"CALLE 80","destino_ruta_zonal":"CALLE 80","destino_zona_sitp":"ALIMENTADORA","fecha_implementacion_ruta_zonal":"-","globalid":"{755EE851-156A-416D-A9D6-260661F6CAEA}","localidad_destino_ruta_zonal":10,"localidad_origen_ruta_zonal":10,"longitud_ruta_zonal":5.9925020499999997,"objectid":3836,"operador_ruta_zonal":"ESTE ES MI BUS - CO","origen_ruta_zonal":"PORTAL 80","route_id_ruta_zonal":55,"route_name_ruta_zonal":"1-8a","tipo_operacion":"NORMAL","tipo_ruta_zonal":4,"tipo_servicio_ruta_zonal":4,"zona_destino_ruta_zonal":4,"zona_origen_ruta_zonal":4}},{"type":"Feature","id":3837,"geometry":null,"properties":{"abreviatura_destino_zona_sitp":"ESP","codigo_definitivo_ruta_zonal":"18-11","delega_ruta_zonal":1,"denominacion_ruta_zonal":"UNICERROS PM","destino_ruta_zonal":"UNICERROS","destino_zona_sitp":"ESPECIAL","fecha_implementacion_ruta_zonal":"23/09/2024","globalid":"{75BCD3D8-5B77-470F-917A-496221350D5C}","localidad_destino_ruta_zonal":1,"localidad_origen_ruta_zonal":1,"longitud_ruta_zonal":5.4286732899999999,"objectid":3837,"operador_ruta_zonal":"CONSORCIO EXPRESS N","origen_ruta_zonal":"UNICERROS","route_id_ruta_zonal":2,"route_name_ruta_zonal":"18-11e PM","tipo_operacion":"NORMAL","tipo_ruta_zonal":6,"tipo_servicio_ruta_zonal":1,"zona_destino_ruta_zonal":1,"zona_origen_ruta_zonal":1}},{"type":"Feature","id":3838,"geometry":null,"properties":{"abreviatura_destino_zona_sitp":"CHA","codigo_definitivo_ruta_zonal":"59B","delega_ruta_zonal":1,"denominacion_ruta_zonal":"BACHUE - CHAPINERO","destino_ruta_zonal":"CHAPINERO","destino_zona_sitp":"CHAPINERO","fecha_implementacion_ruta_zonal":"21/12/2013","globalid":"{75F8DC5A-E87C-437E-8638-43DFDDA07B99}","localidad_destino_ruta_zonal":2,"localidad_origen_ruta_zonal":10,"longitud_ruta_zonal":31.110863200000001,"objectid":3838,"operador_ruta_zonal":"ESTE ES MI BUS - CO","origen_ruta_zonal":"BACHUÉ","route_id_ruta_zonal":155,"route_name_ruta_zonal":"59B-3","tipo_operacion":"NORMAL","tipo_ruta_zonal":3,"tipo_servicio_ruta_zonal":1,"zona_destino_ruta_zonal":0,"zona_origen_ruta_zonal":4}},{"type":"Feature","id":3839,"geometry":null,"properties":{"abreviatura_destino_zona_sitp":"ALI","codigo_definitivo_ruta_zonal":"8-5","delega_ruta_zonal":2,"denominacion_ruta_zonal":"BIBLIOTECA TINTAL","destino_ruta_zonal":"BIBLIOTECA TINTAL","destino_zona_sitp":"ALIMENTADORA","fecha_implementacion_ruta_zonal":"-","globalid":"{76629378-091E-4EA4-AB4C-E43725582B49}","localidad_destino_ruta_zonal":8,"localidad_origen_ruta_zonal":8,"longitud_ruta_zonal":7.9106183200000002,"objectid":3839,"operador_ruta_zonal":"ESTE ES MI BUS - TZ","origen_ruta_zonal":"BANDERAS","route_id_ruta_zonal":245,"route_name_ruta_zonal":"8-5a","tipo_operacion":"NORMAL","tipo_ruta_zonal":4,"tipo_servicio_ruta_zonal":1,"zona_destino_ruta_zonal":7,"zona_origen_ruta_zonal":8}},{"type":"Feature","id":3840,"geometry":null,"properties":{"abreviatura_destino_zona_sitp":"KKK","codigo_definitivo_ruta_zonal":"KL312","delega_ruta_zonal":1,"denominacion_ruta_zonal":"FONTIBON BRISAS - MORALBA","destino_ruta_zonal":"SAN PABLO","destino_zona_sitp":"CALLE 26","fecha_implementacion_ruta_zonal":"15/01/2023","globalid":"{76EE988B-74A8-4DCB-A835-87C8C60310FA}","localidad_destino_ruta_zonal":9,"localidad_origen_ruta_zonal":4,"longitud_ruta_zonal":28.397716490000001,"objectid":3840,"operador_ruta_zonal":"GMOVIL - E","origen_ruta_zonal":"MORALBA","route_id_ruta_zonal":432,"route_name_ruta_zonal":"K312-1","tipo_operacion":"NORMAL","tipo_ruta_zonal":3,"tipo_servicio_ruta_zonal":1,"zona_destino_ruta_zonal":6,"zona_origen_ruta_zonal":13}},{"type":"Feature","id":3841,"geometry":null,"properties":{"abreviatura_destino_zona_sitp":"BBB","codigo_definitivo_ruta_zonal":"BK905","delega_ruta_zonal":1,"denominacion_ruta_zonal":"LA ESTRELLITA - HAYUELOS","destino_ruta_zonal":"LA ESTRELLITA","destino_zona_sitp":"USAQUEN","fecha_implementacion_ruta_zonal":"26/07/2021","globalid":"{7803F38F-7AE3-4D8D-927C-8450ABA028CD}","localidad_destino_ruta_zonal":1,"localidad_origen_ruta_zonal":9,"longitud_ruta_zonal":23.830840540000001,"objectid":3841,"operador_ruta_zonal":"CONSORCIO EXPRESS N","origen_ruta_zonal":"HAYUELOS","route_id_ruta_zonal":199,"route_name_ruta_zonal":"B905-1","tipo_operacion":"NORMAL","tipo_ruta_zonal":3,"tipo_servicio_ruta_zonal":1,"zona_destino_ruta_zonal":1,"zona_origen_ruta_zonal":6}},{"type":"Feature","id":3842,"geometry":null,"properties":{"abreviatura_destino_zona_sitp":"ALI","codigo_definitivo_ruta_zonal":"10-8","delega_ruta_zonal":2,"denominacion_ruta_zonal":"OLARTE - TIMIZA","destino_ruta_zonal":"OLARTE - TIMIZA","destino_zona_sitp":"ALIMENTADORA","fecha_implementacion_ruta_zonal":"-","globalid":"{789BB1A6-4BB1-4BEE-8D26-208BD98C1901}","localidad_destino_ruta_zonal":8,"localidad_origen_ruta_zonal":7,"longitud_ruta_zonal":6.8636448999999997,"objectid":3842,"operador_ruta_zonal":"ETIB - BO","origen_ruta_zonal":"PORTAL SUR","route_id_ruta_zonal":542,"route_name_ruta_zonal":"10-8a","tipo_operacion":"NORMAL","tipo_ruta_zonal":4,"tipo_servicio_ruta_zonal":1,"zona_destino_ruta_zonal":9,"zona_origen_ruta_zonal":9}},{"type":"Feature","id":3843,"geometry":null,"properties":{"abreviatura_destino_zona_sitp":"BOS","codigo_definitivo_ruta_zonal":"576","delega_ruta_zonal":1,"denominacion_ruta_zonal":"BOSA SANTA FE - ENGATIVA","destino_ruta_zonal":"BOSA SANTA FE","destino_zona_sitp":"BOSA","fecha_implementacion_ruta_zonal":"20/02/2023","globalid":"{78E12528-BBDC-4C12-A64F-4BBDCA0B085F}","localidad_destino_ruta_zonal":10,"localidad_origen_ruta_zonal":7,"longitud_ruta_zonal":34.311945649999998,"objectid":3843,"operador_ruta_zonal":"MASIVO CAPITAL KE-GMOVIL","origen_ruta_zonal":"ENGATIVÁ","route_id_ruta_zonal":583,"route_name_ruta_zonal":"576-2","tipo_operacion":"NORMAL","tipo_ruta_zonal":3,"tipo_servicio_ruta_zonal":1,"zona_destino_ruta_zonal":5,"zona_origen_ruta_zonal":8}},{"type":"Feature","id":3844,"geometry":null,"properties":{"abreviatura_destino_zona_sitp":"ALI","codigo_definitivo_ruta_zonal":"HH728","delega_ruta_zonal":1,"denominacion_ruta_zonal":"DANUBIO - EST. MOLINOS","destino_ruta_zonal":"EST. MOLINOS","destino_zona_sitp":"ALIMENTADORA","fecha_implementacion_ruta_zonal":"2/11/2024","globalid":"{78EEDB17-ACEE-4366-BDF0-9A2D96CAD718}","localidad_destino_ruta_zonal":5,"localidad_origen_ruta_zonal":5,"longitud_ruta_zonal":6.12952824,"objectid":3844,"operador_ruta_zonal":"E-SOMOS ALIMENTACION","origen_ruta_zonal":"DANUBIO","route_id_ruta_zonal":0,"route_name_ruta_zonal":"HH728-3","tipo_operacion":"NORMAL","tipo_ruta_zonal":4,"tipo_servicio_ruta_zonal":1,"zona_destino_ruta_zonal":12,"zona_origen_ruta_zonal":12}},{"type":"Feature","id":3845,"geometry":null,"properties":{"abreviatura_destino_zona_sitp":"ALI","codigo_definitivo_ruta_zonal":"6-4","delega_ruta_zonal":2,"denominacion_ruta_zonal":"PARAÍSO","destino_ruta_zonal":"PARAÍSO","destino_zona_sitp":"ALIMENTADORA","fecha_implementacion_ruta_zonal":"-","globalid":"{79A3D3B3-C05F-4275-AB54-37D4486CF6AF}","localidad_destino_ruta_zonal":19,"localidad_origen_ruta_zonal":6,"longitud_ruta_zonal":14.11497278,"objectid":3845,"operador_ruta_zonal":"SUMA - BC","origen_ruta_zonal":"PORTAL TUNAL","route_id_ruta_zonal":377,"route_name_ruta_zonal":"6-4a","tipo_operacion":"NORMAL","tipo_ruta_zonal":4,"tipo_servicio_ruta_zonal":1,"zona_destino_ruta_zonal":11,"zona_origen_ruta_zonal":11}},{"type":"Feature","id":3847,"geometry":null,"properties":{"abreviatura_destino_zona_sitp":"SCR","codigo_definitivo_ruta_zonal":"N16","delega_ruta_zonal":1,"denominacion_ruta_zonal":"GAVIOTAS - EST. 1RO MAYO","destino_ruta_zonal":"GAVIOTAS","destino_zona_sitp":"SAN CRISTOBAL","fecha_implementacion_ruta_zonal":"4/06/2019","globalid":"{7AC9C4B4-6537-4416-A487-963556BC2CB3}","localidad_destino_ruta_zonal":4,"localidad_origen_ruta_zonal":4,"longitud_ruta_zonal":8.4668027599999984,"objectid":3847,"operador_ruta_zonal":"CONSORCIO EXPRESS D","origen_ruta_zonal":"AV 1 MAYO","route_id_ruta_zonal":196,"route_name_ruta_zonal":"N16-1","tipo_operacion":"NORMAL","tipo_ruta_zonal":3,"tipo_servicio_ruta_zonal":1,"zona_destino_ruta_zonal":13,"zona_origen_ruta_zonal":13}},{"type":"Feature","id":3848,"geometry":null,"properties":{"abreviatura_destino_zona_sitp":"LLL","codigo_definitivo_ruta_zonal":"LD800","delega_ruta_zonal":1,"denominacion_ruta_zonal":"GAVIOTAS - VILLA GLADYS","destino_ruta_zonal":"GAVIOTAS","destino_zona_sitp":"SAN CRISTOBAL","fecha_implementacion_ruta_zonal":"5/11/2024","globalid":"{7B301A9E-CB16-4F83-8D9B-F863E2AB41EE}","localidad_destino_ruta_zonal":10,"localidad_origen_ruta_zonal":4,"longitud_ruta_zonal":33.996374599999996,"objectid":3848,"operador_ruta_zonal":"CONSORCIO EXPRESS D","origen_ruta_zonal":"VILLA GLADYS","route_id_ruta_zonal":359,"route_name_ruta_zonal":"L800-2","tipo_operacion":"NORMAL","tipo_ruta_zonal":3,"tipo_servicio_ruta_zonal":1,"zona_destino_ruta_zonal":5,"zona_origen_ruta_zonal":13}},{"type":"Feature","id":3849,"geometry":null,"properties":{"abreviatura_destino_zona_sitp":"HHH","codigo_definitivo_ruta_zonal":"GH530","delega_ruta_zonal":1,"denominacion_ruta_zonal":"METROVIVIENDA - FISCALA ALTA","destino_ruta_zonal":"FISCALA ALTA","destino_zona_sitp":"USME/ CIUDAD BOLIVAR","fecha_implementacion_ruta_zonal":"5/06/2023","globalid":"{7B50179F-F21D-4325-A2FC-B23A26C824A0}","localidad_destino_ruta_zonal":5,"localidad_origen_ruta_zonal":7,"longitud_ruta_zonal":22.938209839999999,"objectid":3849,"operador_ruta_zonal":"MASIVO CAPITAL - KE","origen_ruta_zonal":"METROVIVIENDA","route_id_ruta_zonal":630,"route_name_ruta_zonal":"H530-1","tipo_operacion":"NORMAL","tipo_ruta_zonal":3,"tipo_servicio_ruta_zonal":1,"zona_destino_ruta_zonal":12,"zona_origen_ruta_zonal":8}},{"type":"Feature","id":3850,"geometry":null,"properties":{"abreviatura_destino_zona_sitp":"GGG","codigo_definitivo_ruta_zonal":"GA522","delega_ruta_zonal":1,"denominacion_ruta_zonal":"METROVIVIENDA - GERMANÍA","destino_ruta_zonal":"METROVIVIENDA","destino_zona_sitp":"BOSA","fecha_implementacion_ruta_zonal":"5/11/2024","globalid":"{7B91A102-F603-4F76-B7F0-47084948B5F1}","localidad_destino_ruta_zonal":3,"localidad_origen_ruta_zonal":7,"longitud_ruta_zonal":24.138730949999999,"objectid":3850,"operador_ruta_zonal":"MASIVO CAPITAL - KE","origen_ruta_zonal":"GERMANÍA","route_id_ruta_zonal":338,"route_name_ruta_zonal":"G522-2","tipo_operacion":"NORMAL","tipo_ruta_zonal":3,"tipo_servicio_ruta_zonal":1,"zona_destino_ruta_zonal":0,"zona_origen_ruta_zonal":9}},{"type":"Feature","id":3851,"geometry":null,"properties":{"abreviatura_destino_zona_sitp":"COM","codigo_definitivo_ruta_zonal":"13-5","delega_ruta_zonal":1,"denominacion_ruta_zonal":"LAS PACES -  EST. AV 1 MAYO","destino_ruta_zonal":"LAS PACES","destino_zona_sitp":"COMPLEMENTARIA","fecha_implementacion_ruta_zonal":"-","globalid":"{7C11E1F7-BA19-4FDE-98B5-9D831ED092A0}","localidad_destino_ruta_zonal":4,"localidad_origen_ruta_zonal":18,"longitud_ruta_zonal":16.039048340000001,"objectid":3851,"operador_ruta_zonal":"CONSORCIO EXPRESS D","origen_ruta_zonal":"AV 1 MAYO","route_id_ruta_zonal":456,"route_name_ruta_zonal":"13-5c","tipo_operacion":"NORMAL","tipo_ruta_zonal":5,"tipo_servicio_ruta_zonal":1,"zona_destino_ruta_zonal":12,"zona_origen_ruta_zonal":12}},{"type":"Feature","id":3852,"geometry":null,"properties":{"abreviatura_destino_zona_sitp":"KKK","codigo_definitivo_ruta_zonal":"17-3","delega_ruta_zonal":1,"denominacion_ruta_zonal":"MODELIA","destino_ruta_zonal":"MODELIA","destino_zona_sitp":"CALLE 26","fecha_implementacion_ruta_zonal":"-","globalid":"{7DFB3017-1BF0-4651-BFAE-1F63A7B1E73C}","localidad_destino_ruta_zonal":9,"localidad_origen_ruta_zonal":9,"longitud_ruta_zonal":11.58853646,"objectid":3852,"operador_ruta_zonal":"GRAN AMERICAS FONTIBON I","origen_ruta_zonal":"AV ROJAS","route_id_ruta_zonal":222,"route_name_ruta_zonal":"17-3c","tipo_operacion":"NORMAL","tipo_ruta_zonal":5,"tipo_servicio_ruta_zonal":1,"zona_destino_ruta_zonal":6,"zona_origen_ruta_zonal":6}},{"type":"Feature","id":3853,"geometry":null,"properties":{"abreviatura_destino_zona_sitp":"USM","codigo_definitivo_ruta_zonal":"539","delega_ruta_zonal":1,"denominacion_ruta_zonal":"EL UVAL - ENGATIVÁ CENTRO","destino_ruta_zonal":"EL UVAL","destino_zona_sitp":"USME","fecha_implementacion_ruta_zonal":"31/08/2020","globalid":"{7DFB79E4-BF5A-411B-A231-B579572A3D1C}","localidad_destino_ruta_zonal":10,"localidad_origen_ruta_zonal":5,"longitud_ruta_zonal":43.429575419999999,"objectid":3853,"operador_ruta_zonal":"GMOVIL - E","origen_ruta_zonal":"ENGATIVÁ CENTRO","route_id_ruta_zonal":171,"route_name_ruta_zonal":"539-2","tipo_operacion":"NORMAL","tipo_ruta_zonal":3,"tipo_servicio_ruta_zonal":1,"zona_destino_ruta_zonal":5,"zona_origen_ruta_zonal":12}},{"type":"Feature","id":3854,"geometry":null,"properties":{"abreviatura_destino_zona_sitp":"CEN","codigo_definitivo_ruta_zonal":"193B","delega_ruta_zonal":1,"denominacion_ruta_zonal":"BACHUÉ - MARLY","destino_ruta_zonal":"MARLY","destino_zona_sitp":"CENTRO","fecha_implementacion_ruta_zonal":"20/07/2013","globalid":"{7E227C63-0699-4EDF-91E4-37727F372CFC}","localidad_destino_ruta_zonal":13,"localidad_origen_ruta_zonal":10,"longitud_ruta_zonal":35.857817859999997,"objectid":3854,"operador_ruta_zonal":"ESTE ES MI BUS - CO","origen_ruta_zonal":"BACHUÉ","route_id_ruta_zonal":154,"route_name_ruta_zonal":"193B-3","tipo_operacion":"NORMAL","tipo_ruta_zonal":3,"tipo_servicio_ruta_zonal":1,"zona_destino_ruta_zonal":0,"zona_origen_ruta_zonal":4}},{"type":"Feature","id":3855,"geometry":null,"properties":{"abreviatura_destino_zona_sitp":"DDD","codigo_definitivo_ruta_zonal":"DK206","delega_ruta_zonal":1,"denominacion_ruta_zonal":"BACHUE - CENTRO","destino_ruta_zonal":"BACHUÉ","destino_zona_sitp":"ENGATIVA / CALLE 80","fecha_implementacion_ruta_zonal":"20/11/2023","globalid":"{7E67D43A-EC2B-4447-A9AD-2F78B8A20680}","localidad_destino_ruta_zonal":17,"localidad_origen_ruta_zonal":10,"longitud_ruta_zonal":11.000348949999999,"objectid":3855,"operador_ruta_zonal":"ESTE ES MI BUS - CO","origen_ruta_zonal":"CENTRO","route_id_ruta_zonal":239,"route_name_ruta_zonal":"D206-2","tipo_operacion":"NORMAL","tipo_ruta_zonal":3,"tipo_servicio_ruta_zonal":1,"zona_destino_ruta_zonal":0,"zona_origen_ruta_zonal":4}},{"type":"Feature","id":3856,"geometry":null,"properties":{"abreviatura_destino_zona_sitp":"KKK","codigo_definitivo_ruta_zonal":"KH317","delega_ruta_zonal":1,"denominacion_ruta_zonal":"AEROPUERTO - TUNAL","destino_ruta_zonal":"AEROPUERTO","destino_zona_sitp":"CALLE 26","fecha_implementacion_ruta_zonal":"11/05/2022","globalid":"{7E8C156D-3B58-47B6-9BFE-05EAA59CB2D6}","localidad_destino_ruta_zonal":9,"localidad_origen_ruta_zonal":18,"longitud_ruta_zonal":23.182084419999999,"objectid":3856,"operador_ruta_zonal":"E-SOMOS FONTIBON","origen_ruta_zonal":"TUNAL","route_id_ruta_zonal":433,"route_name_ruta_zonal":"K317-1","tipo_operacion":"NORMAL","tipo_ruta_zonal":3,"tipo_servicio_ruta_zonal":1,"zona_destino_ruta_zonal":6,"zona_origen_ruta_zonal":11}},{"type":"Feature","id":3857,"geometry":null,"properties":{"abreviatura_destino_zona_sitp":"COM","codigo_definitivo_ruta_zonal":"15-4","delega_ruta_zonal":1,"denominacion_ruta_zonal":"RAMAJAL","destino_ruta_zonal":"RAMAJAL","destino_zona_sitp":"COMPLEMENTARIA","fecha_implementacion_ruta_zonal":"22/06/2013","globalid":"{7F2154D5-08AB-4446-9C30-D86FCA57051A}","localidad_destino_ruta_zonal":4,"localidad_origen_ruta_zonal":4,"longitud_ruta_zonal":6.1497876400000004,"objectid":3857,"operador_ruta_zonal":"CONSORCIO EXPRESS D","origen_ruta_zonal":"AV 1 MAYO","route_id_ruta_zonal":95,"route_name_ruta_zonal":"15-4c","tipo_operacion":"NORMAL","tipo_ruta_zonal":5,"tipo_servicio_ruta_zonal":1,"zona_destino_ruta_zonal":13,"zona_origen_ruta_zonal":13}},{"type":"Feature","id":3859,"geometry":null,"properties":{"abreviatura_destino_zona_sitp":"LLL","codigo_definitivo_ruta_zonal":"LH817","delega_ruta_zonal":1,"denominacion_ruta_zonal":"GAVIOTAS - EST. NARINO","destino_ruta_zonal":"EST. NARIÑO","destino_zona_sitp":"SAN CRISTOBAL","fecha_implementacion_ruta_zonal":"11/07/2022","globalid":"{7FB7F089-22EB-4337-A32F-2E00DA6DC8E9}","localidad_destino_ruta_zonal":15,"localidad_origen_ruta_zonal":4,"longitud_ruta_zonal":17.641566640000001,"objectid":3859,"operador_ruta_zonal":"CONSORCIO EXPRESS D","origen_ruta_zonal":"GAVIOTAS","route_id_ruta_zonal":515,"route_name_ruta_zonal":"LH817-3","tipo_operacion":"NORMAL","tipo_ruta_zonal":3,"tipo_servicio_ruta_zonal":1,"zona_destino_ruta_zonal":13,"zona_origen_ruta_zonal":11}},{"type":"Feature","id":3860,"geometry":null,"properties":{"abreviatura_destino_zona_sitp":"ALI","codigo_definitivo_ruta_zonal":"3-6","delega_ruta_zonal":2,"denominacion_ruta_zonal":"DANUBIO","destino_ruta_zonal":"DANUBIO","destino_zona_sitp":"ALIMENTADORA","fecha_implementacion_ruta_zonal":"-","globalid":"{7FEB57F2-EA22-415B-A633-9AED881E7271}","localidad_destino_ruta_zonal":5,"localidad_origen_ruta_zonal":5,"longitud_ruta_zonal":5.4783545699999996,"objectid":3860,"operador_ruta_zonal":"E-SOMOS ALIMENTACION","origen_ruta_zonal":"PORTAL USME","route_id_ruta_zonal":32,"route_name_ruta_zonal":"3-6a","tipo_operacion":"NORMAL","tipo_ruta_zonal":4,"tipo_servicio_ruta_zonal":1,"zona_destino_ruta_zonal":12,"zona_origen_ruta_zonal":12}},{"type":"Feature","id":3861,"geometry":null,"properties":{"abreviatura_destino_zona_sitp":"BBB","codigo_definitivo_ruta_zonal":"BB920","delega_ruta_zonal":1,"denominacion_ruta_zonal":"ESTACION CALLE 127","destino_ruta_zonal":"SANTA BARBARA","destino_zona_sitp":"USAQUEN","fecha_implementacion_ruta_zonal":"14/05/2024","globalid":"{8056C828-BC6D-4982-9987-57332AAEE44F}","localidad_destino_ruta_zonal":1,"localidad_origen_ruta_zonal":1,"longitud_ruta_zonal":7.07648119,"objectid":3861,"operador_ruta_zonal":"CONSORCIO EXPRESS N","origen_ruta_zonal":"EST. CALLE 127","route_id_ruta_zonal":402,"route_name_ruta_zonal":"B920-3","tipo_operacion":"NORMAL","tipo_ruta_zonal":3,"tipo_servicio_ruta_zonal":1,"zona_destino_ruta_zonal":1,"zona_origen_ruta_zonal":1}},{"type":"Feature","id":3862,"geometry":null,"properties":{"abreviatura_destino_zona_sitp":"ESP","codigo_definitivo_ruta_zonal":"18-14","delega_ruta_zonal":1,"denominacion_ruta_zonal":"TORCA - TIBABITA","destino_ruta_zonal":"TIBABITA","destino_zona_sitp":"ESPECIAL","fecha_implementacion_ruta_zonal":"30/03/2020","globalid":"{806F5E18-6F6E-474B-9F20-D36CAC888899}","localidad_destino_ruta_zonal":1,"localidad_origen_ruta_zonal":1,"longitud_ruta_zonal":15.93222853,"objectid":3862,"operador_ruta_zonal":"CONSORCIO EXPRESS N","origen_ruta_zonal":"TORCA","route_id_ruta_zonal":160,"route_name_ruta_zonal":"18-14e","tipo_operacion":"NORMAL","tipo_ruta_zonal":6,"tipo_servicio_ruta_zonal":1,"zona_destino_ruta_zonal":1,"zona_origen_ruta_zonal":1}},{"type":"Feature","id":3863,"geometry":null,"properties":{"abreviatura_destino_zona_sitp":"ALI","codigo_definitivo_ruta_zonal":"2-4","delega_ruta_zonal":2,"denominacion_ruta_zonal":"EL CODITO","destino_ruta_zonal":"EL CODITO","destino_zona_sitp":"ALIMENTADORA","fecha_implementacion_ruta_zonal":"-","globalid":"{812A57A6-5FA1-4CF1-8E9A-CD525CAF8D64}","localidad_destino_ruta_zonal":1,"localidad_origen_ruta_zonal":1,"longitud_ruta_zonal":12.335879140000001,"objectid":3863,"operador_ruta_zonal":"CONSORCIO EXPRESS N","origen_ruta_zonal":"PORTAL NORTE","route_id_ruta_zonal":81,"route_name_ruta_zonal":"2-4a","tipo_operacion":"NORMAL","tipo_ruta_zonal":4,"tipo_servicio_ruta_zonal":1,"zona_destino_ruta_zonal":1,"zona_origen_ruta_zonal":1}},{"type":"Feature","id":3864,"geometry":null,"properties":{"abreviatura_destino_zona_sitp":"HHH","codigo_definitivo_ruta_zonal":"HH622","delega_ruta_zonal":1,"denominacion_ruta_zonal":"RINCON DE VENECIA - LA FISCALA","destino_ruta_zonal":"RINCON DE VENECIA","destino_zona_sitp":"USME/ CIUDAD BOLIVAR","fecha_implementacion_ruta_zonal":"4/03/2024","globalid":"{819ADC93-D619-447D-9076-502ED1F92BD0}","localidad_destino_ruta_zonal":6,"localidad_origen_ruta_zonal":5,"longitud_ruta_zonal":12.730181440000001,"objectid":3864,"operador_ruta_zonal":"ETIB - BO","origen_ruta_zonal":"LA FISCALA","route_id_ruta_zonal":1,"route_name_ruta_zonal":"H622-1","tipo_operacion":"NORMAL","tipo_ruta_zonal":3,"tipo_servicio_ruta_zonal":1,"zona_destino_ruta_zonal":10,"zona_origen_ruta_zonal":12}},{"type":"Feature","id":3865,"geometry":null,"properties":{"abreviatura_destino_zona_sitp":"BBB","codigo_definitivo_ruta_zonal":"FB419","delega_ruta_zonal":1,"denominacion_ruta_zonal":"NUEVA CASTILLA - LIJACA","destino_ruta_zonal":"LIJACÁ","destino_zona_sitp":"USAQUEN","fecha_implementacion_ruta_zonal":"8/04/2024","globalid":"{821AAA16-8BA0-41CD-B853-8DF02665F3A1}","localidad_destino_ruta_zonal":1,"localidad_origen_ruta_zonal":8,"longitud_ruta_zonal":32.923827119999999,"objectid":3865,"operador_ruta_zonal":"ESTE ES MI BUS - TZ","origen_ruta_zonal":"NUEVA CASTILLA","route_id_ruta_zonal":8,"route_name_ruta_zonal":"B419-1","tipo_operacion":"NORMAL","tipo_ruta_zonal":3,"tipo_servicio_ruta_zonal":1,"zona_destino_ruta_zonal":1,"zona_origen_ruta_zonal":7}},{"type":"Feature","id":3867,"geometry":null,"properties":{"abreviatura_destino_zona_sitp":"SCR","codigo_definitivo_ruta_zonal":"614","delega_ruta_zonal":1,"denominacion_ruta_zonal":"BOLONIA USME - MONTEVIDEO","destino_ruta_zonal":"BOLONIA USME","destino_zona_sitp":"SAN CRISTOBAL","fecha_implementacion_ruta_zonal":"17/06/2024","globalid":"{82C27D3A-15F3-4D4F-930F-6D13187A0405}","localidad_destino_ruta_zonal":9,"localidad_origen_ruta_zonal":5,"longitud_ruta_zonal":27.402705109999999,"objectid":3867,"operador_ruta_zonal":"GMOVIL - E","origen_ruta_zonal":"MONTEVIDEO","route_id_ruta_zonal":71,"route_name_ruta_zonal":"614-2","tipo_operacion":"NORMAL","tipo_ruta_zonal":3,"tipo_servicio_ruta_zonal":1,"zona_destino_ruta_zonal":6,"zona_origen_ruta_zonal":12}},{"type":"Feature","id":3868,"geometry":null,"properties":{"abreviatura_destino_zona_sitp":"FFF","codigo_definitivo_ruta_zonal":"FG414","delega_ruta_zonal":1,"denominacion_ruta_zonal":"VILLA ALEXANDRA - HOSPITAL KENNEDY","destino_ruta_zonal":"HOSPITAL KENNEDY","destino_zona_sitp":"AMERICAS","fecha_implementacion_ruta_zonal":"17/08/2021","globalid":"{8328D9D7-E454-454C-ABCD-97802BEB230E}","localidad_destino_ruta_zonal":8,"localidad_origen_ruta_zonal":8,"longitud_ruta_zonal":13.650460489999999,"objectid":3868,"operador_ruta_zonal":"MASIVO CAPITAL - KE","origen_ruta_zonal":"VILLA ALEXANDRA","route_id_ruta_zonal":373,"route_name_ruta_zonal":"FG414-3","tipo_operacion":"NORMAL","tipo_ruta_zonal":3,"tipo_servicio_ruta_zonal":1,"zona_destino_ruta_zonal":8,"zona_origen_ruta_zonal":8}},{"type":"Feature","id":3869,"geometry":null,"properties":{"abreviatura_destino_zona_sitp":"KKK","codigo_definitivo_ruta_zonal":"HK721","delega_ruta_zonal":1,"denominacion_ruta_zonal":"EL TUNO - TERMINAL SALITRE","destino_ruta_zonal":"TERMINAL SALITRE","destino_zona_sitp":"CALLE 26","fecha_implementacion_ruta_zonal":"20/08/2022","globalid":"{83C75282-3059-411B-9035-F4E8D63B5136}","localidad_destino_ruta_zonal":5,"localidad_origen_ruta_zonal":9,"longitud_ruta_zonal":25.429241650000002,"objectid":3869,"operador_ruta_zonal":"MUEVE USME","origen_ruta_zonal":"EL TUNO","route_id_ruta_zonal":501,"route_name_ruta_zonal":"K721-1","tipo_operacion":"NORMAL","tipo_ruta_zonal":3,"tipo_servicio_ruta_zonal":1,"zona_destino_ruta_zonal":12,"zona_origen_ruta_zonal":6}},{"type":"Feature","id":3870,"geometry":null,"properties":{"abreviatura_destino_zona_sitp":"USA","codigo_definitivo_ruta_zonal":"T26","delega_ruta_zonal":1,"denominacion_ruta_zonal":"PALERMO SUR - COUNTRY CLUB","destino_ruta_zonal":"COUNTRY CLUB","destino_zona_sitp":"USAQUEN","fecha_implementacion_ruta_zonal":"10/03/2025","globalid":"{84569949-7966-479E-9E4D-85A64C1D19AE}","localidad_destino_ruta_zonal":1,"localidad_origen_ruta_zonal":18,"longitud_ruta_zonal":59.407602360000006,"objectid":3870,"operador_ruta_zonal":"CONSORCIO EXPRESS N","origen_ruta_zonal":"PALERMO SUR","route_id_ruta_zonal":0,"route_name_ruta_zonal":"T26-3","tipo_operacion":"NORMAL","tipo_ruta_zonal":3,"tipo_servicio_ruta_zonal":1,"zona_destino_ruta_zonal":1,"zona_origen_ruta_zonal":12}},{"type":"Feature","id":3871,"geometry":null,"properties":{"abreviatura_destino_zona_sitp":"GGG","codigo_definitivo_ruta_zonal":"KG311","delega_ruta_zonal":1,"denominacion_ruta_zonal":"BOSA SAN JOSE - PUENTE GRANDE","destino_ruta_zonal":"BOSA SAN JOSÉ","destino_zona_sitp":"BOSA","fecha_implementacion_ruta_zonal":"2/04/2022","globalid":"{846E1657-0658-4E39-AEB7-EB8AB8779002}","localidad_destino_ruta_zonal":9,"localidad_origen_ruta_zonal":7,"longitud_ruta_zonal":18.66860969,"objectid":3871,"operador_ruta_zonal":"ETIB - BO","origen_ruta_zonal":"PUENTE GRANDE","route_id_ruta_zonal":406,"route_name_ruta_zonal":"G311-2","tipo_operacion":"NORMAL","tipo_ruta_zonal":3,"tipo_servicio_ruta_zonal":1,"zona_destino_ruta_zonal":6,"zona_origen_ruta_zonal":9}},{"type":"Feature","id":3872,"geometry":null,"properties":{"abreviatura_destino_zona_sitp":"LLL","codigo_definitivo_ruta_zonal":"LA805","delega_ruta_zonal":1,"denominacion_ruta_zonal":"GAVIOTAS - SIETE DE AGOSTO","destino_ruta_zonal":"GAVIOTAS","destino_zona_sitp":"SAN CRISTOBAL","fecha_implementacion_ruta_zonal":"23/10/2023","globalid":"{869E1FF4-584F-4F17-94E3-58B5CE460452}","localidad_destino_ruta_zonal":12,"localidad_origen_ruta_zonal":4,"longitud_ruta_zonal":20.661852060000001,"objectid":3872,"operador_ruta_zonal":"CONSORCIO EXPRESS D","origen_ruta_zonal":"SIETE DE AGOSTO","route_id_ruta_zonal":237,"route_name_ruta_zonal":"L805-2","tipo_operacion":"NORMAL","tipo_ruta_zonal":3,"tipo_servicio_ruta_zonal":1,"zona_destino_ruta_zonal":0,"zona_origen_ruta_zonal":13}},{"type":"Feature","id":3873,"geometry":null,"properties":{"abreviatura_destino_zona_sitp":"SCR","codigo_definitivo_ruta_zonal":"C701","delega_ruta_zonal":1,"denominacion_ruta_zonal":"PARQUES DE BOGOTA - LA ROCA","destino_ruta_zonal":"LA ROCA","destino_zona_sitp":"SAN CRISTOBAL","fecha_implementacion_ruta_zonal":"14/08/2021","globalid":"{86BA6794-EB9C-403D-8C42-3444B5C011E5}","localidad_destino_ruta_zonal":15,"localidad_origen_ruta_zonal":19,"longitud_ruta_zonal":48.823754390000005,"objectid":3873,"operador_ruta_zonal":"ETIB - BO","origen_ruta_zonal":"PARQUES DE BOGOTA","route_id_ruta_zonal":537,"route_name_ruta_zonal":"C701-3","tipo_operacion":"NORMAL","tipo_ruta_zonal":3,"tipo_servicio_ruta_zonal":1,"zona_destino_ruta_zonal":9,"zona_origen_ruta_zonal":11}},{"type":"Feature","id":3874,"geometry":null,"properties":{"abreviatura_destino_zona_sitp":"ALI","codigo_definitivo_ruta_zonal":"12-1","delega_ruta_zonal":2,"denominacion_ruta_zonal":"FATIMA","destino_ruta_zonal":"FATIMA","destino_zona_sitp":"ALIMENTADORA","fecha_implementacion_ruta_zonal":"-","globalid":"{8720DB98-3C7B-4848-86A0-4415436AC21B}","localidad_destino_ruta_zonal":6,"localidad_origen_ruta_zonal":15,"longitud_ruta_zonal":6.1148494299999996,"objectid":3874,"operador_ruta_zonal":"ETIB - BO","origen_ruta_zonal":"GENERAL SANTANDER","route_id_ruta_zonal":30,"route_name_ruta_zonal":"12-1a","tipo_operacion":"NORMAL","tipo_ruta_zonal":4,"tipo_servicio_ruta_zonal":1,"zona_destino_ruta_zonal":10,"zona_origen_ruta_zonal":10}},{"type":"Feature","id":3875,"geometry":null,"properties":{"abreviatura_destino_zona_sitp":"CCC","codigo_definitivo_ruta_zonal":"CA124","delega_ruta_zonal":1,"denominacion_ruta_zonal":"BILBAO - CENTRO","destino_ruta_zonal":"BILBAO","destino_zona_sitp":"SUBA","fecha_implementacion_ruta_zonal":"29/01/2024","globalid":"{872FBFAD-14B0-440D-AFD9-3E36B130B7BC}","localidad_destino_ruta_zonal":3,"localidad_origen_ruta_zonal":11,"longitud_ruta_zonal":26.48296066,"objectid":3875,"operador_ruta_zonal":"EMASIVO 10","origen_ruta_zonal":"CENTRO","route_id_ruta_zonal":291,"route_name_ruta_zonal":"C124-2","tipo_operacion":"NORMAL","tipo_ruta_zonal":3,"tipo_servicio_ruta_zonal":1,"zona_destino_ruta_zonal":0,"zona_origen_ruta_zonal":3}},{"type":"Feature","id":3877,"geometry":null,"properties":{"abreviatura_destino_zona_sitp":"FFF","codigo_definitivo_ruta_zonal":"FF423","delega_ruta_zonal":1,"denominacion_ruta_zonal":"FAVIDI A.M.","destino_ruta_zonal":"FAVIDI","destino_zona_sitp":"AMERICAS","fecha_implementacion_ruta_zonal":"22/08/2023","globalid":"{88055203-B739-48D3-94CC-225A72BC1762}","localidad_destino_ruta_zonal":8,"localidad_origen_ruta_zonal":8,"longitud_ruta_zonal":9.0823085599999995,"objectid":3877,"operador_ruta_zonal":"ESTE ES MI BUS - TZ","origen_ruta_zonal":"BANDERAS","route_id_ruta_zonal":531,"route_name_ruta_zonal":"FF423-3","tipo_operacion":"NORMAL","tipo_ruta_zonal":4,"tipo_servicio_ruta_zonal":2,"zona_destino_ruta_zonal":8,"zona_origen_ruta_zonal":8}},{"type":"Feature","id":3878,"geometry":null,"properties":{"abreviatura_destino_zona_sitp":"BBB","codigo_definitivo_ruta_zonal":"BH907","delega_ruta_zonal":1,"denominacion_ruta_zonal":"TERMINAL NORTE - USME CENTRO","destino_ruta_zonal":"TERMINAL NORTE","destino_zona_sitp":"USAQUEN","fecha_implementacion_ruta_zonal":"12/04/2021","globalid":"{88465F05-59D7-455C-AD4C-95F3275EC7C5}","localidad_destino_ruta_zonal":5,"localidad_origen_ruta_zonal":1,"longitud_ruta_zonal":42.908891699999998,"objectid":3878,"operador_ruta_zonal":"CONSORCIO EXPRESS N","origen_ruta_zonal":"USME CENTRO","route_id_ruta_zonal":253,"route_name_ruta_zonal":"B907-2","tipo_operacion":"NORMAL","tipo_ruta_zonal":3,"tipo_servicio_ruta_zonal":1,"zona_destino_ruta_zonal":12,"zona_origen_ruta_zonal":1}},{"type":"Feature","id":3881,"geometry":null,"properties":{"abreviatura_destino_zona_sitp":"ALI","codigo_definitivo_ruta_zonal":"5-3","delega_ruta_zonal":2,"denominacion_ruta_zonal":"SERENA CEREZOS","destino_ruta_zonal":"SERENA CEREZOS","destino_zona_sitp":"ALIMENTADORA","fecha_implementacion_ruta_zonal":"-","globalid":"{8952309A-0BDF-48F8-8DE1-9B8B21679AFE}","localidad_destino_ruta_zonal":10,"localidad_origen_ruta_zonal":10,"longitud_ruta_zonal":6.4149086899999999,"objectid":3881,"operador_ruta_zonal":"ESTE ES MI BUS - CO","origen_ruta_zonal":"GRANJA","route_id_ruta_zonal":77,"route_name_ruta_zonal":"5-3a","tipo_operacion":"NORMAL","tipo_ruta_zonal":4,"tipo_servicio_ruta_zonal":1,"zona_destino_ruta_zonal":4,"zona_origen_ruta_zonal":4}},{"type":"Feature","id":3882,"geometry":null,"properties":{"abreviatura_destino_zona_sitp":"CHA","codigo_definitivo_ruta_zonal":"T12","delega_ruta_zonal":1,"denominacion_ruta_zonal":"SAN JOAQUIN - CALLE 100","destino_ruta_zonal":"CALLE 100","destino_zona_sitp":"CHAPINERO","fecha_implementacion_ruta_zonal":"7/09/2020","globalid":"{89A9F283-EA1C-4D4B-8458-A9D4AABF6DF2}","localidad_destino_ruta_zonal":2,"localidad_origen_ruta_zonal":19,"longitud_ruta_zonal":52.319933749999997,"objectid":3882,"operador_ruta_zonal":"SUMA - BC","origen_ruta_zonal":"SAN JOAQUÍN","route_id_ruta_zonal":343,"route_name_ruta_zonal":"T12-3","tipo_operacion":"NORMAL","tipo_ruta_zonal":3,"tipo_servicio_ruta_zonal":1,"zona_destino_ruta_zonal":0,"zona_origen_ruta_zonal":11}},{"type":"Feature","id":3883,"geometry":null,"properties":{"abreviatura_destino_zona_sitp":"AAA","codigo_definitivo_ruta_zonal":"HA720","delega_ruta_zonal":1,"denominacion_ruta_zonal":"CIUDADELA USME - 7 DE AGOSTO","destino_ruta_zonal":"7 DE AGOSTO","destino_zona_sitp":"NEUTRA","fecha_implementacion_ruta_zonal":"23/10/2023","globalid":"{8AA0D9BD-327C-4D48-81D9-F9A1561C664E}","localidad_destino_ruta_zonal":12,"localidad_origen_ruta_zonal":5,"longitud_ruta_zonal":27.596581069999999,"objectid":3883,"operador_ruta_zonal":"MUEVE USME","origen_ruta_zonal":"CIUDADELA USME","route_id_ruta_zonal":496,"route_name_ruta_zonal":"A720-1","tipo_operacion":"NORMAL","tipo_ruta_zonal":3,"tipo_servicio_ruta_zonal":1,"zona_destino_ruta_zonal":0,"zona_origen_ruta_zonal":12}},{"type":"Feature","id":3884,"geometry":null,"properties":{"abreviatura_destino_zona_sitp":"KKK","codigo_definitivo_ruta_zonal":"KC321","delega_ruta_zonal":1,"denominacion_ruta_zonal":"FONTIBON BRISAS - TIBABUYES","destino_ruta_zonal":"FONTIBÓN BRISAS","destino_zona_sitp":"CALLE 26","fecha_implementacion_ruta_zonal":"15/01/2023","globalid":"{8AD4C9D6-6714-43F6-83CE-FEEB90D9A528}","localidad_destino_ruta_zonal":11,"localidad_origen_ruta_zonal":9,"longitud_ruta_zonal":28.721862270000003,"objectid":3884,"operador_ruta_zonal":"MUEVE FONTIBON","origen_ruta_zonal":"TIBABUYES","route_id_ruta_zonal":399,"route_name_ruta_zonal":"K321-2","tipo_operacion":"NORMAL","tipo_ruta_zonal":3,"tipo_servicio_ruta_zonal":1,"zona_destino_ruta_zonal":3,"zona_origen_ruta_zonal":6}},{"type":"Feature","id":3885,"geometry":null,"properties":{"abreviatura_destino_zona_sitp":"BOS","codigo_definitivo_ruta_zonal":"1-6","delega_ruta_zonal":2,"denominacion_ruta_zonal":"BOLIVIA ORIENTAL","destino_ruta_zonal":"BOLIVIA ORIENTAL","destino_zona_sitp":"580","fecha_implementacion_ruta_zonal":" ","globalid":"{8B0CE8D0-8474-410F-8BFB-76AE5D4EFC6E}","localidad_destino_ruta_zonal":10,"localidad_origen_ruta_zonal":10,"longitud_ruta_zonal":3.0211647500000001,"objectid":3885,"operador_ruta_zonal":"EMASIVO 10","origen_ruta_zonal":"PORTAL 80","route_id_ruta_zonal":29,"route_name_ruta_zonal":"1-6a","tipo_operacion":"NORMAL","tipo_ruta_zonal":4,"tipo_servicio_ruta_zonal":1,"zona_destino_ruta_zonal":4,"zona_origen_ruta_zonal":4}},{"type":"Feature","id":3886,"geometry":null,"properties":{"abreviatura_destino_zona_sitp":"KKK","codigo_definitivo_ruta_zonal":"LK810","delega_ruta_zonal":1,"denominacion_ruta_zonal":"GAVIOTAS - FONTIBON BRISAS","destino_ruta_zonal":"FONTIBÓN BRISAS","destino_zona_sitp":"CALLE 26","fecha_implementacion_ruta_zonal":"15/01/2023","globalid":"{8B7E6710-3D29-4E0F-B019-68DBDD7C6ACF}","localidad_destino_ruta_zonal":9,"localidad_origen_ruta_zonal":4,"longitud_ruta_zonal":29.21909084,"objectid":3886,"operador_ruta_zonal":"CONSORCIO EXPRESS D","origen_ruta_zonal":"GAVIOTAS","route_id_ruta_zonal":353,"route_name_ruta_zonal":"K810-1","tipo_operacion":"NORMAL","tipo_ruta_zonal":3,"tipo_servicio_ruta_zonal":1,"zona_destino_ruta_zonal":6,"zona_origen_ruta_zonal":13}},{"type":"Feature","id":3887,"geometry":null,"properties":{"abreviatura_destino_zona_sitp":"NOR","codigo_definitivo_ruta_zonal":"19-9","delega_ruta_zonal":1,"denominacion_ruta_zonal":"BARRANCAS NORTE","destino_ruta_zonal":"BARRANCAS NORTE","destino_zona_sitp":"NORTE","fecha_implementacion_ruta_zonal":"-","globalid":"{8D0E35CD-6601-4625-AF33-369B1BAAF399}","localidad_destino_ruta_zonal":1,"localidad_origen_ruta_zonal":1,"longitud_ruta_zonal":9.1696060000000017,"objectid":3887,"operador_ruta_zonal":"CONSORCIO EXPRESS N","origen_ruta_zonal":"CARDIO INFANTIL","route_id_ruta_zonal":40,"route_name_ruta_zonal":"19-9","tipo_operacion":"NORMAL","tipo_ruta_zonal":3,"tipo_servicio_ruta_zonal":1,"zona_destino_ruta_zonal":1,"zona_origen_ruta_zonal":1}},{"type":"Feature","id":3888,"geometry":null,"properties":{"abreviatura_destino_zona_sitp":"GGG","codigo_definitivo_ruta_zonal":"GK527","delega_ruta_zonal":1,"denominacion_ruta_zonal":"METROVIVIENDA - CAN","destino_ruta_zonal":"METROVIVIENDA","destino_zona_sitp":"BOSA","fecha_implementacion_ruta_zonal":"18/07/2022","globalid":"{8D75124C-80CC-40B1-9D3D-6EEA5ACF7FB9}","localidad_destino_ruta_zonal":13,"localidad_origen_ruta_zonal":7,"longitud_ruta_zonal":20.144481510000002,"objectid":3888,"operador_ruta_zonal":"MASIVO CAPITAL - KE","origen_ruta_zonal":"CAN","route_id_ruta_zonal":612,"route_name_ruta_zonal":"G527-2","tipo_operacion":"NORMAL","tipo_ruta_zonal":3,"tipo_servicio_ruta_zonal":1,"zona_destino_ruta_zonal":6,"zona_origen_ruta_zonal":9}},{"type":"Feature","id":3889,"geometry":null,"properties":{"abreviatura_destino_zona_sitp":"KKK","codigo_definitivo_ruta_zonal":"BK904","delega_ruta_zonal":1,"denominacion_ruta_zonal":"LA ESTRELLITA - TERMINAL SALITRE","destino_ruta_zonal":"TERMINAL SALITRE","destino_zona_sitp":"CALLE 26","fecha_implementacion_ruta_zonal":"8/08/2023","globalid":"{8DA12BF2-0E6B-4B4C-9BE2-3764C4FA1916}","localidad_destino_ruta_zonal":9,"localidad_origen_ruta_zonal":1,"longitud_ruta_zonal":24.68650092,"objectid":3889,"operador_ruta_zonal":"CONSORCIO EXPRESS N","origen_ruta_zonal":"LA ESTRELLITA","route_id_ruta_zonal":299,"route_name_ruta_zonal":"K904-1","tipo_operacion":"NORMAL","tipo_ruta_zonal":3,"tipo_servicio_ruta_zonal":1,"zona_destino_ruta_zonal":6,"zona_origen_ruta_zonal":1}},{"type":"Feature","id":3890,"geometry":null,"properties":{"abreviatura_destino_zona_sitp":"AAA","codigo_definitivo_ruta_zonal":"KA305","delega_ruta_zonal":1,"denominacion_ruta_zonal":"EL RECODO - EST. CALLE 100","destino_ruta_zonal":"EST. CALLE 100","destino_zona_sitp":"NEUTRA","fecha_implementacion_ruta_zonal":"10/07/2023","globalid":"{8E0C38AA-C74B-4D97-8D18-DD00D2C0E656}","localidad_destino_ruta_zonal":12,"localidad_origen_ruta_zonal":9,"longitud_ruta_zonal":20.21289556,"objectid":3890,"operador_ruta_zonal":"E-SOMOS FONTIBON","origen_ruta_zonal":"EL RECODO","route_id_ruta_zonal":201,"route_name_ruta_zonal":"A305-1","tipo_operacion":"NORMAL","tipo_ruta_zonal":3,"tipo_servicio_ruta_zonal":1,"zona_destino_ruta_zonal":0,"zona_origen_ruta_zonal":6}},{"type":"Feature","id":3891,"geometry":null,"properties":{"abreviatura_destino_zona_sitp":"HHH","codigo_definitivo_ruta_zonal":"HB608","delega_ruta_zonal":1,"denominacion_ruta_zonal":"ARABIA - AV. CALLE 134","destino_ruta_zonal":"ARABIA","destino_zona_sitp":"USME/ CIUDAD BOLIVAR","fecha_implementacion_ruta_zonal":"26/10/2020","globalid":"{8E1943EB-104A-4469-8895-85F22229DAE5}","localidad_destino_ruta_zonal":1,"localidad_origen_ruta_zonal":19,"longitud_ruta_zonal":27.391567569999999,"objectid":3891,"operador_ruta_zonal":"SUMA - BC","origen_ruta_zonal":"AV. CALLE 134","route_id_ruta_zonal":251,"route_name_ruta_zonal":"H608-2","tipo_operacion":"NORMAL","tipo_ruta_zonal":3,"tipo_servicio_ruta_zonal":1,"zona_destino_ruta_zonal":1,"zona_origen_ruta_zonal":11}},{"type":"Feature","id":3892,"geometry":null,"properties":{"abreviatura_destino_zona_sitp":"HHH","codigo_definitivo_ruta_zonal":"HA611","delega_ruta_zonal":1,"denominacion_ruta_zonal":"EST. CALLE 100 - SANTO DOMINGO","destino_ruta_zonal":"SANTO DOMINGO","destino_zona_sitp":"USME/ CIUDAD BOLIVAR","fecha_implementacion_ruta_zonal":"19/12/2020","globalid":"{8E4BE03D-6E09-4CB5-A2ED-D8C95E1F69E2}","localidad_destino_ruta_zonal":2,"localidad_origen_ruta_zonal":19,"longitud_ruta_zonal":25.632889389999999,"objectid":3892,"operador_ruta_zonal":"ETIB - BO","origen_ruta_zonal":"EST. CALLE 100","route_id_ruta_zonal":302,"route_name_ruta_zonal":"H611-2","tipo_operacion":"NORMAL","tipo_ruta_zonal":3,"tipo_servicio_ruta_zonal":1,"zona_destino_ruta_zonal":1,"zona_origen_ruta_zonal":11}},{"type":"Feature","id":3893,"geometry":null,"properties":{"abreviatura_destino_zona_sitp":"ALI","codigo_definitivo_ruta_zonal":"8-3","delega_ruta_zonal":2,"denominacion_ruta_zonal":"CASTILLA","destino_ruta_zonal":"CASTILLA","destino_zona_sitp":"ALIMENTADORA","fecha_implementacion_ruta_zonal":"-","globalid":"{8EAD60CC-4DF5-4CAF-B751-2BA9976CDB5E}","localidad_destino_ruta_zonal":8,"localidad_origen_ruta_zonal":8,"longitud_ruta_zonal":8.0645296800000015,"objectid":3893,"operador_ruta_zonal":"ESTE ES MI BUS - TZ","origen_ruta_zonal":"BANDERAS","route_id_ruta_zonal":287,"route_name_ruta_zonal":"8-3a","tipo_operacion":"NORMAL","tipo_ruta_zonal":4,"tipo_servicio_ruta_zonal":1,"zona_destino_ruta_zonal":7,"zona_origen_ruta_zonal":8}},{"type":"Feature","id":3894,"geometry":null,"properties":{"abreviatura_destino_zona_sitp":"ALI","codigo_definitivo_ruta_zonal":"11-8","delega_ruta_zonal":2,"denominacion_ruta_zonal":"LA GAITANA","destino_ruta_zonal":"LA GAITANA","destino_zona_sitp":"ALIMENTADORA","fecha_implementacion_ruta_zonal":"23/07/2022","globalid":"{8F8DDE50-B9E4-44E5-A78A-F3B8A33CCFBF}","localidad_destino_ruta_zonal":11,"localidad_origen_ruta_zonal":11,"longitud_ruta_zonal":7.3301787100000002,"objectid":3894,"operador_ruta_zonal":"ESTE ES MI BUS - CO","origen_ruta_zonal":"PORTAL SUBA","route_id_ruta_zonal":346,"route_name_ruta_zonal":"11-8a","tipo_operacion":"NORMAL","tipo_ruta_zonal":4,"tipo_servicio_ruta_zonal":1,"zona_destino_ruta_zonal":3,"zona_origen_ruta_zonal":3}},{"type":"Feature","id":3895,"geometry":null,"properties":{"abreviatura_destino_zona_sitp":"ALI","codigo_definitivo_ruta_zonal":"7-1","delega_ruta_zonal":2,"denominacion_ruta_zonal":"URIBE URIBE","destino_ruta_zonal":"URIBE URIBE","destino_zona_sitp":"ALIMENTADORA","fecha_implementacion_ruta_zonal":"5/08/2024","globalid":"{8FF6626C-9600-42F5-8FC3-896D4B742B23}","localidad_destino_ruta_zonal":18,"localidad_origen_ruta_zonal":18,"longitud_ruta_zonal":5.7757544400000009,"objectid":3895,"operador_ruta_zonal":"E-SOMOS ALIMENTACION","origen_ruta_zonal":"CALLE 40 SUR","route_id_ruta_zonal":35,"route_name_ruta_zonal":"7-1-2a","tipo_operacion":"NORMAL","tipo_ruta_zonal":4,"tipo_servicio_ruta_zonal":6,"zona_destino_ruta_zonal":12,"zona_origen_ruta_zonal":12}},{"type":"Feature","id":3896,"geometry":null,"properties":{"abreviatura_destino_zona_sitp":"BBB","codigo_definitivo_ruta_zonal":"KB314","delega_ruta_zonal":1,"denominacion_ruta_zonal":"FONTIBON REFUGIO - EL CODITO","destino_ruta_zonal":"EL CODITO","destino_zona_sitp":"USAQUEN","fecha_implementacion_ruta_zonal":"15/01/2023","globalid":"{91F1E71B-734D-4B63-8504-03A696E75E40}","localidad_destino_ruta_zonal":1,"localidad_origen_ruta_zonal":9,"longitud_ruta_zonal":33.168269529999996,"objectid":3896,"operador_ruta_zonal":"CONSORCIO EXPRESS N","origen_ruta_zonal":"FONTIBON REFUGIO","route_id_ruta_zonal":407,"route_name_ruta_zonal":"B314-1","tipo_operacion":"NORMAL","tipo_ruta_zonal":3,"tipo_servicio_ruta_zonal":1,"zona_destino_ruta_zonal":1,"zona_origen_ruta_zonal":6}},{"type":"Feature","id":3897,"geometry":null,"properties":{"abreviatura_destino_zona_sitp":"SUB","codigo_definitivo_ruta_zonal":"T55","delega_ruta_zonal":1,"denominacion_ruta_zonal":"PORTAL NORTE - PORTAL SUBA","destino_ruta_zonal":"PORTAL SUBA","destino_zona_sitp":"SUBA","fecha_implementacion_ruta_zonal":"17/02/2020","globalid":"{92595C8B-A87A-45FE-BF27-B0D34A8586FB}","localidad_destino_ruta_zonal":1,"localidad_origen_ruta_zonal":11,"longitud_ruta_zonal":17.73944543,"objectid":3897,"operador_ruta_zonal":"MASIVO CAPITAL - SO","origen_ruta_zonal":"PORTAL NORTE","route_id_ruta_zonal":133,"route_name_ruta_zonal":"T55-3","tipo_operacion":"NORMAL","tipo_ruta_zonal":3,"tipo_servicio_ruta_zonal":1,"zona_destino_ruta_zonal":1,"zona_origen_ruta_zonal":3}},{"type":"Feature","id":3898,"geometry":null,"properties":{"abreviatura_destino_zona_sitp":"ALI","codigo_definitivo_ruta_zonal":"13-9","delega_ruta_zonal":1,"denominacion_ruta_zonal":"TIHUAQUE","destino_ruta_zonal":"TIHUAQUE","destino_zona_sitp":"ALIMENTADORA","fecha_implementacion_ruta_zonal":"-","globalid":"{92767359-C614-441A-B197-F5EF02EC3352}","localidad_destino_ruta_zonal":5,"localidad_origen_ruta_zonal":4,"longitud_ruta_zonal":21.780566520000001,"objectid":3898,"operador_ruta_zonal":"CONSORCIO EXPRESS D","origen_ruta_zonal":"PORTAL 20 JULIO","route_id_ruta_zonal":57,"route_name_ruta_zonal":"13-9a","tipo_operacion":"NORMAL","tipo_ruta_zonal":4,"tipo_servicio_ruta_zonal":1,"zona_destino_ruta_zonal":13,"zona_origen_ruta_zonal":13}},{"type":"Feature","id":3900,"geometry":null,"properties":{"abreviatura_destino_zona_sitp":"AAA","codigo_definitivo_ruta_zonal":"GA506","delega_ruta_zonal":1,"denominacion_ruta_zonal":"CATALINA II - GALERÍAS","destino_ruta_zonal":"GALERÍAS","destino_zona_sitp":"NEUTRA","fecha_implementacion_ruta_zonal":"2/09/2024","globalid":"{934BE767-09C7-4883-9FBB-D3E26CDD14FD}","localidad_destino_ruta_zonal":13,"localidad_origen_ruta_zonal":8,"longitud_ruta_zonal":23.107089599999998,"objectid":3900,"operador_ruta_zonal":"ETIB - BO","origen_ruta_zonal":"CATALINA II","route_id_ruta_zonal":538,"route_name_ruta_zonal":"A506-1","tipo_operacion":"NORMAL","tipo_ruta_zonal":3,"tipo_servicio_ruta_zonal":1,"zona_destino_ruta_zonal":0,"zona_origen_ruta_zonal":9}},{"type":"Feature","id":3901,"geometry":null,"properties":{"abreviatura_destino_zona_sitp":"ALI","codigo_definitivo_ruta_zonal":"8-6","delega_ruta_zonal":2,"denominacion_ruta_zonal":"TIMIZA","destino_ruta_zonal":"TIMIZA","destino_zona_sitp":"ALIMENTADORA","fecha_implementacion_ruta_zonal":"-","globalid":"{93510FB3-D990-451B-B5DE-5414213FD117}","localidad_destino_ruta_zonal":8,"localidad_origen_ruta_zonal":8,"longitud_ruta_zonal":9.9235008699999998,"objectid":3901,"operador_ruta_zonal":"MASIVO CAPITAL - KE","origen_ruta_zonal":"BANDERAS","route_id_ruta_zonal":37,"route_name_ruta_zonal":"8-6a","tipo_operacion":"NORMAL","tipo_ruta_zonal":4,"tipo_servicio_ruta_zonal":1,"zona_destino_ruta_zonal":8,"zona_origen_ruta_zonal":8}},{"type":"Feature","id":3902,"geometry":null,"properties":{"abreviatura_destino_zona_sitp":"CCC","codigo_definitivo_ruta_zonal":"HC705","delega_ruta_zonal":1,"denominacion_ruta_zonal":"ALFONSO LOPEZ - EST. SUBA CALLE 100","destino_ruta_zonal":"EST. SUBA CALLE 100","destino_zona_sitp":"SUBA","fecha_implementacion_ruta_zonal":"13/09/2021","globalid":"{939D9F77-0940-4BA8-B791-1A791AF5420E}","localidad_destino_ruta_zonal":11,"localidad_origen_ruta_zonal":5,"longitud_ruta_zonal":31.32953805,"objectid":3902,"operador_ruta_zonal":"GRAN AMERICAS USME","origen_ruta_zonal":"ALFONSO LÓPEZ","route_id_ruta_zonal":339,"route_name_ruta_zonal":"C705-1","tipo_operacion":"NORMAL","tipo_ruta_zonal":3,"tipo_servicio_ruta_zonal":1,"zona_destino_ruta_zonal":3,"zona_origen_ruta_zonal":12}},{"type":"Feature","id":3903,"geometry":null,"properties":{"abreviatura_destino_zona_sitp":"ENG","codigo_definitivo_ruta_zonal":"740","delega_ruta_zonal":1,"denominacion_ruta_zonal":"PENINSULA - ENGATIVA","destino_ruta_zonal":"ENGATIVÁ","destino_zona_sitp":"ENGATIVA","fecha_implementacion_ruta_zonal":"3/02/2014","globalid":"{93AA89DD-3D31-4BF0-93BF-A76EE10F609B}","localidad_destino_ruta_zonal":10,"localidad_origen_ruta_zonal":4,"longitud_ruta_zonal":31.495984489999998,"objectid":3903,"operador_ruta_zonal":"GMOVIL - E","origen_ruta_zonal":"PENINSULA","route_id_ruta_zonal":24,"route_name_ruta_zonal":"740-1","tipo_operacion":"NORMAL","tipo_ruta_zonal":3,"tipo_servicio_ruta_zonal":1,"zona_destino_ruta_zonal":5,"zona_origen_ruta_zonal":13}},{"type":"Feature","id":3906,"geometry":null,"properties":{"abreviatura_destino_zona_sitp":"CEN","codigo_definitivo_ruta_zonal":"114A","delega_ruta_zonal":1,"denominacion_ruta_zonal":"ALTOS DEL ZUQUE - PALOQUEMAO","destino_ruta_zonal":"PALOQUEMAO","destino_zona_sitp":"CENTRO","fecha_implementacion_ruta_zonal":"29/09/2012","globalid":"{95537E14-C2A1-4AD5-9EB8-374F80FE082F}","localidad_destino_ruta_zonal":14,"localidad_origen_ruta_zonal":4,"longitud_ruta_zonal":34.03259628,"objectid":3906,"operador_ruta_zonal":"CONSORCIO EXPRESS D","origen_ruta_zonal":"ALTOS DEL ZUQUE","route_id_ruta_zonal":134,"route_name_ruta_zonal":"114A-3","tipo_operacion":"NORMAL","tipo_ruta_zonal":3,"tipo_servicio_ruta_zonal":1,"zona_destino_ruta_zonal":0,"zona_origen_ruta_zonal":13}},{"type":"Feature","id":3907,"geometry":null,"properties":{"abreviatura_destino_zona_sitp":"ALI","codigo_definitivo_ruta_zonal":"9-5","delega_ruta_zonal":2,"denominacion_ruta_zonal":"AV. TINTAL","destino_ruta_zonal":"AV. TINTAL","destino_zona_sitp":"ALIMENTADORA","fecha_implementacion_ruta_zonal":"-","globalid":"{959DF10F-82F0-47C6-B2E1-6C90E5F118AF}","localidad_destino_ruta_zonal":7,"localidad_origen_ruta_zonal":8,"longitud_ruta_zonal":11.52673064,"objectid":3907,"operador_ruta_zonal":"MASIVO CAPITAL - KE","origen_ruta_zonal":"PORTAL AMERICAS","route_id_ruta_zonal":598,"route_name_ruta_zonal":"9-5a","tipo_operacion":"NORMAL","tipo_ruta_zonal":4,"tipo_servicio_ruta_zonal":1,"zona_destino_ruta_zonal":9,"zona_origen_ruta_zonal":9}},{"type":"Feature","id":3911,"geometry":null,"properties":{"abreviatura_destino_zona_sitp":"USA","codigo_definitivo_ruta_zonal":"T795","delega_ruta_zonal":1,"denominacion_ruta_zonal":"CORPAS - ESTACICN CALLE 100","destino_ruta_zonal":"ESTACI","destino_zona_sitp":"USAQUEN","fecha_implementacion_ruta_zonal":"7/09/2020","globalid":"{979E6AF2-9B3D-4CFB-AE62-857B313059D5}","localidad_destino_ruta_zonal":12,"localidad_origen_ruta_zonal":11,"longitud_ruta_zonal":26.95857256,"objectid":3911,"operador_ruta_zonal":"CONSORCIO EXPRESS N","origen_ruta_zonal":"CORPAS","route_id_ruta_zonal":273,"route_name_ruta_zonal":"T795-3","tipo_operacion":"NORMAL","tipo_ruta_zonal":3,"tipo_servicio_ruta_zonal":1,"zona_destino_ruta_zonal":0,"zona_origen_ruta_zonal":3}},{"type":"Feature","id":3912,"geometry":null,"properties":{"abreviatura_destino_zona_sitp":"ALI","codigo_definitivo_ruta_zonal":"3-5","delega_ruta_zonal":2,"denominacion_ruta_zonal":"USMINIA","destino_ruta_zonal":"USMINIA","destino_zona_sitp":"ALIMENTADORA","fecha_implementacion_ruta_zonal":"-","globalid":"{97FC8933-FF6A-4864-BFE7-3B4BE81D8D7B}","localidad_destino_ruta_zonal":5,"localidad_origen_ruta_zonal":5,"longitud_ruta_zonal":14.115605690000001,"objectid":3912,"operador_ruta_zonal":"E-SOMOS ALIMENTACION","origen_ruta_zonal":"PORTAL USME","route_id_ruta_zonal":266,"route_name_ruta_zonal":"3-5a","tipo_operacion":"NORMAL","tipo_ruta_zonal":4,"tipo_servicio_ruta_zonal":1,"zona_destino_ruta_zonal":12,"zona_origen_ruta_zonal":12}},{"type":"Feature","id":3913,"geometry":null,"properties":{"abreviatura_destino_zona_sitp":"FFF","codigo_definitivo_ruta_zonal":"CF154","delega_ruta_zonal":1,"denominacion_ruta_zonal":"SUBA NOGALES - PUENTE ARANDA","destino_ruta_zonal":"PUENTE ARANDA","destino_zona_sitp":"AMERICAS","fecha_implementacion_ruta_zonal":"23/07/2022","globalid":"{98386042-0FE8-4EDD-9C81-4FEE8651C534}","localidad_destino_ruta_zonal":16,"localidad_origen_ruta_zonal":11,"longitud_ruta_zonal":20.202314579999999,"objectid":3913,"operador_ruta_zonal":"EMASIVO 16","origen_ruta_zonal":"SUBA NOGALES","route_id_ruta_zonal":481,"route_name_ruta_zonal":"F154-1","tipo_operacion":"NORMAL","tipo_ruta_zonal":3,"tipo_servicio_ruta_zonal":1,"zona_destino_ruta_zonal":7,"zona_origen_ruta_zonal":3}},{"type":"Feature","id":3915,"geometry":null,"properties":{"abreviatura_destino_zona_sitp":"USM","codigo_definitivo_ruta_zonal":"SE14","delega_ruta_zonal":1,"denominacion_ruta_zonal":"DIANA TURBAY CULTIVOS - ENGATIVA CENTRO","destino_ruta_zonal":"DIANA TURBAY CULTIVOS","destino_zona_sitp":"USME","fecha_implementacion_ruta_zonal":"10/03/2025","globalid":"{99FC39DC-1345-4899-B30F-2FC33710DD80}","localidad_destino_ruta_zonal":18,"localidad_origen_ruta_zonal":10,"longitud_ruta_zonal":36.563833180000003,"objectid":3915,"operador_ruta_zonal":"GMOVIL-SUMA","origen_ruta_zonal":"ENGATIVÁ CENTRO","route_id_ruta_zonal":1,"route_name_ruta_zonal":"SE14-2","tipo_operacion":"NORMAL","tipo_ruta_zonal":3,"tipo_servicio_ruta_zonal":1,"zona_destino_ruta_zonal":5,"zona_origen_ruta_zonal":11}},{"type":"Feature","id":3917,"geometry":null,"properties":{"abreviatura_destino_zona_sitp":"SCR","codigo_definitivo_ruta_zonal":"740","delega_ruta_zonal":1,"denominacion_ruta_zonal":"PENINSULA - ENGATIVA","destino_ruta_zonal":"PENINSULA","destino_zona_sitp":"SAN CRISTOBAL","fecha_implementacion_ruta_zonal":"3/02/2014","globalid":"{9B3F0A75-F73A-45E7-A41F-2EF837EA4DD8}","localidad_destino_ruta_zonal":10,"localidad_origen_ruta_zonal":4,"longitud_ruta_zonal":30.233793119999998,"objectid":3917,"operador_ruta_zonal":"GMOVIL - E","origen_ruta_zonal":"ENGATIVÁ","route_id_ruta_zonal":172,"route_name_ruta_zonal":"740-2","tipo_operacion":"NORMAL","tipo_ruta_zonal":3,"tipo_servicio_ruta_zonal":1,"zona_destino_ruta_zonal":5,"zona_origen_ruta_zonal":13}},{"type":"Feature","id":3919,"geometry":null,"properties":{"abreviatura_destino_zona_sitp":"SCR","codigo_definitivo_ruta_zonal":"139","delega_ruta_zonal":1,"denominacion_ruta_zonal":"BOSA SAN JOSE - JUAN REY","destino_ruta_zonal":"JUAN REY","destino_zona_sitp":"SAN CRISTOBAL","fecha_implementacion_ruta_zonal":"23/11/2013","globalid":"{9B5BEB60-10C7-470F-9B48-32A7A6B624C5}","localidad_destino_ruta_zonal":4,"localidad_origen_ruta_zonal":7,"longitud_ruta_zonal":26.910269620000001,"objectid":3919,"operador_ruta_zonal":"CONSORCIO EXPRESS D","origen_ruta_zonal":"BOSA SAN JOSÉ","route_id_ruta_zonal":98,"route_name_ruta_zonal":"139-1","tipo_operacion":"NORMAL","tipo_ruta_zonal":3,"tipo_servicio_ruta_zonal":1,"zona_destino_ruta_zonal":13,"zona_origen_ruta_zonal":9}},{"type":"Feature","id":3921,"geometry":null,"properties":{"abreviatura_destino_zona_sitp":"0","codigo_definitivo_ruta_zonal":"FA426","delega_ruta_zonal":1,"denominacion_ruta_zonal":"EST. COMUNEROS - GALÁN","destino_ruta_zonal":"EST. COMUNEROS","destino_zona_sitp":"0","fecha_implementacion_ruta_zonal":"4/07/2023","globalid":"{9B8D2880-F358-451E-B82D-C3DDEDF5E3D5}","localidad_destino_ruta_zonal":16,"localidad_origen_ruta_zonal":14,"longitud_ruta_zonal":6.4851244000000001,"objectid":3921,"operador_ruta_zonal":"MASIVO CAPITAL - KE","origen_ruta_zonal":"GALÁN","route_id_ruta_zonal":622,"route_name_ruta_zonal":"A426-1","tipo_operacion":"NORMAL","tipo_ruta_zonal":3,"tipo_servicio_ruta_zonal":1,"zona_destino_ruta_zonal":0,"zona_origen_ruta_zonal":8}},{"type":"Feature","id":3922,"geometry":null,"properties":{"abreviatura_destino_zona_sitp":"NOR","codigo_definitivo_ruta_zonal":"E44","delega_ruta_zonal":1,"denominacion_ruta_zonal":"MIRANDELA - EL UVAL","destino_ruta_zonal":"MIRANDELA","destino_zona_sitp":"NORTE","fecha_implementacion_ruta_zonal":"22/04/2024","globalid":"{9BB59245-2FFF-4F2A-A983-9BE5D5E31C9C}","localidad_destino_ruta_zonal":1,"localidad_origen_ruta_zonal":5,"longitud_ruta_zonal":51.497963249999998,"objectid":3922,"operador_ruta_zonal":"CONSORCIO EXPRESS N","origen_ruta_zonal":"EL UVAL","route_id_ruta_zonal":307,"route_name_ruta_zonal":"E44-1","tipo_operacion":"NORMAL","tipo_ruta_zonal":3,"tipo_servicio_ruta_zonal":1,"zona_destino_ruta_zonal":1,"zona_origen_ruta_zonal":12}},{"type":"Feature","id":3924,"geometry":null,"properties":{"abreviatura_destino_zona_sitp":"FFF","codigo_definitivo_ruta_zonal":"FC404","delega_ruta_zonal":1,"denominacion_ruta_zonal":"PATIO BONITO - CALLE 170","destino_ruta_zonal":"PATIO BONITO","destino_zona_sitp":"AMERICAS","fecha_implementacion_ruta_zonal":"20/11/2023","globalid":"{9C9C1CD3-58AB-4F97-BF06-E7471E71CA21}","localidad_destino_ruta_zonal":11,"localidad_origen_ruta_zonal":8,"longitud_ruta_zonal":32.795328059999996,"objectid":3924,"operador_ruta_zonal":"MASIVO CAPITAL - KE","origen_ruta_zonal":"CALLE 170","route_id_ruta_zonal":13,"route_name_ruta_zonal":"F404-2","tipo_operacion":"NORMAL","tipo_ruta_zonal":3,"tipo_servicio_ruta_zonal":4,"zona_destino_ruta_zonal":3,"zona_origen_ruta_zonal":8}},{"type":"Feature","id":3925,"geometry":null,"properties":{"abreviatura_destino_zona_sitp":"ALI","codigo_definitivo_ruta_zonal":"3-14","delega_ruta_zonal":1,"denominacion_ruta_zonal":"EL UVAL","destino_ruta_zonal":"EL UVAL","destino_zona_sitp":"ALIMENTADORA","fecha_implementacion_ruta_zonal":"22/05/2021","globalid":"{9D47B820-30BB-4851-98D1-72C36F4AA59A}","localidad_destino_ruta_zonal":5,"localidad_origen_ruta_zonal":5,"longitud_ruta_zonal":16.85703097,"objectid":3925,"operador_ruta_zonal":"E-SOMOS ALIMENTACION","origen_ruta_zonal":"PORTAL USME","route_id_ruta_zonal":269,"route_name_ruta_zonal":"3-14a","tipo_operacion":"NORMAL","tipo_ruta_zonal":4,"tipo_servicio_ruta_zonal":1,"zona_destino_ruta_zonal":12,"zona_origen_ruta_zonal":12}},{"type":"Feature","id":3926,"geometry":null,"properties":{"abreviatura_destino_zona_sitp":"DDD","codigo_definitivo_ruta_zonal":"DL205","delega_ruta_zonal":1,"denominacion_ruta_zonal":"BACHUE - BOSQUE SAN CARLOS","destino_ruta_zonal":"BACHUÉ","destino_zona_sitp":"ENGATIVA / CALLE 80","fecha_implementacion_ruta_zonal":"4/09/2023","globalid":"{9D7FE695-1FC7-41E6-AF49-A16B66302610}","localidad_destino_ruta_zonal":18,"localidad_origen_ruta_zonal":10,"longitud_ruta_zonal":27.71560504,"objectid":3926,"operador_ruta_zonal":"ESTE ES MI BUS - CO","origen_ruta_zonal":"BOSQUE SAN CARLOS","route_id_ruta_zonal":241,"route_name_ruta_zonal":"D205-2","tipo_operacion":"NORMAL","tipo_ruta_zonal":3,"tipo_servicio_ruta_zonal":1,"zona_destino_ruta_zonal":12,"zona_origen_ruta_zonal":4}},{"type":"Feature","id":3927,"geometry":null,"properties":{"abreviatura_destino_zona_sitp":"CBO","codigo_definitivo_ruta_zonal":"C101","delega_ruta_zonal":1,"denominacion_ruta_zonal":"PROVIDENCIA - EL PALMAR","destino_ruta_zonal":"PROVIDENCIA","destino_zona_sitp":"CIUDAD BOLIVAR","fecha_implementacion_ruta_zonal":"30/01/2014","globalid":"{9E151215-88AC-4F85-B366-AC221B9FA9A4}","localidad_destino_ruta_zonal":18,"localidad_origen_ruta_zonal":10,"longitud_ruta_zonal":30.760859830000001,"objectid":3927,"operador_ruta_zonal":"GMOVIL - E","origen_ruta_zonal":"EL PALMAR","route_id_ruta_zonal":300,"route_name_ruta_zonal":"C101-1","tipo_operacion":"NORMAL","tipo_ruta_zonal":3,"tipo_servicio_ruta_zonal":1,"zona_destino_ruta_zonal":12,"zona_origen_ruta_zonal":5}},{"type":"Feature","id":3928,"geometry":null,"properties":{"abreviatura_destino_zona_sitp":"GGG","codigo_definitivo_ruta_zonal":"GG524","delega_ruta_zonal":1,"denominacion_ruta_zonal":"PARQUES DE BOGOTA - PORTAL SUR","destino_ruta_zonal":"PORTAL SUR","destino_zona_sitp":"BOSA","fecha_implementacion_ruta_zonal":"27/02/2023","globalid":"{9E2048E3-7056-4394-96B1-26909852B812}","localidad_destino_ruta_zonal":7,"localidad_origen_ruta_zonal":7,"longitud_ruta_zonal":18.229902899999999,"objectid":3928,"operador_ruta_zonal":"ETIB - BO","origen_ruta_zonal":"PARQUES DE BOGOTÁ","route_id_ruta_zonal":624,"route_name_ruta_zonal":"G524-3","tipo_operacion":"NORMAL","tipo_ruta_zonal":3,"tipo_servicio_ruta_zonal":1,"zona_destino_ruta_zonal":9,"zona_origen_ruta_zonal":9}},{"type":"Feature","id":3929,"geometry":null,"properties":{"abreviatura_destino_zona_sitp":"AAA","codigo_definitivo_ruta_zonal":"BA915","delega_ruta_zonal":1,"denominacion_ruta_zonal":"TOBERÍN - PORCIÚNCULA","destino_ruta_zonal":"PORCIÚNCULA","destino_zona_sitp":"NEUTRA","fecha_implementacion_ruta_zonal":"26/08/2023","globalid":"{9E382FE9-4F47-4E18-A206-89DA0664BFC8}","localidad_destino_ruta_zonal":2,"localidad_origen_ruta_zonal":1,"longitud_ruta_zonal":16.42715922,"objectid":3929,"operador_ruta_zonal":"CONSORCIO EXPRESS N","origen_ruta_zonal":"TOBERÍN","route_id_ruta_zonal":276,"route_name_ruta_zonal":"A915-1","tipo_operacion":"NORMAL","tipo_ruta_zonal":3,"tipo_servicio_ruta_zonal":1,"zona_destino_ruta_zonal":0,"zona_origen_ruta_zonal":1}},{"type":"Feature","id":3930,"geometry":null,"properties":{"abreviatura_destino_zona_sitp":"LLL","codigo_definitivo_ruta_zonal":"LA821","delega_ruta_zonal":1,"denominacion_ruta_zonal":"EST. BICENTENARIO - EST. UNIVERSIDADES","destino_ruta_zonal":"UNIVERSIDADES","destino_zona_sitp":"SAN CRISTOBAL","fecha_implementacion_ruta_zonal":"29/05/2023","globalid":"{9E48EC34-1367-4ED8-B8D9-9E6A3CA397E1}","localidad_destino_ruta_zonal":3,"localidad_origen_ruta_zonal":17,"longitud_ruta_zonal":17.687001240000001,"objectid":3930,"operador_ruta_zonal":"CONSORCIO EXPRESS D","origen_ruta_zonal":"BICENTENARIO","route_id_ruta_zonal":553,"route_name_ruta_zonal":"LA821-3","tipo_operacion":"NORMAL","tipo_ruta_zonal":3,"tipo_servicio_ruta_zonal":1,"zona_destino_ruta_zonal":13,"zona_origen_ruta_zonal":13}},{"type":"Feature","id":3931,"geometry":null,"properties":{"abreviatura_destino_zona_sitp":"NOR","codigo_definitivo_ruta_zonal":"Z8","delega_ruta_zonal":1,"denominacion_ruta_zonal":"METROVIVIENDA - TOBERIN","destino_ruta_zonal":"TOBERÍN","destino_zona_sitp":"NORTE","fecha_implementacion_ruta_zonal":"13/07/2020","globalid":"{9E7FED42-CAA9-4A47-8729-BC2287EF65BA}","localidad_destino_ruta_zonal":7,"localidad_origen_ruta_zonal":1,"longitud_ruta_zonal":40.21815471,"objectid":3931,"operador_ruta_zonal":"CONSORCIO EXPRESS N","origen_ruta_zonal":"METROVIVIENDA","route_id_ruta_zonal":620,"route_name_ruta_zonal":"Z8-2","tipo_operacion":"NORMAL","tipo_ruta_zonal":3,"tipo_servicio_ruta_zonal":1,"zona_destino_ruta_zonal":9,"zona_origen_ruta_zonal":1}},{"type":"Feature","id":3933,"geometry":null,"properties":{"abreviatura_destino_zona_sitp":"ALI","codigo_definitivo_ruta_zonal":"10-6","delega_ruta_zonal":2,"denominacion_ruta_zonal":"PERDOMO","destino_ruta_zonal":"PERDOMO","destino_zona_sitp":"ALIMENTADORA","fecha_implementacion_ruta_zonal":"-","globalid":"{9EC88731-C25A-4348-B2AB-77D8A30E2180}","localidad_destino_ruta_zonal":19,"localidad_origen_ruta_zonal":19,"longitud_ruta_zonal":5.96689515,"objectid":3933,"operador_ruta_zonal":"ETIB - BO","origen_ruta_zonal":"PORTAL SUR","route_id_ruta_zonal":148,"route_name_ruta_zonal":"10-6a","tipo_operacion":"NORMAL","tipo_ruta_zonal":4,"tipo_servicio_ruta_zonal":1,"zona_destino_ruta_zonal":10,"zona_origen_ruta_zonal":10}},{"type":"Feature","id":3934,"geometry":null,"properties":{"abreviatura_destino_zona_sitp":"C80","codigo_definitivo_ruta_zonal":"742A","delega_ruta_zonal":1,"denominacion_ruta_zonal":"PARAISO - BULEVAR NIZA","destino_ruta_zonal":"BULEVAR NIZA","destino_zona_sitp":"CALLE 80","fecha_implementacion_ruta_zonal":"17/07/2021","globalid":"{9F0F9409-95B0-470A-8C79-43DE3C493039}","localidad_destino_ruta_zonal":11,"localidad_origen_ruta_zonal":19,"longitud_ruta_zonal":26.321333330000002,"objectid":3934,"operador_ruta_zonal":"SUMA - BC","origen_ruta_zonal":"PARAÍSO","route_id_ruta_zonal":383,"route_name_ruta_zonal":"742A-1","tipo_operacion":"NORMAL","tipo_ruta_zonal":3,"tipo_servicio_ruta_zonal":1,"zona_destino_ruta_zonal":3,"zona_origen_ruta_zonal":11}},{"type":"Feature","id":3935,"geometry":null,"properties":{"abreviatura_destino_zona_sitp":"ALI","codigo_definitivo_ruta_zonal":"2-7","delega_ruta_zonal":2,"denominacion_ruta_zonal":"SAN JOSÉ","destino_ruta_zonal":"SAN JOSÉ","destino_zona_sitp":"ALIMENTADORA","fecha_implementacion_ruta_zonal":"-","globalid":"{9F14CCB9-9397-4A37-957D-D00CD6C93547}","localidad_destino_ruta_zonal":11,"localidad_origen_ruta_zonal":11,"longitud_ruta_zonal":8.5408543100000003,"objectid":3935,"operador_ruta_zonal":"MASIVO CAPITAL - SO","origen_ruta_zonal":"PORTAL NORTE","route_id_ruta_zonal":78,"route_name_ruta_zonal":"2-7a","tipo_operacion":"NORMAL","tipo_ruta_zonal":4,"tipo_servicio_ruta_zonal":1,"zona_destino_ruta_zonal":2,"zona_origen_ruta_zonal":1}},{"type":"Feature","id":3937,"geometry":null,"properties":{"abreviatura_destino_zona_sitp":"LLL","codigo_definitivo_ruta_zonal":"KL312","delega_ruta_zonal":1,"denominacion_ruta_zonal":"FONTIBON BRISAS - MORALBA","destino_ruta_zonal":"MORALBA","destino_zona_sitp":"SAN CRISTOBAL","fecha_implementacion_ruta_zonal":"15/01/2023","globalid":"{9FC697BB-409E-40FE-B16D-856E48CF323E}","localidad_destino_ruta_zonal":9,"localidad_origen_ruta_zonal":4,"longitud_ruta_zonal":27.57633706,"objectid":3937,"operador_ruta_zonal":"GMOVIL - E","origen_ruta_zonal":"SAN PABLO","route_id_ruta_zonal":431,"route_name_ruta_zonal":"L312-2","tipo_operacion":"NORMAL","tipo_ruta_zonal":3,"tipo_servicio_ruta_zonal":1,"zona_destino_ruta_zonal":6,"zona_origen_ruta_zonal":13}},{"type":"Feature","id":3940,"geometry":null,"properties":{"abreviatura_destino_zona_sitp":"SCR","codigo_definitivo_ruta_zonal":"117","delega_ruta_zonal":1,"denominacion_ruta_zonal":"SAN BERNARDINO - LIBERTADORES","destino_ruta_zonal":"LIBERTADORES","destino_zona_sitp":"SAN CRISTOBAL","fecha_implementacion_ruta_zonal":"31/01/2014","globalid":"{A0DF6B54-4882-45C5-A702-05AE39D430DF}","localidad_destino_ruta_zonal":4,"localidad_origen_ruta_zonal":7,"longitud_ruta_zonal":28.448358089999999,"objectid":3940,"operador_ruta_zonal":"ETIB - BO","origen_ruta_zonal":"SAN BERNARDINO","route_id_ruta_zonal":578,"route_name_ruta_zonal":"117-2","tipo_operacion":"NORMAL","tipo_ruta_zonal":3,"tipo_servicio_ruta_zonal":1,"zona_destino_ruta_zonal":13,"zona_origen_ruta_zonal":9}},{"type":"Feature","id":3941,"geometry":null,"properties":{"abreviatura_destino_zona_sitp":"HHH","codigo_definitivo_ruta_zonal":"HF615","delega_ruta_zonal":1,"denominacion_ruta_zonal":"ARBORIZADORA ALTA - EST. BIBLIOTECA TINTAL","destino_ruta_zonal":"ARBORIZADORA ALTA","destino_zona_sitp":"USME/ CIUDAD BOLIVAR","fecha_implementacion_ruta_zonal":"5/12/2022","globalid":"{A1244336-8838-4E3F-AB60-58DFBD4B0D8B}","localidad_destino_ruta_zonal":8,"localidad_origen_ruta_zonal":19,"longitud_ruta_zonal":15.316956130000001,"objectid":3941,"operador_ruta_zonal":"SUMA - BC","origen_ruta_zonal":"EST. BIBLIOTECA TINTAL","route_id_ruta_zonal":249,"route_name_ruta_zonal":"H615-2","tipo_operacion":"NORMAL","tipo_ruta_zonal":3,"tipo_servicio_ruta_zonal":1,"zona_destino_ruta_zonal":8,"zona_origen_ruta_zonal":11}},{"type":"Feature","id":3944,"geometry":null,"properties":{"abreviatura_destino_zona_sitp":"USA","codigo_definitivo_ruta_zonal":"19-3","delega_ruta_zonal":1,"denominacion_ruta_zonal":"CHICÓ NORTE","destino_ruta_zonal":"CHICÓ NORTE","destino_zona_sitp":"USAQUEN","fecha_implementacion_ruta_zonal":"-","globalid":"{A384BE95-EE33-4801-B57B-AF730AED2320}","localidad_destino_ruta_zonal":2,"localidad_origen_ruta_zonal":2,"longitud_ruta_zonal":4.7860028699999999,"objectid":3944,"operador_ruta_zonal":"CONSORCIO EXPRESS N","origen_ruta_zonal":"CALLE 100","route_id_ruta_zonal":43,"route_name_ruta_zonal":"19-3","tipo_operacion":"NORMAL","tipo_ruta_zonal":3,"tipo_servicio_ruta_zonal":1,"zona_destino_ruta_zonal":0,"zona_origen_ruta_zonal":0}},{"type":"Feature","id":3946,"geometry":null,"properties":{"abreviatura_destino_zona_sitp":"GGG","codigo_definitivo_ruta_zonal":"GA516","delega_ruta_zonal":1,"denominacion_ruta_zonal":"PORTAL SUR - CHAPINERO","destino_ruta_zonal":"PORTAL SUR","destino_zona_sitp":"BOSA","fecha_implementacion_ruta_zonal":"2/09/2024","globalid":"{A3CFEF6A-66BB-4E20-AEA0-785C798F8A2A}","localidad_destino_ruta_zonal":13,"localidad_origen_ruta_zonal":8,"longitud_ruta_zonal":19.62228129,"objectid":3946,"operador_ruta_zonal":"ETIB - BO","origen_ruta_zonal":"CHAPINERO","route_id_ruta_zonal":688,"route_name_ruta_zonal":"G516-2","tipo_operacion":"NORMAL","tipo_ruta_zonal":3,"tipo_servicio_ruta_zonal":1,"zona_destino_ruta_zonal":0,"zona_origen_ruta_zonal":9}},{"type":"Feature","id":3948,"geometry":null,"properties":{"abreviatura_destino_zona_sitp":"ALI","codigo_definitivo_ruta_zonal":"3-12","delega_ruta_zonal":1,"denominacion_ruta_zonal":"LA ESPERANZA SUR","destino_ruta_zonal":"LA ESPERANZA SUR","destino_zona_sitp":"ALIMENTADORA","fecha_implementacion_ruta_zonal":"22/05/2021","globalid":"{A59FE559-940D-44B8-8C6B-073C932DF972}","localidad_destino_ruta_zonal":5,"localidad_origen_ruta_zonal":5,"longitud_ruta_zonal":9.7187845100000008,"objectid":3948,"operador_ruta_zonal":"E-SOMOS ALIMENTACION","origen_ruta_zonal":"PORTAL USME","route_id_ruta_zonal":268,"route_name_ruta_zonal":"3-12a","tipo_operacion":"NORMAL","tipo_ruta_zonal":4,"tipo_servicio_ruta_zonal":1,"zona_destino_ruta_zonal":12,"zona_origen_ruta_zonal":12}},{"type":"Feature","id":3949,"geometry":null,"properties":{"abreviatura_destino_zona_sitp":"KKK","codigo_definitivo_ruta_zonal":"BK916","delega_ruta_zonal":1,"denominacion_ruta_zonal":"BALMORAL NTE - FONTIBON REFUGIO","destino_ruta_zonal":"FONTIBON REFUGIO","destino_zona_sitp":"CALLE 26","fecha_implementacion_ruta_zonal":"17/04/2023","globalid":"{A5C35785-1766-4366-9AE9-05CEF79C3028}","localidad_destino_ruta_zonal":9,"localidad_origen_ruta_zonal":1,"longitud_ruta_zonal":34.346895610000004,"objectid":3949,"operador_ruta_zonal":"CONSORCIO EXPRESS N","origen_ruta_zonal":"BALMORAL NTE","route_id_ruta_zonal":315,"route_name_ruta_zonal":"K916-2","tipo_operacion":"NORMAL","tipo_ruta_zonal":3,"tipo_servicio_ruta_zonal":1,"zona_destino_ruta_zonal":6,"zona_origen_ruta_zonal":1}},{"type":"Feature","id":3950,"geometry":null,"properties":{"abreviatura_destino_zona_sitp":"USA","codigo_definitivo_ruta_zonal":"191","delega_ruta_zonal":1,"denominacion_ruta_zonal":"UNICENTRO - METROVIVIENDA","destino_ruta_zonal":"UNICENTRO","destino_zona_sitp":"USAQUEN","fecha_implementacion_ruta_zonal":"19/10/2020","globalid":"{A62179E0-D4DD-422E-961D-9FC19E963E8F}","localidad_destino_ruta_zonal":1,"localidad_origen_ruta_zonal":7,"longitud_ruta_zonal":35.611731489999997,"objectid":3950,"operador_ruta_zonal":"CONSORCIO EXPRESS N","origen_ruta_zonal":"METROVIVIENDA","route_id_ruta_zonal":191,"route_name_ruta_zonal":"191-1","tipo_operacion":"NORMAL","tipo_ruta_zonal":3,"tipo_servicio_ruta_zonal":1,"zona_destino_ruta_zonal":1,"zona_origen_ruta_zonal":9}},{"type":"Feature","id":3951,"geometry":null,"properties":{"abreviatura_destino_zona_sitp":"USM","codigo_definitivo_ruta_zonal":"577","delega_ruta_zonal":1,"denominacion_ruta_zonal":"EL PALMAR - DIANA TURBAY","destino_ruta_zonal":"DIANA TURBAY","destino_zona_sitp":"USME","fecha_implementacion_ruta_zonal":"15/01/2023","globalid":"{A69FB42F-9AC1-426E-B96A-C98EB7534077}","localidad_destino_ruta_zonal":10,"localidad_origen_ruta_zonal":18,"longitud_ruta_zonal":40.081553270000001,"objectid":3951,"operador_ruta_zonal":"GMOVIL - E","origen_ruta_zonal":"EL PALMAR","route_id_ruta_zonal":227,"route_name_ruta_zonal":"577-2","tipo_operacion":"NORMAL","tipo_ruta_zonal":3,"tipo_servicio_ruta_zonal":1,"zona_destino_ruta_zonal":5,"zona_origen_ruta_zonal":12}},{"type":"Feature","id":3952,"geometry":null,"properties":{"abreviatura_destino_zona_sitp":"FFF","codigo_definitivo_ruta_zonal":"FB419","delega_ruta_zonal":1,"denominacion_ruta_zonal":"NUEVA CASTILLA - LIJACA","destino_ruta_zonal":"NUEVA CASTILLA","destino_zona_sitp":"AMERICAS","fecha_implementacion_ruta_zonal":"8/04/2024","globalid":"{A7688B05-E342-4765-B5B3-17817F49775D}","localidad_destino_ruta_zonal":1,"localidad_origen_ruta_zonal":8,"longitud_ruta_zonal":30.437835059999998,"objectid":3952,"operador_ruta_zonal":"ESTE ES MI BUS - TZ","origen_ruta_zonal":"LIJACÁ","route_id_ruta_zonal":0,"route_name_ruta_zonal":"F419-2","tipo_operacion":"NORMAL","tipo_ruta_zonal":3,"tipo_servicio_ruta_zonal":1,"zona_destino_ruta_zonal":1,"zona_origen_ruta_zonal":7}},{"type":"Feature","id":3953,"geometry":null,"properties":{"abreviatura_destino_zona_sitp":"COL","codigo_definitivo_ruta_zonal":"T62","delega_ruta_zonal":1,"denominacion_ruta_zonal":"METROVIVIENDA - CASABLANCA","destino_ruta_zonal":"CASABLANCA","destino_zona_sitp":"COLINA","fecha_implementacion_ruta_zonal":"20/08/2024","globalid":"{A78310AF-5948-4957-9167-39870D51C9DA}","localidad_destino_ruta_zonal":11,"localidad_origen_ruta_zonal":7,"longitud_ruta_zonal":41.443183269999999,"objectid":3953,"operador_ruta_zonal":"MASIVO CAPITAL - KE","origen_ruta_zonal":"METROVIVIENDA","route_id_ruta_zonal":18,"route_name_ruta_zonal":"T62-1","tipo_operacion":"NORMAL","tipo_ruta_zonal":3,"tipo_servicio_ruta_zonal":1,"zona_destino_ruta_zonal":2,"zona_origen_ruta_zonal":8}},{"type":"Feature","id":3954,"geometry":null,"properties":{"abreviatura_destino_zona_sitp":"KKK","codigo_definitivo_ruta_zonal":"CK102","delega_ruta_zonal":1,"denominacion_ruta_zonal":"SUBA FONTANAR - SALITRE EL GRECO","destino_ruta_zonal":"SALITRE EL GRECO","destino_zona_sitp":"CALLE 26","fecha_implementacion_ruta_zonal":"8/08/2023","globalid":"{A8062B55-46F2-4E9B-A4F0-751BCD1139C4}","localidad_destino_ruta_zonal":13,"localidad_origen_ruta_zonal":11,"longitud_ruta_zonal":20.195768909999998,"objectid":3954,"operador_ruta_zonal":"ESTE ES MI BUS - CO","origen_ruta_zonal":"SUBA FONTANAR","route_id_ruta_zonal":646,"route_name_ruta_zonal":"K102-1","tipo_operacion":"NORMAL","tipo_ruta_zonal":3,"tipo_servicio_ruta_zonal":1,"zona_destino_ruta_zonal":6,"zona_origen_ruta_zonal":3}},{"type":"Feature","id":3955,"geometry":null,"properties":{"abreviatura_destino_zona_sitp":"ALI","codigo_definitivo_ruta_zonal":"9-2","delega_ruta_zonal":2,"denominacion_ruta_zonal":"METROVIVIENDA","destino_ruta_zonal":"METROVIVIENDA","destino_zona_sitp":"ALIMENTADORA","fecha_implementacion_ruta_zonal":"-","globalid":"{A8067D5B-659B-4999-AD65-F82234609D5E}","localidad_destino_ruta_zonal":7,"localidad_origen_ruta_zonal":8,"longitud_ruta_zonal":12.05034626,"objectid":3955,"operador_ruta_zonal":"MASIVO CAPITAL - KE","origen_ruta_zonal":"PORTAL AMERICAS","route_id_ruta_zonal":593,"route_name_ruta_zonal":"9-2a","tipo_operacion":"NORMAL","tipo_ruta_zonal":4,"tipo_servicio_ruta_zonal":1,"zona_destino_ruta_zonal":9,"zona_origen_ruta_zonal":9}},{"type":"Feature","id":3956,"geometry":null,"properties":{"abreviatura_destino_zona_sitp":"KKK","codigo_definitivo_ruta_zonal":"KA336","delega_ruta_zonal":1,"denominacion_ruta_zonal":"PUENTE GRANDE HB - GERMANÍA","destino_ruta_zonal":"PUENTE GRANDE HB","destino_zona_sitp":"CALLE 26","fecha_implementacion_ruta_zonal":"30/10/2023","globalid":"{A81C1AB1-7C6F-4002-B2EE-484608CF91DE}","localidad_destino_ruta_zonal":3,"localidad_origen_ruta_zonal":9,"longitud_ruta_zonal":18.123179570000001,"objectid":3956,"operador_ruta_zonal":"ESTE ES MI BUS - TZ","origen_ruta_zonal":"GERMANÍA","route_id_ruta_zonal":660,"route_name_ruta_zonal":"K336-2","tipo_operacion":"NORMAL","tipo_ruta_zonal":3,"tipo_servicio_ruta_zonal":1,"zona_destino_ruta_zonal":0,"zona_origen_ruta_zonal":6}},{"type":"Feature","id":3958,"geometry":null,"properties":{"abreviatura_destino_zona_sitp":"HHH","codigo_definitivo_ruta_zonal":"HH729","delega_ruta_zonal":1,"denominacion_ruta_zonal":"LA AURORA","destino_ruta_zonal":"LA AURORA","destino_zona_sitp":"USME/ CIUDAD BOLIVAR","fecha_implementacion_ruta_zonal":"18/11/2024","globalid":"{A8BA9AE6-7569-420B-934D-99966B345FAB}","localidad_destino_ruta_zonal":5,"localidad_origen_ruta_zonal":5,"longitud_ruta_zonal":3.6831453299999999,"objectid":3958,"operador_ruta_zonal":"MUEVE USME","origen_ruta_zonal":"PORTAL USME","route_id_ruta_zonal":698,"route_name_ruta_zonal":"HH729-3","tipo_operacion":"NORMAL","tipo_ruta_zonal":3,"tipo_servicio_ruta_zonal":4,"zona_destino_ruta_zonal":12,"zona_origen_ruta_zonal":12}},{"type":"Feature","id":3959,"geometry":null,"properties":{"abreviatura_destino_zona_sitp":"USM","codigo_definitivo_ruta_zonal":"806","delega_ruta_zonal":1,"denominacion_ruta_zonal":"PROVIDENCIA ALTA - SABANA DEL DORADO","destino_ruta_zonal":"PROVIDENCIA ALTA","destino_zona_sitp":"USME","fecha_implementacion_ruta_zonal":"29/01/2014","globalid":"{A9745781-A091-4147-A6A8-D963BC0026FD}","localidad_destino_ruta_zonal":10,"localidad_origen_ruta_zonal":18,"longitud_ruta_zonal":30.727810199999997,"objectid":3959,"operador_ruta_zonal":"GMOVIL - E","origen_ruta_zonal":"SABANA DEL DORADO","route_id_ruta_zonal":494,"route_name_ruta_zonal":"806-2","tipo_operacion":"NORMAL","tipo_ruta_zonal":3,"tipo_servicio_ruta_zonal":1,"zona_destino_ruta_zonal":5,"zona_origen_ruta_zonal":12}},{"type":"Feature","id":3960,"geometry":null,"properties":{"abreviatura_destino_zona_sitp":"SCR","codigo_definitivo_ruta_zonal":"N16","delega_ruta_zonal":1,"denominacion_ruta_zonal":"GAVIOTAS - EST. 1RO MAYO","destino_ruta_zonal":"AV 1 MAYO","destino_zona_sitp":"SAN CRISTOBAL","fecha_implementacion_ruta_zonal":"4/06/2019","globalid":"{A99405DF-BE3A-49A2-8D3D-0C4F41C99095}","localidad_destino_ruta_zonal":4,"localidad_origen_ruta_zonal":4,"longitud_ruta_zonal":7.2443030300000002,"objectid":3960,"operador_ruta_zonal":"CONSORCIO EXPRESS D","origen_ruta_zonal":"GAVIOTAS","route_id_ruta_zonal":131,"route_name_ruta_zonal":"N16-2","tipo_operacion":"NORMAL","tipo_ruta_zonal":3,"tipo_servicio_ruta_zonal":1,"zona_destino_ruta_zonal":13,"zona_origen_ruta_zonal":13}},{"type":"Feature","id":3961,"geometry":null,"properties":{"abreviatura_destino_zona_sitp":"CEN","codigo_definitivo_ruta_zonal":"688","delega_ruta_zonal":1,"denominacion_ruta_zonal":"LA MAGDALENA - GERMANIA","destino_ruta_zonal":"GERMANIA","destino_zona_sitp":"CENTRO","fecha_implementacion_ruta_zonal":"5/11/2024","globalid":"{A9D3167B-2975-4BF1-9870-191A93A26E7C}","localidad_destino_ruta_zonal":3,"localidad_origen_ruta_zonal":8,"longitud_ruta_zonal":42.187340349999999,"objectid":3961,"operador_ruta_zonal":"ESTE ES MI BUS - TZ","origen_ruta_zonal":"LA MAGDALENA","route_id_ruta_zonal":7,"route_name_ruta_zonal":"688-3","tipo_operacion":"NORMAL","tipo_ruta_zonal":3,"tipo_servicio_ruta_zonal":1,"zona_destino_ruta_zonal":0,"zona_origen_ruta_zonal":7}},{"type":"Feature","id":3962,"geometry":null,"properties":{"abreviatura_destino_zona_sitp":"KKK","codigo_definitivo_ruta_zonal":"KH308","delega_ruta_zonal":1,"denominacion_ruta_zonal":"PUENTE GRANDE - EL TUNO","destino_ruta_zonal":"PUENTE GRANDE","destino_zona_sitp":"CALLE 26","fecha_implementacion_ruta_zonal":"21/06/2021","globalid":"{A9D397A9-1AA1-4539-9FAB-F0EF380A0F80}","localidad_destino_ruta_zonal":9,"localidad_origen_ruta_zonal":5,"longitud_ruta_zonal":28.735395609999998,"objectid":3962,"operador_ruta_zonal":"GMOVIL - E","origen_ruta_zonal":"EL TUNO","route_id_ruta_zonal":403,"route_name_ruta_zonal":"K308-1","tipo_operacion":"NORMAL","tipo_ruta_zonal":3,"tipo_servicio_ruta_zonal":1,"zona_destino_ruta_zonal":6,"zona_origen_ruta_zonal":12}},{"type":"Feature","id":3963,"geometry":null,"properties":{"abreviatura_destino_zona_sitp":"GGG","codigo_definitivo_ruta_zonal":"GG525","delega_ruta_zonal":1,"denominacion_ruta_zonal":"PORVENIR - BOSA ESTACION","destino_ruta_zonal":"BOSA ESTACIÓN","destino_zona_sitp":"BOSA","fecha_implementacion_ruta_zonal":"20/02/2023","globalid":"{A9EC8EB0-EDC0-4DF2-A31A-99416588B4C8}","localidad_destino_ruta_zonal":7,"localidad_origen_ruta_zonal":7,"longitud_ruta_zonal":18.716247150000001,"objectid":3963,"operador_ruta_zonal":"MASIVO CAPITAL - KE","origen_ruta_zonal":"PORVENIR","route_id_ruta_zonal":589,"route_name_ruta_zonal":"G525-3","tipo_operacion":"NORMAL","tipo_ruta_zonal":3,"tipo_servicio_ruta_zonal":1,"zona_destino_ruta_zonal":9,"zona_origen_ruta_zonal":8}},{"type":"Feature","id":3964,"geometry":null,"properties":{"abreviatura_destino_zona_sitp":"FFF","codigo_definitivo_ruta_zonal":"FF407","delega_ruta_zonal":1,"denominacion_ruta_zonal":"EST .BANDERAS - LA MAGDALENA","destino_ruta_zonal":"BANDERAS","destino_zona_sitp":"AMERICAS","fecha_implementacion_ruta_zonal":"13/12/2021","globalid":"{AAB4E5B6-98DA-40DF-8E0B-6FE8E5DA7D84}","localidad_destino_ruta_zonal":8,"localidad_origen_ruta_zonal":8,"longitud_ruta_zonal":11.80631882,"objectid":3964,"operador_ruta_zonal":"ESTE ES MI BUS - TZ","origen_ruta_zonal":"LA MAGDALENA","route_id_ruta_zonal":527,"route_name_ruta_zonal":"F407-3","tipo_operacion":"NORMAL","tipo_ruta_zonal":3,"tipo_servicio_ruta_zonal":1,"zona_destino_ruta_zonal":7,"zona_origen_ruta_zonal":7}},{"type":"Feature","id":3965,"geometry":null,"properties":{"abreviatura_destino_zona_sitp":"AAA","codigo_definitivo_ruta_zonal":"HA606","delega_ruta_zonal":1,"denominacion_ruta_zonal":"SAN JOAQUÍN - CHICÓ NORTE","destino_ruta_zonal":"CHICÓ NORTE","destino_zona_sitp":"NEUTRA","fecha_implementacion_ruta_zonal":"27/09/2021","globalid":"{AABC68AC-BEFB-4200-8439-6B1286D86217}","localidad_destino_ruta_zonal":2,"localidad_origen_ruta_zonal":19,"longitud_ruta_zonal":26.731801709999999,"objectid":3965,"operador_ruta_zonal":"SUMA - BC","origen_ruta_zonal":"SAN JOAQUÍN","route_id_ruta_zonal":385,"route_name_ruta_zonal":"A606-1","tipo_operacion":"NORMAL","tipo_ruta_zonal":3,"tipo_servicio_ruta_zonal":1,"zona_destino_ruta_zonal":0,"zona_origen_ruta_zonal":11}},{"type":"Feature","id":3966,"geometry":null,"properties":{"abreviatura_destino_zona_sitp":"LLL","codigo_definitivo_ruta_zonal":"LK810","delega_ruta_zonal":1,"denominacion_ruta_zonal":"GAVIOTAS - FONTIBON BRISAS","destino_ruta_zonal":"GAVIOTAS","destino_zona_sitp":"SAN CRISTOBAL","fecha_implementacion_ruta_zonal":"15/01/2023","globalid":"{AB5EDC79-7EA6-4C00-80D6-5548FCE9303E}","localidad_destino_ruta_zonal":9,"localidad_origen_ruta_zonal":4,"longitud_ruta_zonal":29.625801000000003,"objectid":3966,"operador_ruta_zonal":"CONSORCIO EXPRESS D","origen_ruta_zonal":"FONTIBÓN BRISAS","route_id_ruta_zonal":354,"route_name_ruta_zonal":"L810-2","tipo_operacion":"NORMAL","tipo_ruta_zonal":3,"tipo_servicio_ruta_zonal":1,"zona_destino_ruta_zonal":6,"zona_origen_ruta_zonal":13}},{"type":"Feature","id":3967,"geometry":null,"properties":{"abreviatura_destino_zona_sitp":"ALI","codigo_definitivo_ruta_zonal":"3-14_p","delega_ruta_zonal":1,"denominacion_ruta_zonal":"EL UVAL","destino_ruta_zonal":"EL UVAL","destino_zona_sitp":"ALIMENTADORA","fecha_implementacion_ruta_zonal":"22/05/2021","globalid":"{ABF8A2DB-B41A-4627-B0E4-4A66F6007F99}","localidad_destino_ruta_zonal":5,"localidad_origen_ruta_zonal":5,"longitud_ruta_zonal":16.536766610000001,"objectid":3967,"operador_ruta_zonal":"E-SOMOS ALIMENTACION","origen_ruta_zonal":"PORTAL USME","route_id_ruta_zonal":643,"route_name_ruta_zonal":"3-14a_p","tipo_operacion":"NORMAL","tipo_ruta_zonal":4,"tipo_servicio_ruta_zonal":4,"zona_destino_ruta_zonal":12,"zona_origen_ruta_zonal":12}},{"type":"Feature","id":3968,"geometry":null,"properties":{"abreviatura_destino_zona_sitp":"ALI","codigo_definitivo_ruta_zonal":"6-1C","delega_ruta_zonal":2,"denominacion_ruta_zonal":"CASALINDA","destino_ruta_zonal":"CASALINDA","destino_zona_sitp":"ALIMENTADORA","fecha_implementacion_ruta_zonal":"-","globalid":"{AC00E012-3F3F-4804-A42D-4BA8CF53BAE8}","localidad_destino_ruta_zonal":19,"localidad_origen_ruta_zonal":6,"longitud_ruta_zonal":4.6403154400000002,"objectid":3968,"operador_ruta_zonal":"SUMA - BC","origen_ruta_zonal":"PORTAL TUNAL","route_id_ruta_zonal":145,"route_name_ruta_zonal":"6-1C","tipo_operacion":"NORMAL","tipo_ruta_zonal":4,"tipo_servicio_ruta_zonal":1,"zona_destino_ruta_zonal":11,"zona_origen_ruta_zonal":11}},{"type":"Feature","id":3970,"geometry":null,"properties":{"abreviatura_destino_zona_sitp":"BBB","codigo_definitivo_ruta_zonal":"BK916","delega_ruta_zonal":1,"denominacion_ruta_zonal":"BALMORAL NTE - FONTIBON REFUGIO","destino_ruta_zonal":"BALMORAL NTE","destino_zona_sitp":"USAQUEN","fecha_implementacion_ruta_zonal":"17/04/2023","globalid":"{AC7E01F5-EA8D-44B4-80B7-9F8A9CA46601}","localidad_destino_ruta_zonal":9,"localidad_origen_ruta_zonal":1,"longitud_ruta_zonal":33.588227690000004,"objectid":3970,"operador_ruta_zonal":"CONSORCIO EXPRESS N","origen_ruta_zonal":"FONTIBON REFUGIO","route_id_ruta_zonal":314,"route_name_ruta_zonal":"B916-1","tipo_operacion":"NORMAL","tipo_ruta_zonal":3,"tipo_servicio_ruta_zonal":1,"zona_destino_ruta_zonal":6,"zona_origen_ruta_zonal":1}},{"type":"Feature","id":3971,"geometry":null,"properties":{"abreviatura_destino_zona_sitp":"BBB","codigo_definitivo_ruta_zonal":"BC925","delega_ruta_zonal":1,"denominacion_ruta_zonal":"EST. MAZUREN - EST. NIZA-CL 127","destino_ruta_zonal":"NIZA CL 127","destino_zona_sitp":"USAQUEN","fecha_implementacion_ruta_zonal":"11/07/2022","globalid":"{ACD52185-64EE-4B25-ABBD-03952F33F0AD}","localidad_destino_ruta_zonal":11,"localidad_origen_ruta_zonal":11,"longitud_ruta_zonal":10.558932259999999,"objectid":3971,"operador_ruta_zonal":"MASIVO CAPITAL - SO","origen_ruta_zonal":"MAZURÉN","route_id_ruta_zonal":457,"route_name_ruta_zonal":"BC925-3","tipo_operacion":"NORMAL","tipo_ruta_zonal":3,"tipo_servicio_ruta_zonal":1,"zona_destino_ruta_zonal":2,"zona_origen_ruta_zonal":2}},{"type":"Feature","id":3972,"geometry":null,"properties":{"abreviatura_destino_zona_sitp":"KKK","codigo_definitivo_ruta_zonal":"KA334","delega_ruta_zonal":1,"denominacion_ruta_zonal":"FONTIBÓN VERSALLES - LA PORCIÚNCULA","destino_ruta_zonal":"FONTIBÓN VERSALLES","destino_zona_sitp":"CALLE 26","fecha_implementacion_ruta_zonal":"4/06/2024","globalid":"{AE24CDCA-7739-451D-948E-450FF4D8787A}","localidad_destino_ruta_zonal":2,"localidad_origen_ruta_zonal":9,"longitud_ruta_zonal":22.66479215,"objectid":3972,"operador_ruta_zonal":"E-SOMOS FONTIBON","origen_ruta_zonal":"LA PORCIÚNCULA","route_id_ruta_zonal":459,"route_name_ruta_zonal":"K334-2","tipo_operacion":"NORMAL","tipo_ruta_zonal":3,"tipo_servicio_ruta_zonal":1,"zona_destino_ruta_zonal":0,"zona_origen_ruta_zonal":6}},{"type":"Feature","id":3973,"geometry":null,"properties":{"abreviatura_destino_zona_sitp":"FER","codigo_definitivo_ruta_zonal":"607A","delega_ruta_zonal":1,"denominacion_ruta_zonal":"SAN BERNARDINO - PONTEVEDRA","destino_ruta_zonal":"PONTEVEDRA","destino_zona_sitp":"FERIAS","fecha_implementacion_ruta_zonal":"25/11/2019","globalid":"{AE40C8A3-2D56-4ED9-87C2-3BBD862DD410}","localidad_destino_ruta_zonal":11,"localidad_origen_ruta_zonal":7,"longitud_ruta_zonal":24.82700638,"objectid":3973,"operador_ruta_zonal":"ETIB - BO","origen_ruta_zonal":"SAN BERNARDINO","route_id_ruta_zonal":125,"route_name_ruta_zonal":"607A-2","tipo_operacion":"NORMAL","tipo_ruta_zonal":3,"tipo_servicio_ruta_zonal":1,"zona_destino_ruta_zonal":3,"zona_origen_ruta_zonal":9}},{"type":"Feature","id":3975,"geometry":null,"properties":{"abreviatura_destino_zona_sitp":"CHA","codigo_definitivo_ruta_zonal":"91","delega_ruta_zonal":1,"denominacion_ruta_zonal":"BOSA SAN JOSE - PORCIUNCULA","destino_ruta_zonal":"PORCIÚNCULA","destino_zona_sitp":"CHAPINERO","fecha_implementacion_ruta_zonal":"5/11/2024","globalid":"{AF2FB90D-75D6-4512-A1D5-41BCD5E8C94C}","localidad_destino_ruta_zonal":3,"localidad_origen_ruta_zonal":7,"longitud_ruta_zonal":61.536259540000003,"objectid":3975,"operador_ruta_zonal":"ETIB - BO","origen_ruta_zonal":"BOSA SAN JOSÉ","route_id_ruta_zonal":15,"route_name_ruta_zonal":"91-3","tipo_operacion":"NORMAL","tipo_ruta_zonal":3,"tipo_servicio_ruta_zonal":1,"zona_destino_ruta_zonal":0,"zona_origen_ruta_zonal":9}},{"type":"Feature","id":3977,"geometry":null,"properties":{"abreviatura_destino_zona_sitp":"ALI","codigo_definitivo_ruta_zonal":"16-1","delega_ruta_zonal":1,"denominacion_ruta_zonal":"TIERRA GRATA","destino_ruta_zonal":"TIERRA GRATA","destino_zona_sitp":"ALIMENTADORA","fecha_implementacion_ruta_zonal":"-","globalid":"{B046452F-2C6C-4B59-AA60-A4DB9383086C}","localidad_destino_ruta_zonal":10,"localidad_origen_ruta_zonal":9,"longitud_ruta_zonal":8.6717409099999987,"objectid":3977,"operador_ruta_zonal":"GMOVIL - E","origen_ruta_zonal":"PORTAL EL DORADO","route_id_ruta_zonal":422,"route_name_ruta_zonal":"16-1a","tipo_operacion":"NORMAL","tipo_ruta_zonal":4,"tipo_servicio_ruta_zonal":1,"zona_destino_ruta_zonal":5,"zona_origen_ruta_zonal":5}},{"type":"Feature","id":3978,"geometry":null,"properties":{"abreviatura_destino_zona_sitp":"ENG","codigo_definitivo_ruta_zonal":"466","delega_ruta_zonal":1,"denominacion_ruta_zonal":"SABANA DEL DORADO - CHICÓ NORTE","destino_ruta_zonal":"SABANA DEL DORADO","destino_zona_sitp":"ENGATIVA","fecha_implementacion_ruta_zonal":"31/08/2020","globalid":"{B08DEF37-2B75-4922-9049-E8B1B97FAAEA}","localidad_destino_ruta_zonal":1,"localidad_origen_ruta_zonal":10,"longitud_ruta_zonal":19.409026189999999,"objectid":3978,"operador_ruta_zonal":"GMOVIL - E","origen_ruta_zonal":"CHICÓ NORTE","route_id_ruta_zonal":20,"route_name_ruta_zonal":"466-2","tipo_operacion":"NORMAL","tipo_ruta_zonal":3,"tipo_servicio_ruta_zonal":1,"zona_destino_ruta_zonal":1,"zona_origen_ruta_zonal":5}},{"type":"Feature","id":3979,"geometry":null,"properties":{"abreviatura_destino_zona_sitp":"HHH","codigo_definitivo_ruta_zonal":"HK715","delega_ruta_zonal":1,"denominacion_ruta_zonal":"CORFERIAS - EL UVAL","destino_ruta_zonal":"EL UVAL","destino_zona_sitp":"USME/ CIUDAD BOLIVAR","fecha_implementacion_ruta_zonal":"30/09/2023","globalid":"{B0E11FD0-A211-42AD-9B90-D73F522EE001}","localidad_destino_ruta_zonal":16,"localidad_origen_ruta_zonal":5,"longitud_ruta_zonal":26.944351379999997,"objectid":3979,"operador_ruta_zonal":"GRAN AMERICAS USME","origen_ruta_zonal":"CORFERIAS","route_id_ruta_zonal":440,"route_name_ruta_zonal":"H715-2","tipo_operacion":"NORMAL","tipo_ruta_zonal":3,"tipo_servicio_ruta_zonal":1,"zona_destino_ruta_zonal":6,"zona_origen_ruta_zonal":12}},{"type":"Feature","id":3981,"geometry":null,"properties":{"abreviatura_destino_zona_sitp":"AAA","codigo_definitivo_ruta_zonal":"HA642","delega_ruta_zonal":1,"denominacion_ruta_zonal":"RINCÓN DE VENECIA - PORCIÚNCULA","destino_ruta_zonal":"PORCIÚNCULA","destino_zona_sitp":"NEUTRA","fecha_implementacion_ruta_zonal":"5/11/2024","globalid":"{B12FEA60-A2EC-4C59-9629-BEA22240ACDD}","localidad_destino_ruta_zonal":2,"localidad_origen_ruta_zonal":6,"longitud_ruta_zonal":41.927070180000001,"objectid":3981,"operador_ruta_zonal":"ETIB - BO","origen_ruta_zonal":"RINCÓN DE VENECIA","route_id_ruta_zonal":551,"route_name_ruta_zonal":"HA642-3","tipo_operacion":"NORMAL","tipo_ruta_zonal":3,"tipo_servicio_ruta_zonal":1,"zona_destino_ruta_zonal":0,"zona_origen_ruta_zonal":10}},{"type":"Feature","id":3983,"geometry":null,"properties":{"abreviatura_destino_zona_sitp":"GGG","codigo_definitivo_ruta_zonal":"GL519","delega_ruta_zonal":1,"denominacion_ruta_zonal":"OLARTE - LOS LACHES","destino_ruta_zonal":"OLARTE","destino_zona_sitp":"BOSA","fecha_implementacion_ruta_zonal":"28/06/2021","globalid":"{B1AF6B21-85EB-473F-BCD3-E4977C6DD833}","localidad_destino_ruta_zonal":3,"localidad_origen_ruta_zonal":7,"longitud_ruta_zonal":25.033675469999999,"objectid":3983,"operador_ruta_zonal":"ETIB - BO","origen_ruta_zonal":"LOS LACHES","route_id_ruta_zonal":541,"route_name_ruta_zonal":"G519-2","tipo_operacion":"NORMAL","tipo_ruta_zonal":3,"tipo_servicio_ruta_zonal":1,"zona_destino_ruta_zonal":13,"zona_origen_ruta_zonal":9}},{"type":"Feature","id":3984,"geometry":null,"properties":{"abreviatura_destino_zona_sitp":"LLL","codigo_definitivo_ruta_zonal":"LG816","delega_ruta_zonal":1,"denominacion_ruta_zonal":"DONA LILIANA - VILLA DEL RIO","destino_ruta_zonal":"DOÑA LILIANA","destino_zona_sitp":"SAN CRISTOBAL","fecha_implementacion_ruta_zonal":"10/03/2025","globalid":"{B250EEF8-115F-4EEA-8C91-8552D4C20D4E}","localidad_destino_ruta_zonal":5,"localidad_origen_ruta_zonal":7,"longitud_ruta_zonal":22.098304859999999,"objectid":3984,"operador_ruta_zonal":"CONSORCIO EXPRESS D","origen_ruta_zonal":"VILLA DEL RÍO","route_id_ruta_zonal":1,"route_name_ruta_zonal":"L816-2","tipo_operacion":"NORMAL","tipo_ruta_zonal":3,"tipo_servicio_ruta_zonal":1,"zona_destino_ruta_zonal":9,"zona_origen_ruta_zonal":13}},{"type":"Feature","id":3985,"geometry":null,"properties":{"abreviatura_destino_zona_sitp":"HHH","codigo_definitivo_ruta_zonal":"HL636","delega_ruta_zonal":1,"denominacion_ruta_zonal":"RINCON DE VENECIA - SAN BLAS II","destino_ruta_zonal":"RINCÓN DE VENECIA","destino_zona_sitp":"USME/ CIUDAD BOLIVAR","fecha_implementacion_ruta_zonal":"27/03/2023","globalid":"{B25ACE08-403B-4046-9332-B8CB7B5F6107}","localidad_destino_ruta_zonal":6,"localidad_origen_ruta_zonal":4,"longitud_ruta_zonal":16.018490320000002,"objectid":3985,"operador_ruta_zonal":"ODT LA ROLITA","origen_ruta_zonal":"SAN BLAS II","route_id_ruta_zonal":518,"route_name_ruta_zonal":"H636-1","tipo_operacion":"NORMAL","tipo_ruta_zonal":3,"tipo_servicio_ruta_zonal":1,"zona_destino_ruta_zonal":10,"zona_origen_ruta_zonal":13}},{"type":"Feature","id":3986,"geometry":null,"properties":{"abreviatura_destino_zona_sitp":"GGG","codigo_definitivo_ruta_zonal":"GA541","delega_ruta_zonal":1,"denominacion_ruta_zonal":"BOSA CENTRO - CHAPINERO","destino_ruta_zonal":"BOSA CENTRO","destino_zona_sitp":"BOSA","fecha_implementacion_ruta_zonal":"18/03/2024","globalid":"{B2C83A43-2C45-4C35-AB23-705902032392}","localidad_destino_ruta_zonal":13,"localidad_origen_ruta_zonal":8,"longitud_ruta_zonal":24.062169280000003,"objectid":3986,"operador_ruta_zonal":"ETIB - BO","origen_ruta_zonal":"CHAPINERO","route_id_ruta_zonal":681,"route_name_ruta_zonal":"G541-2","tipo_operacion":"NORMAL","tipo_ruta_zonal":3,"tipo_servicio_ruta_zonal":1,"zona_destino_ruta_zonal":0,"zona_origen_ruta_zonal":9}},{"type":"Feature","id":3987,"geometry":null,"properties":{"abreviatura_destino_zona_sitp":"CCC","codigo_definitivo_ruta_zonal":"CH116","delega_ruta_zonal":1,"denominacion_ruta_zonal":"SAN CARLOS - FONTANAR DEL RIO","destino_ruta_zonal":"FONTANAR DEL RÍO","destino_zona_sitp":"SUBA","fecha_implementacion_ruta_zonal":"12/07/2021","globalid":"{B39F6AC6-2C23-4576-9621-4B74C7085440}","localidad_destino_ruta_zonal":11,"localidad_origen_ruta_zonal":6,"longitud_ruta_zonal":33.238824770000001,"objectid":3987,"operador_ruta_zonal":"ESTE ES MI BUS - CO","origen_ruta_zonal":"SAN CARLOS","route_id_ruta_zonal":509,"route_name_ruta_zonal":"C116-1","tipo_operacion":"NORMAL","tipo_ruta_zonal":3,"tipo_servicio_ruta_zonal":1,"zona_destino_ruta_zonal":3,"zona_origen_ruta_zonal":11}},{"type":"Feature","id":3988,"geometry":null,"properties":{"abreviatura_destino_zona_sitp":"AAA","codigo_definitivo_ruta_zonal":"HA605","delega_ruta_zonal":1,"denominacion_ruta_zonal":"ARBORIZADORA ALTA-POLO","destino_ruta_zonal":"POLO","destino_zona_sitp":"NEUTRA","fecha_implementacion_ruta_zonal":"18/10/2022","globalid":"{B41013A3-947A-4EA5-9F4B-4CED5732B234}","localidad_destino_ruta_zonal":12,"localidad_origen_ruta_zonal":19,"longitud_ruta_zonal":24.146820219999999,"objectid":3988,"operador_ruta_zonal":"SUMA - BC","origen_ruta_zonal":"ARBORIZADORA ALTA","route_id_ruta_zonal":187,"route_name_ruta_zonal":"A605-1","tipo_operacion":"NORMAL","tipo_ruta_zonal":3,"tipo_servicio_ruta_zonal":1,"zona_destino_ruta_zonal":0,"zona_origen_ruta_zonal":11}},{"type":"Feature","id":3990,"geometry":null,"properties":{"abreviatura_destino_zona_sitp":"ALI","codigo_definitivo_ruta_zonal":"11-5","delega_ruta_zonal":2,"denominacion_ruta_zonal":"AVENIDA CALI","destino_ruta_zonal":"AVENIDA CALI","destino_zona_sitp":"ALIMENTADORA","fecha_implementacion_ruta_zonal":"-","globalid":"{B4BBC77A-A9A9-4ABD-8D44-E0B75E7691D1}","localidad_destino_ruta_zonal":11,"localidad_origen_ruta_zonal":11,"longitud_ruta_zonal":5.5418151800000004,"objectid":3990,"operador_ruta_zonal":"ESTE ES MI BUS - CO","origen_ruta_zonal":"PORTAL SUBA","route_id_ruta_zonal":25,"route_name_ruta_zonal":"11-5a","tipo_operacion":"NORMAL","tipo_ruta_zonal":4,"tipo_servicio_ruta_zonal":1,"zona_destino_ruta_zonal":3,"zona_origen_ruta_zonal":3}},{"type":"Feature","id":3991,"geometry":null,"properties":{"abreviatura_destino_zona_sitp":"CCC","codigo_definitivo_ruta_zonal":"C159","delega_ruta_zonal":1,"denominacion_ruta_zonal":"VILLA CINDY - SUBA PUEBLO","destino_ruta_zonal":"SUBA PUEBLO","destino_zona_sitp":"SUBA","fecha_implementacion_ruta_zonal":"24/10/2022","globalid":"{B4EAD3A4-EEED-461C-9B04-F9F9EB76A499}","localidad_destino_ruta_zonal":11,"localidad_origen_ruta_zonal":11,"longitud_ruta_zonal":15.1797124,"objectid":3991,"operador_ruta_zonal":"MASIVO CAPITAL - SO","origen_ruta_zonal":"VILLA CINDY","route_id_ruta_zonal":425,"route_name_ruta_zonal":"C159-3","tipo_operacion":"NORMAL","tipo_ruta_zonal":4,"tipo_servicio_ruta_zonal":1,"zona_destino_ruta_zonal":3,"zona_origen_ruta_zonal":3}},{"type":"Feature","id":3992,"geometry":null,"properties":{"abreviatura_destino_zona_sitp":"KKK","codigo_definitivo_ruta_zonal":"KC323","delega_ruta_zonal":1,"denominacion_ruta_zonal":"EL RECODO - SUBA COMPARTIR","destino_ruta_zonal":"EL RECODO","destino_zona_sitp":"CALLE 26","fecha_implementacion_ruta_zonal":"11/07/2022","globalid":"{B4F08685-EB23-4CC8-8F73-5D39DCC9D7C9}","localidad_destino_ruta_zonal":11,"localidad_origen_ruta_zonal":9,"longitud_ruta_zonal":26.668719600000003,"objectid":3992,"operador_ruta_zonal":"MUEVE FONTIBON","origen_ruta_zonal":"SUBA COMPARTIR","route_id_ruta_zonal":461,"route_name_ruta_zonal":"K323-2","tipo_operacion":"NORMAL","tipo_ruta_zonal":3,"tipo_servicio_ruta_zonal":1,"zona_destino_ruta_zonal":3,"zona_origen_ruta_zonal":6}},{"type":"Feature","id":3994,"geometry":null,"properties":{"abreviatura_destino_zona_sitp":"ALI","codigo_definitivo_ruta_zonal":"8-2","delega_ruta_zonal":2,"denominacion_ruta_zonal":"KENNEDY HOSPITAL","destino_ruta_zonal":"KENNEDY HOSPITAL","destino_zona_sitp":"ALIMENTADORA","fecha_implementacion_ruta_zonal":"-","globalid":"{B5A343D6-B0D1-4659-85BB-3C5497048685}","localidad_destino_ruta_zonal":8,"localidad_origen_ruta_zonal":8,"longitud_ruta_zonal":6.4224846699999993,"objectid":3994,"operador_ruta_zonal":"MASIVO CAPITAL - KE","origen_ruta_zonal":"BANDERAS","route_id_ruta_zonal":10,"route_name_ruta_zonal":"8-2a","tipo_operacion":"NORMAL","tipo_ruta_zonal":4,"tipo_servicio_ruta_zonal":1,"zona_destino_ruta_zonal":8,"zona_origen_ruta_zonal":8}},{"type":"Feature","id":3995,"geometry":null,"properties":{"abreviatura_destino_zona_sitp":"CEN","codigo_definitivo_ruta_zonal":"544A","delega_ruta_zonal":1,"denominacion_ruta_zonal":"BOSA SAN DIEGO - GERMANIA","destino_ruta_zonal":"GERMANIA","destino_zona_sitp":"CENTRO","fecha_implementacion_ruta_zonal":"29/01/2014","globalid":"{B5D8ADAB-5A94-49ED-9E45-C9A407561955}","localidad_destino_ruta_zonal":3,"localidad_origen_ruta_zonal":7,"longitud_ruta_zonal":50.385061270000001,"objectid":3995,"operador_ruta_zonal":"ETIB - BO","origen_ruta_zonal":"BOSA SAN DIEGO","route_id_ruta_zonal":107,"route_name_ruta_zonal":"544A-3","tipo_operacion":"NORMAL","tipo_ruta_zonal":3,"tipo_servicio_ruta_zonal":1,"zona_destino_ruta_zonal":0,"zona_origen_ruta_zonal":9}},{"type":"Feature","id":3997,"geometry":null,"properties":{"abreviatura_destino_zona_sitp":"CEN","codigo_definitivo_ruta_zonal":"143","delega_ruta_zonal":1,"denominacion_ruta_zonal":"COMPARTIR - GERMANIA","destino_ruta_zonal":"GERMANIA","destino_zona_sitp":"CENTRO","fecha_implementacion_ruta_zonal":"15/06/2013","globalid":"{B6B16CCD-3CBC-4DCE-8FF0-C9565294B7A0}","localidad_destino_ruta_zonal":3,"localidad_origen_ruta_zonal":19,"longitud_ruta_zonal":39.243090550000005,"objectid":3997,"operador_ruta_zonal":"SUMA - BC","origen_ruta_zonal":"COMPARTIR","route_id_ruta_zonal":150,"route_name_ruta_zonal":"143-3","tipo_operacion":"NORMAL","tipo_ruta_zonal":3,"tipo_servicio_ruta_zonal":1,"zona_destino_ruta_zonal":0,"zona_origen_ruta_zonal":11}},{"type":"Feature","id":3998,"geometry":null,"properties":{"abreviatura_destino_zona_sitp":"DDD","codigo_definitivo_ruta_zonal":"DD204","delega_ruta_zonal":1,"denominacion_ruta_zonal":"GRAN GRANADA - PORTAL CALLE 80","destino_ruta_zonal":"PORTAL CALLE 80","destino_zona_sitp":"ENGATIVA / CALLE 80","fecha_implementacion_ruta_zonal":"18/01/2021","globalid":"{B706007E-7129-40CB-880B-22FE04E511E9}","localidad_destino_ruta_zonal":10,"localidad_origen_ruta_zonal":10,"longitud_ruta_zonal":11.272790500000001,"objectid":3998,"operador_ruta_zonal":"ESTE ES MI BUS - CO","origen_ruta_zonal":"GRAN GRANADA","route_id_ruta_zonal":220,"route_name_ruta_zonal":"DD204-3","tipo_operacion":"NORMAL","tipo_ruta_zonal":3,"tipo_servicio_ruta_zonal":1,"zona_destino_ruta_zonal":4,"zona_origen_ruta_zonal":5}},{"type":"Feature","id":3999,"geometry":null,"properties":{"abreviatura_destino_zona_sitp":"COM","codigo_definitivo_ruta_zonal":"15-3","delega_ruta_zonal":1,"denominacion_ruta_zonal":"HORACIO ORJUELA","destino_ruta_zonal":"HORACIO ORJUELA","destino_zona_sitp":"COMPLEMENTARIA","fecha_implementacion_ruta_zonal":"31/05/2021","globalid":"{B70A4AF3-2530-46EF-AC00-5F973CE5E766}","localidad_destino_ruta_zonal":4,"localidad_origen_ruta_zonal":4,"longitud_ruta_zonal":9.64621073,"objectid":3999,"operador_ruta_zonal":"CONSORCIO EXPRESS D","origen_ruta_zonal":"AV 1 MAYO","route_id_ruta_zonal":388,"route_name_ruta_zonal":"15-3c","tipo_operacion":"NORMAL","tipo_ruta_zonal":5,"tipo_servicio_ruta_zonal":1,"zona_destino_ruta_zonal":13,"zona_origen_ruta_zonal":13}},{"type":"Feature","id":4000,"geometry":null,"properties":{"abreviatura_destino_zona_sitp":"HHH","codigo_definitivo_ruta_zonal":"HA706","delega_ruta_zonal":1,"denominacion_ruta_zonal":"EL UVAL - SAN DIEGO","destino_ruta_zonal":"EL UVAL","destino_zona_sitp":"USME/ CIUDAD BOLIVAR","fecha_implementacion_ruta_zonal":"16/01/2021","globalid":"{B74B0A13-3C4F-4046-8D9C-39B596204D25}","localidad_destino_ruta_zonal":3,"localidad_origen_ruta_zonal":5,"longitud_ruta_zonal":23.276767670000002,"objectid":4000,"operador_ruta_zonal":"GRAN AMERICAS USME","origen_ruta_zonal":"SAN DIEGO","route_id_ruta_zonal":213,"route_name_ruta_zonal":"H706-2","tipo_operacion":"NORMAL","tipo_ruta_zonal":3,"tipo_servicio_ruta_zonal":1,"zona_destino_ruta_zonal":0,"zona_origen_ruta_zonal":12}},{"type":"Feature","id":4001,"geometry":null,"properties":{"abreviatura_destino_zona_sitp":"ALI","codigo_definitivo_ruta_zonal":"5-4","delega_ruta_zonal":2,"denominacion_ruta_zonal":"FLORIDA","destino_ruta_zonal":"FLORIDA","destino_zona_sitp":"ALIMENTADORA","fecha_implementacion_ruta_zonal":"-","globalid":"{B78A1954-1603-4285-921F-259BDA0C3C04}","localidad_destino_ruta_zonal":10,"localidad_origen_ruta_zonal":10,"longitud_ruta_zonal":7.0149920100000003,"objectid":4001,"operador_ruta_zonal":"ESTE ES MI BUS - CO","origen_ruta_zonal":"GRANJA","route_id_ruta_zonal":455,"route_name_ruta_zonal":"5-4a","tipo_operacion":"NORMAL","tipo_ruta_zonal":4,"tipo_servicio_ruta_zonal":1,"zona_destino_ruta_zonal":5,"zona_origen_ruta_zonal":4}},{"type":"Feature","id":4002,"geometry":null,"properties":{"abreviatura_destino_zona_sitp":"ESP","codigo_definitivo_ruta_zonal":"18-9","delega_ruta_zonal":1,"denominacion_ruta_zonal":"CERRO NORTE","destino_ruta_zonal":"CERRO NORTE","destino_zona_sitp":"ESPECIAL","fecha_implementacion_ruta_zonal":"-","globalid":"{B7A3A38C-4C87-4B15-8C7B-BC19415FA495}","localidad_destino_ruta_zonal":1,"localidad_origen_ruta_zonal":1,"longitud_ruta_zonal":5.3079714200000003,"objectid":4002,"operador_ruta_zonal":"CONSORCIO EXPRESS N","origen_ruta_zonal":"CERRO NORTE","route_id_ruta_zonal":21,"route_name_ruta_zonal":"18-9e","tipo_operacion":"NORMAL","tipo_ruta_zonal":6,"tipo_servicio_ruta_zonal":1,"zona_destino_ruta_zonal":1,"zona_origen_ruta_zonal":1}},{"type":"Feature","id":4003,"geometry":null,"properties":{"abreviatura_destino_zona_sitp":"ALI","codigo_definitivo_ruta_zonal":"2-11","delega_ruta_zonal":1,"denominacion_ruta_zonal":"ANDALUCÍA","destino_ruta_zonal":"ANDALUCÍA","destino_zona_sitp":"ALIMENTADORA","fecha_implementacion_ruta_zonal":"-","globalid":"{B7C0169F-9608-4D4F-B15F-9CF3F5BABF66}","localidad_destino_ruta_zonal":1,"localidad_origen_ruta_zonal":1,"longitud_ruta_zonal":5.3487143000000001,"objectid":4003,"operador_ruta_zonal":"CONSORCIO EXPRESS N","origen_ruta_zonal":"PORTAL NORTE","route_id_ruta_zonal":115,"route_name_ruta_zonal":"2-11a","tipo_operacion":"NORMAL","tipo_ruta_zonal":4,"tipo_servicio_ruta_zonal":5,"zona_destino_ruta_zonal":1,"zona_origen_ruta_zonal":1}},{"type":"Feature","id":4004,"geometry":null,"properties":{"abreviatura_destino_zona_sitp":"ALI","codigo_definitivo_ruta_zonal":"9-4","delega_ruta_zonal":2,"denominacion_ruta_zonal":"PATIO BONITO","destino_ruta_zonal":"PATIO BONITO","destino_zona_sitp":"ALIMENTADORA","fecha_implementacion_ruta_zonal":"17/07/2023","globalid":"{B829885B-2FED-4B5E-B096-21FD029AB6C8}","localidad_destino_ruta_zonal":8,"localidad_origen_ruta_zonal":8,"longitud_ruta_zonal":7.3466383300000002,"objectid":4004,"operador_ruta_zonal":"MASIVO CAPITAL - KE","origen_ruta_zonal":"PORTAL AMERICAS","route_id_ruta_zonal":658,"route_name_ruta_zonal":"9-4a","tipo_operacion":"NORMAL","tipo_ruta_zonal":4,"tipo_servicio_ruta_zonal":1,"zona_destino_ruta_zonal":9,"zona_origen_ruta_zonal":9}},{"type":"Feature","id":4005,"geometry":null,"properties":{"abreviatura_destino_zona_sitp":"CCC","codigo_definitivo_ruta_zonal":"CF154","delega_ruta_zonal":1,"denominacion_ruta_zonal":"SUBA NOGALES - PUENTE ARANDA","destino_ruta_zonal":"SUBA NOGALES","destino_zona_sitp":"SUBA","fecha_implementacion_ruta_zonal":"23/07/2022","globalid":"{B848F6F6-34D7-464E-98E4-87B288C43B12}","localidad_destino_ruta_zonal":16,"localidad_origen_ruta_zonal":11,"longitud_ruta_zonal":19.227658309999999,"objectid":4005,"operador_ruta_zonal":"EMASIVO 16","origen_ruta_zonal":"PUENTE ARANDA","route_id_ruta_zonal":333,"route_name_ruta_zonal":"C154-2","tipo_operacion":"NORMAL","tipo_ruta_zonal":3,"tipo_servicio_ruta_zonal":1,"zona_destino_ruta_zonal":7,"zona_origen_ruta_zonal":3}},{"type":"Feature","id":4006,"geometry":null,"properties":{"abreviatura_destino_zona_sitp":"ALI","codigo_definitivo_ruta_zonal":"6-3","delega_ruta_zonal":2,"denominacion_ruta_zonal":"SIERRA MORENA","destino_ruta_zonal":"SIERRA MORENA","destino_zona_sitp":"ALIMENTADORA","fecha_implementacion_ruta_zonal":"-","globalid":"{B850DD8F-17BA-4310-B71B-6F35260E4957}","localidad_destino_ruta_zonal":19,"localidad_origen_ruta_zonal":6,"longitud_ruta_zonal":12.23643247,"objectid":4006,"operador_ruta_zonal":"SUMA - BC","origen_ruta_zonal":"PORTAL TUNAL","route_id_ruta_zonal":638,"route_name_ruta_zonal":"6-3a","tipo_operacion":"NORMAL","tipo_ruta_zonal":4,"tipo_servicio_ruta_zonal":1,"zona_destino_ruta_zonal":10,"zona_origen_ruta_zonal":11}},{"type":"Feature","id":4009,"geometry":null,"properties":{"abreviatura_destino_zona_sitp":"SCR","codigo_definitivo_ruta_zonal":"T13","delega_ruta_zonal":1,"denominacion_ruta_zonal":"VILLA CINDY - HOSPITAL SAN BLAS","destino_ruta_zonal":"HOSPITAL SAN BLAS","destino_zona_sitp":"SAN CRISTOBAL","fecha_implementacion_ruta_zonal":"23/07/2022","globalid":"{B9775F6B-DCFC-4071-A7A8-A1F281FA7AEF}","localidad_destino_ruta_zonal":11,"localidad_origen_ruta_zonal":4,"longitud_ruta_zonal":34.226080859999996,"objectid":4009,"operador_ruta_zonal":"CONSORCIO EXPRESS D","origen_ruta_zonal":"VILLA CINDY","route_id_ruta_zonal":182,"route_name_ruta_zonal":"T13-1","tipo_operacion":"NORMAL","tipo_ruta_zonal":3,"tipo_servicio_ruta_zonal":1,"zona_destino_ruta_zonal":3,"zona_origen_ruta_zonal":13}},{"type":"Feature","id":4010,"geometry":null,"properties":{"abreviatura_destino_zona_sitp":"HHH","codigo_definitivo_ruta_zonal":"HA704","delega_ruta_zonal":1,"denominacion_ruta_zonal":"EL UVAL - GERMANIA","destino_ruta_zonal":"EL UVAL","destino_zona_sitp":"USME/ CIUDAD BOLIVAR","fecha_implementacion_ruta_zonal":"16/01/2021","globalid":"{BACF2DC8-5D3D-455C-BCD8-D78DF149EC6E}","localidad_destino_ruta_zonal":3,"localidad_origen_ruta_zonal":5,"longitud_ruta_zonal":26.719815489999998,"objectid":4010,"operador_ruta_zonal":"GRAN AMERICAS USME","origen_ruta_zonal":"GERMANÍA","route_id_ruta_zonal":211,"route_name_ruta_zonal":"H704-2","tipo_operacion":"NORMAL","tipo_ruta_zonal":3,"tipo_servicio_ruta_zonal":1,"zona_destino_ruta_zonal":0,"zona_origen_ruta_zonal":12}},{"type":"Feature","id":4011,"geometry":null,"properties":{"abreviatura_destino_zona_sitp":"CCC","codigo_definitivo_ruta_zonal":"CA117","delega_ruta_zonal":1,"denominacion_ruta_zonal":"VILLA CINDY - CHAPINERO","destino_ruta_zonal":"VILLA CINDY","destino_zona_sitp":"SUBA","fecha_implementacion_ruta_zonal":"23/07/2022","globalid":"{BB38C971-EC75-4BB4-A6C8-116650F6FF06}","localidad_destino_ruta_zonal":2,"localidad_origen_ruta_zonal":11,"longitud_ruta_zonal":21.558559249999998,"objectid":4011,"operador_ruta_zonal":"MASIVO CAPITAL - SO","origen_ruta_zonal":"CHAPINERO","route_id_ruta_zonal":473,"route_name_ruta_zonal":"C117-2","tipo_operacion":"NORMAL","tipo_ruta_zonal":3,"tipo_servicio_ruta_zonal":1,"zona_destino_ruta_zonal":0,"zona_origen_ruta_zonal":3}},{"type":"Feature","id":4013,"geometry":null,"properties":{"abreviatura_destino_zona_sitp":"BBB","codigo_definitivo_ruta_zonal":"CB130","delega_ruta_zonal":1,"denominacion_ruta_zonal":"SUBA BERLIN - CARDIOINFANTIL","destino_ruta_zonal":"CARDIO INFANTIL","destino_zona_sitp":"USAQUEN","fecha_implementacion_ruta_zonal":"23/07/2022","globalid":"{BBD1812D-F783-4A5F-A3BD-5BC258268EC7}","localidad_destino_ruta_zonal":1,"localidad_origen_ruta_zonal":11,"longitud_ruta_zonal":18.540119909999998,"objectid":4013,"operador_ruta_zonal":"CONSORCIO EXPRESS N","origen_ruta_zonal":"SUBA BERLÍN","route_id_ruta_zonal":477,"route_name_ruta_zonal":"B130-1","tipo_operacion":"NORMAL","tipo_ruta_zonal":3,"tipo_servicio_ruta_zonal":1,"zona_destino_ruta_zonal":1,"zona_origen_ruta_zonal":3}},{"type":"Feature","id":4014,"geometry":null,"properties":{"abreviatura_destino_zona_sitp":"CCC","codigo_definitivo_ruta_zonal":"CA129","delega_ruta_zonal":1,"denominacion_ruta_zonal":"BILBAO - GERMANÍA","destino_ruta_zonal":"BILBAO","destino_zona_sitp":"SUBA","fecha_implementacion_ruta_zonal":"29/01/2024","globalid":"{BBFE56D2-621F-4485-B138-4FFDA60C503B}","localidad_destino_ruta_zonal":3,"localidad_origen_ruta_zonal":11,"longitud_ruta_zonal":25.193913779999999,"objectid":4014,"operador_ruta_zonal":"EMASIVO 10","origen_ruta_zonal":"GERMANÍA","route_id_ruta_zonal":293,"route_name_ruta_zonal":"C129-2","tipo_operacion":"NORMAL","tipo_ruta_zonal":3,"tipo_servicio_ruta_zonal":1,"zona_destino_ruta_zonal":0,"zona_origen_ruta_zonal":3}},{"type":"Feature","id":4015,"geometry":null,"properties":{"abreviatura_destino_zona_sitp":"KKK","codigo_definitivo_ruta_zonal":"KA324","delega_ruta_zonal":1,"denominacion_ruta_zonal":"EL REFUGIO - PERSEVERANCIA","destino_ruta_zonal":"PERSEVERANCIA","destino_zona_sitp":"CALLE 26","fecha_implementacion_ruta_zonal":"11/05/2022","globalid":"{BD8072AF-5B66-4CCA-8914-3F5E39E70A22}","localidad_destino_ruta_zonal":3,"localidad_origen_ruta_zonal":9,"longitud_ruta_zonal":41.25154603,"objectid":4015,"operador_ruta_zonal":"GMOVIL - E","origen_ruta_zonal":"EL REFUGIO","route_id_ruta_zonal":512,"route_name_ruta_zonal":"KA324-3","tipo_operacion":"NORMAL","tipo_ruta_zonal":3,"tipo_servicio_ruta_zonal":1,"zona_destino_ruta_zonal":0,"zona_origen_ruta_zonal":6}},{"type":"Feature","id":4017,"geometry":null,"properties":{"abreviatura_destino_zona_sitp":"CHA","codigo_definitivo_ruta_zonal":"E25","delega_ruta_zonal":1,"denominacion_ruta_zonal":"ENGATIVA CENTRO - LOURDES","destino_ruta_zonal":"LOURDES","destino_zona_sitp":"CHAPINERO","fecha_implementacion_ruta_zonal":"22/07/2024","globalid":"{BDD51DBB-3ED1-49D0-9E4B-C1E7E4A11384}","localidad_destino_ruta_zonal":2,"localidad_origen_ruta_zonal":10,"longitud_ruta_zonal":31.464228250000001,"objectid":4017,"operador_ruta_zonal":"GMOVIL - E","origen_ruta_zonal":"ENGATIVÁ CENTRO","route_id_ruta_zonal":170,"route_name_ruta_zonal":"E25-3","tipo_operacion":"NORMAL","tipo_ruta_zonal":3,"tipo_servicio_ruta_zonal":1,"zona_destino_ruta_zonal":0,"zona_origen_ruta_zonal":5}},{"type":"Feature","id":4019,"geometry":null,"properties":{"abreviatura_destino_zona_sitp":"COM","codigo_definitivo_ruta_zonal":"19-10","delega_ruta_zonal":1,"denominacion_ruta_zonal":"PRADO","destino_ruta_zonal":"CIUDAD JARDIN NORTE","destino_zona_sitp":"COMPLEMENTARIA","fecha_implementacion_ruta_zonal":"-","globalid":"{BE230609-58B6-47D2-98E7-FDAEB87562CA}","localidad_destino_ruta_zonal":11,"localidad_origen_ruta_zonal":11,"longitud_ruta_zonal":6.9164964000000007,"objectid":4019,"operador_ruta_zonal":"MASIVO CAPITAL - SO","origen_ruta_zonal":"PRADO","route_id_ruta_zonal":56,"route_name_ruta_zonal":"19-10c","tipo_operacion":"NORMAL","tipo_ruta_zonal":5,"tipo_servicio_ruta_zonal":1,"zona_destino_ruta_zonal":2,"zona_origen_ruta_zonal":2}},{"type":"Feature","id":4020,"geometry":null,"properties":{"abreviatura_destino_zona_sitp":"KKK","codigo_definitivo_ruta_zonal":"HK707","delega_ruta_zonal":1,"denominacion_ruta_zonal":"EL UVAL - EL REFUGIO","destino_ruta_zonal":"EL REFUGIO","destino_zona_sitp":"CALLE 26","fecha_implementacion_ruta_zonal":"16/01/2021","globalid":"{BF10383E-B917-4C09-988E-ECFD5DA17B0E}","localidad_destino_ruta_zonal":9,"localidad_origen_ruta_zonal":5,"longitud_ruta_zonal":32.09437586,"objectid":4020,"operador_ruta_zonal":"GRAN AMERICAS USME","origen_ruta_zonal":"EL UVAL","route_id_ruta_zonal":214,"route_name_ruta_zonal":"K707-1","tipo_operacion":"NORMAL","tipo_ruta_zonal":3,"tipo_servicio_ruta_zonal":1,"zona_destino_ruta_zonal":6,"zona_origen_ruta_zonal":12}},{"type":"Feature","id":4023,"geometry":null,"properties":{"abreviatura_destino_zona_sitp":"GGG","codigo_definitivo_ruta_zonal":"HG712","delega_ruta_zonal":1,"denominacion_ruta_zonal":"ALFONSO LOPEZ - BOSA LA ESTACION","destino_ruta_zonal":"BOSA LA ESTACION","destino_zona_sitp":"BOSA","fecha_implementacion_ruta_zonal":"21/06/2022","globalid":"{BFA73105-5B22-494E-95D1-7603D70D0999}","localidad_destino_ruta_zonal":7,"localidad_origen_ruta_zonal":5,"longitud_ruta_zonal":20.234103020000003,"objectid":4023,"operador_ruta_zonal":"GRAN AMERICAS USME","origen_ruta_zonal":"ALFONSO LÓPEZ","route_id_ruta_zonal":450,"route_name_ruta_zonal":"G712-1","tipo_operacion":"NORMAL","tipo_ruta_zonal":3,"tipo_servicio_ruta_zonal":1,"zona_destino_ruta_zonal":9,"zona_origen_ruta_zonal":12}},{"type":"Feature","id":4024,"geometry":null,"properties":{"abreviatura_destino_zona_sitp":"BOS","codigo_definitivo_ruta_zonal":"634","delega_ruta_zonal":1,"denominacion_ruta_zonal":"BOSA SAN DIEGO - CALLE 153","destino_ruta_zonal":"BOSA SAN DIEGO","destino_zona_sitp":"BOSA","fecha_implementacion_ruta_zonal":"24/02/2020","globalid":"{BFE9FE0C-9081-49C1-BD57-537F9EC40898}","localidad_destino_ruta_zonal":1,"localidad_origen_ruta_zonal":7,"longitud_ruta_zonal":31.448774969999999,"objectid":4024,"operador_ruta_zonal":"ETIB - BO","origen_ruta_zonal":"CALLE 153","route_id_ruta_zonal":298,"route_name_ruta_zonal":"634-2","tipo_operacion":"NORMAL","tipo_ruta_zonal":3,"tipo_servicio_ruta_zonal":1,"zona_destino_ruta_zonal":1,"zona_origen_ruta_zonal":9}},{"type":"Feature","id":4025,"geometry":null,"properties":{"abreviatura_destino_zona_sitp":"ALI","codigo_definitivo_ruta_zonal":"3-13","delega_ruta_zonal":1,"denominacion_ruta_zonal":"NEBRASKA","destino_ruta_zonal":"NEBRASKA","destino_zona_sitp":"ALIMENTADORA","fecha_implementacion_ruta_zonal":"29/03/2025","globalid":"{C01E7EA8-B792-473E-A64C-7A263E8E9444}","localidad_destino_ruta_zonal":5,"localidad_origen_ruta_zonal":5,"longitud_ruta_zonal":3.02860672,"objectid":4025,"operador_ruta_zonal":"E-SOMOS ALIMENTACION","origen_ruta_zonal":"PORTAL USME","route_id_ruta_zonal":0,"route_name_ruta_zonal":"3-13a","tipo_operacion":"NORMAL","tipo_ruta_zonal":4,"tipo_servicio_ruta_zonal":1,"zona_destino_ruta_zonal":12,"zona_origen_ruta_zonal":12}},{"type":"Feature","id":4026,"geometry":null,"properties":{"abreviatura_destino_zona_sitp":"ALI","codigo_definitivo_ruta_zonal":"16-5","delega_ruta_zonal":2,"denominacion_ruta_zonal":"VILLA AMALIA","destino_ruta_zonal":"VILLA AMALIA","destino_zona_sitp":"ALIMENTADORA","fecha_implementacion_ruta_zonal":"-","globalid":"{C0530886-D33A-405E-9DB5-F1C28B78CFDA}","localidad_destino_ruta_zonal":10,"localidad_origen_ruta_zonal":10,"longitud_ruta_zonal":16.961914409999999,"objectid":4026,"operador_ruta_zonal":"GMOVIL - E","origen_ruta_zonal":"PORTAL EL DORADO","route_id_ruta_zonal":328,"route_name_ruta_zonal":"16-5a","tipo_operacion":"NORMAL","tipo_ruta_zonal":4,"tipo_servicio_ruta_zonal":1,"zona_destino_ruta_zonal":5,"zona_origen_ruta_zonal":5}},{"type":"Feature","id":4027,"geometry":null,"properties":{"abreviatura_destino_zona_sitp":"FFF","codigo_definitivo_ruta_zonal":"FF424","delega_ruta_zonal":1,"denominacion_ruta_zonal":"FAVIDI P.M.","destino_ruta_zonal":"FAVIDI","destino_zona_sitp":"AMERICAS","fecha_implementacion_ruta_zonal":"22/08/2023","globalid":"{C0602720-DF26-4927-BAAB-22A1BB4EC645}","localidad_destino_ruta_zonal":8,"localidad_origen_ruta_zonal":8,"longitud_ruta_zonal":9.731320740000001,"objectid":4027,"operador_ruta_zonal":"ESTE ES MI BUS - TZ","origen_ruta_zonal":"BANDERAS","route_id_ruta_zonal":532,"route_name_ruta_zonal":"FF424-3","tipo_operacion":"NORMAL","tipo_ruta_zonal":4,"tipo_servicio_ruta_zonal":6,"zona_destino_ruta_zonal":8,"zona_origen_ruta_zonal":8}},{"type":"Feature","id":4028,"geometry":null,"properties":{"abreviatura_destino_zona_sitp":"NOR","codigo_definitivo_ruta_zonal":"P49","delega_ruta_zonal":1,"denominacion_ruta_zonal":"VILLA GLADYS - TERMINAL NORTE","destino_ruta_zonal":"TERMINAL NORTE","destino_zona_sitp":"NORTE","fecha_implementacion_ruta_zonal":"6/09/2021","globalid":"{C0AEA7AB-A5F1-4866-98D1-1C8511F63688}","localidad_destino_ruta_zonal":1,"localidad_origen_ruta_zonal":10,"longitud_ruta_zonal":30.141621060000002,"objectid":4028,"operador_ruta_zonal":"CONSORCIO EXPRESS N","origen_ruta_zonal":"VILLA GLADYS","route_id_ruta_zonal":488,"route_name_ruta_zonal":"P49-1","tipo_operacion":"NORMAL","tipo_ruta_zonal":3,"tipo_servicio_ruta_zonal":1,"zona_destino_ruta_zonal":1,"zona_origen_ruta_zonal":5}},{"type":"Feature","id":4029,"geometry":null,"properties":{"abreviatura_destino_zona_sitp":"CCC","codigo_definitivo_ruta_zonal":"CH131","delega_ruta_zonal":1,"denominacion_ruta_zonal":"BILBAO - DIANA TURBAY","destino_ruta_zonal":"BILBAO","destino_zona_sitp":"SUBA","fecha_implementacion_ruta_zonal":"11/09/2023","globalid":"{C1A01F68-2FA9-4A83-AFAE-0AA6D5B63327}","localidad_destino_ruta_zonal":18,"localidad_origen_ruta_zonal":11,"longitud_ruta_zonal":36.62244845,"objectid":4029,"operador_ruta_zonal":"EMASIVO 10","origen_ruta_zonal":"DIANA TURBAY","route_id_ruta_zonal":482,"route_name_ruta_zonal":"C131-2","tipo_operacion":"NORMAL","tipo_ruta_zonal":3,"tipo_servicio_ruta_zonal":1,"zona_destino_ruta_zonal":12,"zona_origen_ruta_zonal":3}},{"type":"Feature","id":4030,"geometry":null,"properties":{"abreviatura_destino_zona_sitp":"ALI","codigo_definitivo_ruta_zonal":"6-5","delega_ruta_zonal":2,"denominacion_ruta_zonal":"TESORO","destino_ruta_zonal":"TESORO","destino_zona_sitp":"ALIMENTADORA","fecha_implementacion_ruta_zonal":"-","globalid":"{C270742C-BF9E-46E4-AAEF-50EB6F3C9FA5}","localidad_destino_ruta_zonal":19,"localidad_origen_ruta_zonal":6,"longitud_ruta_zonal":10.20801107,"objectid":4030,"operador_ruta_zonal":"SUMA - BC","origen_ruta_zonal":"PORTAL TUNAL","route_id_ruta_zonal":378,"route_name_ruta_zonal":"6-5a","tipo_operacion":"NORMAL","tipo_ruta_zonal":4,"tipo_servicio_ruta_zonal":1,"zona_destino_ruta_zonal":11,"zona_origen_ruta_zonal":11}},{"type":"Feature","id":4031,"geometry":null,"properties":{"abreviatura_destino_zona_sitp":"KKK","codigo_definitivo_ruta_zonal":"BK903","delega_ruta_zonal":1,"denominacion_ruta_zonal":"SAN CRISTOBAL NORTE - AEROPUERTO","destino_ruta_zonal":"AEROPUERTO","destino_zona_sitp":"CALLE 26","fecha_implementacion_ruta_zonal":"6/05/2022","globalid":"{C2E99981-5104-4438-80E5-6238987677A6}","localidad_destino_ruta_zonal":9,"localidad_origen_ruta_zonal":1,"longitud_ruta_zonal":33.186118840000006,"objectid":4031,"operador_ruta_zonal":"CONSORCIO EXPRESS N","origen_ruta_zonal":"SAN CRISTOBAL NORTE","route_id_ruta_zonal":447,"route_name_ruta_zonal":"K903-1","tipo_operacion":"NORMAL","tipo_ruta_zonal":3,"tipo_servicio_ruta_zonal":1,"zona_destino_ruta_zonal":6,"zona_origen_ruta_zonal":1}},{"type":"Feature","id":4033,"geometry":null,"properties":{"abreviatura_destino_zona_sitp":"AAA","codigo_definitivo_ruta_zonal":"HA702","delega_ruta_zonal":1,"denominacion_ruta_zonal":"EL UVAL - LAS NIEVES","destino_ruta_zonal":"LAS NIEVES","destino_zona_sitp":"NEUTRA","fecha_implementacion_ruta_zonal":"10/01/2023","globalid":"{C4315201-CAB6-49BC-8062-79E4E8B97DAA}","localidad_destino_ruta_zonal":3,"localidad_origen_ruta_zonal":5,"longitud_ruta_zonal":25.281378240000002,"objectid":4033,"operador_ruta_zonal":"GRAN AMERICAS USME","origen_ruta_zonal":"EL UVAL","route_id_ruta_zonal":208,"route_name_ruta_zonal":"A702-1","tipo_operacion":"NORMAL","tipo_ruta_zonal":3,"tipo_servicio_ruta_zonal":1,"zona_destino_ruta_zonal":0,"zona_origen_ruta_zonal":12}},{"type":"Feature","id":4034,"geometry":null,"properties":{"abreviatura_destino_zona_sitp":"COM","codigo_definitivo_ruta_zonal":"19-12","delega_ruta_zonal":1,"denominacion_ruta_zonal":"CANTALEJO","destino_ruta_zonal":"CANTALEJO","destino_zona_sitp":"COMPLEMENTARIA","fecha_implementacion_ruta_zonal":"21/06/2022","globalid":"{C4B5EDDF-BF28-4A27-BB80-3C26144BFB0F}","localidad_destino_ruta_zonal":11,"localidad_origen_ruta_zonal":11,"longitud_ruta_zonal":4.3455054000000004,"objectid":4034,"operador_ruta_zonal":"MASIVO CAPITAL - SO","origen_ruta_zonal":"TOBERÍN","route_id_ruta_zonal":13,"route_name_ruta_zonal":"19-12c","tipo_operacion":"NORMAL","tipo_ruta_zonal":5,"tipo_servicio_ruta_zonal":1,"zona_destino_ruta_zonal":2,"zona_origen_ruta_zonal":2}},{"type":"Feature","id":4035,"geometry":null,"properties":{"abreviatura_destino_zona_sitp":"SAL","codigo_definitivo_ruta_zonal":"Z4B","delega_ruta_zonal":1,"denominacion_ruta_zonal":"EST. TERMINAL - TERMINAL SALITRE","destino_ruta_zonal":"TERMINAL SALITRE","destino_zona_sitp":"SALITRE","fecha_implementacion_ruta_zonal":"25/11/2019","globalid":"{C4DDCD1B-DEE2-4FDF-A9C9-3A0959633561}","localidad_destino_ruta_zonal":9,"localidad_origen_ruta_zonal":1,"longitud_ruta_zonal":24.978885689999998,"objectid":4035,"operador_ruta_zonal":"CONSORCIO EXPRESS N","origen_ruta_zonal":"TERMINAL NORTE","route_id_ruta_zonal":296,"route_name_ruta_zonal":"Z4B-2","tipo_operacion":"NORMAL","tipo_ruta_zonal":3,"tipo_servicio_ruta_zonal":1,"zona_destino_ruta_zonal":6,"zona_origen_ruta_zonal":1}},{"type":"Feature","id":4036,"geometry":null,"properties":{"abreviatura_destino_zona_sitp":"DDD","codigo_definitivo_ruta_zonal":"HD717","delega_ruta_zonal":1,"denominacion_ruta_zonal":"USME CENTRO - BONANZA","destino_ruta_zonal":"BONANZA","destino_zona_sitp":"ENGATIVA / CALLE 80","fecha_implementacion_ruta_zonal":"5/12/2022","globalid":"{C52FCF14-17C0-40A1-BEF2-A9EB8863A91B}","localidad_destino_ruta_zonal":10,"localidad_origen_ruta_zonal":5,"longitud_ruta_zonal":28.374376310000002,"objectid":4036,"operador_ruta_zonal":"MUEVE USME","origen_ruta_zonal":"USME CENTRO","route_id_ruta_zonal":498,"route_name_ruta_zonal":"D717-1","tipo_operacion":"NORMAL","tipo_ruta_zonal":3,"tipo_servicio_ruta_zonal":1,"zona_destino_ruta_zonal":4,"zona_origen_ruta_zonal":12}},{"type":"Feature","id":4037,"geometry":null,"properties":{"abreviatura_destino_zona_sitp":"BBB","codigo_definitivo_ruta_zonal":"HB631","delega_ruta_zonal":1,"denominacion_ruta_zonal":"PARAÍSO - AV. CALLE 134","destino_ruta_zonal":"AV. CALLE 134","destino_zona_sitp":"USAQUEN","fecha_implementacion_ruta_zonal":"24/01/2022","globalid":"{C53FDAEB-FCF8-4AAB-B183-F85FCDE192FA}","localidad_destino_ruta_zonal":1,"localidad_origen_ruta_zonal":19,"longitud_ruta_zonal":29.118967860000001,"objectid":4037,"operador_ruta_zonal":"SUMA - BC","origen_ruta_zonal":"PARAÍSO","route_id_ruta_zonal":387,"route_name_ruta_zonal":"B631-1","tipo_operacion":"NORMAL","tipo_ruta_zonal":3,"tipo_servicio_ruta_zonal":1,"zona_destino_ruta_zonal":1,"zona_origen_ruta_zonal":11}},{"type":"Feature","id":4039,"geometry":null,"properties":{"abreviatura_destino_zona_sitp":"ENG","codigo_definitivo_ruta_zonal":"C25","delega_ruta_zonal":1,"denominacion_ruta_zonal":"SABANA DEL DORADO - UNICENTRO","destino_ruta_zonal":"SABANA DEL DORADO","destino_zona_sitp":"ENGATIVA","fecha_implementacion_ruta_zonal":"31/08/2020","globalid":"{C5EED656-B530-4F0D-811D-2523728EACB0}","localidad_destino_ruta_zonal":1,"localidad_origen_ruta_zonal":10,"longitud_ruta_zonal":15.56263672,"objectid":4039,"operador_ruta_zonal":"CONSORCIO EXPRESS N-GMOVIL","origen_ruta_zonal":"UNICENTRO","route_id_ruta_zonal":69,"route_name_ruta_zonal":"C25-2","tipo_operacion":"NORMAL","tipo_ruta_zonal":3,"tipo_servicio_ruta_zonal":1,"zona_destino_ruta_zonal":1,"zona_origen_ruta_zonal":5}},{"type":"Feature","id":4040,"geometry":null,"properties":{"abreviatura_destino_zona_sitp":"ALI","codigo_definitivo_ruta_zonal":"9-10","delega_ruta_zonal":2,"denominacion_ruta_zonal":"ROMA","destino_ruta_zonal":"ROMA","destino_zona_sitp":"ALIMENTADORA","fecha_implementacion_ruta_zonal":"-","globalid":"{C6B5C4D1-F9C7-437B-843A-9C5AC6EA8610}","localidad_destino_ruta_zonal":8,"localidad_origen_ruta_zonal":8,"longitud_ruta_zonal":10.579658519999999,"objectid":4040,"operador_ruta_zonal":"MASIVO CAPITAL - KE","origen_ruta_zonal":"PORTAL AMERICAS","route_id_ruta_zonal":9,"route_name_ruta_zonal":"9-10a","tipo_operacion":"NORMAL","tipo_ruta_zonal":4,"tipo_servicio_ruta_zonal":1,"zona_destino_ruta_zonal":9,"zona_origen_ruta_zonal":9}},{"type":"Feature","id":4041,"geometry":null,"properties":{"abreviatura_destino_zona_sitp":"KKK","codigo_definitivo_ruta_zonal":"KA302","delega_ruta_zonal":1,"denominacion_ruta_zonal":"EL RECODO - CENTRO","destino_ruta_zonal":"EL RECODO","destino_zona_sitp":"CALLE 26","fecha_implementacion_ruta_zonal":"27/11/2023","globalid":"{C75080DE-7D3B-4944-AA5E-ACE0C23813EE}","localidad_destino_ruta_zonal":3,"localidad_origen_ruta_zonal":9,"longitud_ruta_zonal":25.880573040000002,"objectid":4041,"operador_ruta_zonal":"E-SOMOS FONTIBON","origen_ruta_zonal":"CENTRO","route_id_ruta_zonal":203,"route_name_ruta_zonal":"K302-2","tipo_operacion":"NORMAL","tipo_ruta_zonal":3,"tipo_servicio_ruta_zonal":1,"zona_destino_ruta_zonal":0,"zona_origen_ruta_zonal":6}},{"type":"Feature","id":4043,"geometry":null,"properties":{"abreviatura_destino_zona_sitp":"CHA","codigo_definitivo_ruta_zonal":"P500","delega_ruta_zonal":1,"denominacion_ruta_zonal":"AEROPUERTO - CENTRO ANDINO","destino_ruta_zonal":"CENTRO ANDINO","destino_zona_sitp":"CHAPINERO","fecha_implementacion_ruta_zonal":"29/09/2012","globalid":"{C7A9424B-FF2A-4499-B680-2D03B3F18316}","localidad_destino_ruta_zonal":2,"localidad_origen_ruta_zonal":10,"longitud_ruta_zonal":33.16178378,"objectid":4043,"operador_ruta_zonal":"GMOVIL - E","origen_ruta_zonal":"AEROPUERTO","route_id_ruta_zonal":225,"route_name_ruta_zonal":"P500-3","tipo_operacion":"NORMAL","tipo_ruta_zonal":3,"tipo_servicio_ruta_zonal":1,"zona_destino_ruta_zonal":0,"zona_origen_ruta_zonal":5}},{"type":"Feature","id":4045,"geometry":null,"properties":{"abreviatura_destino_zona_sitp":"BBB","codigo_definitivo_ruta_zonal":"CB138","delega_ruta_zonal":1,"denominacion_ruta_zonal":"BILBAO - CEDRITOS","destino_ruta_zonal":"CEDRITOS","destino_zona_sitp":"USAQUEN","fecha_implementacion_ruta_zonal":"29/01/2024","globalid":"{C85CFD85-3AFD-48C3-A054-2D3BF70F2B21}","localidad_destino_ruta_zonal":1,"localidad_origen_ruta_zonal":11,"longitud_ruta_zonal":16.466147769999999,"objectid":4045,"operador_ruta_zonal":"EMASIVO 16","origen_ruta_zonal":"BILBAO","route_id_ruta_zonal":320,"route_name_ruta_zonal":"B138-1","tipo_operacion":"NORMAL","tipo_ruta_zonal":3,"tipo_servicio_ruta_zonal":1,"zona_destino_ruta_zonal":1,"zona_origen_ruta_zonal":3}},{"type":"Feature","id":4047,"geometry":null,"properties":{"abreviatura_destino_zona_sitp":"AAA","codigo_definitivo_ruta_zonal":"AA001","delega_ruta_zonal":1,"denominacion_ruta_zonal":"UNICERROS - UNICENTRO","destino_ruta_zonal":"UNICENTRO","destino_zona_sitp":"NEUTRA","fecha_implementacion_ruta_zonal":"12/11/2024","globalid":"{C8A4FC68-F9ED-45F5-9D99-279DDC2F0F49}","localidad_destino_ruta_zonal":2,"localidad_origen_ruta_zonal":2,"longitud_ruta_zonal":7.3494412000000002,"objectid":4047,"operador_ruta_zonal":"CONSORCIO EXPRESS N","origen_ruta_zonal":"UNICERROS","route_id_ruta_zonal":438,"route_name_ruta_zonal":"A001-2","tipo_operacion":"NORMAL","tipo_ruta_zonal":3,"tipo_servicio_ruta_zonal":1,"zona_destino_ruta_zonal":0,"zona_origen_ruta_zonal":0}},{"type":"Feature","id":4050,"geometry":null,"properties":{"abreviatura_destino_zona_sitp":"USA","codigo_definitivo_ruta_zonal":"T21","delega_ruta_zonal":1,"denominacion_ruta_zonal":"CLINICA CORPAS-CONEJERA - CANTON NORTE","destino_ruta_zonal":"CANTÓN NORTE","destino_zona_sitp":"USAQUEN","fecha_implementacion_ruta_zonal":"23/07/2022","globalid":"{C99F03B5-8E97-4EA1-8B2D-B0B0C9D32D22}","localidad_destino_ruta_zonal":1,"localidad_origen_ruta_zonal":11,"longitud_ruta_zonal":47.91533063,"objectid":4050,"operador_ruta_zonal":"CONSORCIO EXPRESS N","origen_ruta_zonal":"CLINICA CORPAS-CONEJERA","route_id_ruta_zonal":476,"route_name_ruta_zonal":"T21-3","tipo_operacion":"NORMAL","tipo_ruta_zonal":3,"tipo_servicio_ruta_zonal":1,"zona_destino_ruta_zonal":1,"zona_origen_ruta_zonal":3}},{"type":"Feature","id":4051,"geometry":null,"properties":{"abreviatura_destino_zona_sitp":"CCC","codigo_definitivo_ruta_zonal":"FC404","delega_ruta_zonal":1,"denominacion_ruta_zonal":"PATIO BONITO - CALLE 170","destino_ruta_zonal":"CALLE 170","destino_zona_sitp":"SUBA","fecha_implementacion_ruta_zonal":"20/11/2023","globalid":"{C99FB027-10E9-498F-AC67-81A97402B82A}","localidad_destino_ruta_zonal":11,"localidad_origen_ruta_zonal":8,"longitud_ruta_zonal":34.29094714,"objectid":4051,"operador_ruta_zonal":"MASIVO CAPITAL - KE","origen_ruta_zonal":"PATIO BONITO","route_id_ruta_zonal":12,"route_name_ruta_zonal":"C404-1","tipo_operacion":"NORMAL","tipo_ruta_zonal":3,"tipo_servicio_ruta_zonal":4,"zona_destino_ruta_zonal":3,"zona_origen_ruta_zonal":8}},{"type":"Feature","id":4053,"geometry":null,"properties":{"abreviatura_destino_zona_sitp":"CCC","codigo_definitivo_ruta_zonal":"HD630","delega_ruta_zonal":1,"denominacion_ruta_zonal":"ARBORIZADORA ALTA -  MORATO","destino_ruta_zonal":"MORATO","destino_zona_sitp":"SUBA","fecha_implementacion_ruta_zonal":"17/04/2023","globalid":"{CA883FE2-B3EE-47D1-9F09-86B831F29B45}","localidad_destino_ruta_zonal":11,"localidad_origen_ruta_zonal":19,"longitud_ruta_zonal":25.257251400000001,"objectid":4053,"operador_ruta_zonal":"ODT LA ROLITA","origen_ruta_zonal":"ARBORIZADORA ALTA","route_id_ruta_zonal":640,"route_name_ruta_zonal":"D630-1","tipo_operacion":"NORMAL","tipo_ruta_zonal":3,"tipo_servicio_ruta_zonal":1,"zona_destino_ruta_zonal":3,"zona_origen_ruta_zonal":11}},{"type":"Feature","id":4054,"geometry":null,"properties":{"abreviatura_destino_zona_sitp":"ALI","codigo_definitivo_ruta_zonal":"9-7","delega_ruta_zonal":2,"denominacion_ruta_zonal":"BOSA LA INDEPENDENCIA","destino_ruta_zonal":"BOSA LA INDEPENDENCIA","destino_zona_sitp":"ALIMENTADORA","fecha_implementacion_ruta_zonal":"-","globalid":"{CB3A990F-FBC5-4953-A08B-FABDFA3BCB59}","localidad_destino_ruta_zonal":7,"localidad_origen_ruta_zonal":8,"longitud_ruta_zonal":8.7203909399999997,"objectid":4054,"operador_ruta_zonal":"MASIVO CAPITAL - KE","origen_ruta_zonal":"PORTAL AMERICAS","route_id_ruta_zonal":626,"route_name_ruta_zonal":"9-7a","tipo_operacion":"NORMAL","tipo_ruta_zonal":4,"tipo_servicio_ruta_zonal":1,"zona_destino_ruta_zonal":9,"zona_origen_ruta_zonal":9}},{"type":"Feature","id":4055,"geometry":null,"properties":{"abreviatura_destino_zona_sitp":"ALI","codigo_definitivo_ruta_zonal":"7-1","delega_ruta_zonal":2,"denominacion_ruta_zonal":"URIBE URIBE","destino_ruta_zonal":"URIBE URIBE","destino_zona_sitp":"ALIMENTADORA","fecha_implementacion_ruta_zonal":"-","globalid":"{CB418F11-998D-45FA-98DA-EE0D49EEE8CC}","localidad_destino_ruta_zonal":18,"localidad_origen_ruta_zonal":18,"longitud_ruta_zonal":5.2125954100000005,"objectid":4055,"operador_ruta_zonal":"E-SOMOS ALIMENTACION","origen_ruta_zonal":"CALLE 40 SUR","route_id_ruta_zonal":34,"route_name_ruta_zonal":"7-1-1a","tipo_operacion":"NORMAL","tipo_ruta_zonal":4,"tipo_servicio_ruta_zonal":2,"zona_destino_ruta_zonal":12,"zona_origen_ruta_zonal":12}},{"type":"Feature","id":4056,"geometry":null,"properties":{"abreviatura_destino_zona_sitp":"BOS","codigo_definitivo_ruta_zonal":"1-7","delega_ruta_zonal":2,"denominacion_ruta_zonal":"QUIRIGUA","destino_ruta_zonal":"QUIRIGUA","destino_zona_sitp":"580","fecha_implementacion_ruta_zonal":"-","globalid":"{CB76BB53-95FA-46F7-9F04-A5359E3E3059}","localidad_destino_ruta_zonal":10,"localidad_origen_ruta_zonal":10,"longitud_ruta_zonal":5.0000678699999996,"objectid":4056,"operador_ruta_zonal":"EMASIVO 10","origen_ruta_zonal":"PORTAL 80","route_id_ruta_zonal":152,"route_name_ruta_zonal":"1-7a","tipo_operacion":"NORMAL","tipo_ruta_zonal":4,"tipo_servicio_ruta_zonal":1,"zona_destino_ruta_zonal":4,"zona_origen_ruta_zonal":4}},{"type":"Feature","id":4058,"geometry":null,"properties":{"abreviatura_destino_zona_sitp":"BOS","codigo_definitivo_ruta_zonal":"786","delega_ruta_zonal":1,"denominacion_ruta_zonal":"METROVIVIENDA - DIANA TURBAY-PUENTES","destino_ruta_zonal":"DIANA TURBAY-PUENTES","destino_zona_sitp":"BOSA","fecha_implementacion_ruta_zonal":"2/11/2013","globalid":"{CC02ECB3-DED4-4CD0-B9B7-EDEDD04B3BD8}","localidad_destino_ruta_zonal":7,"localidad_origen_ruta_zonal":4,"longitud_ruta_zonal":24.456067749999999,"objectid":4058,"operador_ruta_zonal":"CONSORCIO EXPRESS D","origen_ruta_zonal":"METROVIVIENDA","route_id_ruta_zonal":628,"route_name_ruta_zonal":"786-2","tipo_operacion":"NORMAL","tipo_ruta_zonal":3,"tipo_servicio_ruta_zonal":1,"zona_destino_ruta_zonal":9,"zona_origen_ruta_zonal":13}},{"type":"Feature","id":4059,"geometry":null,"properties":{"abreviatura_destino_zona_sitp":"LLL","codigo_definitivo_ruta_zonal":"LG807","delega_ruta_zonal":1,"denominacion_ruta_zonal":"SAN BLAS - BOSA CARBONELL","destino_ruta_zonal":"SAN BLAS","destino_zona_sitp":"SAN CRISTOBAL","fecha_implementacion_ruta_zonal":"4/09/2023","globalid":"{CC042163-B896-4A19-8FF9-3E5E216CFF9D}","localidad_destino_ruta_zonal":7,"localidad_origen_ruta_zonal":4,"longitud_ruta_zonal":17.834819880000001,"objectid":4059,"operador_ruta_zonal":"CONSORCIO EXPRESS D","origen_ruta_zonal":"BOSA CARBONELL","route_id_ruta_zonal":258,"route_name_ruta_zonal":"L807-1","tipo_operacion":"NORMAL","tipo_ruta_zonal":3,"tipo_servicio_ruta_zonal":1,"zona_destino_ruta_zonal":9,"zona_origen_ruta_zonal":13}},{"type":"Feature","id":4063,"geometry":null,"properties":{"abreviatura_destino_zona_sitp":"CCC","codigo_definitivo_ruta_zonal":"KC323","delega_ruta_zonal":1,"denominacion_ruta_zonal":"EL RECODO - SUBA COMPARTIR","destino_ruta_zonal":"SUBA COMPARTIR","destino_zona_sitp":"SUBA","fecha_implementacion_ruta_zonal":"11/07/2022","globalid":"{CD64C0C3-2FFA-4926-ADEA-55365CCB7484}","localidad_destino_ruta_zonal":11,"localidad_origen_ruta_zonal":9,"longitud_ruta_zonal":23.461496060000002,"objectid":4063,"operador_ruta_zonal":"MUEVE FONTIBON","origen_ruta_zonal":"EL RECODO","route_id_ruta_zonal":460,"route_name_ruta_zonal":"C323-1","tipo_operacion":"NORMAL","tipo_ruta_zonal":3,"tipo_servicio_ruta_zonal":1,"zona_destino_ruta_zonal":3,"zona_origen_ruta_zonal":6}},{"type":"Feature","id":4064,"geometry":null,"properties":{"abreviatura_destino_zona_sitp":"CBO","codigo_definitivo_ruta_zonal":"P39","delega_ruta_zonal":1,"denominacion_ruta_zonal":"ARABIA - ZONA FRANCA","destino_ruta_zonal":"ARABIA","destino_zona_sitp":"CIUDAD BOLIVAR","fecha_implementacion_ruta_zonal":"1/10/2013","globalid":"{CD930024-BF25-4A22-96E6-7A16287274ED}","localidad_destino_ruta_zonal":9,"localidad_origen_ruta_zonal":19,"longitud_ruta_zonal":23.56145742,"objectid":4064,"operador_ruta_zonal":"SUMA - BC","origen_ruta_zonal":"ZONA FRANCA","route_id_ruta_zonal":162,"route_name_ruta_zonal":"P39-2","tipo_operacion":"NORMAL","tipo_ruta_zonal":3,"tipo_servicio_ruta_zonal":1,"zona_destino_ruta_zonal":6,"zona_origen_ruta_zonal":11}},{"type":"Feature","id":4065,"geometry":null,"properties":{"abreviatura_destino_zona_sitp":"GGG","codigo_definitivo_ruta_zonal":"GA501","delega_ruta_zonal":1,"denominacion_ruta_zonal":"SAN JOSE - GERMANIA","destino_ruta_zonal":"SAN JOSÉ","destino_zona_sitp":"BOSA","fecha_implementacion_ruta_zonal":"5/11/2024","globalid":"{CDE8C0D7-FD69-4976-9EA4-5C58625E35D2}","localidad_destino_ruta_zonal":3,"localidad_origen_ruta_zonal":7,"longitud_ruta_zonal":22.460681019999999,"objectid":4065,"operador_ruta_zonal":"ETIB - BO","origen_ruta_zonal":"GERMANIA","route_id_ruta_zonal":159,"route_name_ruta_zonal":"G501-2","tipo_operacion":"NORMAL","tipo_ruta_zonal":3,"tipo_servicio_ruta_zonal":1,"zona_destino_ruta_zonal":0,"zona_origen_ruta_zonal":9}},{"type":"Feature","id":4067,"geometry":null,"properties":{"abreviatura_destino_zona_sitp":"KKK","codigo_definitivo_ruta_zonal":"KG311","delega_ruta_zonal":1,"denominacion_ruta_zonal":"BOSA SAN JOSE - PUENTE GRANDE","destino_ruta_zonal":"PUENTE GRANDE","destino_zona_sitp":"CALLE 26","fecha_implementacion_ruta_zonal":"2/04/2022","globalid":"{CEA4E6F9-315D-4965-AAB3-27591C8014BD}","localidad_destino_ruta_zonal":9,"localidad_origen_ruta_zonal":7,"longitud_ruta_zonal":19.299334029999997,"objectid":4067,"operador_ruta_zonal":"ETIB - BO","origen_ruta_zonal":"BOSA SAN JOSÉ","route_id_ruta_zonal":350,"route_name_ruta_zonal":"K311-1","tipo_operacion":"NORMAL","tipo_ruta_zonal":3,"tipo_servicio_ruta_zonal":1,"zona_destino_ruta_zonal":6,"zona_origen_ruta_zonal":9}},{"type":"Feature","id":4068,"geometry":null,"properties":{"abreviatura_destino_zona_sitp":"ESP","codigo_definitivo_ruta_zonal":"HH641","delega_ruta_zonal":1,"denominacion_ruta_zonal":"SANTO DOMINGO PM","destino_ruta_zonal":"SANTO DOMINGO","destino_zona_sitp":"ESPECIAL","fecha_implementacion_ruta_zonal":"25/02/2023","globalid":"{CEBABED1-D6B7-42FB-8DD2-3DCB10C465D5}","localidad_destino_ruta_zonal":19,"localidad_origen_ruta_zonal":19,"longitud_ruta_zonal":14.32076874,"objectid":4068,"operador_ruta_zonal":"SUMA - BC","origen_ruta_zonal":"PORTAL SUR","route_id_ruta_zonal":544,"route_name_ruta_zonal":"H641-3","tipo_operacion":"NORMAL","tipo_ruta_zonal":4,"tipo_servicio_ruta_zonal":1,"zona_destino_ruta_zonal":10,"zona_origen_ruta_zonal":10}},{"type":"Feature","id":4070,"geometry":null,"properties":{"abreviatura_destino_zona_sitp":"ALI","codigo_definitivo_ruta_zonal":"2-10","delega_ruta_zonal":1,"denominacion_ruta_zonal":"VERBENAL","destino_ruta_zonal":"VERBENAL","destino_zona_sitp":"ALIMENTADORA","fecha_implementacion_ruta_zonal":"-","globalid":"{CFCBDA08-FFD4-42DF-ACE3-24FB1C4FA504}","localidad_destino_ruta_zonal":1,"localidad_origen_ruta_zonal":1,"longitud_ruta_zonal":4.3631217300000005,"objectid":4070,"operador_ruta_zonal":"CONSORCIO EXPRESS N","origen_ruta_zonal":"PORTAL NORTE","route_id_ruta_zonal":65,"route_name_ruta_zonal":"2-10a","tipo_operacion":"NORMAL","tipo_ruta_zonal":4,"tipo_servicio_ruta_zonal":5,"zona_destino_ruta_zonal":1,"zona_origen_ruta_zonal":1}},{"type":"Feature","id":4071,"geometry":null,"properties":{"abreviatura_destino_zona_sitp":"ALI","codigo_definitivo_ruta_zonal":"10-4","delega_ruta_zonal":2,"denominacion_ruta_zonal":"BOSA LAURELES","destino_ruta_zonal":"BOSA LAURELES","destino_zona_sitp":"ALIMENTADORA","fecha_implementacion_ruta_zonal":"-","globalid":"{D0BA9BCB-8510-42AA-85F9-9216F6A8D2FA}","localidad_destino_ruta_zonal":7,"localidad_origen_ruta_zonal":7,"longitud_ruta_zonal":11.45235746,"objectid":4071,"operador_ruta_zonal":"ETIB - BO","origen_ruta_zonal":"PORTAL SUR","route_id_ruta_zonal":101,"route_name_ruta_zonal":"10-4a","tipo_operacion":"NORMAL","tipo_ruta_zonal":4,"tipo_servicio_ruta_zonal":1,"zona_destino_ruta_zonal":9,"zona_origen_ruta_zonal":9}},{"type":"Feature","id":4072,"geometry":null,"properties":{"abreviatura_destino_zona_sitp":"AAA","codigo_definitivo_ruta_zonal":"KA336","delega_ruta_zonal":1,"denominacion_ruta_zonal":"PUENTE GRANDE HB - GERMANÍA","destino_ruta_zonal":"GERMANÍA","destino_zona_sitp":"NEUTRA","fecha_implementacion_ruta_zonal":"30/10/2023","globalid":"{D11CEA29-E9A3-44C6-88F8-6AB0B8960EB0}","localidad_destino_ruta_zonal":3,"localidad_origen_ruta_zonal":9,"longitud_ruta_zonal":18.60938526,"objectid":4072,"operador_ruta_zonal":"ESTE ES MI BUS - TZ","origen_ruta_zonal":"PUENTE GRANDE HB","route_id_ruta_zonal":661,"route_name_ruta_zonal":"A336-1","tipo_operacion":"NORMAL","tipo_ruta_zonal":3,"tipo_servicio_ruta_zonal":1,"zona_destino_ruta_zonal":0,"zona_origen_ruta_zonal":6}},{"type":"Feature","id":4073,"geometry":null,"properties":{"abreviatura_destino_zona_sitp":"USM","codigo_definitivo_ruta_zonal":"TC30","delega_ruta_zonal":1,"denominacion_ruta_zonal":"PUERTA AL LLANO - PORTAL USME","destino_ruta_zonal":"PORTAL USME","destino_zona_sitp":"USME","fecha_implementacion_ruta_zonal":"31/10/2022","globalid":"{D13DA4A6-B37D-4C50-A175-C4C2D4B717F7}","localidad_destino_ruta_zonal":5,"localidad_origen_ruta_zonal":5,"longitud_ruta_zonal":14.902564509999999,"objectid":4073,"operador_ruta_zonal":"MASIVO CAPITAL - KE","origen_ruta_zonal":"PUERTA AL LLANO","route_id_ruta_zonal":138,"route_name_ruta_zonal":"TC30-3","tipo_operacion":"NORMAL","tipo_ruta_zonal":3,"tipo_servicio_ruta_zonal":1,"zona_destino_ruta_zonal":12,"zona_origen_ruta_zonal":12}},{"type":"Feature","id":4075,"geometry":null,"properties":{"abreviatura_destino_zona_sitp":"HHH","codigo_definitivo_ruta_zonal":"HA643","delega_ruta_zonal":1,"denominacion_ruta_zonal":"PALOQUEMAO - SAN JOAQUÍN","destino_ruta_zonal":"SAN JOAQUÍN","destino_zona_sitp":"USME/ CIUDAD BOLIVAR","fecha_implementacion_ruta_zonal":"10/03/2025","globalid":"{D1DC491B-12AB-461F-86B6-BE85AA498C85}","localidad_destino_ruta_zonal":5,"localidad_origen_ruta_zonal":14,"longitud_ruta_zonal":14.272957659999999,"objectid":4075,"operador_ruta_zonal":"SUMA - BC","origen_ruta_zonal":"PALOQUEMAO","route_id_ruta_zonal":1,"route_name_ruta_zonal":"HA643-2","tipo_operacion":"NORMAL","tipo_ruta_zonal":3,"tipo_servicio_ruta_zonal":1,"zona_destino_ruta_zonal":12,"zona_origen_ruta_zonal":0}},{"type":"Feature","id":4076,"geometry":null,"properties":{"abreviatura_destino_zona_sitp":"#N/","codigo_definitivo_ruta_zonal":"HL613","delega_ruta_zonal":1,"denominacion_ruta_zonal":"PERDOMO","destino_ruta_zonal":"PERDOMO","destino_zona_sitp":"#N/D","fecha_implementacion_ruta_zonal":"26/11/2022","globalid":"{D20C5C1C-67AC-4AA8-B6BF-FCC3E92D37F2}","localidad_destino_ruta_zonal":4,"localidad_origen_ruta_zonal":19,"longitud_ruta_zonal":20.532551219999998,"objectid":4076,"operador_ruta_zonal":"ODT LA ROLITA","origen_ruta_zonal":"HORACIO ORJUELA","route_id_ruta_zonal":391,"route_name_ruta_zonal":"L613-2","tipo_operacion":"NORMAL","tipo_ruta_zonal":3,"tipo_servicio_ruta_zonal":1,"zona_destino_ruta_zonal":13,"zona_origen_ruta_zonal":10}},{"type":"Feature","id":4077,"geometry":null,"properties":{"abreviatura_destino_zona_sitp":"LLL","codigo_definitivo_ruta_zonal":"DL205","delega_ruta_zonal":1,"denominacion_ruta_zonal":"BACHUE - BOSQUE SAN CARLOS","destino_ruta_zonal":"BOSQUE SAN CARLOS","destino_zona_sitp":"SAN CRISTOBAL","fecha_implementacion_ruta_zonal":"4/09/2023","globalid":"{D2528E37-FB5F-443E-B07B-CAEDE500368B}","localidad_destino_ruta_zonal":18,"localidad_origen_ruta_zonal":10,"longitud_ruta_zonal":26.0301659,"objectid":4077,"operador_ruta_zonal":"ESTE ES MI BUS - CO","origen_ruta_zonal":"BACHUÉ","route_id_ruta_zonal":240,"route_name_ruta_zonal":"L205-1","tipo_operacion":"NORMAL","tipo_ruta_zonal":3,"tipo_servicio_ruta_zonal":1,"zona_destino_ruta_zonal":12,"zona_origen_ruta_zonal":4}},{"type":"Feature","id":4078,"geometry":null,"properties":{"abreviatura_destino_zona_sitp":"CEN","codigo_definitivo_ruta_zonal":"C1","delega_ruta_zonal":1,"denominacion_ruta_zonal":"ROMA - GERMANIA","destino_ruta_zonal":"GERMANIA","destino_zona_sitp":"CENTRO","fecha_implementacion_ruta_zonal":"20/07/2013","globalid":"{D29DC12F-277E-40F3-95CE-16A9D82E39D0}","localidad_destino_ruta_zonal":3,"localidad_origen_ruta_zonal":8,"longitud_ruta_zonal":37.363005600000001,"objectid":4078,"operador_ruta_zonal":"ETIB - BO","origen_ruta_zonal":"ROMA","route_id_ruta_zonal":89,"route_name_ruta_zonal":"C1-3","tipo_operacion":"NORMAL","tipo_ruta_zonal":3,"tipo_servicio_ruta_zonal":1,"zona_destino_ruta_zonal":0,"zona_origen_ruta_zonal":9}},{"type":"Feature","id":4079,"geometry":null,"properties":{"abreviatura_destino_zona_sitp":"USM","codigo_definitivo_ruta_zonal":"E44","delega_ruta_zonal":1,"denominacion_ruta_zonal":"MIRANDELA - EL UVAL","destino_ruta_zonal":"EL UVAL","destino_zona_sitp":"USME","fecha_implementacion_ruta_zonal":"22/04/2024","globalid":"{D3139174-82CA-4AF8-9970-7792D8B65882}","localidad_destino_ruta_zonal":1,"localidad_origen_ruta_zonal":5,"longitud_ruta_zonal":48.089166200000001,"objectid":4079,"operador_ruta_zonal":"CONSORCIO EXPRESS N","origen_ruta_zonal":"MIRANDELA","route_id_ruta_zonal":297,"route_name_ruta_zonal":"E44-2","tipo_operacion":"NORMAL","tipo_ruta_zonal":3,"tipo_servicio_ruta_zonal":1,"zona_destino_ruta_zonal":1,"zona_origen_ruta_zonal":12}},{"type":"Feature","id":4080,"geometry":null,"properties":{"abreviatura_destino_zona_sitp":"KKK","codigo_definitivo_ruta_zonal":"KK301","delega_ruta_zonal":1,"denominacion_ruta_zonal":"LA FELICIDAD","destino_ruta_zonal":"LA FELICIDAD","destino_zona_sitp":"CALLE 26","fecha_implementacion_ruta_zonal":"26/12/2020","globalid":"{D3BE94CA-DF75-4609-A66A-6BD7C5EBFB5D}","localidad_destino_ruta_zonal":9,"localidad_origen_ruta_zonal":9,"longitud_ruta_zonal":14.29964696,"objectid":4080,"operador_ruta_zonal":"GRAN AMERICAS FONTIBON I","origen_ruta_zonal":"EST. EL TIEMPO","route_id_ruta_zonal":345,"route_name_ruta_zonal":"K301-3","tipo_operacion":"NORMAL","tipo_ruta_zonal":3,"tipo_servicio_ruta_zonal":1,"zona_destino_ruta_zonal":6,"zona_origen_ruta_zonal":6}},{"type":"Feature","id":4081,"geometry":null,"properties":{"abreviatura_destino_zona_sitp":"FFF","codigo_definitivo_ruta_zonal":"HF615","delega_ruta_zonal":1,"denominacion_ruta_zonal":"ARBORIZADORA ALTA - EST. BIBLIOTECA TINTAL","destino_ruta_zonal":"EST. BIBLIOTECA TINTAL","destino_zona_sitp":"AMERICAS","fecha_implementacion_ruta_zonal":"5/12/2022","globalid":"{D4A0FF9B-1034-4A62-8820-05B7457112F1}","localidad_destino_ruta_zonal":8,"localidad_origen_ruta_zonal":19,"longitud_ruta_zonal":14.594917619999999,"objectid":4081,"operador_ruta_zonal":"SUMA - BC","origen_ruta_zonal":"ARBORIZADORA ALTA","route_id_ruta_zonal":248,"route_name_ruta_zonal":"F615-1","tipo_operacion":"NORMAL","tipo_ruta_zonal":3,"tipo_servicio_ruta_zonal":1,"zona_destino_ruta_zonal":8,"zona_origen_ruta_zonal":11}},{"type":"Feature","id":4083,"geometry":null,"properties":{"abreviatura_destino_zona_sitp":"DDD","codigo_definitivo_ruta_zonal":"DA214","delega_ruta_zonal":1,"denominacion_ruta_zonal":"BACHUÉ - PARKWAY","destino_ruta_zonal":"PARKWAY","destino_zona_sitp":"ENGATIVA / CALLE 80","fecha_implementacion_ruta_zonal":"20/08/2022","globalid":"{D4CEBDEC-9BFD-480B-9BF5-DD52DACC9D07}","localidad_destino_ruta_zonal":13,"localidad_origen_ruta_zonal":10,"longitud_ruta_zonal":29.223356899999999,"objectid":4083,"operador_ruta_zonal":"ESTE ES MI BUS - CO","origen_ruta_zonal":"BACHUÉ","route_id_ruta_zonal":495,"route_name_ruta_zonal":"DA214-3","tipo_operacion":"NORMAL","tipo_ruta_zonal":3,"tipo_servicio_ruta_zonal":1,"zona_destino_ruta_zonal":0,"zona_origen_ruta_zonal":4}},{"type":"Feature","id":4084,"geometry":null,"properties":{"abreviatura_destino_zona_sitp":"GGG","codigo_definitivo_ruta_zonal":"GA507","delega_ruta_zonal":1,"denominacion_ruta_zonal":"CHAPINERO - METROVIVIENDA","destino_ruta_zonal":"METROVIVIENDA","destino_zona_sitp":"BOSA","fecha_implementacion_ruta_zonal":"10/03/2025","globalid":"{D4E860CF-F006-4F23-B7F6-A979903F9EAD}","localidad_destino_ruta_zonal":2,"localidad_origen_ruta_zonal":7,"longitud_ruta_zonal":23.449926210000001,"objectid":4084,"operador_ruta_zonal":"MASIVO CAPITAL - KE","origen_ruta_zonal":"CHAPINERO","route_id_ruta_zonal":1,"route_name_ruta_zonal":"G507-2","tipo_operacion":"NORMAL","tipo_ruta_zonal":3,"tipo_servicio_ruta_zonal":1,"zona_destino_ruta_zonal":0,"zona_origen_ruta_zonal":8}},{"type":"Feature","id":4085,"geometry":null,"properties":{"abreviatura_destino_zona_sitp":"ENG","codigo_definitivo_ruta_zonal":"669","delega_ruta_zonal":1,"denominacion_ruta_zonal":"GRAN GRANADA - GALÁN","destino_ruta_zonal":"GRAN GRANADA","destino_zona_sitp":"ENGATIVA","fecha_implementacion_ruta_zonal":"22/06/2013","globalid":"{D550CB8B-EF9C-4712-BBF8-2B8601FB112F}","localidad_destino_ruta_zonal":16,"localidad_origen_ruta_zonal":10,"longitud_ruta_zonal":25.608333169999998,"objectid":4085,"operador_ruta_zonal":"ESTE ES MI BUS - CO","origen_ruta_zonal":"GALÁN","route_id_ruta_zonal":58,"route_name_ruta_zonal":"669-2","tipo_operacion":"NORMAL","tipo_ruta_zonal":3,"tipo_servicio_ruta_zonal":1,"zona_destino_ruta_zonal":7,"zona_origen_ruta_zonal":4}},{"type":"Feature","id":4086,"geometry":null,"properties":{"abreviatura_destino_zona_sitp":"CEN","codigo_definitivo_ruta_zonal":"731","delega_ruta_zonal":1,"denominacion_ruta_zonal":"BOSA SAN JOSE - PALERMO","destino_ruta_zonal":"PALERMO","destino_zona_sitp":"CENTRO","fecha_implementacion_ruta_zonal":"1/03/2014","globalid":"{D6394998-C1E3-4FEF-8F6F-126D66DDBC8A}","localidad_destino_ruta_zonal":13,"localidad_origen_ruta_zonal":7,"longitud_ruta_zonal":39.851477179999996,"objectid":4086,"operador_ruta_zonal":"ETIB - BO","origen_ruta_zonal":"BOSA SAN JOSE","route_id_ruta_zonal":217,"route_name_ruta_zonal":"731-3","tipo_operacion":"NORMAL","tipo_ruta_zonal":3,"tipo_servicio_ruta_zonal":1,"zona_destino_ruta_zonal":0,"zona_origen_ruta_zonal":9}},{"type":"Feature","id":4087,"geometry":null,"properties":{"abreviatura_destino_zona_sitp":"CCC","codigo_definitivo_ruta_zonal":"CC110","delega_ruta_zonal":1,"denominacion_ruta_zonal":"CHORRILLOS - PORTAL DE SUBA","destino_ruta_zonal":"CHORRILLOS","destino_zona_sitp":"SUBA","fecha_implementacion_ruta_zonal":"28/06/2021","globalid":"{D6678E21-829F-400D-B13E-44EA9901FE31}","localidad_destino_ruta_zonal":11,"localidad_origen_ruta_zonal":11,"longitud_ruta_zonal":14.404580470000001,"objectid":4087,"operador_ruta_zonal":"ESTE ES MI BUS - CO","origen_ruta_zonal":"PORTAL DE SUBA","route_id_ruta_zonal":275,"route_name_ruta_zonal":"C110-3","tipo_operacion":"NORMAL","tipo_ruta_zonal":6,"tipo_servicio_ruta_zonal":1,"zona_destino_ruta_zonal":3,"zona_origen_ruta_zonal":3}},{"type":"Feature","id":4088,"geometry":null,"properties":{"abreviatura_destino_zona_sitp":"SUB","codigo_definitivo_ruta_zonal":"T13","delega_ruta_zonal":1,"denominacion_ruta_zonal":"VILLA CINDY - HOSPITAL SAN BLAS","destino_ruta_zonal":"VILLA CINDY","destino_zona_sitp":"SUBA","fecha_implementacion_ruta_zonal":"23/07/2022","globalid":"{D690EC69-AAD4-403D-8FC9-4CEA58431CC5}","localidad_destino_ruta_zonal":11,"localidad_origen_ruta_zonal":4,"longitud_ruta_zonal":32.644769420000003,"objectid":4088,"operador_ruta_zonal":"CONSORCIO EXPRESS D","origen_ruta_zonal":"HOSPITAL SAN BLAS","route_id_ruta_zonal":474,"route_name_ruta_zonal":"T13-2","tipo_operacion":"NORMAL","tipo_ruta_zonal":3,"tipo_servicio_ruta_zonal":1,"zona_destino_ruta_zonal":3,"zona_origen_ruta_zonal":13}},{"type":"Feature","id":4089,"geometry":null,"properties":{"abreviatura_destino_zona_sitp":"SUB","codigo_definitivo_ruta_zonal":"599","delega_ruta_zonal":1,"denominacion_ruta_zonal":"BOSA SAN DIEGO - SUBA GAITANA","destino_ruta_zonal":"SUBA GAITANA","destino_zona_sitp":"SUBA","fecha_implementacion_ruta_zonal":"7/02/2015","globalid":"{D6AEEC9F-6524-4AC3-8527-965FD724C974}","localidad_destino_ruta_zonal":11,"localidad_origen_ruta_zonal":7,"longitud_ruta_zonal":39.639878100000004,"objectid":4089,"operador_ruta_zonal":"ETIB - BO","origen_ruta_zonal":"BOSA SAN DIEGO","route_id_ruta_zonal":136,"route_name_ruta_zonal":"599-1","tipo_operacion":"NORMAL","tipo_ruta_zonal":3,"tipo_servicio_ruta_zonal":1,"zona_destino_ruta_zonal":3,"zona_origen_ruta_zonal":9}},{"type":"Feature","id":4090,"geometry":null,"properties":{"abreviatura_destino_zona_sitp":"AAA","codigo_definitivo_ruta_zonal":"LA809","delega_ruta_zonal":1,"denominacion_ruta_zonal":"SANTA RITA S.O. - MARLY","destino_ruta_zonal":"MARLY","destino_zona_sitp":"NEUTRA","fecha_implementacion_ruta_zonal":"6/09/2021","globalid":"{D6C98B44-9EB0-4C04-A29E-FDC167246F05}","localidad_destino_ruta_zonal":2,"localidad_origen_ruta_zonal":4,"longitud_ruta_zonal":16.489006190000001,"objectid":4090,"operador_ruta_zonal":"CONSORCIO EXPRESS D","origen_ruta_zonal":"SANTA RITA S.O.","route_id_ruta_zonal":334,"route_name_ruta_zonal":"A809-1","tipo_operacion":"NORMAL","tipo_ruta_zonal":3,"tipo_servicio_ruta_zonal":1,"zona_destino_ruta_zonal":0,"zona_origen_ruta_zonal":13}},{"type":"Feature","id":4092,"geometry":null,"properties":{"abreviatura_destino_zona_sitp":"KKK","codigo_definitivo_ruta_zonal":"KB314","delega_ruta_zonal":1,"denominacion_ruta_zonal":"FONTIBON REFUGIO - EL CODITO","destino_ruta_zonal":"FONTIBON REFUGIO","destino_zona_sitp":"CALLE 26","fecha_implementacion_ruta_zonal":"15/01/2023","globalid":"{D860548D-FE8E-4664-8CB1-A7C4D7C8208F}","localidad_destino_ruta_zonal":1,"localidad_origen_ruta_zonal":9,"longitud_ruta_zonal":33.457369410000005,"objectid":4092,"operador_ruta_zonal":"CONSORCIO EXPRESS N","origen_ruta_zonal":"EL CODITO","route_id_ruta_zonal":408,"route_name_ruta_zonal":"K314-2","tipo_operacion":"NORMAL","tipo_ruta_zonal":3,"tipo_servicio_ruta_zonal":1,"zona_destino_ruta_zonal":1,"zona_origen_ruta_zonal":6}},{"type":"Feature","id":4093,"geometry":null,"properties":{"abreviatura_destino_zona_sitp":"CEN","codigo_definitivo_ruta_zonal":"359","delega_ruta_zonal":1,"denominacion_ruta_zonal":"ZN. IN ALAMOS - GERMANIA","destino_ruta_zonal":"GERMANIA","destino_zona_sitp":"CENTRO","fecha_implementacion_ruta_zonal":"26/10/2013","globalid":"{D92272F4-4B7F-489A-BA37-1DD7DE39D38E}","localidad_destino_ruta_zonal":3,"localidad_origen_ruta_zonal":10,"longitud_ruta_zonal":20.686866530000003,"objectid":4093,"operador_ruta_zonal":"GMOVIL - E","origen_ruta_zonal":"ZN. IN ALAMOS","route_id_ruta_zonal":39,"route_name_ruta_zonal":"359-2","tipo_operacion":"NORMAL","tipo_ruta_zonal":3,"tipo_servicio_ruta_zonal":1,"zona_destino_ruta_zonal":0,"zona_origen_ruta_zonal":5}},{"type":"Feature","id":4095,"geometry":null,"properties":{"abreviatura_destino_zona_sitp":"NOR","codigo_definitivo_ruta_zonal":"661","delega_ruta_zonal":1,"denominacion_ruta_zonal":"TERMINAL NORTE - PENÍNSULA","destino_ruta_zonal":"TERMINAL NORTE","destino_zona_sitp":"NORTE","fecha_implementacion_ruta_zonal":"24/10/2022","globalid":"{D9883E0D-FE8D-4B89-8EF0-D8B19313A85F}","localidad_destino_ruta_zonal":18,"localidad_origen_ruta_zonal":1,"longitud_ruta_zonal":41.17405016,"objectid":4095,"operador_ruta_zonal":"CONSORCIO EXPRESS N","origen_ruta_zonal":"PENÍNSULA","route_id_ruta_zonal":310,"route_name_ruta_zonal":"661-2","tipo_operacion":"NORMAL","tipo_ruta_zonal":3,"tipo_servicio_ruta_zonal":1,"zona_destino_ruta_zonal":12,"zona_origen_ruta_zonal":1}},{"type":"Feature","id":4097,"geometry":null,"properties":{"abreviatura_destino_zona_sitp":"HHH","codigo_definitivo_ruta_zonal":"HK707","delega_ruta_zonal":1,"denominacion_ruta_zonal":"EL UVAL - EL REFUGIO","destino_ruta_zonal":"EL UVAL","destino_zona_sitp":"USME/ CIUDAD BOLIVAR","fecha_implementacion_ruta_zonal":"16/01/2021","globalid":"{DA4C286E-9705-4D1D-B936-C7D57AAFF45E}","localidad_destino_ruta_zonal":9,"localidad_origen_ruta_zonal":5,"longitud_ruta_zonal":34.284276869999999,"objectid":4097,"operador_ruta_zonal":"GRAN AMERICAS USME","origen_ruta_zonal":"EL REFUGIO","route_id_ruta_zonal":215,"route_name_ruta_zonal":"H707-2","tipo_operacion":"NORMAL","tipo_ruta_zonal":3,"tipo_servicio_ruta_zonal":1,"zona_destino_ruta_zonal":6,"zona_origen_ruta_zonal":12}},{"type":"Feature","id":4098,"geometry":null,"properties":{"abreviatura_destino_zona_sitp":"DDD","codigo_definitivo_ruta_zonal":"5-2","delega_ruta_zonal":2,"denominacion_ruta_zonal":"CARRERA 91","destino_ruta_zonal":"CARRERA 91","destino_zona_sitp":"ENGATIVA / CALLE 80","fecha_implementacion_ruta_zonal":"-","globalid":"{DA509016-9E30-4095-8A47-57D9AAD955C4}","localidad_destino_ruta_zonal":11,"localidad_origen_ruta_zonal":10,"longitud_ruta_zonal":9.5210480300000011,"objectid":4098,"operador_ruta_zonal":"ESTE ES MI BUS - CO","origen_ruta_zonal":"AV CALI","route_id_ruta_zonal":419,"route_name_ruta_zonal":"5-2","tipo_operacion":"NORMAL","tipo_ruta_zonal":3,"tipo_servicio_ruta_zonal":1,"zona_destino_ruta_zonal":3,"zona_origen_ruta_zonal":4}},{"type":"Feature","id":4099,"geometry":null,"properties":{"abreviatura_destino_zona_sitp":"SCR","codigo_definitivo_ruta_zonal":"60","delega_ruta_zonal":1,"denominacion_ruta_zonal":"BACHUÉ - ZARAZOTA","destino_ruta_zonal":"ZARAZOTA","destino_zona_sitp":"SAN CRISTOBAL","fecha_implementacion_ruta_zonal":"10/08/2013","globalid":"{DB0636F2-1539-4B8C-83FC-4980A7715EF7}","localidad_destino_ruta_zonal":18,"localidad_origen_ruta_zonal":10,"longitud_ruta_zonal":26.532302699999999,"objectid":4099,"operador_ruta_zonal":"ESTE ES MI BUS - CO","origen_ruta_zonal":"BACHUÉ","route_id_ruta_zonal":139,"route_name_ruta_zonal":"60-1","tipo_operacion":"NORMAL","tipo_ruta_zonal":3,"tipo_servicio_ruta_zonal":1,"zona_destino_ruta_zonal":12,"zona_origen_ruta_zonal":4}},{"type":"Feature","id":4100,"geometry":null,"properties":{"abreviatura_destino_zona_sitp":"COM","codigo_definitivo_ruta_zonal":"13-4","delega_ruta_zonal":2,"denominacion_ruta_zonal":"DIANA TURBAY - EST. AV 1 MAYO","destino_ruta_zonal":"DIANA TURBAY","destino_zona_sitp":"COMPLEMENTARIA","fecha_implementacion_ruta_zonal":"-","globalid":"{DB99227B-0185-4EA5-A08D-F6292AC9ECE5}","localidad_destino_ruta_zonal":4,"localidad_origen_ruta_zonal":18,"longitud_ruta_zonal":14.181803590000001,"objectid":4100,"operador_ruta_zonal":"CONSORCIO EXPRESS D","origen_ruta_zonal":"AV 1 MAYO","route_id_ruta_zonal":94,"route_name_ruta_zonal":"13-4c","tipo_operacion":"NORMAL","tipo_ruta_zonal":5,"tipo_servicio_ruta_zonal":1,"zona_destino_ruta_zonal":12,"zona_origen_ruta_zonal":12}},{"type":"Feature","id":4102,"geometry":null,"properties":{"abreviatura_destino_zona_sitp":"KKK","codigo_definitivo_ruta_zonal":"BK905","delega_ruta_zonal":1,"denominacion_ruta_zonal":"LA ESTRELLITA - HAYUELOS","destino_ruta_zonal":"HAYUELOS","destino_zona_sitp":"CALLE 26","fecha_implementacion_ruta_zonal":"26/07/2021","globalid":"{DC073384-7BDC-4CF6-A39F-8DCDEBD1B153}","localidad_destino_ruta_zonal":1,"localidad_origen_ruta_zonal":9,"longitud_ruta_zonal":30.426609790000001,"objectid":4102,"operador_ruta_zonal":"CONSORCIO EXPRESS N","origen_ruta_zonal":"LA ESTRELLITA","route_id_ruta_zonal":284,"route_name_ruta_zonal":"K905-2","tipo_operacion":"NORMAL","tipo_ruta_zonal":3,"tipo_servicio_ruta_zonal":1,"zona_destino_ruta_zonal":1,"zona_origen_ruta_zonal":6}},{"type":"Feature","id":4103,"geometry":null,"properties":{"abreviatura_destino_zona_sitp":"ALI","codigo_definitivo_ruta_zonal":"9-8","delega_ruta_zonal":2,"denominacion_ruta_zonal":"PORVENIR","destino_ruta_zonal":"PORVENIR","destino_zona_sitp":"ALIMENTADORA","fecha_implementacion_ruta_zonal":"-","globalid":"{DC4D7EF9-C1F8-4A04-9998-E0B90E011371}","localidad_destino_ruta_zonal":7,"localidad_origen_ruta_zonal":8,"longitud_ruta_zonal":8.1583968000000002,"objectid":4103,"operador_ruta_zonal":"MASIVO CAPITAL - KE","origen_ruta_zonal":"PORTAL AMERICAS","route_id_ruta_zonal":602,"route_name_ruta_zonal":"9-8a","tipo_operacion":"NORMAL","tipo_ruta_zonal":4,"tipo_servicio_ruta_zonal":1,"zona_destino_ruta_zonal":9,"zona_origen_ruta_zonal":9}},{"type":"Feature","id":4104,"geometry":null,"properties":{"abreviatura_destino_zona_sitp":"AAA","codigo_definitivo_ruta_zonal":"CA151","delega_ruta_zonal":1,"denominacion_ruta_zonal":"TIBABUYES - CENTRO","destino_ruta_zonal":"CENTRO","destino_zona_sitp":"NEUTRA","fecha_implementacion_ruta_zonal":"23/07/2022","globalid":"{DC677BE8-DC80-4276-A26E-27651228358F}","localidad_destino_ruta_zonal":3,"localidad_origen_ruta_zonal":11,"longitud_ruta_zonal":25.7253954,"objectid":4104,"operador_ruta_zonal":"EMASIVO 16","origen_ruta_zonal":"TIBABUYES","route_id_ruta_zonal":317,"route_name_ruta_zonal":"A151-1","tipo_operacion":"NORMAL","tipo_ruta_zonal":3,"tipo_servicio_ruta_zonal":1,"zona_destino_ruta_zonal":0,"zona_origen_ruta_zonal":3}},{"type":"Feature","id":4105,"geometry":null,"properties":{"abreviatura_destino_zona_sitp":"SCR","codigo_definitivo_ruta_zonal":"T27","delega_ruta_zonal":1,"denominacion_ruta_zonal":"ESTACION AV. 1","destino_ruta_zonal":"BELLO HORIZONTE","destino_zona_sitp":"SAN CRISTOBAL","fecha_implementacion_ruta_zonal":"29/05/2015","globalid":"{DD383428-3197-4B01-BD00-E84181FAFE83}","localidad_destino_ruta_zonal":4,"localidad_origen_ruta_zonal":4,"longitud_ruta_zonal":6.9578246500000001,"objectid":4105,"operador_ruta_zonal":"CONSORCIO EXPRESS D","origen_ruta_zonal":"AV 1 MAYO","route_id_ruta_zonal":96,"route_name_ruta_zonal":"T27-3","tipo_operacion":"NORMAL","tipo_ruta_zonal":3,"tipo_servicio_ruta_zonal":1,"zona_destino_ruta_zonal":13,"zona_origen_ruta_zonal":13}},{"type":"Feature","id":4106,"geometry":null,"properties":{"abreviatura_destino_zona_sitp":"KKK","codigo_definitivo_ruta_zonal":"HK700","delega_ruta_zonal":1,"denominacion_ruta_zonal":"BELLAVISTA - TERMINAL SALITRE","destino_ruta_zonal":"TERMINAL SALITRE","destino_zona_sitp":"CALLE 26","fecha_implementacion_ruta_zonal":"16/01/2021","globalid":"{DDBBB276-57C3-4EC4-8709-8824B3A35DFE}","localidad_destino_ruta_zonal":9,"localidad_origen_ruta_zonal":5,"longitud_ruta_zonal":24.69338393,"objectid":4106,"operador_ruta_zonal":"GRAN AMERICAS USME","origen_ruta_zonal":"BELLAVISTA","route_id_ruta_zonal":206,"route_name_ruta_zonal":"K700-1","tipo_operacion":"NORMAL","tipo_ruta_zonal":3,"tipo_servicio_ruta_zonal":1,"zona_destino_ruta_zonal":6,"zona_origen_ruta_zonal":12}},{"type":"Feature","id":4107,"geometry":null,"properties":{"abreviatura_destino_zona_sitp":"USA","codigo_definitivo_ruta_zonal":"CB109","delega_ruta_zonal":1,"denominacion_ruta_zonal":"TIBABUYES - CANTON NORTE","destino_ruta_zonal":"CANTON NORTE","destino_zona_sitp":"USAQUEN","fecha_implementacion_ruta_zonal":"23/07/2022","globalid":"{DDD53DB3-3602-4744-B0BC-F90D8F54FEF3}","localidad_destino_ruta_zonal":11,"localidad_origen_ruta_zonal":1,"longitud_ruta_zonal":37.75857688,"objectid":4107,"operador_ruta_zonal":"CONSORCIO EXPRESS N","origen_ruta_zonal":"TIBABUYES","route_id_ruta_zonal":469,"route_name_ruta_zonal":"CB109-3","tipo_operacion":"NORMAL","tipo_ruta_zonal":3,"tipo_servicio_ruta_zonal":1,"zona_destino_ruta_zonal":3,"zona_origen_ruta_zonal":1}},{"type":"Feature","id":4109,"geometry":null,"properties":{"abreviatura_destino_zona_sitp":"HHH","codigo_definitivo_ruta_zonal":"DH216","delega_ruta_zonal":1,"denominacion_ruta_zonal":"LA FLORIDA - VILLA MAYOR","destino_ruta_zonal":"VILLA MAYOR","destino_zona_sitp":"USME/ CIUDAD BOLIVAR","fecha_implementacion_ruta_zonal":"18/03/2024","globalid":"{DF979C35-F28D-4FB1-B817-128AD94C0F87}","localidad_destino_ruta_zonal":18,"localidad_origen_ruta_zonal":10,"longitud_ruta_zonal":20.344417969999999,"objectid":4109,"operador_ruta_zonal":"GMOVIL - E","origen_ruta_zonal":"LA FLORIDA","route_id_ruta_zonal":684,"route_name_ruta_zonal":"H216-2","tipo_operacion":"NORMAL","tipo_ruta_zonal":3,"tipo_servicio_ruta_zonal":1,"zona_destino_ruta_zonal":10,"zona_origen_ruta_zonal":5}},{"type":"Feature","id":4110,"geometry":null,"properties":{"abreviatura_destino_zona_sitp":"KKK","codigo_definitivo_ruta_zonal":"KA319","delega_ruta_zonal":1,"denominacion_ruta_zonal":"FONTIBON BRISAS - CENTRO ANDINO","destino_ruta_zonal":"FONTIBÓN BRISAS","destino_zona_sitp":"CALLE 26","fecha_implementacion_ruta_zonal":"23/09/2024","globalid":"{E00A442C-2564-4AC8-919E-3137E4D5507A}","localidad_destino_ruta_zonal":2,"localidad_origen_ruta_zonal":9,"longitud_ruta_zonal":21.047127240000002,"objectid":4110,"operador_ruta_zonal":"MUEVE FONTIBON","origen_ruta_zonal":"CENTRO ANDINO","route_id_ruta_zonal":397,"route_name_ruta_zonal":"K319-2","tipo_operacion":"NORMAL","tipo_ruta_zonal":3,"tipo_servicio_ruta_zonal":1,"zona_destino_ruta_zonal":0,"zona_origen_ruta_zonal":6}},{"type":"Feature","id":4111,"geometry":null,"properties":{"abreviatura_destino_zona_sitp":"HHH","codigo_definitivo_ruta_zonal":"HA720","delega_ruta_zonal":1,"denominacion_ruta_zonal":"CIUDADELA USME - 7 DE AGOSTO","destino_ruta_zonal":"CIUDADELA USME","destino_zona_sitp":"USME/ CIUDAD BOLIVAR","fecha_implementacion_ruta_zonal":"23/10/2023","globalid":"{E05862F8-8F2A-4E4F-B329-B5F8BC64C22F}","localidad_destino_ruta_zonal":12,"localidad_origen_ruta_zonal":5,"longitud_ruta_zonal":27.798425520000002,"objectid":4111,"operador_ruta_zonal":"MUEVE USME","origen_ruta_zonal":"7 DE AGOSTO","route_id_ruta_zonal":497,"route_name_ruta_zonal":"H720-2","tipo_operacion":"NORMAL","tipo_ruta_zonal":3,"tipo_servicio_ruta_zonal":1,"zona_destino_ruta_zonal":0,"zona_origen_ruta_zonal":12}},{"type":"Feature","id":4112,"geometry":null,"properties":{"abreviatura_destino_zona_sitp":"SCR","codigo_definitivo_ruta_zonal":"580","delega_ruta_zonal":1,"denominacion_ruta_zonal":"BOSA SAN JOSÉ - EST. BICENTENARIO","destino_ruta_zonal":"EST. BICENTENARIO","destino_zona_sitp":"SAN CRISTOBAL","fecha_implementacion_ruta_zonal":"17/03/2025","globalid":"{E0797695-600A-44D0-9FA2-B9EB443A5204}","localidad_destino_ruta_zonal":17,"localidad_origen_ruta_zonal":7,"longitud_ruta_zonal":23.220907879999999,"objectid":4112,"operador_ruta_zonal":"ETIB - BO","origen_ruta_zonal":"BOSA SAN JOSÉ","route_id_ruta_zonal":0,"route_name_ruta_zonal":"580-1","tipo_operacion":"NORMAL","tipo_ruta_zonal":3,"tipo_servicio_ruta_zonal":1,"zona_destino_ruta_zonal":13,"zona_origen_ruta_zonal":9}},{"type":"Feature","id":4114,"geometry":null,"properties":{"abreviatura_destino_zona_sitp":"ALI","codigo_definitivo_ruta_zonal":"2-1","delega_ruta_zonal":2,"denominacion_ruta_zonal":"MIRANDELA","destino_ruta_zonal":"MIRANDELA","destino_zona_sitp":"ALIMENTADORA","fecha_implementacion_ruta_zonal":"-","globalid":"{E10BC63B-D410-48FD-B166-133227A416BB}","localidad_destino_ruta_zonal":11,"localidad_origen_ruta_zonal":11,"longitud_ruta_zonal":5.6647291900000001,"objectid":4114,"operador_ruta_zonal":"MASIVO CAPITAL - SO","origen_ruta_zonal":"PORTAL NORTE","route_id_ruta_zonal":61,"route_name_ruta_zonal":"2-1a","tipo_operacion":"NORMAL","tipo_ruta_zonal":4,"tipo_servicio_ruta_zonal":1,"zona_destino_ruta_zonal":2,"zona_origen_ruta_zonal":1}},{"type":"Feature","id":4115,"geometry":null,"properties":{"abreviatura_destino_zona_sitp":"CCC","codigo_definitivo_ruta_zonal":"CK102","delega_ruta_zonal":1,"denominacion_ruta_zonal":"SUBA FONTANAR - SALITRE EL GRECO","destino_ruta_zonal":"SUBA FONTANAR","destino_zona_sitp":"SUBA","fecha_implementacion_ruta_zonal":"8/08/2023","globalid":"{E153AC3E-C2C8-40C2-911E-ECED8E969ABD}","localidad_destino_ruta_zonal":13,"localidad_origen_ruta_zonal":11,"longitud_ruta_zonal":20.274295110000001,"objectid":4115,"operador_ruta_zonal":"ESTE ES MI BUS - CO","origen_ruta_zonal":"SALITRE EL GRECO","route_id_ruta_zonal":647,"route_name_ruta_zonal":"C102-2","tipo_operacion":"NORMAL","tipo_ruta_zonal":3,"tipo_servicio_ruta_zonal":1,"zona_destino_ruta_zonal":6,"zona_origen_ruta_zonal":3}},{"type":"Feature","id":4116,"geometry":null,"properties":{"abreviatura_destino_zona_sitp":"CCC","codigo_definitivo_ruta_zonal":"CB162","delega_ruta_zonal":1,"denominacion_ruta_zonal":"VILLA GLORIA - SAN CRISTÓBAL NORTE","destino_ruta_zonal":"VILLA GLORIA","destino_zona_sitp":"SUBA","fecha_implementacion_ruta_zonal":"23/09/2024","globalid":"{E2C3E4DC-596A-4633-B5C7-F3D6E4B153EF}","localidad_destino_ruta_zonal":1,"localidad_origen_ruta_zonal":11,"longitud_ruta_zonal":19.825620610000001,"objectid":4116,"operador_ruta_zonal":"CONSORCIO EXPRESS N","origen_ruta_zonal":"SAN CRISTÓBAL NORTE","route_id_ruta_zonal":548,"route_name_ruta_zonal":"C162-2","tipo_operacion":"NORMAL","tipo_ruta_zonal":3,"tipo_servicio_ruta_zonal":1,"zona_destino_ruta_zonal":1,"zona_origen_ruta_zonal":3}},{"type":"Feature","id":4118,"geometry":null,"properties":{"abreviatura_destino_zona_sitp":"CCC","codigo_definitivo_ruta_zonal":"CB138","delega_ruta_zonal":1,"denominacion_ruta_zonal":"BILBAO - CEDRITOS","destino_ruta_zonal":"BILBAO","destino_zona_sitp":"SUBA","fecha_implementacion_ruta_zonal":"29/01/2024","globalid":"{E3C45AC7-1BDD-43BB-907C-D9EF94425755}","localidad_destino_ruta_zonal":1,"localidad_origen_ruta_zonal":11,"longitud_ruta_zonal":13.370221630000001,"objectid":4118,"operador_ruta_zonal":"EMASIVO 16","origen_ruta_zonal":"CEDRITOS","route_id_ruta_zonal":321,"route_name_ruta_zonal":"C138-2","tipo_operacion":"NORMAL","tipo_ruta_zonal":3,"tipo_servicio_ruta_zonal":1,"zona_destino_ruta_zonal":1,"zona_origen_ruta_zonal":3}},{"type":"Feature","id":4119,"geometry":null,"properties":{"abreviatura_destino_zona_sitp":"BOS","codigo_definitivo_ruta_zonal":"191","delega_ruta_zonal":1,"denominacion_ruta_zonal":"UNICENTRO - METROVIVIENDA","destino_ruta_zonal":"METROVIVIENDA","destino_zona_sitp":"BOSA","fecha_implementacion_ruta_zonal":"19/10/2020","globalid":"{E420E635-C5B3-4A55-B52B-009CBD484E9A}","localidad_destino_ruta_zonal":1,"localidad_origen_ruta_zonal":7,"longitud_ruta_zonal":32.690537020000001,"objectid":4119,"operador_ruta_zonal":"CONSORCIO EXPRESS N","origen_ruta_zonal":"UNICENTRO","route_id_ruta_zonal":183,"route_name_ruta_zonal":"191-2","tipo_operacion":"NORMAL","tipo_ruta_zonal":3,"tipo_servicio_ruta_zonal":1,"zona_destino_ruta_zonal":1,"zona_origen_ruta_zonal":9}},{"type":"Feature","id":4120,"geometry":null,"properties":{"abreviatura_destino_zona_sitp":"CCC","codigo_definitivo_ruta_zonal":"CB130","delega_ruta_zonal":1,"denominacion_ruta_zonal":"SUBA BERLIN - CARDIOINFANTIL","destino_ruta_zonal":"SUBA BERLÍN","destino_zona_sitp":"SUBA","fecha_implementacion_ruta_zonal":"23/07/2022","globalid":"{E451F490-36AC-41C9-9CCA-46901D51122C}","localidad_destino_ruta_zonal":1,"localidad_origen_ruta_zonal":11,"longitud_ruta_zonal":18.745027800000003,"objectid":4120,"operador_ruta_zonal":"CONSORCIO EXPRESS N","origen_ruta_zonal":"CARDIO INFANTIL","route_id_ruta_zonal":282,"route_name_ruta_zonal":"C130-2","tipo_operacion":"NORMAL","tipo_ruta_zonal":3,"tipo_servicio_ruta_zonal":1,"zona_destino_ruta_zonal":1,"zona_origen_ruta_zonal":3}},{"type":"Feature","id":4121,"geometry":null,"properties":{"abreviatura_destino_zona_sitp":"DDD","codigo_definitivo_ruta_zonal":"DH216","delega_ruta_zonal":1,"denominacion_ruta_zonal":"LA FLORIDA - VILLA MAYOR","destino_ruta_zonal":"LA FLORIDA","destino_zona_sitp":"ENGATIVA / CALLE 80","fecha_implementacion_ruta_zonal":"18/03/2024","globalid":"{E4EE19F9-74CE-4C9F-862D-07862557E1BC}","localidad_destino_ruta_zonal":18,"localidad_origen_ruta_zonal":10,"longitud_ruta_zonal":21.860694340000002,"objectid":4121,"operador_ruta_zonal":"GMOVIL - E","origen_ruta_zonal":"VILLA MAYOR","route_id_ruta_zonal":685,"route_name_ruta_zonal":"D216-1","tipo_operacion":"NORMAL","tipo_ruta_zonal":3,"tipo_servicio_ruta_zonal":1,"zona_destino_ruta_zonal":10,"zona_origen_ruta_zonal":5}},{"type":"Feature","id":4122,"geometry":null,"properties":{"abreviatura_destino_zona_sitp":"BBB","codigo_definitivo_ruta_zonal":"CB161","delega_ruta_zonal":1,"denominacion_ruta_zonal":"UNICENTRO - VILLA GLORIA","destino_ruta_zonal":"UNICENTRO","destino_zona_sitp":"USAQUEN","fecha_implementacion_ruta_zonal":"10/04/2023","globalid":"{E5230B83-0DA0-40D5-9577-4C367FF5EEB0}","localidad_destino_ruta_zonal":11,"localidad_origen_ruta_zonal":1,"longitud_ruta_zonal":25.259406609999999,"objectid":4122,"operador_ruta_zonal":"CONSORCIO EXPRESS N","origen_ruta_zonal":"VILLA GLORIA","route_id_ruta_zonal":547,"route_name_ruta_zonal":"B161-1","tipo_operacion":"NORMAL","tipo_ruta_zonal":3,"tipo_servicio_ruta_zonal":1,"zona_destino_ruta_zonal":3,"zona_origen_ruta_zonal":1}},{"type":"Feature","id":4124,"geometry":null,"properties":{"abreviatura_destino_zona_sitp":"HHH","codigo_definitivo_ruta_zonal":"HA605","delega_ruta_zonal":1,"denominacion_ruta_zonal":"ARBORIZADORA ALTA-POLO","destino_ruta_zonal":"ARBORIZADORA ALTA","destino_zona_sitp":"USME/ CIUDAD BOLIVAR","fecha_implementacion_ruta_zonal":"18/10/2022","globalid":"{E5ACF045-B3B8-4EDE-B490-8ADF29E6FF2B}","localidad_destino_ruta_zonal":12,"localidad_origen_ruta_zonal":19,"longitud_ruta_zonal":26.082219989999999,"objectid":4124,"operador_ruta_zonal":"SUMA - BC","origen_ruta_zonal":"POLO","route_id_ruta_zonal":188,"route_name_ruta_zonal":"H605-2","tipo_operacion":"NORMAL","tipo_ruta_zonal":3,"tipo_servicio_ruta_zonal":1,"zona_destino_ruta_zonal":0,"zona_origen_ruta_zonal":11}},{"type":"Feature","id":4125,"geometry":null,"properties":{"abreviatura_destino_zona_sitp":"BOS","codigo_definitivo_ruta_zonal":"Z8","delega_ruta_zonal":1,"denominacion_ruta_zonal":"METROVIVIENDA - TOBERIN","destino_ruta_zonal":"METROVIVIENDA","destino_zona_sitp":"BOSA","fecha_implementacion_ruta_zonal":"13/07/2020","globalid":"{E60F1B19-9A82-4DB9-A608-582A767299BF}","localidad_destino_ruta_zonal":7,"localidad_origen_ruta_zonal":1,"longitud_ruta_zonal":36.90350961,"objectid":4125,"operador_ruta_zonal":"CONSORCIO EXPRESS N","origen_ruta_zonal":"TOBERÍN","route_id_ruta_zonal":619,"route_name_ruta_zonal":"Z8-1","tipo_operacion":"NORMAL","tipo_ruta_zonal":3,"tipo_servicio_ruta_zonal":1,"zona_destino_ruta_zonal":9,"zona_origen_ruta_zonal":1}},{"type":"Feature","id":4126,"geometry":null,"properties":{"abreviatura_destino_zona_sitp":"DDD","codigo_definitivo_ruta_zonal":"DD212","delega_ruta_zonal":1,"denominacion_ruta_zonal":"ENGATIVA CENTRO - PORTAL 80","destino_ruta_zonal":"PORTAL 80","destino_zona_sitp":"ENGATIVA / CALLE 80","fecha_implementacion_ruta_zonal":"26/09/2022","globalid":"{E7878C33-D7CB-44CB-8834-5F77466EE93A}","localidad_destino_ruta_zonal":10,"localidad_origen_ruta_zonal":10,"longitud_ruta_zonal":14.80346525,"objectid":4126,"operador_ruta_zonal":"GMOVIL - E","origen_ruta_zonal":"ENGATIVÁ CENTRO","route_id_ruta_zonal":462,"route_name_ruta_zonal":"DD212-3","tipo_operacion":"NORMAL","tipo_ruta_zonal":3,"tipo_servicio_ruta_zonal":1,"zona_destino_ruta_zonal":4,"zona_origen_ruta_zonal":5}},{"type":"Feature","id":4127,"geometry":null,"properties":{"abreviatura_destino_zona_sitp":"KKK","codigo_definitivo_ruta_zonal":"KK300","delega_ruta_zonal":1,"denominacion_ruta_zonal":"PUENTE GRANDE","destino_ruta_zonal":"PUENTE GRANDE","destino_zona_sitp":"CALLE 26","fecha_implementacion_ruta_zonal":"27/09/2021","globalid":"{E78C48DC-B2BB-4DC1-9A7D-348172F108E6}","localidad_destino_ruta_zonal":9,"localidad_origen_ruta_zonal":9,"longitud_ruta_zonal":16.792796880000001,"objectid":4127,"operador_ruta_zonal":"GRAN AMERICAS FONTIBON I","origen_ruta_zonal":"PORTAL EL DORADO","route_id_ruta_zonal":223,"route_name_ruta_zonal":"K300-3","tipo_operacion":"NORMAL","tipo_ruta_zonal":3,"tipo_servicio_ruta_zonal":1,"zona_destino_ruta_zonal":6,"zona_origen_ruta_zonal":6}},{"type":"Feature","id":4128,"geometry":null,"properties":{"abreviatura_destino_zona_sitp":"HHH","codigo_definitivo_ruta_zonal":"LH811","delega_ruta_zonal":1,"denominacion_ruta_zonal":"AGUAS CLARAS - RESTREPO","destino_ruta_zonal":"RESTREPO","destino_zona_sitp":"USME/ CIUDAD BOLIVAR","fecha_implementacion_ruta_zonal":"19/10/2021","globalid":"{E8A326B1-17EC-409D-B974-69615C324B63}","localidad_destino_ruta_zonal":15,"localidad_origen_ruta_zonal":4,"longitud_ruta_zonal":6.8153065699999997,"objectid":4128,"operador_ruta_zonal":"CONSORCIO EXPRESS D","origen_ruta_zonal":"AGUAS CLARAS","route_id_ruta_zonal":351,"route_name_ruta_zonal":"H811-1","tipo_operacion":"NORMAL","tipo_ruta_zonal":3,"tipo_servicio_ruta_zonal":1,"zona_destino_ruta_zonal":11,"zona_origen_ruta_zonal":13}},{"type":"Feature","id":4129,"geometry":null,"properties":{"abreviatura_destino_zona_sitp":"USA","codigo_definitivo_ruta_zonal":"19-1","delega_ruta_zonal":1,"denominacion_ruta_zonal":"ESTACION ALCALA","destino_ruta_zonal":"AK 7","destino_zona_sitp":"USAQUEN","fecha_implementacion_ruta_zonal":"-","globalid":"{E8A7A139-F6D8-4B9A-B37D-5AA5A9D102B2}","localidad_destino_ruta_zonal":1,"localidad_origen_ruta_zonal":1,"longitud_ruta_zonal":6.3645924899999997,"objectid":4129,"operador_ruta_zonal":"CONSORCIO EXPRESS N","origen_ruta_zonal":"ALCALA","route_id_ruta_zonal":127,"route_name_ruta_zonal":"19-1","tipo_operacion":"NORMAL","tipo_ruta_zonal":4,"tipo_servicio_ruta_zonal":1,"zona_destino_ruta_zonal":1,"zona_origen_ruta_zonal":1}},{"type":"Feature","id":4130,"geometry":null,"properties":{"abreviatura_destino_zona_sitp":"HHH","codigo_definitivo_ruta_zonal":"HH710","delega_ruta_zonal":1,"denominacion_ruta_zonal":"PORTAL USME - COMPOSTELA","destino_ruta_zonal":"COMPOSTELA","destino_zona_sitp":"USME/ CIUDAD BOLIVAR","fecha_implementacion_ruta_zonal":"29/05/2023","globalid":"{E9436285-1C61-4142-BCAF-E0F83661F8BA}","localidad_destino_ruta_zonal":5,"localidad_origen_ruta_zonal":5,"longitud_ruta_zonal":13.154562840000001,"objectid":4130,"operador_ruta_zonal":"GRAN AMERICAS USME","origen_ruta_zonal":"PORTAL USME","route_id_ruta_zonal":283,"route_name_ruta_zonal":"HH710-3","tipo_operacion":"NORMAL","tipo_ruta_zonal":3,"tipo_servicio_ruta_zonal":1,"zona_destino_ruta_zonal":12,"zona_origen_ruta_zonal":12}},{"type":"Feature","id":4131,"geometry":null,"properties":{"abreviatura_destino_zona_sitp":"ENG","codigo_definitivo_ruta_zonal":"577","delega_ruta_zonal":1,"denominacion_ruta_zonal":"EL PALMAR - DIANA TURBAY","destino_ruta_zonal":"EL PALMAR","destino_zona_sitp":"ENGATIVA","fecha_implementacion_ruta_zonal":"15/01/2023","globalid":"{E944D0E2-816A-4E6A-82CD-EE12EDDB96FB}","localidad_destino_ruta_zonal":10,"localidad_origen_ruta_zonal":18,"longitud_ruta_zonal":37.776205320000003,"objectid":4131,"operador_ruta_zonal":"GMOVIL - E","origen_ruta_zonal":"DIANA TURBAY","route_id_ruta_zonal":226,"route_name_ruta_zonal":"577-1","tipo_operacion":"NORMAL","tipo_ruta_zonal":3,"tipo_servicio_ruta_zonal":1,"zona_destino_ruta_zonal":5,"zona_origen_ruta_zonal":12}},{"type":"Feature","id":4132,"geometry":null,"properties":{"abreviatura_destino_zona_sitp":"BBB","codigo_definitivo_ruta_zonal":"BC917","delega_ruta_zonal":1,"denominacion_ruta_zonal":"VILLA CINDY - TERMINAL NORTE","destino_ruta_zonal":"TERMINAL NORTE","destino_zona_sitp":"USAQUEN","fecha_implementacion_ruta_zonal":"23/07/2022","globalid":"{EA72A2EB-3056-462B-BEEC-031C9BA37495}","localidad_destino_ruta_zonal":11,"localidad_origen_ruta_zonal":11,"longitud_ruta_zonal":19.068030120000003,"objectid":4132,"operador_ruta_zonal":"CONSORCIO EXPRESS N","origen_ruta_zonal":"VILLA CINDY","route_id_ruta_zonal":336,"route_name_ruta_zonal":"B917-1","tipo_operacion":"NORMAL","tipo_ruta_zonal":3,"tipo_servicio_ruta_zonal":1,"zona_destino_ruta_zonal":2,"zona_origen_ruta_zonal":3}},{"type":"Feature","id":4133,"geometry":null,"properties":{"abreviatura_destino_zona_sitp":"ALI","codigo_definitivo_ruta_zonal":"9-11","delega_ruta_zonal":2,"denominacion_ruta_zonal":"FRANJA SECA","destino_ruta_zonal":"FRANJA SECA","destino_zona_sitp":"ALIMENTADORA","fecha_implementacion_ruta_zonal":"-","globalid":"{EAEE5EE7-195D-48D3-984F-5ED97918CEED}","localidad_destino_ruta_zonal":7,"localidad_origen_ruta_zonal":8,"longitud_ruta_zonal":6.0854058999999996,"objectid":4133,"operador_ruta_zonal":"MASIVO CAPITAL - KE","origen_ruta_zonal":"PORTAL AMERICAS","route_id_ruta_zonal":629,"route_name_ruta_zonal":"9-11a","tipo_operacion":"NORMAL","tipo_ruta_zonal":4,"tipo_servicio_ruta_zonal":1,"zona_destino_ruta_zonal":9,"zona_origen_ruta_zonal":9}},{"type":"Feature","id":4134,"geometry":null,"properties":{"abreviatura_destino_zona_sitp":"ENG","codigo_definitivo_ruta_zonal":"SE14","delega_ruta_zonal":1,"denominacion_ruta_zonal":"DIANA TURBAY CULTIVOS - ENGATIVA CENTRO","destino_ruta_zonal":"ENGATIVÁ CENTRO","destino_zona_sitp":"ENGATIVA","fecha_implementacion_ruta_zonal":"10/03/2025","globalid":"{EBD95879-8A28-40CE-A04D-CB2FE32D21A8}","localidad_destino_ruta_zonal":18,"localidad_origen_ruta_zonal":10,"longitud_ruta_zonal":37.310299050000005,"objectid":4134,"operador_ruta_zonal":"GMOVIL-SUMA","origen_ruta_zonal":"DIANA TURBAY CULTIVOS","route_id_ruta_zonal":0,"route_name_ruta_zonal":"SE14-1","tipo_operacion":"NORMAL","tipo_ruta_zonal":3,"tipo_servicio_ruta_zonal":1,"zona_destino_ruta_zonal":5,"zona_origen_ruta_zonal":11}},{"type":"Feature","id":4136,"geometry":null,"properties":{"abreviatura_destino_zona_sitp":"ENG","codigo_definitivo_ruta_zonal":"576","delega_ruta_zonal":1,"denominacion_ruta_zonal":"BOSA SANTA FE - ENGATIVA","destino_ruta_zonal":"ENGATIVÁ","destino_zona_sitp":"ENGATIVA","fecha_implementacion_ruta_zonal":"20/02/2023","globalid":"{EC1DEDFE-C574-440C-8788-43CA8638F22C}","localidad_destino_ruta_zonal":10,"localidad_origen_ruta_zonal":7,"longitud_ruta_zonal":34.180423040000001,"objectid":4136,"operador_ruta_zonal":"MASIVO CAPITAL KE-GMOVIL","origen_ruta_zonal":"BOSA SANTA FE","route_id_ruta_zonal":584,"route_name_ruta_zonal":"576-1","tipo_operacion":"NORMAL","tipo_ruta_zonal":3,"tipo_servicio_ruta_zonal":1,"zona_destino_ruta_zonal":5,"zona_origen_ruta_zonal":8}},{"type":"Feature","id":4137,"geometry":null,"properties":{"abreviatura_destino_zona_sitp":"HHH","codigo_definitivo_ruta_zonal":"HA610","delega_ruta_zonal":1,"denominacion_ruta_zonal":"PARAÍSO - CHICÓ NORTE","destino_ruta_zonal":"PARAÍSO","destino_zona_sitp":"USME/ CIUDAD BOLIVAR","fecha_implementacion_ruta_zonal":"9/11/2020","globalid":"{EC56D346-F239-488A-A387-7D76C7748960}","localidad_destino_ruta_zonal":2,"localidad_origen_ruta_zonal":19,"longitud_ruta_zonal":28.147507090000001,"objectid":4137,"operador_ruta_zonal":"SUMA - BC","origen_ruta_zonal":"CHICÓ NORTE","route_id_ruta_zonal":295,"route_name_ruta_zonal":"H610-2","tipo_operacion":"NORMAL","tipo_ruta_zonal":3,"tipo_servicio_ruta_zonal":1,"zona_destino_ruta_zonal":1,"zona_origen_ruta_zonal":11}},{"type":"Feature","id":4138,"geometry":null,"properties":{"abreviatura_destino_zona_sitp":"USA","codigo_definitivo_ruta_zonal":"466","delega_ruta_zonal":1,"denominacion_ruta_zonal":"SABANA DEL DORADO - CHICÓ NORTE","destino_ruta_zonal":"CHICÓ NORTE","destino_zona_sitp":"USAQUEN","fecha_implementacion_ruta_zonal":"31/08/2020","globalid":"{EC73E9C4-08EE-4FA2-AC3E-0EE8E5120687}","localidad_destino_ruta_zonal":1,"localidad_origen_ruta_zonal":10,"longitud_ruta_zonal":18.77889214,"objectid":4138,"operador_ruta_zonal":"GMOVIL - E","origen_ruta_zonal":"SABANA DEL DORADO","route_id_ruta_zonal":177,"route_name_ruta_zonal":"466-1","tipo_operacion":"NORMAL","tipo_ruta_zonal":3,"tipo_servicio_ruta_zonal":1,"zona_destino_ruta_zonal":1,"zona_origen_ruta_zonal":5}},{"type":"Feature","id":4139,"geometry":null,"properties":{"abreviatura_destino_zona_sitp":"BBB","codigo_definitivo_ruta_zonal":"HB608","delega_ruta_zonal":1,"denominacion_ruta_zonal":"ARABIA - AV. CALLE 134","destino_ruta_zonal":"AV. CALLE 134","destino_zona_sitp":"USAQUEN","fecha_implementacion_ruta_zonal":"26/10/2020","globalid":"{ECF8D055-1C27-4672-A2F1-CDDCA521447D}","localidad_destino_ruta_zonal":1,"localidad_origen_ruta_zonal":19,"longitud_ruta_zonal":29.494780820000003,"objectid":4139,"operador_ruta_zonal":"SUMA - BC","origen_ruta_zonal":"ARABIA","route_id_ruta_zonal":382,"route_name_ruta_zonal":"B608-1","tipo_operacion":"NORMAL","tipo_ruta_zonal":3,"tipo_servicio_ruta_zonal":1,"zona_destino_ruta_zonal":1,"zona_origen_ruta_zonal":11}},{"type":"Feature","id":4141,"geometry":null,"properties":{"abreviatura_destino_zona_sitp":"DDD","codigo_definitivo_ruta_zonal":"DA203","delega_ruta_zonal":1,"denominacion_ruta_zonal":"BACHUÉ - CHICÓ NORTE","destino_ruta_zonal":"BACHUÉ","destino_zona_sitp":"ENGATIVA / CALLE 80","fecha_implementacion_ruta_zonal":"28/09/2020","globalid":"{ED685E25-1D81-4793-8627-275C1B9D4321}","localidad_destino_ruta_zonal":2,"localidad_origen_ruta_zonal":10,"longitud_ruta_zonal":12.80873864,"objectid":4141,"operador_ruta_zonal":"ESTE ES MI BUS - CO","origen_ruta_zonal":"CHICÓ NORTE","route_id_ruta_zonal":185,"route_name_ruta_zonal":"D203-1","tipo_operacion":"NORMAL","tipo_ruta_zonal":3,"tipo_servicio_ruta_zonal":1,"zona_destino_ruta_zonal":0,"zona_origen_ruta_zonal":4}},{"type":"Feature","id":4142,"geometry":null,"properties":{"abreviatura_destino_zona_sitp":"LLL","codigo_definitivo_ruta_zonal":"LA818","delega_ruta_zonal":1,"denominacion_ruta_zonal":"AGUAS CLARAS - GALERÍAS","destino_ruta_zonal":"AGUAS CLARAS","destino_zona_sitp":"SAN CRISTOBAL","fecha_implementacion_ruta_zonal":"1/08/2022","globalid":"{ED825030-E54F-4E4C-97CA-2CE376E854B6}","localidad_destino_ruta_zonal":13,"localidad_origen_ruta_zonal":4,"longitud_ruta_zonal":15.58622553,"objectid":4142,"operador_ruta_zonal":"CONSORCIO EXPRESS D","origen_ruta_zonal":"GALERÍAS","route_id_ruta_zonal":485,"route_name_ruta_zonal":"L818-2","tipo_operacion":"NORMAL","tipo_ruta_zonal":3,"tipo_servicio_ruta_zonal":1,"zona_destino_ruta_zonal":0,"zona_origen_ruta_zonal":13}},{"type":"Feature","id":4143,"geometry":null,"properties":{"abreviatura_destino_zona_sitp":"ALI","codigo_definitivo_ruta_zonal":"3-9","delega_ruta_zonal":2,"denominacion_ruta_zonal":"MARICHUELA","destino_ruta_zonal":"MARICHUELA","destino_zona_sitp":"ALIMENTADORA","fecha_implementacion_ruta_zonal":"-","globalid":"{EDC6C24C-90EA-4C7F-B174-8F3D04EBADFA}","localidad_destino_ruta_zonal":5,"localidad_origen_ruta_zonal":5,"longitud_ruta_zonal":6.8150839100000002,"objectid":4143,"operador_ruta_zonal":"E-SOMOS ALIMENTACION","origen_ruta_zonal":"PORTAL USME","route_id_ruta_zonal":8,"route_name_ruta_zonal":"3-9a","tipo_operacion":"NORMAL","tipo_ruta_zonal":4,"tipo_servicio_ruta_zonal":1,"zona_destino_ruta_zonal":12,"zona_origen_ruta_zonal":12}},{"type":"Feature","id":4144,"geometry":null,"properties":{"abreviatura_destino_zona_sitp":"ALI","codigo_definitivo_ruta_zonal":"7-3","delega_ruta_zonal":2,"denominacion_ruta_zonal":"INGLÉS","destino_ruta_zonal":"INGLÉS","destino_zona_sitp":"ALIMENTADORA","fecha_implementacion_ruta_zonal":"-","globalid":"{EDE1118C-8CE4-4EDB-B6EC-21D0ED33D8E3}","localidad_destino_ruta_zonal":18,"localidad_origen_ruta_zonal":18,"longitud_ruta_zonal":6.1291984500000005,"objectid":4144,"operador_ruta_zonal":"SUMA - BC","origen_ruta_zonal":"CALLE 40 SUR","route_id_ruta_zonal":420,"route_name_ruta_zonal":"7-3a","tipo_operacion":"NORMAL","tipo_ruta_zonal":4,"tipo_servicio_ruta_zonal":1,"zona_destino_ruta_zonal":10,"zona_origen_ruta_zonal":10}},{"type":"Feature","id":4145,"geometry":null,"properties":{"abreviatura_destino_zona_sitp":"CBO","codigo_definitivo_ruta_zonal":"742A","delega_ruta_zonal":1,"denominacion_ruta_zonal":"PARAISO - BULEVAR NIZA","destino_ruta_zonal":"PARAÍSO","destino_zona_sitp":"CIUDAD BOLIVAR","fecha_implementacion_ruta_zonal":"17/07/2021","globalid":"{EDF23924-F7E7-4DFB-9C74-78CBC69F72D4}","localidad_destino_ruta_zonal":11,"localidad_origen_ruta_zonal":19,"longitud_ruta_zonal":27.195418440000001,"objectid":4145,"operador_ruta_zonal":"SUMA - BC","origen_ruta_zonal":"BULEVAR NIZA","route_id_ruta_zonal":288,"route_name_ruta_zonal":"742A-2","tipo_operacion":"NORMAL","tipo_ruta_zonal":3,"tipo_servicio_ruta_zonal":1,"zona_destino_ruta_zonal":3,"zona_origen_ruta_zonal":11}},{"type":"Feature","id":4147,"geometry":null,"properties":{"abreviatura_destino_zona_sitp":"ALI","codigo_definitivo_ruta_zonal":"16-14","delega_ruta_zonal":1,"denominacion_ruta_zonal":"AEROPUERTO","destino_ruta_zonal":"AEROPUERTO","destino_zona_sitp":"ALIMENTADORA","fecha_implementacion_ruta_zonal":"-","globalid":"{EE09C7CD-F7BE-4C93-9DDC-E8C90387A422}","localidad_destino_ruta_zonal":9,"localidad_origen_ruta_zonal":9,"longitud_ruta_zonal":7.57828268,"objectid":4147,"operador_ruta_zonal":"GMOVIL - E","origen_ruta_zonal":"PORTAL EL DORADO","route_id_ruta_zonal":228,"route_name_ruta_zonal":"16-14a","tipo_operacion":"NORMAL","tipo_ruta_zonal":4,"tipo_servicio_ruta_zonal":1,"zona_destino_ruta_zonal":5,"zona_origen_ruta_zonal":5}},{"type":"Feature","id":4148,"geometry":null,"properties":{"abreviatura_destino_zona_sitp":"SCR","codigo_definitivo_ruta_zonal":"786","delega_ruta_zonal":1,"denominacion_ruta_zonal":"METROVIVIENDA - DIANA TURBAY-PUENTES","destino_ruta_zonal":"METROVIVIENDA","destino_zona_sitp":"SAN CRISTOBAL","fecha_implementacion_ruta_zonal":"2/11/2013","globalid":"{EE2653C1-5E6C-4E16-A7F0-C328F0131A52}","localidad_destino_ruta_zonal":7,"localidad_origen_ruta_zonal":4,"longitud_ruta_zonal":23.531400660000003,"objectid":4148,"operador_ruta_zonal":"CONSORCIO EXPRESS D","origen_ruta_zonal":"DIANA TURBAY-PUENTES","route_id_ruta_zonal":627,"route_name_ruta_zonal":"786-1","tipo_operacion":"NORMAL","tipo_ruta_zonal":3,"tipo_servicio_ruta_zonal":1,"zona_destino_ruta_zonal":9,"zona_origen_ruta_zonal":13}},{"type":"Feature","id":4149,"geometry":null,"properties":{"abreviatura_destino_zona_sitp":"GGG","codigo_definitivo_ruta_zonal":"LG816","delega_ruta_zonal":1,"denominacion_ruta_zonal":"DONA LILIANA - VILLA DEL RIO","destino_ruta_zonal":"VILLA DEL RÍO","destino_zona_sitp":"BOSA","fecha_implementacion_ruta_zonal":"10/03/2025","globalid":"{EE642F2F-C84B-4501-84CD-9A64DAB8263E}","localidad_destino_ruta_zonal":5,"localidad_origen_ruta_zonal":7,"longitud_ruta_zonal":22.700346119999999,"objectid":4149,"operador_ruta_zonal":"CONSORCIO EXPRESS D","origen_ruta_zonal":"DOÑA LILIANA","route_id_ruta_zonal":0,"route_name_ruta_zonal":"G816-1","tipo_operacion":"NORMAL","tipo_ruta_zonal":3,"tipo_servicio_ruta_zonal":1,"zona_destino_ruta_zonal":9,"zona_origen_ruta_zonal":13}},{"type":"Feature","id":4150,"geometry":null,"properties":{"abreviatura_destino_zona_sitp":"ALI","codigo_definitivo_ruta_zonal":"11-9","delega_ruta_zonal":2,"denominacion_ruta_zonal":"LISBOA","destino_ruta_zonal":"LISBOA","destino_zona_sitp":"ALIMENTADORA","fecha_implementacion_ruta_zonal":"23/07/2022","globalid":"{EEA05EF0-7A74-403C-A8C6-FC342626E476}","localidad_destino_ruta_zonal":11,"localidad_origen_ruta_zonal":11,"longitud_ruta_zonal":10.566486129999999,"objectid":4150,"operador_ruta_zonal":"ESTE ES MI BUS - CO","origen_ruta_zonal":"PORTAL SUBA","route_id_ruta_zonal":483,"route_name_ruta_zonal":"11-9a","tipo_operacion":"NORMAL","tipo_ruta_zonal":4,"tipo_servicio_ruta_zonal":1,"zona_destino_ruta_zonal":3,"zona_origen_ruta_zonal":3}},{"type":"Feature","id":4151,"geometry":null,"properties":{"abreviatura_destino_zona_sitp":"NOR","codigo_definitivo_ruta_zonal":"Z4B","delega_ruta_zonal":1,"denominacion_ruta_zonal":"EST. TERMINAL - TERMINAL SALITRE","destino_ruta_zonal":"TERMINAL NORTE","destino_zona_sitp":"NORTE","fecha_implementacion_ruta_zonal":"25/11/2019","globalid":"{EECC6E3B-872B-4D7C-A539-C1F6A9533B42}","localidad_destino_ruta_zonal":9,"localidad_origen_ruta_zonal":1,"longitud_ruta_zonal":23.83202812,"objectid":4151,"operador_ruta_zonal":"CONSORCIO EXPRESS N","origen_ruta_zonal":"TERMINAL SALITRE","route_id_ruta_zonal":306,"route_name_ruta_zonal":"Z4B-1","tipo_operacion":"NORMAL","tipo_ruta_zonal":3,"tipo_servicio_ruta_zonal":1,"zona_destino_ruta_zonal":6,"zona_origen_ruta_zonal":1}},{"type":"Feature","id":4152,"geometry":null,"properties":{"abreviatura_destino_zona_sitp":"ALI","codigo_definitivo_ruta_zonal":"1-2","delega_ruta_zonal":2,"denominacion_ruta_zonal":"GARCÉS NAVAS","destino_ruta_zonal":"GARCÉS NAVAS","destino_zona_sitp":"ALIMENTADORA","fecha_implementacion_ruta_zonal":"-","globalid":"{EF71F9C6-9B1D-476A-9861-14F080DAF20F}","localidad_destino_ruta_zonal":10,"localidad_origen_ruta_zonal":10,"longitud_ruta_zonal":4.5643528900000003,"objectid":4152,"operador_ruta_zonal":"ESTE ES MI BUS - CO","origen_ruta_zonal":"PORTAL 80","route_id_ruta_zonal":54,"route_name_ruta_zonal":"1-2a","tipo_operacion":"NORMAL","tipo_ruta_zonal":4,"tipo_servicio_ruta_zonal":1,"zona_destino_ruta_zonal":4,"zona_origen_ruta_zonal":4}},{"type":"Feature","id":4153,"geometry":null,"properties":{"abreviatura_destino_zona_sitp":"USA","codigo_definitivo_ruta_zonal":"260","delega_ruta_zonal":1,"denominacion_ruta_zonal":"ARABIA - UNICENTRO","destino_ruta_zonal":"UNICENTRO","destino_zona_sitp":"USAQUEN","fecha_implementacion_ruta_zonal":"26/10/2020","globalid":"{EFE26EC5-9821-4340-82F7-4AEA572FC741}","localidad_destino_ruta_zonal":1,"localidad_origen_ruta_zonal":19,"longitud_ruta_zonal":32.85645134,"objectid":4153,"operador_ruta_zonal":"SUMA - BC","origen_ruta_zonal":"ARABIA","route_id_ruta_zonal":380,"route_name_ruta_zonal":"260-1","tipo_operacion":"NORMAL","tipo_ruta_zonal":3,"tipo_servicio_ruta_zonal":1,"zona_destino_ruta_zonal":1,"zona_origen_ruta_zonal":11}},{"type":"Feature","id":4154,"geometry":null,"properties":{"abreviatura_destino_zona_sitp":"USA","codigo_definitivo_ruta_zonal":"E43","delega_ruta_zonal":1,"denominacion_ruta_zonal":"VILLA GLORIA - CHICO","destino_ruta_zonal":"CHICÓ","destino_zona_sitp":"USAQUEN","fecha_implementacion_ruta_zonal":"23/07/2022","globalid":"{EFE57E43-3F9E-4343-B42F-9D31BFBD33AC}","localidad_destino_ruta_zonal":1,"localidad_origen_ruta_zonal":11,"longitud_ruta_zonal":35.64387807,"objectid":4154,"operador_ruta_zonal":"CONSORCIO EXPRESS N","origen_ruta_zonal":"VILLA GLORIA","route_id_ruta_zonal":471,"route_name_ruta_zonal":"E43-3","tipo_operacion":"NORMAL","tipo_ruta_zonal":3,"tipo_servicio_ruta_zonal":1,"zona_destino_ruta_zonal":1,"zona_origen_ruta_zonal":3}},{"type":"Feature","id":4157,"geometry":null,"properties":{"abreviatura_destino_zona_sitp":"BOS","codigo_definitivo_ruta_zonal":"580","delega_ruta_zonal":1,"denominacion_ruta_zonal":"BOSA SAN JOSÉ - EST. BICENTENARIO","destino_ruta_zonal":"EST. BICENTENARIO","destino_zona_sitp":"BOSA","fecha_implementacion_ruta_zonal":"17/03/2025","globalid":"{F1A0D690-9111-4655-ACB2-7FE7FC17B7EE}","localidad_destino_ruta_zonal":17,"localidad_origen_ruta_zonal":7,"longitud_ruta_zonal":23.112362310000002,"objectid":4157,"operador_ruta_zonal":"ETIB - BO","origen_ruta_zonal":"BOSA SAN JOSÉ","route_id_ruta_zonal":1,"route_name_ruta_zonal":"580-2","tipo_operacion":"NORMAL","tipo_ruta_zonal":3,"tipo_servicio_ruta_zonal":1,"zona_destino_ruta_zonal":13,"zona_origen_ruta_zonal":9}},{"type":"Feature","id":4161,"geometry":null,"properties":{"abreviatura_destino_zona_sitp":"GGG","codigo_definitivo_ruta_zonal":"GF511","delega_ruta_zonal":1,"denominacion_ruta_zonal":"PORTAL AMERICAS - PORVENIR","destino_ruta_zonal":"PORTAL AMÉRICAS","destino_zona_sitp":"BOSA","fecha_implementacion_ruta_zonal":"23/03/2021","globalid":"{F36A6F21-2722-469E-858E-E73B848E2436}","localidad_destino_ruta_zonal":8,"localidad_origen_ruta_zonal":7,"longitud_ruta_zonal":7.9909044499999995,"objectid":4161,"operador_ruta_zonal":"MASIVO CAPITAL - KE","origen_ruta_zonal":"PORVENIR","route_id_ruta_zonal":603,"route_name_ruta_zonal":"GF511-3","tipo_operacion":"NORMAL","tipo_ruta_zonal":3,"tipo_servicio_ruta_zonal":1,"zona_destino_ruta_zonal":8,"zona_origen_ruta_zonal":8}},{"type":"Feature","id":4162,"geometry":null,"properties":{"abreviatura_destino_zona_sitp":"AAA","codigo_definitivo_ruta_zonal":"BA900","delega_ruta_zonal":1,"denominacion_ruta_zonal":"LA ESTRELLITA - GALERÍAS","destino_ruta_zonal":"GALERÍAS","destino_zona_sitp":"NEUTRA","fecha_implementacion_ruta_zonal":"27/02/2023","globalid":"{F40A78D2-34F1-468E-8DD5-B4F788AB5030}","localidad_destino_ruta_zonal":13,"localidad_origen_ruta_zonal":1,"longitud_ruta_zonal":23.642049979999999,"objectid":4162,"operador_ruta_zonal":"CONSORCIO EXPRESS N","origen_ruta_zonal":"LA ESTRELLITA","route_id_ruta_zonal":492,"route_name_ruta_zonal":"A900-1","tipo_operacion":"NORMAL","tipo_ruta_zonal":3,"tipo_servicio_ruta_zonal":1,"zona_destino_ruta_zonal":0,"zona_origen_ruta_zonal":1}},{"type":"Feature","id":4163,"geometry":null,"properties":{"abreviatura_destino_zona_sitp":"HHH","codigo_definitivo_ruta_zonal":"HH639","delega_ruta_zonal":1,"denominacion_ruta_zonal":"ARBORIZADORA ALTA - VILLA MAYOR","destino_ruta_zonal":"ARBORIZADORA ALTA","destino_zona_sitp":"USME/ CIUDAD BOLIVAR","fecha_implementacion_ruta_zonal":"19/12/2022","globalid":"{F4416C08-3FD1-4348-B318-EE6621B9CA27}","localidad_destino_ruta_zonal":15,"localidad_origen_ruta_zonal":19,"longitud_ruta_zonal":12.48806523,"objectid":4163,"operador_ruta_zonal":"SUMA - BC","origen_ruta_zonal":"VILLA MAYOR","route_id_ruta_zonal":535,"route_name_ruta_zonal":"H639-2","tipo_operacion":"NORMAL","tipo_ruta_zonal":3,"tipo_servicio_ruta_zonal":1,"zona_destino_ruta_zonal":10,"zona_origen_ruta_zonal":11}},{"type":"Feature","id":4165,"geometry":null,"properties":{"abreviatura_destino_zona_sitp":"CBO","codigo_definitivo_ruta_zonal":"T04","delega_ruta_zonal":1,"denominacion_ruta_zonal":"POTOSI - PORTAL SUR","destino_ruta_zonal":"POTOSÍ","destino_zona_sitp":"CIUDAD BOLIVAR","fecha_implementacion_ruta_zonal":"22/11/2021","globalid":"{F4E98BCC-2C16-41FD-9538-D625C30CB672}","localidad_destino_ruta_zonal":19,"localidad_origen_ruta_zonal":19,"longitud_ruta_zonal":8.9497315000000004,"objectid":4165,"operador_ruta_zonal":"ODT LA ROLITA","origen_ruta_zonal":"PORTAL SUR","route_id_ruta_zonal":639,"route_name_ruta_zonal":"T04-3","tipo_operacion":"NORMAL","tipo_ruta_zonal":3,"tipo_servicio_ruta_zonal":1,"zona_destino_ruta_zonal":10,"zona_origen_ruta_zonal":10}},{"type":"Feature","id":4166,"geometry":null,"properties":{"abreviatura_destino_zona_sitp":"ALI","codigo_definitivo_ruta_zonal":"11-2","delega_ruta_zonal":1,"denominacion_ruta_zonal":"SAN ANDRÉS","destino_ruta_zonal":"SAN ANDRÉS","destino_zona_sitp":"ALIMENTADORA","fecha_implementacion_ruta_zonal":"-","globalid":"{F527AFDD-12AB-44E1-842C-08AB8005918F}","localidad_destino_ruta_zonal":11,"localidad_origen_ruta_zonal":11,"longitud_ruta_zonal":5.9063503199999996,"objectid":4166,"operador_ruta_zonal":"ESTE ES MI BUS - CO","origen_ruta_zonal":"PORTAL SUBA","route_id_ruta_zonal":135,"route_name_ruta_zonal":"11-2a_p","tipo_operacion":"NORMAL","tipo_ruta_zonal":4,"tipo_servicio_ruta_zonal":1,"zona_destino_ruta_zonal":3,"zona_origen_ruta_zonal":3}},{"type":"Feature","id":4167,"geometry":null,"properties":{"abreviatura_destino_zona_sitp":"#N/","codigo_definitivo_ruta_zonal":"AA003","delega_ruta_zonal":1,"denominacion_ruta_zonal":"EST. UNIVERSIDAD NACIONAL","destino_ruta_zonal":"EST. MARLY","destino_zona_sitp":"#N/D","fecha_implementacion_ruta_zonal":"27/05/2024","globalid":"{F5393C6E-279B-4ED4-B3C2-9ABDE26E4C96}","localidad_destino_ruta_zonal":2,"localidad_origen_ruta_zonal":2,"longitud_ruta_zonal":5.47338769,"objectid":4167,"operador_ruta_zonal":"ZMO FONTIBON III","origen_ruta_zonal":"EST. UNIVERSIDAD NACIONAL","route_id_ruta_zonal":687,"route_name_ruta_zonal":"AA003-3","tipo_operacion":"NORMAL","tipo_ruta_zonal":3,"tipo_servicio_ruta_zonal":1,"zona_destino_ruta_zonal":0,"zona_origen_ruta_zonal":0}},{"type":"Feature","id":4168,"geometry":null,"properties":{"abreviatura_destino_zona_sitp":"USA","codigo_definitivo_ruta_zonal":"T26r","delega_ruta_zonal":1,"denominacion_ruta_zonal":"PALERMO SUR REFUERZO MOLINOS","destino_ruta_zonal":"MOLINOS","destino_zona_sitp":"USAQUEN","fecha_implementacion_ruta_zonal":"28/10/2024","globalid":"{F5F321B6-96B4-4E03-AE52-733E4F7F3EF4}","localidad_destino_ruta_zonal":18,"localidad_origen_ruta_zonal":18,"longitud_ruta_zonal":7.1806891999999998,"objectid":4168,"operador_ruta_zonal":"CONSORCIO EXPRESS N","origen_ruta_zonal":"PALERMO SUR","route_id_ruta_zonal":697,"route_name_ruta_zonal":"T26r-3","tipo_operacion":"NORMAL","tipo_ruta_zonal":3,"tipo_servicio_ruta_zonal":4,"zona_destino_ruta_zonal":12,"zona_origen_ruta_zonal":12}},{"type":"Feature","id":4169,"geometry":null,"properties":{"abreviatura_destino_zona_sitp":"ALI","codigo_definitivo_ruta_zonal":"10-5","delega_ruta_zonal":1,"denominacion_ruta_zonal":"TERMINAL SUR","destino_ruta_zonal":"TERMINAL SUR","destino_zona_sitp":"ALIMENTADORA","fecha_implementacion_ruta_zonal":"-","globalid":"{F74E627C-6291-424B-8933-E7DC2A0FC3D7}","localidad_destino_ruta_zonal":7,"localidad_origen_ruta_zonal":7,"longitud_ruta_zonal":5.4192609100000002,"objectid":4169,"operador_ruta_zonal":"ETIB - BO","origen_ruta_zonal":"PORTAL SUR","route_id_ruta_zonal":102,"route_name_ruta_zonal":"10-5a","tipo_operacion":"NORMAL","tipo_ruta_zonal":4,"tipo_servicio_ruta_zonal":1,"zona_destino_ruta_zonal":9,"zona_origen_ruta_zonal":9}},{"type":"Feature","id":4172,"geometry":null,"properties":{"abreviatura_destino_zona_sitp":"ALI","codigo_definitivo_ruta_zonal":"C104","delega_ruta_zonal":1,"denominacion_ruta_zonal":"SUBA COMPARTIR","destino_ruta_zonal":"SUBA COMPARTIR","destino_zona_sitp":"ALIMENTADORA","fecha_implementacion_ruta_zonal":"15/07/2024","globalid":"{F87914A0-380E-4480-9C3E-5B7F987C532B}","localidad_destino_ruta_zonal":11,"localidad_origen_ruta_zonal":11,"longitud_ruta_zonal":10.50537469,"objectid":4172,"operador_ruta_zonal":"ESTE ES MI BUS - CO","origen_ruta_zonal":"PORTAL SUBA","route_id_ruta_zonal":344,"route_name_ruta_zonal":"C104-3","tipo_operacion":"NORMAL","tipo_ruta_zonal":4,"tipo_servicio_ruta_zonal":1,"zona_destino_ruta_zonal":3,"zona_origen_ruta_zonal":3}},{"type":"Feature","id":4173,"geometry":null,"properties":{"abreviatura_destino_zona_sitp":"ALI","codigo_definitivo_ruta_zonal":"13-10","delega_ruta_zonal":1,"denominacion_ruta_zonal":"VILLA DEL CERRO","destino_ruta_zonal":"VILLA DEL CERRO","destino_zona_sitp":"ALIMENTADORA","fecha_implementacion_ruta_zonal":"-","globalid":"{F896F05F-661C-4359-B766-9E6FE371F978}","localidad_destino_ruta_zonal":4,"localidad_origen_ruta_zonal":4,"longitud_ruta_zonal":8.1865308500000005,"objectid":4173,"operador_ruta_zonal":"CONSORCIO EXPRESS D","origen_ruta_zonal":"PORTAL 20 JULIO","route_id_ruta_zonal":3,"route_name_ruta_zonal":"13-10a","tipo_operacion":"NORMAL","tipo_ruta_zonal":4,"tipo_servicio_ruta_zonal":1,"zona_destino_ruta_zonal":13,"zona_origen_ruta_zonal":13}},{"type":"Feature","id":4175,"geometry":null,"properties":{"abreviatura_destino_zona_sitp":"AAA","codigo_definitivo_ruta_zonal":"CA153","delega_ruta_zonal":1,"denominacion_ruta_zonal":"SUBA LA GAITANA - CENTRO","destino_ruta_zonal":"CENTRO","destino_zona_sitp":"NEUTRA","fecha_implementacion_ruta_zonal":"23/07/2022","globalid":"{F9604FA7-B586-445D-BB51-ECCA60FF8CA7}","localidad_destino_ruta_zonal":3,"localidad_origen_ruta_zonal":11,"longitud_ruta_zonal":25.763483900000001,"objectid":4175,"operador_ruta_zonal":"EMASIVO 16","origen_ruta_zonal":"SUBA LA GAITANA","route_id_ruta_zonal":480,"route_name_ruta_zonal":"A153-1","tipo_operacion":"NORMAL","tipo_ruta_zonal":3,"tipo_servicio_ruta_zonal":1,"zona_destino_ruta_zonal":0,"zona_origen_ruta_zonal":3}},{"type":"Feature","id":4176,"geometry":null,"properties":{"abreviatura_destino_zona_sitp":"ALI","codigo_definitivo_ruta_zonal":"6-8","delega_ruta_zonal":2,"denominacion_ruta_zonal":"VISTA HERMOSA","destino_ruta_zonal":"VISTA HERMOSA","destino_zona_sitp":"ALIMENTADORA","fecha_implementacion_ruta_zonal":"-","globalid":"{F9E3B576-5919-4C64-B8EC-3870EC7269FB}","localidad_destino_ruta_zonal":null,"localidad_origen_ruta_zonal":6,"longitud_ruta_zonal":8.531381249999999,"objectid":4176,"operador_ruta_zonal":"SUMA - BC","origen_ruta_zonal":"PORTAL TUNAL","route_id_ruta_zonal":379,"route_name_ruta_zonal":"6-8a","tipo_operacion":"NORMAL","tipo_ruta_zonal":4,"tipo_servicio_ruta_zonal":4,"zona_destino_ruta_zonal":11,"zona_origen_ruta_zonal":11}},{"type":"Feature","id":4179,"geometry":null,"properties":{"abreviatura_destino_zona_sitp":"BBB","codigo_definitivo_ruta_zonal":"BK904","delega_ruta_zonal":1,"denominacion_ruta_zonal":"LA ESTRELLITA - TERMINAL SALITRE","destino_ruta_zonal":"LA ESTRELLITA","destino_zona_sitp":"USAQUEN","fecha_implementacion_ruta_zonal":"8/08/2023","globalid":"{FA866D47-57F0-4C6D-8CB8-AB020458CBB8}","localidad_destino_ruta_zonal":9,"localidad_origen_ruta_zonal":1,"longitud_ruta_zonal":22.886743070000001,"objectid":4179,"operador_ruta_zonal":"CONSORCIO EXPRESS N","origen_ruta_zonal":"TERMINAL SALITRE","route_id_ruta_zonal":309,"route_name_ruta_zonal":"B904-2","tipo_operacion":"NORMAL","tipo_ruta_zonal":3,"tipo_servicio_ruta_zonal":1,"zona_destino_ruta_zonal":6,"zona_origen_ruta_zonal":1}},{"type":"Feature","id":4180,"geometry":null,"properties":{"abreviatura_destino_zona_sitp":"BBB","codigo_definitivo_ruta_zonal":"BB908","delega_ruta_zonal":1,"denominacion_ruta_zonal":"EST. PEPE SIERRA","destino_ruta_zonal":"HACIENDA SANTA BARBARA","destino_zona_sitp":"USAQUEN","fecha_implementacion_ruta_zonal":"19/04/2021","globalid":"{FA8E701A-2494-4C67-A2F6-A619A1DDD47C}","localidad_destino_ruta_zonal":1,"localidad_origen_ruta_zonal":1,"longitud_ruta_zonal":6.4969641000000005,"objectid":4180,"operador_ruta_zonal":"CONSORCIO EXPRESS N","origen_ruta_zonal":"PEPE SIERRA","route_id_ruta_zonal":262,"route_name_ruta_zonal":"B908-3","tipo_operacion":"NORMAL","tipo_ruta_zonal":3,"tipo_servicio_ruta_zonal":1,"zona_destino_ruta_zonal":1,"zona_origen_ruta_zonal":1}},{"type":"Feature","id":4181,"geometry":null,"properties":{"abreviatura_destino_zona_sitp":"LLL","codigo_definitivo_ruta_zonal":"KL325","delega_ruta_zonal":1,"denominacion_ruta_zonal":"LAS BRISAS - EL DORADO","destino_ruta_zonal":"FONTIBÓN BRISAS","destino_zona_sitp":"SAN CRISTOBAL","fecha_implementacion_ruta_zonal":"15/01/2023","globalid":"{FAA0B891-9C47-4ACB-8954-15475C0B77BB}","localidad_destino_ruta_zonal":3,"localidad_origen_ruta_zonal":9,"longitud_ruta_zonal":24.842544290000003,"objectid":4181,"operador_ruta_zonal":"ZMO FONTIBON V","origen_ruta_zonal":"EL DORADO","route_id_ruta_zonal":418,"route_name_ruta_zonal":"K325-2","tipo_operacion":"NORMAL","tipo_ruta_zonal":3,"tipo_servicio_ruta_zonal":1,"zona_destino_ruta_zonal":13,"zona_origen_ruta_zonal":6}},{"type":"Feature","id":4182,"geometry":null,"properties":{"abreviatura_destino_zona_sitp":"AAA","codigo_definitivo_ruta_zonal":"HA611","delega_ruta_zonal":1,"denominacion_ruta_zonal":"EST. CALLE 100 - SANTO DOMINGO","destino_ruta_zonal":"EST. CALLE 100","destino_zona_sitp":"NEUTRA","fecha_implementacion_ruta_zonal":"19/12/2020","globalid":"{FAB6F98D-6020-4AB8-89BB-1BA063B929FB}","localidad_destino_ruta_zonal":2,"localidad_origen_ruta_zonal":19,"longitud_ruta_zonal":24.501785099999999,"objectid":4182,"operador_ruta_zonal":"ETIB - BO","origen_ruta_zonal":"SANTO DOMINGO","route_id_ruta_zonal":637,"route_name_ruta_zonal":"A611-1","tipo_operacion":"NORMAL","tipo_ruta_zonal":3,"tipo_servicio_ruta_zonal":1,"zona_destino_ruta_zonal":1,"zona_origen_ruta_zonal":11}},{"type":"Feature","id":4183,"geometry":null,"properties":{"abreviatura_destino_zona_sitp":"GGG","codigo_definitivo_ruta_zonal":"GG528","delega_ruta_zonal":1,"denominacion_ruta_zonal":"EST. VENECIA","destino_ruta_zonal":"BOITA","destino_zona_sitp":"BOSA","fecha_implementacion_ruta_zonal":"20/06/2023","globalid":"{FAE19803-B87E-472C-ACC6-4872F1880C83}","localidad_destino_ruta_zonal":8,"localidad_origen_ruta_zonal":7,"longitud_ruta_zonal":6.6612931599999996,"objectid":4183,"operador_ruta_zonal":"ETIB - BO","origen_ruta_zonal":"EST. VENECIA","route_id_ruta_zonal":466,"route_name_ruta_zonal":"G528-3","tipo_operacion":"NORMAL","tipo_ruta_zonal":3,"tipo_servicio_ruta_zonal":1,"zona_destino_ruta_zonal":9,"zona_origen_ruta_zonal":9}},{"type":"Feature","id":4184,"geometry":null,"properties":{"abreviatura_destino_zona_sitp":"ALI","codigo_definitivo_ruta_zonal":"9-1","delega_ruta_zonal":2,"denominacion_ruta_zonal":"CASABLANCA","destino_ruta_zonal":"CASABLANCA","destino_zona_sitp":"ALIMENTADORA","fecha_implementacion_ruta_zonal":"-","globalid":"{FAEBBCE2-9126-493E-8C00-2421420DE49E}","localidad_destino_ruta_zonal":8,"localidad_origen_ruta_zonal":8,"longitud_ruta_zonal":6.97137355,"objectid":4184,"operador_ruta_zonal":"MASIVO CAPITAL - KE","origen_ruta_zonal":"PORTAL AMERICAS","route_id_ruta_zonal":648,"route_name_ruta_zonal":"9-1a","tipo_operacion":"NORMAL","tipo_ruta_zonal":4,"tipo_servicio_ruta_zonal":1,"zona_destino_ruta_zonal":9,"zona_origen_ruta_zonal":9}},{"type":"Feature","id":4185,"geometry":null,"properties":{"abreviatura_destino_zona_sitp":"CHA","codigo_definitivo_ruta_zonal":"C15","delega_ruta_zonal":1,"denominacion_ruta_zonal":"BOSA SAN DIEGO - CHAPINERO","destino_ruta_zonal":"CHAPINERO","destino_zona_sitp":"CHAPINERO","fecha_implementacion_ruta_zonal":"20/12/2021","globalid":"{FAFFFD82-C9F6-450C-9FAE-C2381D7186AB}","localidad_destino_ruta_zonal":13,"localidad_origen_ruta_zonal":7,"longitud_ruta_zonal":50.831731239999996,"objectid":4185,"operador_ruta_zonal":"ETIB - BO","origen_ruta_zonal":"BOSA SAN DIEGO","route_id_ruta_zonal":110,"route_name_ruta_zonal":"C15-3","tipo_operacion":"NORMAL","tipo_ruta_zonal":3,"tipo_servicio_ruta_zonal":1,"zona_destino_ruta_zonal":0,"zona_origen_ruta_zonal":9}},{"type":"Feature","id":4186,"geometry":null,"properties":{"abreviatura_destino_zona_sitp":"FFF","codigo_definitivo_ruta_zonal":"FF425","delega_ruta_zonal":1,"denominacion_ruta_zonal":"CIRCULAR TIMIZA","destino_ruta_zonal":"TIMIZA","destino_zona_sitp":"AMERICAS","fecha_implementacion_ruta_zonal":"19/12/2022","globalid":"{FB4C4380-1089-43A1-8792-C644F2AA027A}","localidad_destino_ruta_zonal":8,"localidad_origen_ruta_zonal":8,"longitud_ruta_zonal":6.1803467799999998,"objectid":4186,"operador_ruta_zonal":"MASIVO CAPITAL - KE","origen_ruta_zonal":"BANDERAS","route_id_ruta_zonal":536,"route_name_ruta_zonal":"FF425-3","tipo_operacion":"NORMAL","tipo_ruta_zonal":3,"tipo_servicio_ruta_zonal":1,"zona_destino_ruta_zonal":9,"zona_origen_ruta_zonal":8}},{"type":"Feature","id":4187,"geometry":null,"properties":{"abreviatura_destino_zona_sitp":"AAA","codigo_definitivo_ruta_zonal":"FA405","delega_ruta_zonal":1,"denominacion_ruta_zonal":"CAMELIA - CENTRO INTERNACIONAL","destino_ruta_zonal":"CENTRO INTERNACIONAL","destino_zona_sitp":"NEUTRA","fecha_implementacion_ruta_zonal":"18/01/2021","globalid":"{FBA9434E-C0B9-4DE6-B822-D0FC4B196542}","localidad_destino_ruta_zonal":3,"localidad_origen_ruta_zonal":16,"longitud_ruta_zonal":8.3086626399999997,"objectid":4187,"operador_ruta_zonal":"MASIVO CAPITAL - KE","origen_ruta_zonal":"CAMELIA","route_id_ruta_zonal":218,"route_name_ruta_zonal":"A405-1","tipo_operacion":"NORMAL","tipo_ruta_zonal":3,"tipo_servicio_ruta_zonal":1,"zona_destino_ruta_zonal":0,"zona_origen_ruta_zonal":8}},{"type":"Feature","id":4188,"geometry":null,"properties":{"abreviatura_destino_zona_sitp":"ALI","codigo_definitivo_ruta_zonal":"3-8","delega_ruta_zonal":2,"denominacion_ruta_zonal":"VIRREY","destino_ruta_zonal":"VIRREY","destino_zona_sitp":"ALIMENTADORA","fecha_implementacion_ruta_zonal":"-","globalid":"{FC71F6F5-3725-495E-969F-2CCF020BA1A4}","localidad_destino_ruta_zonal":5,"localidad_origen_ruta_zonal":5,"longitud_ruta_zonal":12.755876910000001,"objectid":4188,"operador_ruta_zonal":"E-SOMOS ALIMENTACION","origen_ruta_zonal":"PORTAL USME","route_id_ruta_zonal":33,"route_name_ruta_zonal":"3-8a","tipo_operacion":"NORMAL","tipo_ruta_zonal":4,"tipo_servicio_ruta_zonal":1,"zona_destino_ruta_zonal":12,"zona_origen_ruta_zonal":12}},{"type":"Feature","id":4190,"geometry":null,"properties":{"abreviatura_destino_zona_sitp":"LLL","codigo_definitivo_ruta_zonal":"LL820","delega_ruta_zonal":1,"denominacion_ruta_zonal":"SAN ISIDRO","destino_ruta_zonal":"SAN ISIDRO","destino_zona_sitp":"SAN CRISTOBAL","fecha_implementacion_ruta_zonal":"3/10/2022","globalid":"{FDA74C7D-081D-43EA-88B7-BC09431FE70B}","localidad_destino_ruta_zonal":4,"localidad_origen_ruta_zonal":4,"longitud_ruta_zonal":4.1339334999999995,"objectid":4190,"operador_ruta_zonal":"CONSORCIO EXPRESS D","origen_ruta_zonal":"PORTAL 20 JULIO","route_id_ruta_zonal":521,"route_name_ruta_zonal":"L820-3","tipo_operacion":"NORMAL","tipo_ruta_zonal":3,"tipo_servicio_ruta_zonal":1,"zona_destino_ruta_zonal":13,"zona_origen_ruta_zonal":13}},{"type":"Feature","id":4191,"geometry":null,"properties":{"abreviatura_destino_zona_sitp":"AAA","codigo_definitivo_ruta_zonal":"LA814","delega_ruta_zonal":1,"denominacion_ruta_zonal":"HORACIO ORJUELA - PORCIÚNCULA","destino_ruta_zonal":"PORCIÚNCULA","destino_zona_sitp":"NEUTRA","fecha_implementacion_ruta_zonal":"31/01/2022","globalid":"{FDD80F6B-095E-45F8-912D-F7293E595C1B}","localidad_destino_ruta_zonal":2,"localidad_origen_ruta_zonal":4,"longitud_ruta_zonal":14.926335829999999,"objectid":4191,"operador_ruta_zonal":"CONSORCIO EXPRESS N","origen_ruta_zonal":"HORACIO ORJUELA","route_id_ruta_zonal":392,"route_name_ruta_zonal":"A814-1","tipo_operacion":"NORMAL","tipo_ruta_zonal":3,"tipo_servicio_ruta_zonal":1,"zona_destino_ruta_zonal":0,"zona_origen_ruta_zonal":13}},{"type":"Feature","id":4192,"geometry":null,"properties":{"abreviatura_destino_zona_sitp":"CCC","codigo_definitivo_ruta_zonal":"KC321","delega_ruta_zonal":1,"denominacion_ruta_zonal":"FONTIBON BRISAS - TIBABUYES","destino_ruta_zonal":"TIBABUYES","destino_zona_sitp":"SUBA","fecha_implementacion_ruta_zonal":"15/01/2023","globalid":"{FE473875-8F89-447A-A4E0-A2A8D07D9C38}","localidad_destino_ruta_zonal":11,"localidad_origen_ruta_zonal":9,"longitud_ruta_zonal":28.232456889999998,"objectid":4192,"operador_ruta_zonal":"MUEVE FONTIBON","origen_ruta_zonal":"FONTIBÓN BRISAS","route_id_ruta_zonal":398,"route_name_ruta_zonal":"C321-1","tipo_operacion":"NORMAL","tipo_ruta_zonal":3,"tipo_servicio_ruta_zonal":1,"zona_destino_ruta_zonal":3,"zona_origen_ruta_zonal":6}},{"type":"Feature","id":4193,"geometry":null,"properties":{"abreviatura_destino_zona_sitp":"AME","codigo_definitivo_ruta_zonal":"669","delega_ruta_zonal":1,"denominacion_ruta_zonal":"GRAN GRANADA - GALÁN","destino_ruta_zonal":"GALAN","destino_zona_sitp":"AMERICAS","fecha_implementacion_ruta_zonal":"22/06/2013","globalid":"{FE4E5644-51CB-4B86-99BB-58FB1A1EBA5F}","localidad_destino_ruta_zonal":16,"localidad_origen_ruta_zonal":10,"longitud_ruta_zonal":26.455852050000001,"objectid":4193,"operador_ruta_zonal":"ESTE ES MI BUS - CO","origen_ruta_zonal":"GRAN GRANADA","route_id_ruta_zonal":60,"route_name_ruta_zonal":"669-1","tipo_operacion":"NORMAL","tipo_ruta_zonal":3,"tipo_servicio_ruta_zonal":1,"zona_destino_ruta_zonal":7,"zona_origen_ruta_zonal":4}},{"type":"Feature","id":4194,"geometry":null,"properties":{"abreviatura_destino_zona_sitp":"CCC","codigo_definitivo_ruta_zonal":"CC160","delega_ruta_zonal":1,"denominacion_ruta_zonal":"ORQUIDEAS - EST. CAMPI\u251CæA","destino_ruta_zonal":"EST. CAMPI\u251CæA","destino_zona_sitp":"SUBA","fecha_implementacion_ruta_zonal":"26/06/2023","globalid":"{FE8831CC-9F4E-4021-A4F3-554CFDCD4830}","localidad_destino_ruta_zonal":11,"localidad_origen_ruta_zonal":11,"longitud_ruta_zonal":6.9398848700000002,"objectid":4194,"operador_ruta_zonal":"MASIVO CAPITAL - SO","origen_ruta_zonal":"ORQUIDEAS","route_id_ruta_zonal":533,"route_name_ruta_zonal":"CC160-3","tipo_operacion":"NORMAL","tipo_ruta_zonal":3,"tipo_servicio_ruta_zonal":1,"zona_destino_ruta_zonal":3,"zona_origen_ruta_zonal":3}},{"type":"Feature","id":4195,"geometry":null,"properties":{"abreviatura_destino_zona_sitp":"ALI","codigo_definitivo_ruta_zonal":"9-9","delega_ruta_zonal":2,"denominacion_ruta_zonal":"BOSA SANTA FE","destino_ruta_zonal":"BOSA SANTA FE","destino_zona_sitp":"ALIMENTADORA","fecha_implementacion_ruta_zonal":"-","globalid":"{FEAACE84-8E4B-4CE6-8410-BE39A48CB870}","localidad_destino_ruta_zonal":7,"localidad_origen_ruta_zonal":8,"longitud_ruta_zonal":9.2930304199999991,"objectid":4195,"operador_ruta_zonal":"MASIVO CAPITAL - KE","origen_ruta_zonal":"PORTAL AMERICAS","route_id_ruta_zonal":585,"route_name_ruta_zonal":"9-9a","tipo_operacion":"NORMAL","tipo_ruta_zonal":4,"tipo_servicio_ruta_zonal":1,"zona_destino_ruta_zonal":9,"zona_origen_ruta_zonal":9}},{"type":"Feature","id":4196,"geometry":null,"properties":{"abreviatura_destino_zona_sitp":"ESP","codigo_definitivo_ruta_zonal":"6-18","delega_ruta_zonal":1,"denominacion_ruta_zonal":"SAN CARLOS - PASQUILLA","destino_ruta_zonal":"SAN CARLOS - PASQUILLA","destino_zona_sitp":"ESPECIAL","fecha_implementacion_ruta_zonal":"-","globalid":"{FFCC6BFC-A5D5-49EC-8AED-93BF916FFF02}","localidad_destino_ruta_zonal":19,"localidad_origen_ruta_zonal":6,"longitud_ruta_zonal":48.235610430000001,"objectid":4196,"operador_ruta_zonal":"SUMA - BC","origen_ruta_zonal":"PORTAL TUNAL","route_id_ruta_zonal":11,"route_name_ruta_zonal":"6-18e","tipo_operacion":"NORMAL","tipo_ruta_zonal":6,"tipo_servicio_ruta_zonal":1,"zona_destino_ruta_zonal":11,"zona_origen_ruta_zonal":11}},{"type":"Feature","id":4198,"geometry":null,"properties":{"abreviatura_destino_zona_sitp":"HHH","codigo_definitivo_ruta_zonal":"HA600","delega_ruta_zonal":1,"denominacion_ruta_zonal":"JERUSALEN - CHAPINERO","destino_ruta_zonal":"JERUSALÉN","destino_zona_sitp":"USME/ CIUDAD BOLIVAR","fecha_implementacion_ruta_zonal":"8/11/2021","globalid":"{FFEDBC14-4FF4-4560-9B5B-931F84744448}","localidad_destino_ruta_zonal":2,"localidad_origen_ruta_zonal":19,"longitud_ruta_zonal":23.577751460000002,"objectid":4198,"operador_ruta_zonal":"ETIB - BO","origen_ruta_zonal":"CHAPINERO","route_id_ruta_zonal":242,"route_name_ruta_zonal":"H600-2","tipo_operacion":"NORMAL","tipo_ruta_zonal":3,"tipo_servicio_ruta_zonal":1,"zona_destino_ruta_zonal":0,"zona_origen_ruta_zonal":10}},{"type":"Feature","id":4298,"geometry":null,"properties":{"abreviatura_destino_zona_sitp":"ALI","codigo_definitivo_ruta_zonal":"16-7","delega_ruta_zonal":1,"denominacion_ruta_zonal":"LA ESTANCIA","destino_ruta_zonal":"LA ESTANCIA","destino_zona_sitp":"ALIMENTADORA","fecha_implementacion_ruta_zonal":"21/04/2025","globalid":"{00B4DB50-4791-44C1-9160-7FE0ECE5DE8E}","localidad_destino_ruta_zonal":9,"localidad_origen_ruta_zonal":9,"longitud_ruta_zonal":16.41005917,"objectid":4298,"operador_ruta_zonal":"GRAN AMERICAS FONTIBON I","origen_ruta_zonal":"PORTAL EL DORADO","route_id_ruta_zonal":0,"route_name_ruta_zonal":"16-7a","tipo_operacion":"NORMAL","tipo_ruta_zonal":4,"tipo_servicio_ruta_zonal":1,"zona_destino_ruta_zonal":6,"zona_origen_ruta_zonal":6}},{"type":"Feature","id":4299,"geometry":null,"properties":{"abreviatura_destino_zona_sitp":"BBB","codigo_definitivo_ruta_zonal":"CB145","delega_ruta_zonal":1,"denominacion_ruta_zonal":"BILBAO - SAN CRISTÓBAL NORTE","destino_ruta_zonal":"SAN CRISTÓBAL NORTE","destino_zona_sitp":"USAQUEN","fecha_implementacion_ruta_zonal":"07/04/2025","globalid":"{1F255533-9C12-4B02-B115-D261BDBFC082}","localidad_destino_ruta_zonal":1,"localidad_origen_ruta_zonal":11,"longitud_ruta_zonal":17.897222770000003,"objectid":4299,"operador_ruta_zonal":"EMASIVO 16","origen_ruta_zonal":"BILBAO","route_id_ruta_zonal":1,"route_name_ruta_zonal":"B145-1","tipo_operacion":"NORMAL","tipo_ruta_zonal":3,"tipo_servicio_ruta_zonal":1,"zona_destino_ruta_zonal":1,"zona_origen_ruta_zonal":3}},{"type":"Feature","id":4300,"geometry":null,"properties":{"abreviatura_destino_zona_sitp":"BBB","codigo_definitivo_ruta_zonal":"KB309","delega_ruta_zonal":1,"denominacion_ruta_zonal":"SAN PABLO - LIJACÁ","destino_ruta_zonal":"LIJACÁ","destino_zona_sitp":"USAQUEN","fecha_implementacion_ruta_zonal":"14/04/2025","globalid":"{317021A2-5C61-4662-940A-2C1F2DE4A1EA}","localidad_destino_ruta_zonal":1,"localidad_origen_ruta_zonal":9,"longitud_ruta_zonal":35.315700620000001,"objectid":4300,"operador_ruta_zonal":"GMOVIL - E","origen_ruta_zonal":"SAN PABLO","route_id_ruta_zonal":0,"route_name_ruta_zonal":"B309-1","tipo_operacion":"NORMAL","tipo_ruta_zonal":3,"tipo_servicio_ruta_zonal":1,"zona_destino_ruta_zonal":1,"zona_origen_ruta_zonal":6}},{"type":"Feature","id":4301,"geometry":null,"properties":{"abreviatura_destino_zona_sitp":"ALI","codigo_definitivo_ruta_zonal":"6-12","delega_ruta_zonal":2,"denominacion_ruta_zonal":"VILLA GLORIA","destino_ruta_zonal":"VILLA GLORIA","destino_zona_sitp":"ALIMENTADORA","fecha_implementacion_ruta_zonal":"28/04/2025","globalid":"{537C2293-9A6C-4A5D-8F47-F4692AD1D722}","localidad_destino_ruta_zonal":19,"localidad_origen_ruta_zonal":6,"longitud_ruta_zonal":6.5179204000000004,"objectid":4301,"operador_ruta_zonal":"SUMA - BC","origen_ruta_zonal":"PORTAL TUNAL","route_id_ruta_zonal":null,"route_name_ruta_zonal":"6-12a","tipo_operacion":"NORMAL","tipo_ruta_zonal":4,"tipo_servicio_ruta_zonal":1,"zona_destino_ruta_zonal":11,"zona_origen_ruta_zonal":11}},{"type":"Feature","id":4302,"geometry":null,"properties":{"abreviatura_destino_zona_sitp":"GGG","codigo_definitivo_ruta_zonal":"CG137","delega_ruta_zonal":1,"denominacion_ruta_zonal":"SUBA CORPAS - METROVIVIENDA","destino_ruta_zonal":"METROVIVIENDA","destino_zona_sitp":"BOSA","fecha_implementacion_ruta_zonal":"07/04/2025","globalid":"{5663F346-427F-4563-9E93-67EFBAB6044A}","localidad_destino_ruta_zonal":7,"localidad_origen_ruta_zonal":11,"longitud_ruta_zonal":37.787376710000004,"objectid":4302,"operador_ruta_zonal":"EMASIVO 16","origen_ruta_zonal":"SUBA CORPAS","route_id_ruta_zonal":0,"route_name_ruta_zonal":"G137-1","tipo_operacion":"NORMAL","tipo_ruta_zonal":3,"tipo_servicio_ruta_zonal":1,"zona_destino_ruta_zonal":8,"zona_origen_ruta_zonal":3}},{"type":"Feature","id":4303,"geometry":null,"properties":{"abreviatura_destino_zona_sitp":"CCC","codigo_definitivo_ruta_zonal":"CB145","delega_ruta_zonal":1,"denominacion_ruta_zonal":"BILBAO - SAN CRISTÓBAL NORTE","destino_ruta_zonal":"BILBAO","destino_zona_sitp":"SUBA","fecha_implementacion_ruta_zonal":"07/04/2025","globalid":"{92491998-4D89-4004-BF22-91FCFD403C59}","localidad_destino_ruta_zonal":1,"localidad_origen_ruta_zonal":11,"longitud_ruta_zonal":14.064230089999999,"objectid":4303,"operador_ruta_zonal":"EMASIVO 16","origen_ruta_zonal":"SAN CRISTÓBAL NORTE","route_id_ruta_zonal":0,"route_name_ruta_zonal":"C145-2","tipo_operacion":"NORMAL","tipo_ruta_zonal":3,"tipo_servicio_ruta_zonal":1,"zona_destino_ruta_zonal":1,"zona_origen_ruta_zonal":3}},{"type":"Feature","id":4304,"geometry":null,"properties":{"abreviatura_destino_zona_sitp":"KKK","codigo_definitivo_ruta_zonal":"KB309","delega_ruta_zonal":1,"denominacion_ruta_zonal":"SAN PABLO - LIJACÁ","destino_ruta_zonal":"SAN PABLO","destino_zona_sitp":"CALLE 26","fecha_implementacion_ruta_zonal":"14/04/2025","globalid":"{BA8E1BF4-2BB4-4497-ADAC-5DE04B2BC18F}","localidad_destino_ruta_zonal":1,"localidad_origen_ruta_zonal":9,"longitud_ruta_zonal":39.067980640000002,"objectid":4304,"operador_ruta_zonal":"GMOVIL - E","origen_ruta_zonal":"LIJACÁ","route_id_ruta_zonal":1,"route_name_ruta_zonal":"K309-2","tipo_operacion":"NORMAL","tipo_ruta_zonal":3,"tipo_servicio_ruta_zonal":1,"zona_destino_ruta_zonal":1,"zona_origen_ruta_zonal":6}},{"type":"Feature","id":4305,"geometry":null,"properties":{"abreviatura_destino_zona_sitp":"CCC","codigo_definitivo_ruta_zonal":"CG137","delega_ruta_zonal":1,"denominacion_ruta_zonal":"SUBA CORPAS - METROVIVIENDA","destino_ruta_zonal":"SUBA CORPAS","destino_zona_sitp":"SUBA","fecha_implementacion_ruta_zonal":"07/04/2025","globalid":"{BC3A5C66-42A5-4671-B2C8-E2BAF7704127}","localidad_destino_ruta_zonal":7,"localidad_origen_ruta_zonal":11,"longitud_ruta_zonal":38.219133029999995,"objectid":4305,"operador_ruta_zonal":"EMASIVO 16","origen_ruta_zonal":"METROVIVIENDA","route_id_ruta_zonal":1,"route_name_ruta_zonal":"C137-2","tipo_operacion":"NORMAL","tipo_ruta_zonal":3,"tipo_servicio_ruta_zonal":1,"zona_destino_ruta_zonal":8,"zona_origen_ruta_zonal":3}},{"type":"Feature","id":4306,"geometry":null,"properties":{"abreviatura_destino_zona_sitp":"ENG","codigo_definitivo_ruta_zonal":"BD237","delega_ruta_zonal":1,"denominacion_ruta_zonal":"ENGATIVA - UNICENTRO","destino_ruta_zonal":"ENGATIVÁ","destino_zona_sitp":"ENGATIVA","fecha_implementacion_ruta_zonal":"03/03/2025","globalid":"{0B16A843-59A1-412C-B29F-549A4713B553}","localidad_destino_ruta_zonal":1,"localidad_origen_ruta_zonal":10,"longitud_ruta_zonal":39.815758449999997,"objectid":4306,"operador_ruta_zonal":"GMOVIL - E","origen_ruta_zonal":"UNICENTRO","route_id_ruta_zonal":3926,"route_name_ruta_zonal":"BD237-3","tipo_operacion":"NORMAL","tipo_ruta_zonal":3,"tipo_servicio_ruta_zonal":1,"zona_destino_ruta_zonal":1,"zona_origen_ruta_zonal":5}},{"type":"Feature","id":4307,"geometry":null,"properties":{"abreviatura_destino_zona_sitp":"GGG","codigo_definitivo_ruta_zonal":"CG156","delega_ruta_zonal":1,"denominacion_ruta_zonal":"BILBAO - EL RECREO","destino_ruta_zonal":"EL RECREO","destino_zona_sitp":"BOSA","fecha_implementacion_ruta_zonal":"31/05/2025","globalid":"{1FBCB1AE-BAF2-43A3-9517-7B9C2506BC79}","localidad_destino_ruta_zonal":7,"localidad_origen_ruta_zonal":11,"longitud_ruta_zonal":37.420833139999999,"objectid":4307,"operador_ruta_zonal":"MASIVO CAPITAL - KE","origen_ruta_zonal":"BILBAO","route_id_ruta_zonal":4373,"route_name_ruta_zonal":"G156-2","tipo_operacion":"NORMAL","tipo_ruta_zonal":3,"tipo_servicio_ruta_zonal":1,"zona_destino_ruta_zonal":8,"zona_origen_ruta_zonal":3}},{"type":"Feature","id":4308,"geometry":null,"properties":{"abreviatura_destino_zona_sitp":"AAA","codigo_definitivo_ruta_zonal":"CA127","delega_ruta_zonal":1,"denominacion_ruta_zonal":"FONTANAR DEL RÍO - GERMANÍA","destino_ruta_zonal":"GERMANÍA","destino_zona_sitp":"NEUTRA","fecha_implementacion_ruta_zonal":"31/05/2025","globalid":"{73CA2CF4-9C1F-416F-888B-B1DF291FD9D2}","localidad_destino_ruta_zonal":3,"localidad_origen_ruta_zonal":11,"longitud_ruta_zonal":26.309584510000001,"objectid":4308,"operador_ruta_zonal":"EMASIVO 10","origen_ruta_zonal":"FONTANAR DEL RÍO","route_id_ruta_zonal":4224,"route_name_ruta_zonal":"A127-1","tipo_operacion":"NORMAL","tipo_ruta_zonal":3,"tipo_servicio_ruta_zonal":1,"zona_destino_ruta_zonal":0,"zona_origen_ruta_zonal":3}},{"type":"Feature","id":4309,"geometry":null,"properties":{"abreviatura_destino_zona_sitp":"AAA","codigo_definitivo_ruta_zonal":"AA001","delega_ruta_zonal":1,"denominacion_ruta_zonal":"UNICERROS - UNICENTRO","destino_ruta_zonal":"UNICERROS","destino_zona_sitp":"NEUTRA","fecha_implementacion_ruta_zonal":"12/05/2025","globalid":"{7D0FD7BC-F56C-4346-8EBA-72B7671EA0D4}","localidad_destino_ruta_zonal":2,"localidad_origen_ruta_zonal":2,"longitud_ruta_zonal":6.3577165400000002,"objectid":4309,"operador_ruta_zonal":"CONSORCIO EXPRESS N","origen_ruta_zonal":"UNICENTRO","route_id_ruta_zonal":4115,"route_name_ruta_zonal":"A001-1","tipo_operacion":"NORMAL","tipo_ruta_zonal":3,"tipo_servicio_ruta_zonal":1,"zona_destino_ruta_zonal":0,"zona_origen_ruta_zonal":0}},{"type":"Feature","id":4310,"geometry":null,"properties":{"abreviatura_destino_zona_sitp":"HHH","codigo_definitivo_ruta_zonal":"CH116","delega_ruta_zonal":1,"denominacion_ruta_zonal":"SAN CARLOS - FONTANAR DEL RIO","destino_ruta_zonal":"SAN CARLOS","destino_zona_sitp":"USME/ CIUDAD BOLIVAR","fecha_implementacion_ruta_zonal":"31/05/2025","globalid":"{A8300F1E-F59F-4529-BFC5-C3EF6AA7D0CD}","localidad_destino_ruta_zonal":11,"localidad_origen_ruta_zonal":6,"longitud_ruta_zonal":32.67659072,"objectid":4310,"operador_ruta_zonal":"ESTE ES MI BUS - CO","origen_ruta_zonal":"FONTANAR DEL RÍO","route_id_ruta_zonal":4221,"route_name_ruta_zonal":"H116-2","tipo_operacion":"NORMAL","tipo_ruta_zonal":3,"tipo_servicio_ruta_zonal":1,"zona_destino_ruta_zonal":3,"zona_origen_ruta_zonal":11}},{"type":"Feature","id":4311,"geometry":null,"properties":{"abreviatura_destino_zona_sitp":"ALI","codigo_definitivo_ruta_zonal":"11-10","delega_ruta_zonal":2,"denominacion_ruta_zonal":"BILBAO","destino_ruta_zonal":"BILBAO","destino_zona_sitp":"ALIMENTADORA","fecha_implementacion_ruta_zonal":"31/05/2025","globalid":"{B080A532-C16B-416D-9C17-931EABE508FE}","localidad_destino_ruta_zonal":11,"localidad_origen_ruta_zonal":11,"longitud_ruta_zonal":9.0009577600000004,"objectid":4311,"operador_ruta_zonal":"ESTE ES MI BUS - CO","origen_ruta_zonal":"PORTAL SUBA","route_id_ruta_zonal":3268,"route_name_ruta_zonal":"11-10a","tipo_operacion":"NORMAL","tipo_ruta_zonal":4,"tipo_servicio_ruta_zonal":1,"zona_destino_ruta_zonal":3,"zona_origen_ruta_zonal":3}},{"type":"Feature","id":4312,"geometry":null,"properties":{"abreviatura_destino_zona_sitp":"LLL","codigo_definitivo_ruta_zonal":"LL813","delega_ruta_zonal":1,"denominacion_ruta_zonal":"EST BICENTENARIO - EST AV 1 DE MAYO","destino_ruta_zonal":"AV 1 DE MAYO","destino_zona_sitp":"SAN CRISTOBAL","fecha_implementacion_ruta_zonal":"19/05/2025","globalid":"{C5B7865C-B8D7-4227-A858-C52B193AB002}","localidad_destino_ruta_zonal":4,"localidad_origen_ruta_zonal":4,"longitud_ruta_zonal":20.236108510000001,"objectid":4312,"operador_ruta_zonal":"CONSORCIO EXPRESS D","origen_ruta_zonal":"BICENTENARIO","route_id_ruta_zonal":4294,"route_name_ruta_zonal":"L813-3","tipo_operacion":"NORMAL","tipo_ruta_zonal":3,"tipo_servicio_ruta_zonal":1,"zona_destino_ruta_zonal":13,"zona_origen_ruta_zonal":13}},{"type":"Feature","id":4314,"geometry":null,"properties":{"abreviatura_destino_zona_sitp":"LLL","codigo_definitivo_ruta_zonal":"GL517","delega_ruta_zonal":1,"denominacion_ruta_zonal":"CANADA GUIRA - POTRERITOS","destino_ruta_zonal":"CANADÁ GÜIRA","destino_zona_sitp":"SAN CRISTOBAL","fecha_implementacion_ruta_zonal":"31/03/2025","globalid":"{0569699B-C5E7-4C87-A0C1-FE544450233F}","localidad_destino_ruta_zonal":4,"localidad_origen_ruta_zonal":7,"longitud_ruta_zonal":22.58053936,"objectid":4314,"operador_ruta_zonal":"ETIB - BO","origen_ruta_zonal":"POTRERITOS","route_id_ruta_zonal":0,"route_name_ruta_zonal":"L517-1","tipo_operacion":"NORMAL","tipo_ruta_zonal":3,"tipo_servicio_ruta_zonal":1,"zona_destino_ruta_zonal":13,"zona_origen_ruta_zonal":9}},{"type":"Feature","id":4315,"geometry":null,"properties":{"abreviatura_destino_zona_sitp":"NEU","codigo_definitivo_ruta_zonal":"GA538","delega_ruta_zonal":1,"denominacion_ruta_zonal":"BOITA - EL RETIRO","destino_ruta_zonal":"EL RETIRO","destino_zona_sitp":"NEUTRA","fecha_implementacion_ruta_zonal":"25/08/2025","globalid":"{20F44A63-C6EE-4297-AD86-8132A44D3B49}","localidad_destino_ruta_zonal":2,"localidad_origen_ruta_zonal":8,"longitud_ruta_zonal":28.61336403,"objectid":4315,"operador_ruta_zonal":"ETIB - BO","origen_ruta_zonal":"BOITÁ","route_id_ruta_zonal":0,"route_name_ruta_zonal":"A538-1","tipo_operacion":"NORMAL","tipo_ruta_zonal":3,"tipo_servicio_ruta_zonal":1,"zona_destino_ruta_zonal":0,"zona_origen_ruta_zonal":9}},{"type":"Feature","id":4316,"geometry":null,"properties":{"abreviatura_destino_zona_sitp":"GGG","codigo_definitivo_ruta_zonal":"GK502","delega_ruta_zonal":1,"denominacion_ruta_zonal":"VILLA DEL RIO - AEROPUERTO","destino_ruta_zonal":"AEROPUERTO","destino_zona_sitp":"BOSA","fecha_implementacion_ruta_zonal":"03/06/2025","globalid":"{2D703477-4C73-439D-AD5B-8E8C1B289DD3}","localidad_destino_ruta_zonal":9,"localidad_origen_ruta_zonal":8,"longitud_ruta_zonal":21.101864250000002,"objectid":4316,"operador_ruta_zonal":"ETIB - BO","origen_ruta_zonal":"VILLA DEL RIO","route_id_ruta_zonal":1,"route_name_ruta_zonal":"G502-2","tipo_operacion":"NORMAL","tipo_ruta_zonal":3,"tipo_servicio_ruta_zonal":1,"zona_destino_ruta_zonal":6,"zona_origen_ruta_zonal":9}},{"type":"Feature","id":4317,"geometry":null,"properties":{"abreviatura_destino_zona_sitp":"CEN","codigo_definitivo_ruta_zonal":"GA535","delega_ruta_zonal":1,"denominacion_ruta_zonal":"BOSA SAN JOSE - GERMANIA","destino_ruta_zonal":"GERMANIA","destino_zona_sitp":"CENTRO","fecha_implementacion_ruta_zonal":"24/06/2025","globalid":"{32AB5DDF-2D6B-44D4-9E2E-B6D751D3DB1C}","localidad_destino_ruta_zonal":3,"localidad_origen_ruta_zonal":7,"longitud_ruta_zonal":53.471298060000002,"objectid":4317,"operador_ruta_zonal":"ETIB - BO","origen_ruta_zonal":"BOSA SAN JOSE","route_id_ruta_zonal":0,"route_name_ruta_zonal":"GA535-3","tipo_operacion":"NORMAL","tipo_ruta_zonal":3,"tipo_servicio_ruta_zonal":1,"zona_destino_ruta_zonal":0,"zona_origen_ruta_zonal":9}},{"type":"Feature","id":4319,"geometry":null,"properties":{"abreviatura_destino_zona_sitp":"GGG","codigo_definitivo_ruta_zonal":"GL517","delega_ruta_zonal":1,"denominacion_ruta_zonal":"CANADA GUIRA - POTRERITOS","destino_ruta_zonal":"POTRERITOS","destino_zona_sitp":"BOSA","fecha_implementacion_ruta_zonal":"31/03/2025","globalid":"{62D66C11-E8FE-4B95-B6E3-788ED00B8305}","localidad_destino_ruta_zonal":4,"localidad_origen_ruta_zonal":7,"longitud_ruta_zonal":22.446007320000003,"objectid":4319,"operador_ruta_zonal":"ETIB - BO","origen_ruta_zonal":"CANADÁ GÜIRA","route_id_ruta_zonal":1,"route_name_ruta_zonal":"G517-2","tipo_operacion":"NORMAL","tipo_ruta_zonal":3,"tipo_servicio_ruta_zonal":1,"zona_destino_ruta_zonal":13,"zona_origen_ruta_zonal":9}},{"type":"Feature","id":4320,"geometry":null,"properties":{"abreviatura_destino_zona_sitp":"KKK","codigo_definitivo_ruta_zonal":"GK502","delega_ruta_zonal":1,"denominacion_ruta_zonal":"VILLA DEL RIO - AEROPUERTO","destino_ruta_zonal":"AEROPUERTO","destino_zona_sitp":"CALLE 26","fecha_implementacion_ruta_zonal":"03/06/2025","globalid":"{6C9B8094-71ED-4062-BAF8-83054FD96EF8}","localidad_destino_ruta_zonal":9,"localidad_origen_ruta_zonal":8,"longitud_ruta_zonal":24.786215609999999,"objectid":4320,"operador_ruta_zonal":"ETIB - BO","origen_ruta_zonal":"VILLA DEL RIO","route_id_ruta_zonal":0,"route_name_ruta_zonal":"K502-1","tipo_operacion":"NORMAL","tipo_ruta_zonal":3,"tipo_servicio_ruta_zonal":1,"zona_destino_ruta_zonal":6,"zona_origen_ruta_zonal":9}},{"type":"Feature","id":4321,"geometry":null,"properties":{"abreviatura_destino_zona_sitp":null,"codigo_definitivo_ruta_zonal":"BD995","delega_ruta_zonal":1,"denominacion_ruta_zonal":"AC 134 COUNTRY - ESTACIÓN AVENIDA CHILE","destino_ruta_zonal":"AC 134 COUNTRY","destino_zona_sitp":null,"fecha_implementacion_ruta_zonal":"09/06/2025","globalid":"{781AED92-1554-4EDD-8495-FF1129F5A5EC}","localidad_destino_ruta_zonal":1,"localidad_origen_ruta_zonal":12,"longitud_ruta_zonal":21.306964369999999,"objectid":4321,"operador_ruta_zonal":"MUEVE FONTIBON","origen_ruta_zonal":"EST. AVENIDA CHILE","route_id_ruta_zonal":0,"route_name_ruta_zonal":"BD995-3","tipo_operacion":"NORMAL","tipo_ruta_zonal":3,"tipo_servicio_ruta_zonal":1,"zona_destino_ruta_zonal":1,"zona_origen_ruta_zonal":0}},{"type":"Feature","id":4322,"geometry":null,"properties":{"abreviatura_destino_zona_sitp":"COM","codigo_definitivo_ruta_zonal":"8-10","delega_ruta_zonal":1,"denominacion_ruta_zonal":"MUNDO AVENTURA","destino_ruta_zonal":"PROVIVIENDA ORIENTAL","destino_zona_sitp":"COMPLEMENTARIA","fecha_implementacion_ruta_zonal":"03/06/2025","globalid":"{8D9664F9-7C81-4676-8551-BE9693874674}","localidad_destino_ruta_zonal":8,"localidad_origen_ruta_zonal":8,"longitud_ruta_zonal":7.5026915499999998,"objectid":4322,"operador_ruta_zonal":"MASIVO CAPITAL - KE","origen_ruta_zonal":"MUNDO AVENTURA","route_id_ruta_zonal":0,"route_name_ruta_zonal":"8-10c","tipo_operacion":"NORMAL","tipo_ruta_zonal":5,"tipo_servicio_ruta_zonal":1,"zona_destino_ruta_zonal":8,"zona_origen_ruta_zonal":8}},{"type":"Feature","id":4323,"geometry":null,"properties":{"abreviatura_destino_zona_sitp":"ALI","codigo_definitivo_ruta_zonal":"16-9","delega_ruta_zonal":1,"denominacion_ruta_zonal":"FONTIBON CENTRO","destino_ruta_zonal":"FONTIBON CENTRO","destino_zona_sitp":"FONTIBON","fecha_implementacion_ruta_zonal":"05/06/2023","globalid":"{A5506B48-66CD-42AE-971C-BC99AE239C1F}","localidad_destino_ruta_zonal":9,"localidad_origen_ruta_zonal":9,"longitud_ruta_zonal":12.22927576,"objectid":4323,"operador_ruta_zonal":"USME ZN II","origen_ruta_zonal":"PORTAL EL DORADO","route_id_ruta_zonal":0,"route_name_ruta_zonal":"16-9a","tipo_operacion":"NORMAL","tipo_ruta_zonal":4,"tipo_servicio_ruta_zonal":1,"zona_destino_ruta_zonal":6,"zona_origen_ruta_zonal":6}},{"type":"Feature","id":4324,"geometry":null,"properties":{"abreviatura_destino_zona_sitp":"BOS","codigo_definitivo_ruta_zonal":"GA538","delega_ruta_zonal":1,"denominacion_ruta_zonal":"BOITA - EL RETIRO","destino_ruta_zonal":"BOITÁ","destino_zona_sitp":"BOSA","fecha_implementacion_ruta_zonal":"25/08/2025","globalid":"{C8518367-5181-4857-8E3F-CEB274D5AD95}","localidad_destino_ruta_zonal":2,"localidad_origen_ruta_zonal":8,"longitud_ruta_zonal":27.160243040000001,"objectid":4324,"operador_ruta_zonal":"ETIB - BO","origen_ruta_zonal":"EL RETIRO","route_id_ruta_zonal":1,"route_name_ruta_zonal":"G538-2","tipo_operacion":"NORMAL","tipo_ruta_zonal":3,"tipo_servicio_ruta_zonal":1,"zona_destino_ruta_zonal":0,"zona_origen_ruta_zonal":9}},{"type":"Feature","id":4325,"geometry":null,"properties":{"abreviatura_destino_zona_sitp":"ALI","codigo_definitivo_ruta_zonal":"HH735","delega_ruta_zonal":1,"denominacion_ruta_zonal":"PORTAL USME - EL UVAL","destino_ruta_zonal":"PORTAL USME","destino_zona_sitp":"ALIMENTADORA","fecha_implementacion_ruta_zonal":"-","globalid":"{0D9A35A6-B2B8-44C4-97CB-BB2597C1DCE0}","localidad_destino_ruta_zonal":5,"localidad_origen_ruta_zonal":5,"longitud_ruta_zonal":14.294970380000001,"objectid":4325,"operador_ruta_zonal":"E-SOMOS ALIMENTACION","origen_ruta_zonal":"EL UVAL","route_id_ruta_zonal":null,"route_name_ruta_zonal":"HH735-3","tipo_operacion":"NORMAL","tipo_ruta_zonal":4,"tipo_servicio_ruta_zonal":1,"zona_destino_ruta_zonal":12,"zona_origen_ruta_zonal":12}},{"type":"Feature","id":4326,"geometry":null,"properties":{"abreviatura_destino_zona_sitp":"LLL","codigo_definitivo_ruta_zonal":"KL329","delega_ruta_zonal":1,"denominacion_ruta_zonal":"FONTIBON BRISAS - SAN MARTIN DE LOBA","destino_ruta_zonal":"SAN MARTIN DE LOBA","destino_zona_sitp":"SAN CRISTOBAL","fecha_implementacion_ruta_zonal":"01/07/2025","globalid":"{2F2054D7-8DFA-4E97-8A89-9A74A655FA00}","localidad_destino_ruta_zonal":4,"localidad_origen_ruta_zonal":9,"longitud_ruta_zonal":31.207043300000002,"objectid":4326,"operador_ruta_zonal":"ZMO FONTIBON III\r\n","origen_ruta_zonal":"FONTIBÓN BRISAS","route_id_ruta_zonal":null,"route_name_ruta_zonal":"L329-1","tipo_operacion":"NORMAL","tipo_ruta_zonal":3,"tipo_servicio_ruta_zonal":1,"zona_destino_ruta_zonal":13,"zona_origen_ruta_zonal":6}},{"type":"Feature","id":4327,"geometry":null,"properties":{"abreviatura_destino_zona_sitp":"ALI","codigo_definitivo_ruta_zonal":"4-2","delega_ruta_zonal":2,"denominacion_ruta_zonal":"DIANA TURBAY","destino_ruta_zonal":"DIANA TURBAY","destino_zona_sitp":"ALIMENTADORA","fecha_implementacion_ruta_zonal":"21/07/2025","globalid":"{2FA000D7-CE32-44C7-AEBA-DC098F769FBF}","localidad_destino_ruta_zonal":18,"localidad_origen_ruta_zonal":18,"longitud_ruta_zonal":4.7752228900000002,"objectid":4327,"operador_ruta_zonal":"E-SOMOS ALIMENTACION","origen_ruta_zonal":"MOLINOS","route_id_ruta_zonal":null,"route_name_ruta_zonal":"4-2a","tipo_operacion":"NORMAL","tipo_ruta_zonal":4,"tipo_servicio_ruta_zonal":1,"zona_destino_ruta_zonal":12,"zona_origen_ruta_zonal":12}},{"type":"Feature","id":4328,"geometry":null,"properties":{"abreviatura_destino_zona_sitp":"ALI","codigo_definitivo_ruta_zonal":"3-10","delega_ruta_zonal":2,"denominacion_ruta_zonal":"USME CENTRO","destino_ruta_zonal":"USME CENTRO","destino_zona_sitp":"ALIMENTADORA","fecha_implementacion_ruta_zonal":"21/07/2025","globalid":"{40DA8FF0-DCC7-46F8-A180-7BE9C3D86BDB}","localidad_destino_ruta_zonal":5,"localidad_origen_ruta_zonal":5,"longitud_ruta_zonal":19.24653223,"objectid":4328,"operador_ruta_zonal":"E-SOMOS ALIMENTACION","origen_ruta_zonal":"PORTAL USME","route_id_ruta_zonal":null,"route_name_ruta_zonal":"3-10a","tipo_operacion":"NORMAL","tipo_ruta_zonal":4,"tipo_servicio_ruta_zonal":1,"zona_destino_ruta_zonal":12,"zona_origen_ruta_zonal":12}},{"type":"Feature","id":4329,"geometry":null,"properties":{"abreviatura_destino_zona_sitp":"KKK","codigo_definitivo_ruta_zonal":"KL329","delega_ruta_zonal":1,"denominacion_ruta_zonal":"FONTIBON BRISAS - SAN MARTIN DE LOBA","destino_ruta_zonal":"FONTIBÓN BRISAS","destino_zona_sitp":"CALLE 26","fecha_implementacion_ruta_zonal":"01/07/2025","globalid":"{4CEE9EB1-1394-4B1E-B8D2-ED1645FB110D}","localidad_destino_ruta_zonal":4,"localidad_origen_ruta_zonal":9,"longitud_ruta_zonal":33.748631200000005,"objectid":4329,"operador_ruta_zonal":"ZMO FONTIBON III\r\n","origen_ruta_zonal":"SAN MARTIN DE LOBA","route_id_ruta_zonal":null,"route_name_ruta_zonal":"K329-2","tipo_operacion":"NORMAL","tipo_ruta_zonal":3,"tipo_servicio_ruta_zonal":1,"zona_destino_ruta_zonal":13,"zona_origen_ruta_zonal":6}},{"type":"Feature","id":4330,"geometry":null,"properties":{"abreviatura_destino_zona_sitp":"SO","codigo_definitivo_ruta_zonal":" CB913","delega_ruta_zonal":1,"denominacion_ruta_zonal":"EST. MAZURÉN - AV. BOYACÁ","destino_ruta_zonal":"AV. BOYACÁ","destino_zona_sitp":"SUBA ORIENTAL ","fecha_implementacion_ruta_zonal":"01/07/2025","globalid":"{5918D735-F001-44A2-A18F-1296D3804984}","localidad_destino_ruta_zonal":11,"localidad_origen_ruta_zonal":11,"longitud_ruta_zonal":4.0551496200000008,"objectid":4330,"operador_ruta_zonal":"MASIVO CAPITAL","origen_ruta_zonal":"EST. MAZURÉN","route_id_ruta_zonal":null,"route_name_ruta_zonal":"C913-2","tipo_operacion":"NORMAL","tipo_ruta_zonal":3,"tipo_servicio_ruta_zonal":1,"zona_destino_ruta_zonal":2,"zona_origen_ruta_zonal":2}},{"type":"Feature","id":4331,"geometry":null,"properties":{"abreviatura_destino_zona_sitp":"ALI","codigo_definitivo_ruta_zonal":"3-4","delega_ruta_zonal":2,"denominacion_ruta_zonal":"ALFONSO LÓPEZ","destino_ruta_zonal":"ALFONSO LÓPEZ","destino_zona_sitp":"ALIMENTADORA","fecha_implementacion_ruta_zonal":"21/07/2025","globalid":"{5D27F3C3-44C1-41D0-9C22-69E7BF33ECB6}","localidad_destino_ruta_zonal":5,"localidad_origen_ruta_zonal":5,"longitud_ruta_zonal":15.41006361,"objectid":4331,"operador_ruta_zonal":"E-SOMOS ALIMENTACION","origen_ruta_zonal":"PORTAL USME","route_id_ruta_zonal":null,"route_name_ruta_zonal":"3-4a","tipo_operacion":"NORMAL","tipo_ruta_zonal":4,"tipo_servicio_ruta_zonal":1,"zona_destino_ruta_zonal":12,"zona_origen_ruta_zonal":12}},{"type":"Feature","id":4332,"geometry":null,"properties":{"abreviatura_destino_zona_sitp":"NOR","codigo_definitivo_ruta_zonal":"T11","delega_ruta_zonal":1,"denominacion_ruta_zonal":"ALPES - CALLE 222","destino_ruta_zonal":"CALLE 222","destino_zona_sitp":"NORTE","fecha_implementacion_ruta_zonal":"-","globalid":"{71B72CA6-E1D7-40FD-B666-FE7E372C1DF5}","localidad_destino_ruta_zonal":11,"localidad_origen_ruta_zonal":19,"longitud_ruta_zonal":44.696736799999996,"objectid":4332,"operador_ruta_zonal":"MASIVO CAPITAL SO-SUMA","origen_ruta_zonal":"ALPES","route_id_ruta_zonal":null,"route_name_ruta_zonal":"T11-1","tipo_operacion":"NORMAL","tipo_ruta_zonal":3,"tipo_servicio_ruta_zonal":1,"zona_destino_ruta_zonal":2,"zona_origen_ruta_zonal":11}},{"type":"Feature","id":4333,"geometry":null,"properties":{"abreviatura_destino_zona_sitp":"CBO","codigo_definitivo_ruta_zonal":"T11","delega_ruta_zonal":1,"denominacion_ruta_zonal":"ALPES - CALLE 222","destino_ruta_zonal":"ALPES","destino_zona_sitp":"CIUDAD BOLIVAR","fecha_implementacion_ruta_zonal":"-","globalid":"{8F3B726E-419A-49D6-BECF-A08C63211C26}","localidad_destino_ruta_zonal":11,"localidad_origen_ruta_zonal":19,"longitud_ruta_zonal":40.660270320000002,"objectid":4333,"operador_ruta_zonal":"MASIVO CAPITAL SO-SUMA","origen_ruta_zonal":"CALLE 222","route_id_ruta_zonal":0,"route_name_ruta_zonal":"T11-2","tipo_operacion":"NORMAL","tipo_ruta_zonal":3,"tipo_servicio_ruta_zonal":1,"zona_destino_ruta_zonal":2,"zona_origen_ruta_zonal":11}},{"type":"Feature","id":4335,"geometry":null,"properties":{"abreviatura_destino_zona_sitp":"ALI","codigo_definitivo_ruta_zonal":"11-6","delega_ruta_zonal":2,"denominacion_ruta_zonal":"LAS MERCEDES","destino_ruta_zonal":"LAS MERCEDES","destino_zona_sitp":"ALIMENTADORA","fecha_implementacion_ruta_zonal":"21/07/2025","globalid":"{AB11A99B-DE9A-442B-998C-F09FA658092C}","localidad_destino_ruta_zonal":11,"localidad_origen_ruta_zonal":11,"longitud_ruta_zonal":7.5745273700000002,"objectid":4335,"operador_ruta_zonal":"ESTE ES MI BUS - CO","origen_ruta_zonal":"PORTAL SUBA","route_id_ruta_zonal":null,"route_name_ruta_zonal":"11-6a","tipo_operacion":"NORMAL","tipo_ruta_zonal":4,"tipo_servicio_ruta_zonal":1,"zona_destino_ruta_zonal":3,"zona_origen_ruta_zonal":3}},{"type":"Feature","id":4336,"geometry":null,"properties":{"abreviatura_destino_zona_sitp":"KKK","codigo_definitivo_ruta_zonal":"GK542","delega_ruta_zonal":1,"denominacion_ruta_zonal":"METROVIVIENDA - ESTACION MODELIA","destino_ruta_zonal":"CHAPINERO CENTRAL","destino_zona_sitp":"CALLE 26","fecha_implementacion_ruta_zonal":"21/07/2025","globalid":"{C9D1F19C-60AA-4727-829A-D92AE7F529C8}","localidad_destino_ruta_zonal":10,"localidad_origen_ruta_zonal":7,"longitud_ruta_zonal":34.966316939999999,"objectid":4336,"operador_ruta_zonal":"MASIVO CAPITAL","origen_ruta_zonal":"METROVIVIENDA","route_id_ruta_zonal":null,"route_name_ruta_zonal":"GK542-3","tipo_operacion":"NORMAL","tipo_ruta_zonal":3,"tipo_servicio_ruta_zonal":1,"zona_destino_ruta_zonal":5,"zona_origen_ruta_zonal":8}},{"type":"Feature","id":4337,"geometry":null,"properties":{"abreviatura_destino_zona_sitp":"SO","codigo_definitivo_ruta_zonal":" CB913","delega_ruta_zonal":1,"denominacion_ruta_zonal":"EST. MAZURÉN - AV. BOYACÁ","destino_ruta_zonal":"EST. MAZURÉN","destino_zona_sitp":"SUBA ORIENTAL","fecha_implementacion_ruta_zonal":"01/07/2025","globalid":"{CCE5DCC7-45B8-44A0-9F4F-F7A3E6074F28}","localidad_destino_ruta_zonal":11,"localidad_origen_ruta_zonal":11,"longitud_ruta_zonal":4.4962242000000003,"objectid":4337,"operador_ruta_zonal":"MASIVO CAPITAL","origen_ruta_zonal":"AV. BOYACÁ","route_id_ruta_zonal":null,"route_name_ruta_zonal":"C913-1","tipo_operacion":"NORMAL","tipo_ruta_zonal":3,"tipo_servicio_ruta_zonal":1,"zona_destino_ruta_zonal":2,"zona_origen_ruta_zonal":2}},{"type":"Feature","id":4338,"geometry":null,"properties":{"abreviatura_destino_zona_sitp":"CHA","codigo_definitivo_ruta_zonal":"FA427","delega_ruta_zonal":1,"denominacion_ruta_zonal":"CALANDAIMA - CENTRO ANDINO","destino_ruta_zonal":"CENTRO ANDINO","destino_zona_sitp":"CHAPINERO","fecha_implementacion_ruta_zonal":"19/08/2025","globalid":"{1250D7A1-A5B0-4680-9C1A-E773E4671EC8}","localidad_destino_ruta_zonal":2,"localidad_origen_ruta_zonal":8,"longitud_ruta_zonal":46.265963540000001,"objectid":4338,"operador_ruta_zonal":"ESTE ES MI BUS - TZ","origen_ruta_zonal":"CALANDAIMA","route_id_ruta_zonal":null,"route_name_ruta_zonal":"FA427-3","tipo_operacion":"NORMAL","tipo_ruta_zonal":3,"tipo_servicio_ruta_zonal":1,"zona_destino_ruta_zonal":0,"zona_origen_ruta_zonal":7}},{"type":"Feature","id":4339,"geometry":null,"properties":{"abreviatura_destino_zona_sitp":"AME","codigo_definitivo_ruta_zonal":"AF019","delega_ruta_zonal":1,"denominacion_ruta_zonal":"AC 3/COMUNEROS - AC3/AK68","destino_ruta_zonal":"AC3 AK68","destino_zona_sitp":"AMÉRICAS","fecha_implementacion_ruta_zonal":"11/08/2025","globalid":"{1C6B96B6-8FBB-4544-B500-2800EA68E721}","localidad_destino_ruta_zonal":8,"localidad_origen_ruta_zonal":14,"longitud_ruta_zonal":4.8537748000000001,"objectid":4339,"operador_ruta_zonal":"ESOMOS","origen_ruta_zonal":"AC3 COMUNEROS","route_id_ruta_zonal":null,"route_name_ruta_zonal":"F019","tipo_operacion":"NOCTURNO","tipo_ruta_zonal":3,"tipo_servicio_ruta_zonal":6,"zona_destino_ruta_zonal":0,"zona_origen_ruta_zonal":8}},{"type":"Feature","id":4340,"geometry":null,"properties":{"abreviatura_destino_zona_sitp":"LLL","codigo_definitivo_ruta_zonal":"BL919","delega_ruta_zonal":1,"denominacion_ruta_zonal":"TERMINAL NORTE - GAVIOTAS","destino_ruta_zonal":"GAVIOTAS","destino_zona_sitp":"SAN CRISTOBAL","fecha_implementacion_ruta_zonal":"10-3","globalid":"{41056E6A-3B55-43F0-83DA-94E723DC2005}","localidad_destino_ruta_zonal":4,"localidad_origen_ruta_zonal":1,"longitud_ruta_zonal":36.072905499999997,"objectid":4340,"operador_ruta_zonal":"CONSORCIO EXPRESS N","origen_ruta_zonal":"TERMINAL NORTE","route_id_ruta_zonal":null,"route_name_ruta_zonal":"L919-2","tipo_operacion":"NORMAL","tipo_ruta_zonal":3,"tipo_servicio_ruta_zonal":1,"zona_destino_ruta_zonal":13,"zona_origen_ruta_zonal":1}},{"type":"Feature","id":4341,"geometry":null,"properties":{"abreviatura_destino_zona_sitp":"AME","codigo_definitivo_ruta_zonal":"AF019","delega_ruta_zonal":null,"denominacion_ruta_zonal":"AC 3/COMUNEROS - AC3/AK68","destino_ruta_zonal":"AC3 COMUNEROS","destino_zona_sitp":"AMÉRICAS","fecha_implementacion_ruta_zonal":"11/08/2025","globalid":"{4AB624A1-FDC7-4A77-B4B7-C06F4FAEA7BE}","localidad_destino_ruta_zonal":14,"localidad_origen_ruta_zonal":8,"longitud_ruta_zonal":4.5257153100000007,"objectid":4341,"operador_ruta_zonal":"ESOMOS","origen_ruta_zonal":"AC3 AK68","route_id_ruta_zonal":null,"route_name_ruta_zonal":"A019","tipo_operacion":"NOCTURNO","tipo_ruta_zonal":3,"tipo_servicio_ruta_zonal":6,"zona_destino_ruta_zonal":8,"zona_origen_ruta_zonal":0}},{"type":"Feature","id":4343,"geometry":null,"properties":{"abreviatura_destino_zona_sitp":"ENG","codigo_definitivo_ruta_zonal":"DL219","delega_ruta_zonal":1,"denominacion_ruta_zonal":"LA ROCA - ENGATIVÁ CENTRO","destino_ruta_zonal":"ENGATIVÁ CENTRO","destino_zona_sitp":"ENGATIVA","fecha_implementacion_ruta_zonal":"-","globalid":"{67838C29-2864-4217-82CF-493DD7468C3B}","localidad_destino_ruta_zonal":10,"localidad_origen_ruta_zonal":4,"longitud_ruta_zonal":31.45313518,"objectid":4343,"operador_ruta_zonal":"GMOVIL - E","origen_ruta_zonal":"LA ROCA","route_id_ruta_zonal":null,"route_name_ruta_zonal":"DL219-2","tipo_operacion":"NORMAL","tipo_ruta_zonal":3,"tipo_servicio_ruta_zonal":1,"zona_destino_ruta_zonal":5,"zona_origen_ruta_zonal":13}},{"type":"Feature","id":4346,"geometry":null,"properties":{"abreviatura_destino_zona_sitp":"USA","codigo_definitivo_ruta_zonal":"AB020","delega_ruta_zonal":1,"denominacion_ruta_zonal":"LA CASTELLANA - CALLE 134","destino_ruta_zonal":"CALLE 134","destino_zona_sitp":"USAQUÉN","fecha_implementacion_ruta_zonal":"19/08/2025","globalid":"{830326BB-E3D6-4886-8945-C6378D33D176}","localidad_destino_ruta_zonal":12,"localidad_origen_ruta_zonal":1,"longitud_ruta_zonal":17.643957609999998,"objectid":4346,"operador_ruta_zonal":"SUMA","origen_ruta_zonal":"LA CASTELLANA","route_id_ruta_zonal":null,"route_name_ruta_zonal":"AB020-3","tipo_operacion":"NORMAL","tipo_ruta_zonal":3,"tipo_servicio_ruta_zonal":4,"zona_destino_ruta_zonal":0,"zona_origen_ruta_zonal":1}},{"type":"Feature","id":4347,"geometry":null,"properties":{"abreviatura_destino_zona_sitp":"BBB","codigo_definitivo_ruta_zonal":"BL919","delega_ruta_zonal":1,"denominacion_ruta_zonal":"TERMINAL NORTE - GAVIOTAS","destino_ruta_zonal":"TERMINAL NORTE","destino_zona_sitp":"USAQUEN","fecha_implementacion_ruta_zonal":"10-3","globalid":"{868423C9-8FDA-45C2-80D6-055D3CFCE566}","localidad_destino_ruta_zonal":4,"localidad_origen_ruta_zonal":1,"longitud_ruta_zonal":39.696567090000002,"objectid":4347,"operador_ruta_zonal":"CONSORCIO EXPRESS N","origen_ruta_zonal":"GAVIOTAS","route_id_ruta_zonal":null,"route_name_ruta_zonal":"B919-1","tipo_operacion":"NORMAL","tipo_ruta_zonal":3,"tipo_servicio_ruta_zonal":1,"zona_destino_ruta_zonal":13,"zona_origen_ruta_zonal":1}},{"type":"Feature","id":4348,"geometry":null,"properties":{"abreviatura_destino_zona_sitp":"HHH","codigo_definitivo_ruta_zonal":"HA633","delega_ruta_zonal":1,"denominacion_ruta_zonal":"RICAURTE - ACAPULCO","destino_ruta_zonal":"RICAURTE","destino_zona_sitp":"USME/ CIUDAD BOLIVAR","fecha_implementacion_ruta_zonal":"04/08/2025","globalid":"{C6E40977-CC5B-4330-B08A-F22E566C8E98}","localidad_destino_ruta_zonal":16,"localidad_origen_ruta_zonal":19,"longitud_ruta_zonal":35.777025590000001,"objectid":4348,"operador_ruta_zonal":"SUMA - BC","origen_ruta_zonal":"ACAPULCO","route_id_ruta_zonal":null,"route_name_ruta_zonal":"HA633-3","tipo_operacion":"NORMAL","tipo_ruta_zonal":3,"tipo_servicio_ruta_zonal":1,"zona_destino_ruta_zonal":7,"zona_origen_ruta_zonal":11}},{"type":"Feature","id":4349,"geometry":null,"properties":{"abreviatura_destino_zona_sitp":"CEN","codigo_definitivo_ruta_zonal":"DA218","delega_ruta_zonal":1,"denominacion_ruta_zonal":"ENGATIVÁ CENTRO - CENTRO","destino_ruta_zonal":"CENTRO","destino_zona_sitp":"CENTRO","fecha_implementacion_ruta_zonal":"-","globalid":"{D7A775C6-2001-41F5-BEFF-9BF42C5C40DD}","localidad_destino_ruta_zonal":3,"localidad_origen_ruta_zonal":10,"longitud_ruta_zonal":40.958315810000002,"objectid":4349,"operador_ruta_zonal":"GMOVIL - E","origen_ruta_zonal":"ENGATIVÁ CENTRO","route_id_ruta_zonal":null,"route_name_ruta_zonal":"DA218-3","tipo_operacion":"NORMAL","tipo_ruta_zonal":3,"tipo_servicio_ruta_zonal":1,"zona_destino_ruta_zonal":0,"zona_origen_ruta_zonal":5}},{"type":"Feature","id":4350,"geometry":null,"properties":{"abreviatura_destino_zona_sitp":"SCR","codigo_definitivo_ruta_zonal":"DL219","delega_ruta_zonal":1,"denominacion_ruta_zonal":"LA ROCA - ENGATIVÁ CENTRO","destino_ruta_zonal":"LA ROCA","destino_zona_sitp":"SAN CRISTOBAL","fecha_implementacion_ruta_zonal":"-","globalid":"{DFD2F736-3F5D-4309-8120-F2F888A14119}","localidad_destino_ruta_zonal":10,"localidad_origen_ruta_zonal":4,"longitud_ruta_zonal":28.212066749999998,"objectid":4350,"operador_ruta_zonal":"GMOVIL - E","origen_ruta_zonal":"ENGATIVÁ CENTRO","route_id_ruta_zonal":null,"route_name_ruta_zonal":"DL219-1","tipo_operacion":"NORMAL","tipo_ruta_zonal":3,"tipo_servicio_ruta_zonal":1,"zona_destino_ruta_zonal":5,"zona_origen_ruta_zonal":13}},{"type":"Feature","id":4352,"geometry":null,"properties":{"abreviatura_destino_zona_sitp":"HHH","codigo_definitivo_ruta_zonal":"HH711","delega_ruta_zonal":1,"denominacion_ruta_zonal":"LOS SOCHES - PORTAL USME","destino_ruta_zonal":"PORTAL USME","destino_zona_sitp":"USME/ CIUDAD BOLIVAR","fecha_implementacion_ruta_zonal":"04/08/2025","globalid":"{E3BCEAB9-DA5A-47CB-AA33-EA0CAEDB04C1}","localidad_destino_ruta_zonal":5,"localidad_origen_ruta_zonal":5,"longitud_ruta_zonal":20.348175339999997,"objectid":4352,"operador_ruta_zonal":"GRAN AMERICAS USME","origen_ruta_zonal":"LOS SOCHES","route_id_ruta_zonal":null,"route_name_ruta_zonal":"HH711-3","tipo_operacion":"NORMAL","tipo_ruta_zonal":3,"tipo_servicio_ruta_zonal":1,"zona_destino_ruta_zonal":12,"zona_origen_ruta_zonal":12}},{"type":"Feature","id":4353,"geometry":null,"properties":{"abreviatura_destino_zona_sitp":"LLL","codigo_definitivo_ruta_zonal":"KL304","delega_ruta_zonal":1,"denominacion_ruta_zonal":"HB/FONTIBON - SAN CRISTOBAL SUR","destino_ruta_zonal":"SAN CRISTOBAL SUR","destino_zona_sitp":"SAN CRISTOBAL","fecha_implementacion_ruta_zonal":"16/11/2021","globalid":"{1A47862F-DE02-4E2D-BBAB-5F711AB6A456}","localidad_destino_ruta_zonal":4,"localidad_origen_ruta_zonal":9,"longitud_ruta_zonal":22.428986479999999,"objectid":4353,"operador_ruta_zonal":"E-SOMOS FONTIBON","origen_ruta_zonal":"HB/FONTIBÓN","route_id_ruta_zonal":361,"route_name_ruta_zonal":"L304-1","tipo_operacion":"NORMAL","tipo_ruta_zonal":3,"tipo_servicio_ruta_zonal":1,"zona_destino_ruta_zonal":13,"zona_origen_ruta_zonal":6}},{"type":"Feature","id":4354,"geometry":null,"properties":{"abreviatura_destino_zona_sitp":"BBB","codigo_definitivo_ruta_zonal":"KB303","delega_ruta_zonal":1,"denominacion_ruta_zonal":"HB-FONTIBON - UNICENTRO","destino_ruta_zonal":"UNICENTRO","destino_zona_sitp":"USAQUEN","fecha_implementacion_ruta_zonal":"4/06/2024","globalid":"{372C0065-D926-489C-95A3-BEBB07439BDB}","localidad_destino_ruta_zonal":1,"localidad_origen_ruta_zonal":9,"longitud_ruta_zonal":30.744040999999999,"objectid":4354,"operador_ruta_zonal":"E-SOMOS FONTIBON","origen_ruta_zonal":"HB-FONTIBON","route_id_ruta_zonal":234,"route_name_ruta_zonal":"B303-1","tipo_operacion":"NORMAL","tipo_ruta_zonal":3,"tipo_servicio_ruta_zonal":1,"zona_destino_ruta_zonal":1,"zona_origen_ruta_zonal":6}},{"type":"Feature","id":4355,"geometry":null,"properties":{"abreviatura_destino_zona_sitp":"KKK","codigo_definitivo_ruta_zonal":"KL304","delega_ruta_zonal":1,"denominacion_ruta_zonal":"HB/FONTIBON - SAN CRISTOBAL SUR","destino_ruta_zonal":"HB/FONTIBÓN","destino_zona_sitp":"CALLE 26","fecha_implementacion_ruta_zonal":"16/11/2021","globalid":"{548DB7D0-4136-4505-9B85-FD6D11AEEF6B}","localidad_destino_ruta_zonal":4,"localidad_origen_ruta_zonal":9,"longitud_ruta_zonal":20.09978662,"objectid":4355,"operador_ruta_zonal":"E-SOMOS FONTIBON","origen_ruta_zonal":"SAN CRISTOBAL SUR","route_id_ruta_zonal":362,"route_name_ruta_zonal":"K304-2","tipo_operacion":"NORMAL","tipo_ruta_zonal":3,"tipo_servicio_ruta_zonal":1,"zona_destino_ruta_zonal":13,"zona_origen_ruta_zonal":6}},{"type":"Feature","id":4356,"geometry":null,"properties":{"abreviatura_destino_zona_sitp":"KKK","codigo_definitivo_ruta_zonal":"LH803","delega_ruta_zonal":1,"denominacion_ruta_zonal":"GAVIOTAS - TERMINAL SALITRE","destino_ruta_zonal":"TERMINAL SALITRE","destino_zona_sitp":"CALLE 26","fecha_implementacion_ruta_zonal":"12/07/2021","globalid":"{5C88EA3B-B717-49D4-B1C8-C7E134E68D41}","localidad_destino_ruta_zonal":9,"localidad_origen_ruta_zonal":4,"longitud_ruta_zonal":14.054588630000001,"objectid":4356,"operador_ruta_zonal":"CONSORCIO EXPRESS D","origen_ruta_zonal":"GAVIOTAS","route_id_ruta_zonal":122,"route_name_ruta_zonal":"H803-1","tipo_operacion":"NORMAL","tipo_ruta_zonal":3,"tipo_servicio_ruta_zonal":1,"zona_destino_ruta_zonal":6,"zona_origen_ruta_zonal":13}},{"type":"Feature","id":4357,"geometry":null,"properties":{"abreviatura_destino_zona_sitp":"KKK","codigo_definitivo_ruta_zonal":"HK635","delega_ruta_zonal":1,"denominacion_ruta_zonal":"ARBORIZADORA ALTA - MONTEVIDEO","destino_ruta_zonal":"MONTEVIDEO","destino_zona_sitp":"FONTIBON","fecha_implementacion_ruta_zonal":"17/04/2023","globalid":"{5F087EA1-53C8-487E-B155-58120EEFFCB2}","localidad_destino_ruta_zonal":9,"localidad_origen_ruta_zonal":19,"longitud_ruta_zonal":17.47596948,"objectid":4357,"operador_ruta_zonal":"ODT LA ROLITA","origen_ruta_zonal":"ARBORIZADORA ALTA","route_id_ruta_zonal":641,"route_name_ruta_zonal":"K635-1","tipo_operacion":"NORMAL","tipo_ruta_zonal":3,"tipo_servicio_ruta_zonal":1,"zona_destino_ruta_zonal":6,"zona_origen_ruta_zonal":10}},{"type":"Feature","id":4358,"geometry":null,"properties":{"abreviatura_destino_zona_sitp":"HHH","codigo_definitivo_ruta_zonal":"KH327","delega_ruta_zonal":1,"denominacion_ruta_zonal":"PUENTE GRANDE - ACACIAS","destino_ruta_zonal":"ACACIAS","destino_zona_sitp":"USME/ CIUDAD BOLIVAR","fecha_implementacion_ruta_zonal":"17/07/2023","globalid":"{660A8136-7E6A-482A-8B34-1B2EDA3BFACB}","localidad_destino_ruta_zonal":9,"localidad_origen_ruta_zonal":19,"longitud_ruta_zonal":22.275582230000001,"objectid":4358,"operador_ruta_zonal":"ZMO FONTIBON V","origen_ruta_zonal":"PUENTE GRANDE","route_id_ruta_zonal":414,"route_name_ruta_zonal":"H327-2","tipo_operacion":"NORMAL","tipo_ruta_zonal":3,"tipo_servicio_ruta_zonal":1,"zona_destino_ruta_zonal":6,"zona_origen_ruta_zonal":11}},{"type":"Feature","id":4359,"geometry":null,"properties":{"abreviatura_destino_zona_sitp":"LLL","codigo_definitivo_ruta_zonal":"LH803","delega_ruta_zonal":1,"denominacion_ruta_zonal":"GAVIOTAS - TERMINAL SALITRE","destino_ruta_zonal":"GAVIOTAS","destino_zona_sitp":"SAN CRISTOBAL","fecha_implementacion_ruta_zonal":"12/07/2021","globalid":"{78CA57A2-A5F8-4038-A632-6B62FA9A8120}","localidad_destino_ruta_zonal":9,"localidad_origen_ruta_zonal":4,"longitud_ruta_zonal":14.563058140000001,"objectid":4359,"operador_ruta_zonal":"CONSORCIO EXPRESS D","origen_ruta_zonal":"TERMINAL SALITRE","route_id_ruta_zonal":390,"route_name_ruta_zonal":"L803-2","tipo_operacion":"NORMAL","tipo_ruta_zonal":3,"tipo_servicio_ruta_zonal":1,"zona_destino_ruta_zonal":6,"zona_origen_ruta_zonal":13}},{"type":"Feature","id":4360,"geometry":null,"properties":{"abreviatura_destino_zona_sitp":"KKK","codigo_definitivo_ruta_zonal":"KB303","delega_ruta_zonal":1,"denominacion_ruta_zonal":"HB-FONTIBON - UNICENTRO","destino_ruta_zonal":"HB-FONTIBON","destino_zona_sitp":"CALLE 26","fecha_implementacion_ruta_zonal":"4/06/2024","globalid":"{82DB40A5-99DD-483F-A40C-9D03840369D6}","localidad_destino_ruta_zonal":1,"localidad_origen_ruta_zonal":9,"longitud_ruta_zonal":26.56199247,"objectid":4360,"operador_ruta_zonal":"E-SOMOS FONTIBON","origen_ruta_zonal":"UNICENTRO","route_id_ruta_zonal":235,"route_name_ruta_zonal":"K303-2","tipo_operacion":"NORMAL","tipo_ruta_zonal":3,"tipo_servicio_ruta_zonal":1,"zona_destino_ruta_zonal":1,"zona_origen_ruta_zonal":6}},{"type":"Feature","id":4361,"geometry":null,"properties":{"abreviatura_destino_zona_sitp":"HHH","codigo_definitivo_ruta_zonal":"HK635","delega_ruta_zonal":1,"denominacion_ruta_zonal":"ARBORIZADORA ALTA - MONTEVIDEO","destino_ruta_zonal":"ARBORIZADORA ALTA","destino_zona_sitp":"USME/ CIUDAD BOLIVAR","fecha_implementacion_ruta_zonal":"17/04/2023","globalid":"{89924356-0EE3-4E46-98A9-5A2E653F4956}","localidad_destino_ruta_zonal":9,"localidad_origen_ruta_zonal":19,"longitud_ruta_zonal":18.434341029999999,"objectid":4361,"operador_ruta_zonal":"ODT LA ROLITA","origen_ruta_zonal":"MONTEVIDEO","route_id_ruta_zonal":517,"route_name_ruta_zonal":"H635-2","tipo_operacion":"NORMAL","tipo_ruta_zonal":3,"tipo_servicio_ruta_zonal":1,"zona_destino_ruta_zonal":6,"zona_origen_ruta_zonal":10}},{"type":"Feature","id":4362,"geometry":null,"properties":{"abreviatura_destino_zona_sitp":"KKK","codigo_definitivo_ruta_zonal":"KH327","delega_ruta_zonal":1,"denominacion_ruta_zonal":"PUENTE GRANDE - ACACIAS","destino_ruta_zonal":"PUENTE GRANDE","destino_zona_sitp":"CALLE 26","fecha_implementacion_ruta_zonal":"17/07/2023","globalid":"{9D3BD7BA-D66B-4BBC-BBF9-F196029C5A82}","localidad_destino_ruta_zonal":9,"localidad_origen_ruta_zonal":19,"longitud_ruta_zonal":23.231061240000002,"objectid":4362,"operador_ruta_zonal":"ZMO FONTIBON V\r\n","origen_ruta_zonal":"ACACIAS","route_id_ruta_zonal":413,"route_name_ruta_zonal":"K327-1","tipo_operacion":"NORMAL","tipo_ruta_zonal":3,"tipo_servicio_ruta_zonal":1,"zona_destino_ruta_zonal":6,"zona_origen_ruta_zonal":11}},{"type":"Feature","id":4363,"geometry":null,"properties":{"abreviatura_destino_zona_sitp":"FFF","codigo_definitivo_ruta_zonal":"KF333","delega_ruta_zonal":1,"denominacion_ruta_zonal":"EST. AV ROJAS - CIUDAD ALSACIA","destino_ruta_zonal":"CIUDAD ALSACIA","destino_zona_sitp":"AMERICAS","fecha_implementacion_ruta_zonal":"8/04/2024","globalid":"{A8408D29-8AD8-47BD-976E-006F5465E274}","localidad_destino_ruta_zonal":8,"localidad_origen_ruta_zonal":9,"longitud_ruta_zonal":6.0114493099999997,"objectid":4363,"operador_ruta_zonal":"GRAN AMERICAS FONTIBON I","origen_ruta_zonal":"EST. AV ROJAS","route_id_ruta_zonal":404,"route_name_ruta_zonal":"F333-1","tipo_operacion":"NORMAL","tipo_ruta_zonal":3,"tipo_servicio_ruta_zonal":1,"zona_destino_ruta_zonal":7,"zona_origen_ruta_zonal":6}},{"type":"Feature","id":4364,"geometry":null,"properties":{"abreviatura_destino_zona_sitp":"KKK","codigo_definitivo_ruta_zonal":"KF333","delega_ruta_zonal":1,"denominacion_ruta_zonal":"EST. AV ROJAS - CIUDAD ALSACIA","destino_ruta_zonal":"EST. AV ROJAS","destino_zona_sitp":"CALLE 26","fecha_implementacion_ruta_zonal":"8/04/2024","globalid":"{C6D4701C-6DF9-435A-8793-F60B16BC0606}","localidad_destino_ruta_zonal":8,"localidad_origen_ruta_zonal":9,"longitud_ruta_zonal":6.2573356200000001,"objectid":4364,"operador_ruta_zonal":"GRAN AMERICAS FONTIBON I","origen_ruta_zonal":"CIUDAD ALSACIA","route_id_ruta_zonal":405,"route_name_ruta_zonal":"K333-2","tipo_operacion":"NORMAL","tipo_ruta_zonal":3,"tipo_servicio_ruta_zonal":1,"zona_destino_ruta_zonal":7,"zona_origen_ruta_zonal":6}},{"type":"Feature","id":4365,"geometry":null,"properties":{"abreviatura_destino_zona_sitp":"AAA","codigo_definitivo_ruta_zonal":"HA601","delega_ruta_zonal":1,"denominacion_ruta_zonal":"PERDOMO - SAN DIEGO","destino_ruta_zonal":"SAN DIEGO","destino_zona_sitp":"NEUTRA","fecha_implementacion_ruta_zonal":"20/06/2023","globalid":"{C9EB70DF-F5CA-497F-A6C2-6F4646B51C1D}","localidad_destino_ruta_zonal":3,"localidad_origen_ruta_zonal":19,"longitud_ruta_zonal":25.21753168,"objectid":4365,"operador_ruta_zonal":"ODT LA ROLITA","origen_ruta_zonal":"PERDOMO","route_id_ruta_zonal":31,"route_name_ruta_zonal":"A601-1","tipo_operacion":"NORMAL","tipo_ruta_zonal":3,"tipo_servicio_ruta_zonal":1,"zona_destino_ruta_zonal":0,"zona_origen_ruta_zonal":10}},{"type":"Feature","id":4366,"geometry":null,"properties":{"abreviatura_destino_zona_sitp":"HHH","codigo_definitivo_ruta_zonal":"HA601","delega_ruta_zonal":1,"denominacion_ruta_zonal":"PERDOMO - SAN DIEGO","destino_ruta_zonal":"PERDOMO","destino_zona_sitp":"USME/ CIUDAD BOLIVAR","fecha_implementacion_ruta_zonal":"20/06/2023","globalid":"{D456CC26-08FD-4D19-8944-8A419E9E0CE2}","localidad_destino_ruta_zonal":3,"localidad_origen_ruta_zonal":19,"longitud_ruta_zonal":21.908261970000002,"objectid":4366,"operador_ruta_zonal":"ODT LA ROLITA","origen_ruta_zonal":"SAN DIEGO","route_id_ruta_zonal":32,"route_name_ruta_zonal":"H601-2","tipo_operacion":"NORMAL","tipo_ruta_zonal":3,"tipo_servicio_ruta_zonal":1,"zona_destino_ruta_zonal":0,"zona_origen_ruta_zonal":10}},{"type":"Feature","id":4367,"geometry":null,"properties":{"abreviatura_destino_zona_sitp":"BBB","codigo_definitivo_ruta_zonal":"BB927","delega_ruta_zonal":1,"denominacion_ruta_zonal":"LOMITAS - TERMINAL NORTE","destino_ruta_zonal":"TERMINAL NORTE","destino_zona_sitp":"USAQUEN","fecha_implementacion_ruta_zonal":"8/08/2022","globalid":"{ED4753B7-DA22-4BA8-9E3A-6F973AC36C43}","localidad_destino_ruta_zonal":1,"localidad_origen_ruta_zonal":1,"longitud_ruta_zonal":14.081671289999999,"objectid":4367,"operador_ruta_zonal":"CONSORCIO EXPRESS N","origen_ruta_zonal":"LOMITAS","route_id_ruta_zonal":490,"route_name_ruta_zonal":"B927-3","tipo_operacion":"NORMAL","tipo_ruta_zonal":3,"tipo_servicio_ruta_zonal":1,"zona_destino_ruta_zonal":1,"zona_origen_ruta_zonal":1}},{"type":"Feature","id":4368,"geometry":null,"properties":{"abreviatura_destino_zona_sitp":"BOS","codigo_definitivo_ruta_zonal":"GA567","delega_ruta_zonal":1,"denominacion_ruta_zonal":"PORCIÚNCULA - SAN BERNARDINO","destino_ruta_zonal":"SAN BERNARDINO","destino_zona_sitp":"BOSA","fecha_implementacion_ruta_zonal":"12/02/2014","globalid":"{02A1BB19-75A4-4A6C-9BC6-C5BE8BD854A0}","localidad_destino_ruta_zonal":2,"localidad_origen_ruta_zonal":7,"longitud_ruta_zonal":57.164283600000005,"objectid":4368,"operador_ruta_zonal":"ETIB - BO","origen_ruta_zonal":"PORCIÚNCULA","route_id_ruta_zonal":103,"route_name_ruta_zonal":"GA567-3","tipo_operacion":"NORMAL","tipo_ruta_zonal":3,"tipo_servicio_ruta_zonal":1,"zona_destino_ruta_zonal":0,"zona_origen_ruta_zonal":9}},{"type":"Feature","id":4369,"geometry":null,"properties":{"abreviatura_destino_zona_sitp":"BBB","codigo_definitivo_ruta_zonal":"BG902","delega_ruta_zonal":1,"denominacion_ruta_zonal":"METROVIVIENDA - CALLE 222","destino_ruta_zonal":"CALLE 222","destino_zona_sitp":"USAQUEN","fecha_implementacion_ruta_zonal":"21/09/2020","globalid":"{073A4046-0D50-4C06-A463-392F2BB5DDC3}","localidad_destino_ruta_zonal":7,"localidad_origen_ruta_zonal":11,"longitud_ruta_zonal":44.281413239999999,"objectid":4369,"operador_ruta_zonal":"MASIVO CAPITAL - KE","origen_ruta_zonal":"METROVIVIENDA","route_id_ruta_zonal":611,"route_name_ruta_zonal":"B902-2","tipo_operacion":"NORMAL","tipo_ruta_zonal":3,"tipo_servicio_ruta_zonal":1,"zona_destino_ruta_zonal":8,"zona_origen_ruta_zonal":2}},{"type":"Feature","id":4370,"geometry":null,"properties":{"abreviatura_destino_zona_sitp":"GGG","codigo_definitivo_ruta_zonal":"GH545","delega_ruta_zonal":1,"denominacion_ruta_zonal":"CC VILLA DEL RIO - EL ENSUEÑO","destino_ruta_zonal":"CC Villa del Río","destino_zona_sitp":"BOSA","fecha_implementacion_ruta_zonal":"-","globalid":"{0A060045-B18B-4599-B276-B6D39F698A2F}","localidad_destino_ruta_zonal":7,"localidad_origen_ruta_zonal":19,"longitud_ruta_zonal":3.8896659800000002,"objectid":4370,"operador_ruta_zonal":"Etib - Bo","origen_ruta_zonal":"El Ensueño","route_id_ruta_zonal":null,"route_name_ruta_zonal":"GH545-1","tipo_operacion":"NORMAL","tipo_ruta_zonal":3,"tipo_servicio_ruta_zonal":1,"zona_destino_ruta_zonal":9,"zona_origen_ruta_zonal":10}},{"type":"Feature","id":4371,"geometry":null,"properties":{"abreviatura_destino_zona_sitp":"KKK","codigo_definitivo_ruta_zonal":"HK629","delega_ruta_zonal":1,"denominacion_ruta_zonal":"FONTIBON CENTRO - ARBORIZADORA ALTA","destino_ruta_zonal":"FONTIBON CENTRO","destino_zona_sitp":"CALLE 26","fecha_implementacion_ruta_zonal":"4/03/2024","globalid":"{12338C90-2663-4C20-9C33-AC6B211D1FEB}","localidad_destino_ruta_zonal":9,"localidad_origen_ruta_zonal":19,"longitud_ruta_zonal":22.06124505,"objectid":4371,"operador_ruta_zonal":"ODT LA ROLITA","origen_ruta_zonal":"ARBORIZADORA ALTA","route_id_ruta_zonal":366,"route_name_ruta_zonal":"K629-1","tipo_operacion":"NORMAL","tipo_ruta_zonal":3,"tipo_servicio_ruta_zonal":1,"zona_destino_ruta_zonal":6,"zona_origen_ruta_zonal":11}},{"type":"Feature","id":4372,"geometry":null,"properties":{"abreviatura_destino_zona_sitp":"KKK","codigo_definitivo_ruta_zonal":"KA306","delega_ruta_zonal":1,"denominacion_ruta_zonal":"ZONA FRANCA - CENTRO ANDINO","destino_ruta_zonal":"ZONA FRANCA","destino_zona_sitp":"CALLE 26","fecha_implementacion_ruta_zonal":"15/01/2023","globalid":"{15326C0C-4AE3-48B2-AC51-76537ABBF9DB}","localidad_destino_ruta_zonal":2,"localidad_origen_ruta_zonal":9,"longitud_ruta_zonal":20.85099194,"objectid":4372,"operador_ruta_zonal":"ESTE ES MI BUS - TZ","origen_ruta_zonal":"CENTRO ANDINO","route_id_ruta_zonal":244,"route_name_ruta_zonal":"K306-2","tipo_operacion":"NORMAL","tipo_ruta_zonal":3,"tipo_servicio_ruta_zonal":1,"zona_destino_ruta_zonal":0,"zona_origen_ruta_zonal":6}},{"type":"Feature","id":4373,"geometry":null,"properties":{"abreviatura_destino_zona_sitp":"AAA","codigo_definitivo_ruta_zonal":"KA306","delega_ruta_zonal":1,"denominacion_ruta_zonal":"ZONA FRANCA - CENTRO ANDINO","destino_ruta_zonal":"CENTRO ANDINO","destino_zona_sitp":"NEUTRA","fecha_implementacion_ruta_zonal":"15/01/2023","globalid":"{2F4A7B24-8B95-4DF0-B848-FA0AD0CD6F3B}","localidad_destino_ruta_zonal":2,"localidad_origen_ruta_zonal":9,"longitud_ruta_zonal":20.204218010000002,"objectid":4373,"operador_ruta_zonal":"ESTE ES MI BUS - TZ","origen_ruta_zonal":"ZONA FRANCA","route_id_ruta_zonal":243,"route_name_ruta_zonal":"A306-1","tipo_operacion":"NORMAL","tipo_ruta_zonal":3,"tipo_servicio_ruta_zonal":1,"zona_destino_ruta_zonal":0,"zona_origen_ruta_zonal":6}},{"type":"Feature","id":4374,"geometry":null,"properties":{"abreviatura_destino_zona_sitp":"BOS","codigo_definitivo_ruta_zonal":"E16A","delega_ruta_zonal":1,"denominacion_ruta_zonal":"BOSA SAN JOSE - COLINA/CL153","destino_ruta_zonal":"BOSA SAN JOSÉ","destino_zona_sitp":"BOSA","fecha_implementacion_ruta_zonal":"25/11/2019","globalid":"{323E30F7-E7B8-4E36-A9CD-DB8487AC8F88}","localidad_destino_ruta_zonal":11,"localidad_origen_ruta_zonal":7,"longitud_ruta_zonal":26.159324750000003,"objectid":4374,"operador_ruta_zonal":"ETIB - BO","origen_ruta_zonal":"COLINA/CL153","route_id_ruta_zonal":105,"route_name_ruta_zonal":"E16A-2","tipo_operacion":"NORMAL","tipo_ruta_zonal":3,"tipo_servicio_ruta_zonal":1,"zona_destino_ruta_zonal":2,"zona_origen_ruta_zonal":9}},{"type":"Feature","id":4375,"geometry":null,"properties":{"abreviatura_destino_zona_sitp":"HHH","codigo_definitivo_ruta_zonal":"HA618","delega_ruta_zonal":1,"denominacion_ruta_zonal":"SANTO DOMINGO - GERMANIA","destino_ruta_zonal":"SANTO DOMINGO","destino_zona_sitp":"USME/ CIUDAD BOLIVAR","fecha_implementacion_ruta_zonal":"10/12/2022","globalid":"{3F3B5227-2F41-4A2B-B432-A956DDDE1046}","localidad_destino_ruta_zonal":3,"localidad_origen_ruta_zonal":19,"longitud_ruta_zonal":21.331324089999999,"objectid":4375,"operador_ruta_zonal":"ODT LA ROLITA","origen_ruta_zonal":"GERMANIA","route_id_ruta_zonal":247,"route_name_ruta_zonal":"H618-2","tipo_operacion":"NORMAL","tipo_ruta_zonal":3,"tipo_servicio_ruta_zonal":1,"zona_destino_ruta_zonal":0,"zona_origen_ruta_zonal":10}},{"type":"Feature","id":4377,"geometry":null,"properties":{"abreviatura_destino_zona_sitp":"KKK","codigo_definitivo_ruta_zonal":"TC6","delega_ruta_zonal":1,"denominacion_ruta_zonal":"SAN PABLO JERICO","destino_ruta_zonal":"SAN PABLO JERICO","destino_zona_sitp":"CALLE 26","fecha_implementacion_ruta_zonal":"19/08/2025","globalid":"{5CD807C8-3C61-4CFD-99C7-F8CF3BF7A48E}","localidad_destino_ruta_zonal":9,"localidad_origen_ruta_zonal":9,"longitud_ruta_zonal":14.96793166,"objectid":4377,"operador_ruta_zonal":"GRAN AMERICAS FONTIBON I","origen_ruta_zonal":"PORTAL EL DORADO","route_id_ruta_zonal":null,"route_name_ruta_zonal":"TC6-3","tipo_operacion":"NORMAL","tipo_ruta_zonal":4,"tipo_servicio_ruta_zonal":1,"zona_destino_ruta_zonal":6,"zona_origen_ruta_zonal":6}},{"type":"Feature","id":4378,"geometry":null,"properties":{"abreviatura_destino_zona_sitp":"GGG","codigo_definitivo_ruta_zonal":"BG902","delega_ruta_zonal":1,"denominacion_ruta_zonal":"METROVIVIENDA - CALLE 222","destino_ruta_zonal":"METROVIVIENDA","destino_zona_sitp":"BOSA","fecha_implementacion_ruta_zonal":"21/09/2020","globalid":"{77D70220-3B43-4863-8834-9B9D99D7EA2A}","localidad_destino_ruta_zonal":7,"localidad_origen_ruta_zonal":11,"longitud_ruta_zonal":37.646114939999997,"objectid":4378,"operador_ruta_zonal":"MASIVO CAPITAL - KE","origen_ruta_zonal":"CALLE 222","route_id_ruta_zonal":610,"route_name_ruta_zonal":"G902-1","tipo_operacion":"NORMAL","tipo_ruta_zonal":3,"tipo_servicio_ruta_zonal":1,"zona_destino_ruta_zonal":8,"zona_origen_ruta_zonal":2}},{"type":"Feature","id":4379,"geometry":null,"properties":{"abreviatura_destino_zona_sitp":"ALI","codigo_definitivo_ruta_zonal":"1-9","delega_ruta_zonal":2,"denominacion_ruta_zonal":"VILLAS DEL DORADO","destino_ruta_zonal":"VILLAS DEL DORADO","destino_zona_sitp":"ALIMENTADORA","fecha_implementacion_ruta_zonal":"23/06/2025","globalid":"{7CBD733E-03E0-4A27-86B3-1F1CCD5ADCDA}","localidad_destino_ruta_zonal":10,"localidad_origen_ruta_zonal":10,"longitud_ruta_zonal":6.3187690099999996,"objectid":4379,"operador_ruta_zonal":"ESTE ES MI BUS - CO","origen_ruta_zonal":"PORTAL 80","route_id_ruta_zonal":null,"route_name_ruta_zonal":"1-9a","tipo_operacion":"NORMAL","tipo_ruta_zonal":4,"tipo_servicio_ruta_zonal":1,"zona_destino_ruta_zonal":5,"zona_origen_ruta_zonal":4}},{"type":"Feature","id":4380,"geometry":null,"properties":{"abreviatura_destino_zona_sitp":"AAA","codigo_definitivo_ruta_zonal":"HA618","delega_ruta_zonal":1,"denominacion_ruta_zonal":"SANTO DOMINGO - GERMANIA","destino_ruta_zonal":"GERMANIA","destino_zona_sitp":"NEUTRA","fecha_implementacion_ruta_zonal":"10/12/2022","globalid":"{7E75D4F3-F56B-4C18-A877-E15D890ECBA3}","localidad_destino_ruta_zonal":3,"localidad_origen_ruta_zonal":19,"longitud_ruta_zonal":19.420626779999999,"objectid":4380,"operador_ruta_zonal":"ODT LA ROLITA","origen_ruta_zonal":"SANTO DOMINGO","route_id_ruta_zonal":635,"route_name_ruta_zonal":"A618-1","tipo_operacion":"NORMAL","tipo_ruta_zonal":3,"tipo_servicio_ruta_zonal":1,"zona_destino_ruta_zonal":0,"zona_origen_ruta_zonal":10}},{"type":"Feature","id":4381,"geometry":null,"properties":{"abreviatura_destino_zona_sitp":"HHH","codigo_definitivo_ruta_zonal":"GH545","delega_ruta_zonal":1,"denominacion_ruta_zonal":"CC VILLA DEL RIO - EL ENSUEÑO","destino_ruta_zonal":"El Ensueño","destino_zona_sitp":"PERDOMO","fecha_implementacion_ruta_zonal":"-","globalid":"{7EEA8564-A203-4684-B58C-B35E2AFBE62C}","localidad_destino_ruta_zonal":19,"localidad_origen_ruta_zonal":7,"longitud_ruta_zonal":2.6265118100000002,"objectid":4381,"operador_ruta_zonal":"Etib - Bo","origen_ruta_zonal":"CC Villa del Río","route_id_ruta_zonal":null,"route_name_ruta_zonal":"GH545-2","tipo_operacion":"NORMAL","tipo_ruta_zonal":3,"tipo_servicio_ruta_zonal":1,"zona_destino_ruta_zonal":10,"zona_origen_ruta_zonal":9}},{"type":"Feature","id":4382,"geometry":null,"properties":{"abreviatura_destino_zona_sitp":"COL","codigo_definitivo_ruta_zonal":"E16A","delega_ruta_zonal":1,"denominacion_ruta_zonal":"BOSA SAN JOSE - COLINA/CL153","destino_ruta_zonal":"COLINA/CL153","destino_zona_sitp":"COLINA","fecha_implementacion_ruta_zonal":"25/11/2019","globalid":"{7FC819E4-B3D8-44D8-AFB4-74AB4B6A1700}","localidad_destino_ruta_zonal":11,"localidad_origen_ruta_zonal":7,"longitud_ruta_zonal":28.351332579999998,"objectid":4382,"operador_ruta_zonal":"ETIB - BO","origen_ruta_zonal":"BOSA SAN JOSÉ","route_id_ruta_zonal":149,"route_name_ruta_zonal":"E16A-1","tipo_operacion":"NORMAL","tipo_ruta_zonal":3,"tipo_servicio_ruta_zonal":1,"zona_destino_ruta_zonal":2,"zona_origen_ruta_zonal":9}},{"type":"Feature","id":4384,"geometry":null,"properties":{"abreviatura_destino_zona_sitp":"USM","codigo_definitivo_ruta_zonal":"330","delega_ruta_zonal":1,"denominacion_ruta_zonal":"EL UVAL - LA ESTRELLITA","destino_ruta_zonal":"EL UVAL","destino_zona_sitp":"USME","fecha_implementacion_ruta_zonal":"13/04/2013","globalid":"{BF5E1729-E5CC-4D0E-A6C9-4461831EDE5D}","localidad_destino_ruta_zonal":1,"localidad_origen_ruta_zonal":5,"longitud_ruta_zonal":52.10268816,"objectid":4384,"operador_ruta_zonal":"CONSORCIO EXPRESS N","origen_ruta_zonal":"LA ESTRELLITA","route_id_ruta_zonal":256,"route_name_ruta_zonal":"330-2","tipo_operacion":"NORMAL","tipo_ruta_zonal":3,"tipo_servicio_ruta_zonal":1,"zona_destino_ruta_zonal":1,"zona_origen_ruta_zonal":12}},{"type":"Feature","id":4385,"geometry":null,"properties":{"abreviatura_destino_zona_sitp":"HHH","codigo_definitivo_ruta_zonal":"HK629","delega_ruta_zonal":1,"denominacion_ruta_zonal":"FONTIBON CENTRO - ARBORIZADORA ALTA","destino_ruta_zonal":"ARBORIZADORA ALTA","destino_zona_sitp":"USME/ CIUDAD BOLIVAR","fecha_implementacion_ruta_zonal":"4/03/2024","globalid":"{C66F740D-70E2-402C-AAF4-442303B9D1D2}","localidad_destino_ruta_zonal":9,"localidad_origen_ruta_zonal":19,"longitud_ruta_zonal":19.929481900000003,"objectid":4385,"operador_ruta_zonal":"ODT LA ROLITA","origen_ruta_zonal":"FONTIBON CENTRO","route_id_ruta_zonal":367,"route_name_ruta_zonal":"H629-2","tipo_operacion":"NORMAL","tipo_ruta_zonal":3,"tipo_servicio_ruta_zonal":1,"zona_destino_ruta_zonal":6,"zona_origen_ruta_zonal":11}},{"type":"Feature","id":4386,"geometry":null,"properties":{"abreviatura_destino_zona_sitp":"SCR","codigo_definitivo_ruta_zonal":"LA856","delega_ruta_zonal":1,"denominacion_ruta_zonal":"RICAURTE - TIHUAQUE","destino_ruta_zonal":"TIHUAQUE","destino_zona_sitp":"SAN CRISTOBAL","fecha_implementacion_ruta_zonal":"22/12/2012","globalid":"{D3E5985B-1393-429A-8E04-9EBC3A30A48A}","localidad_destino_ruta_zonal":14,"localidad_origen_ruta_zonal":5,"longitud_ruta_zonal":34.622168510000002,"objectid":4386,"operador_ruta_zonal":"CONSORCIO EXPRESS D","origen_ruta_zonal":"RICAURTE","route_id_ruta_zonal":87,"route_name_ruta_zonal":"LA856-3","tipo_operacion":"NORMAL","tipo_ruta_zonal":3,"tipo_servicio_ruta_zonal":1,"zona_destino_ruta_zonal":0,"zona_origen_ruta_zonal":13}},{"type":"Feature","id":4388,"geometry":null,"properties":{"abreviatura_destino_zona_sitp":"NOR","codigo_definitivo_ruta_zonal":"330","delega_ruta_zonal":1,"denominacion_ruta_zonal":"EL UVAL - LA ESTRELLITA","destino_ruta_zonal":"LA ESTRELLITA","destino_zona_sitp":"NORTE","fecha_implementacion_ruta_zonal":"13/04/2013","globalid":"{E1F60BF0-39CE-47B2-8DCB-CB14D87B8B75}","localidad_destino_ruta_zonal":1,"localidad_origen_ruta_zonal":5,"longitud_ruta_zonal":47.471202680000005,"objectid":4388,"operador_ruta_zonal":"CONSORCIO EXPRESS N","origen_ruta_zonal":"EL UVAL","route_id_ruta_zonal":null,"route_name_ruta_zonal":"330-1","tipo_operacion":"NORMAL","tipo_ruta_zonal":3,"tipo_servicio_ruta_zonal":1,"zona_destino_ruta_zonal":1,"zona_origen_ruta_zonal":12}},{"type":"Feature","id":4389,"geometry":null,"properties":{"abreviatura_destino_zona_sitp":"GGG","codigo_definitivo_ruta_zonal":"GG514","delega_ruta_zonal":1,"denominacion_ruta_zonal":"SAN JOSE - PORTAL SUR","destino_ruta_zonal":"SAN JOSE","destino_zona_sitp":"BOSA","fecha_implementacion_ruta_zonal":"11/08/2025","globalid":"{17AE86A7-9A54-40E9-8A90-3DEC20741539}","localidad_destino_ruta_zonal":7,"localidad_origen_ruta_zonal":7,"longitud_ruta_zonal":5.89366448,"objectid":4389,"operador_ruta_zonal":"ETIB - BO","origen_ruta_zonal":"PORTAL SUR","route_id_ruta_zonal":null,"route_name_ruta_zonal":"G514-1","tipo_operacion":"NORMAL","tipo_ruta_zonal":4,"tipo_servicio_ruta_zonal":1,"zona_destino_ruta_zonal":9,"zona_origen_ruta_zonal":9}},{"type":"Feature","id":4390,"geometry":null,"properties":{"abreviatura_destino_zona_sitp":"CBO","codigo_definitivo_ruta_zonal":"624","delega_ruta_zonal":1,"denominacion_ruta_zonal":"20 DE JULIO - VERBENAL DEL SUR","destino_ruta_zonal":"VERBENAL DEL SUR","destino_zona_sitp":"CIUDAD BOLIVAR","fecha_implementacion_ruta_zonal":"29/03/2021","globalid":"{19E7694F-6B62-4505-BE4F-7CCC719ECBB4}","localidad_destino_ruta_zonal":18,"localidad_origen_ruta_zonal":19,"longitud_ruta_zonal":14.340204269999999,"objectid":4390,"operador_ruta_zonal":"SUMA - BC","origen_ruta_zonal":"20 DE JULIO","route_id_ruta_zonal":113,"route_name_ruta_zonal":"624-2","tipo_operacion":"NORMAL","tipo_ruta_zonal":3,"tipo_servicio_ruta_zonal":1,"zona_destino_ruta_zonal":11,"zona_origen_ruta_zonal":12}},{"type":"Feature","id":4392,"geometry":null,"properties":{"abreviatura_destino_zona_sitp":"URB","codigo_definitivo_ruta_zonal":"CA164","delega_ruta_zonal":1,"denominacion_ruta_zonal":"SUBA TIBABUYES - PORCIÚNCULA","destino_ruta_zonal":"Porciúncula","destino_zona_sitp":null,"fecha_implementacion_ruta_zonal":"-","globalid":"{ADD65684-A3CF-4D11-85DC-287142C26792}","localidad_destino_ruta_zonal":3,"localidad_origen_ruta_zonal":11,"longitud_ruta_zonal":24.637120400000001,"objectid":4392,"operador_ruta_zonal":"EMASIVO 10","origen_ruta_zonal":"Suba Tibabuyes","route_id_ruta_zonal":null,"route_name_ruta_zonal":"A164-1","tipo_operacion":"NORMAL","tipo_ruta_zonal":3,"tipo_servicio_ruta_zonal":4,"zona_destino_ruta_zonal":0,"zona_origen_ruta_zonal":3}},{"type":"Feature","id":4393,"geometry":null,"properties":{"abreviatura_destino_zona_sitp":"UBR","codigo_definitivo_ruta_zonal":"CA164","delega_ruta_zonal":1,"denominacion_ruta_zonal":"SUBA TIBABUYES - PORCIÚNCULA","destino_ruta_zonal":"Suba Tibabuyes","destino_zona_sitp":null,"fecha_implementacion_ruta_zonal":"-","globalid":"{C97702B7-BF09-4926-AFC2-753B19DBF2BB}","localidad_destino_ruta_zonal":11,"localidad_origen_ruta_zonal":3,"longitud_ruta_zonal":23.20586398,"objectid":4393,"operador_ruta_zonal":"EMASIVO 10","origen_ruta_zonal":"Porciúncula","route_id_ruta_zonal":null,"route_name_ruta_zonal":"C164-2","tipo_operacion":"NORMAL","tipo_ruta_zonal":3,"tipo_servicio_ruta_zonal":4,"zona_destino_ruta_zonal":3,"zona_origen_ruta_zonal":0}},{"type":"Feature","id":4394,"geometry":null,"properties":{"abreviatura_destino_zona_sitp":"SCR","codigo_definitivo_ruta_zonal":"624","delega_ruta_zonal":1,"denominacion_ruta_zonal":"20 DE JULIO - VERBENAL DEL SUR","destino_ruta_zonal":"20 DE JULIO","destino_zona_sitp":"SAN CRISTOBAL","fecha_implementacion_ruta_zonal":"29/03/2021","globalid":"{CAC9700E-BDD5-4551-892E-1EBDCD7011C7}","localidad_destino_ruta_zonal":18,"localidad_origen_ruta_zonal":19,"longitud_ruta_zonal":17.404984880000001,"objectid":4394,"operador_ruta_zonal":"SUMA - BC","origen_ruta_zonal":"VERBENAL DEL SUR","route_id_ruta_zonal":250,"route_name_ruta_zonal":"624-1","tipo_operacion":"NORMAL","tipo_ruta_zonal":3,"tipo_servicio_ruta_zonal":1,"zona_destino_ruta_zonal":11,"zona_origen_ruta_zonal":12}},{"type":"Feature","id":4395,"geometry":null,"properties":{"abreviatura_destino_zona_sitp":"URB","codigo_definitivo_ruta_zonal":"CB165","delega_ruta_zonal":1,"denominacion_ruta_zonal":"SUBA RINCÓN - UNICENTRO","destino_ruta_zonal":"Unicentro","destino_zona_sitp":null,"fecha_implementacion_ruta_zonal":"-","globalid":"{DB47CA4F-1B2E-4D91-8B8D-79F58F9024CA}","localidad_destino_ruta_zonal":1,"localidad_origen_ruta_zonal":11,"longitud_ruta_zonal":18.359719219999999,"objectid":4395,"operador_ruta_zonal":"MASIVO CAPITAL","origen_ruta_zonal":"Suba Rincón","route_id_ruta_zonal":null,"route_name_ruta_zonal":"CB165-3","tipo_operacion":"NORMAL","tipo_ruta_zonal":3,"tipo_servicio_ruta_zonal":4,"zona_destino_ruta_zonal":1,"zona_origen_ruta_zonal":3}},{"type":"Feature","id":4396,"geometry":null,"properties":{"abreviatura_destino_zona_sitp":"GGG","codigo_definitivo_ruta_zonal":"GG514","delega_ruta_zonal":1,"denominacion_ruta_zonal":"SAN JOSE - PORTAL SUR","destino_ruta_zonal":"PORTAL SUR","destino_zona_sitp":"BOSA","fecha_implementacion_ruta_zonal":"11/08/2025","globalid":"{F1F24123-FACE-4EA1-B170-727B29C61382}","localidad_destino_ruta_zonal":7,"localidad_origen_ruta_zonal":7,"longitud_ruta_zonal":5.9647723899999994,"objectid":4396,"operador_ruta_zonal":"ETIB - BO","origen_ruta_zonal":"SAN JOSE","route_id_ruta_zonal":null,"route_name_ruta_zonal":"G514-2","tipo_operacion":"NORMAL","tipo_ruta_zonal":4,"tipo_servicio_ruta_zonal":1,"zona_destino_ruta_zonal":9,"zona_origen_ruta_zonal":9}},{"type":"Feature","id":4398,"geometry":null,"properties":{"abreviatura_destino_zona_sitp":"CCC","codigo_definitivo_ruta_zonal":"CA134","delega_ruta_zonal":1,"denominacion_ruta_zonal":"TIBABUYES - PQ. CENTRAL BAVARIA","destino_ruta_zonal":"TIBABUYES","destino_zona_sitp":"SUBA","fecha_implementacion_ruta_zonal":"23/07/2022","globalid":"{01CCD496-6D96-44C7-A35E-A6E1DCB1DCDF}","localidad_destino_ruta_zonal":3,"localidad_origen_ruta_zonal":11,"longitud_ruta_zonal":22.841869429999999,"objectid":4398,"operador_ruta_zonal":"EMASIVO 16","origen_ruta_zonal":"PQ. CENTRAL BAVARIA","route_id_ruta_zonal":332,"route_name_ruta_zonal":"C134-2","tipo_operacion":"NORMAL","tipo_ruta_zonal":3,"tipo_servicio_ruta_zonal":1,"zona_destino_ruta_zonal":0,"zona_origen_ruta_zonal":3}},{"type":"Feature","id":4399,"geometry":null,"properties":{"abreviatura_destino_zona_sitp":null,"codigo_definitivo_ruta_zonal":"GF546","delega_ruta_zonal":1,"denominacion_ruta_zonal":"LA MARLENE - PORTAL AMERICAS","destino_ruta_zonal":"PORTAL AMERICAS","destino_zona_sitp":null,"fecha_implementacion_ruta_zonal":"-","globalid":"{76E39409-CF6F-4C51-8118-B52E1E82BAD3}","localidad_destino_ruta_zonal":8,"localidad_origen_ruta_zonal":7,"longitud_ruta_zonal":13.049290430000001,"objectid":4399,"operador_ruta_zonal":"MASIVO CAPITAL - KE","origen_ruta_zonal":"LA MARLENE","route_id_ruta_zonal":null,"route_name_ruta_zonal":"GF546-3","tipo_operacion":"NORMAL","tipo_ruta_zonal":3,"tipo_servicio_ruta_zonal":1,"zona_destino_ruta_zonal":8,"zona_origen_ruta_zonal":9}},{"type":"Feature","id":4400,"geometry":null,"properties":{"abreviatura_destino_zona_sitp":"HHH","codigo_definitivo_ruta_zonal":"HH719","delega_ruta_zonal":1,"denominacion_ruta_zonal":"EL DESTINO","destino_ruta_zonal":"EL DESTINO","destino_zona_sitp":"USME/ CIUDAD BOLIVAR","fecha_implementacion_ruta_zonal":"20/02/2024","globalid":"{7A0A6669-03E1-40F6-89BA-18DDE8C42998}","localidad_destino_ruta_zonal":5,"localidad_origen_ruta_zonal":5,"longitud_ruta_zonal":30.355927049999998,"objectid":4400,"operador_ruta_zonal":"MUEVE USME","origen_ruta_zonal":"USME CENTRO","route_id_ruta_zonal":500,"route_name_ruta_zonal":"H719-3","tipo_operacion":"NORMAL","tipo_ruta_zonal":3,"tipo_servicio_ruta_zonal":1,"zona_destino_ruta_zonal":12,"zona_origen_ruta_zonal":12}},{"type":"Feature","id":4401,"geometry":null,"properties":{"abreviatura_destino_zona_sitp":"GGG","codigo_definitivo_ruta_zonal":"GH529","delega_ruta_zonal":1,"denominacion_ruta_zonal":"DIANA TURBAY - EL RECREO","destino_ruta_zonal":"EL RECREO","destino_zona_sitp":"BOSA","fecha_implementacion_ruta_zonal":"31/10/2022","globalid":"{7B02243E-87DC-4318-B84A-F0FCA6014233}","localidad_destino_ruta_zonal":18,"localidad_origen_ruta_zonal":7,"longitud_ruta_zonal":26.645570549999999,"objectid":4401,"operador_ruta_zonal":"MASIVO CAPITAL - KE","origen_ruta_zonal":"DIANA TURBAY","route_id_ruta_zonal":614,"route_name_ruta_zonal":"G529-2","tipo_operacion":"NORMAL","tipo_ruta_zonal":3,"tipo_servicio_ruta_zonal":1,"zona_destino_ruta_zonal":12,"zona_origen_ruta_zonal":8}},{"type":"Feature","id":4402,"geometry":null,"properties":{"abreviatura_destino_zona_sitp":"USM","codigo_definitivo_ruta_zonal":"HH737","delega_ruta_zonal":1,"denominacion_ruta_zonal":"BOLONIA - PORTAL USME","destino_ruta_zonal":"PORTAL USME","destino_zona_sitp":"USME","fecha_implementacion_ruta_zonal":"22/12/2025","globalid":"{7F541BD5-395C-4386-AF7E-9526C3E91922}","localidad_destino_ruta_zonal":5,"localidad_origen_ruta_zonal":5,"longitud_ruta_zonal":9.7943759400000001,"objectid":4402,"operador_ruta_zonal":"USME ZN II","origen_ruta_zonal":"BOLONIA","route_id_ruta_zonal":null,"route_name_ruta_zonal":"HH737-3","tipo_operacion":"NORMAL","tipo_ruta_zonal":3,"tipo_servicio_ruta_zonal":1,"zona_destino_ruta_zonal":12,"zona_origen_ruta_zonal":12}},{"type":"Feature","id":4403,"geometry":null,"properties":{"abreviatura_destino_zona_sitp":"LLL","codigo_definitivo_ruta_zonal":"LL819","delega_ruta_zonal":1,"denominacion_ruta_zonal":"PORTAL 20 DE JULIO","destino_ruta_zonal":"-","destino_zona_sitp":"SAN CRISTOBAL","fecha_implementacion_ruta_zonal":"04/08/2025","globalid":"{EE5CD616-C089-40DB-99EE-CB6A4A90A8C8}","localidad_destino_ruta_zonal":4,"localidad_origen_ruta_zonal":4,"longitud_ruta_zonal":5.8510820299999997,"objectid":4403,"operador_ruta_zonal":"CONSORCIO EXPRESS D","origen_ruta_zonal":"PORTAL 20 DE JULIO","route_id_ruta_zonal":520,"route_name_ruta_zonal":"L819-3","tipo_operacion":"NORMAL","tipo_ruta_zonal":3,"tipo_servicio_ruta_zonal":1,"zona_destino_ruta_zonal":13,"zona_origen_ruta_zonal":13}},{"type":"Feature","id":4404,"geometry":null,"properties":{"abreviatura_destino_zona_sitp":"AAA","codigo_definitivo_ruta_zonal":"CA134","delega_ruta_zonal":1,"denominacion_ruta_zonal":"TIBABUYES - PQ. CENTRAL BAVARIA","destino_ruta_zonal":"PQ. CENTRAL BAVARIA","destino_zona_sitp":"NEUTRA","fecha_implementacion_ruta_zonal":"23/07/2022","globalid":"{EECC5993-6EBB-44E2-8B60-719C4EB50917}","localidad_destino_ruta_zonal":3,"localidad_origen_ruta_zonal":11,"longitud_ruta_zonal":24.204180900000001,"objectid":4404,"operador_ruta_zonal":"EMASIVO 16","origen_ruta_zonal":"TIBABUYES","route_id_ruta_zonal":331,"route_name_ruta_zonal":"A134-1","tipo_operacion":"NORMAL","tipo_ruta_zonal":3,"tipo_servicio_ruta_zonal":1,"zona_destino_ruta_zonal":0,"zona_origen_ruta_zonal":3}},{"type":"Feature","id":4405,"geometry":null,"properties":{"abreviatura_destino_zona_sitp":"HHH","codigo_definitivo_ruta_zonal":"GH529","delega_ruta_zonal":1,"denominacion_ruta_zonal":"DIANA TURBAY - EL RECREO","destino_ruta_zonal":"DIANA TURBAY","destino_zona_sitp":"USME/ CIUDAD BOLIVAR","fecha_implementacion_ruta_zonal":"31/10/2022","globalid":"{F93CF225-7DB3-4732-91DA-66CF87599E04}","localidad_destino_ruta_zonal":18,"localidad_origen_ruta_zonal":7,"longitud_ruta_zonal":25.53807948,"objectid":4405,"operador_ruta_zonal":"MASIVO CAPITAL - KE","origen_ruta_zonal":"EL RECREO","route_id_ruta_zonal":613,"route_name_ruta_zonal":"H529-1","tipo_operacion":"NORMAL","tipo_ruta_zonal":3,"tipo_servicio_ruta_zonal":1,"zona_destino_ruta_zonal":12,"zona_origen_ruta_zonal":8}},{"type":"Feature","id":4406,"geometry":null,"properties":{"abreviatura_destino_zona_sitp":"KKK","codigo_definitivo_ruta_zonal":"DK211","delega_ruta_zonal":1,"denominacion_ruta_zonal":"GRAN GRANADA - SALITRE EL GRECO","destino_ruta_zonal":"GRAN GRANADA","destino_zona_sitp":"CALLE 26","fecha_implementacion_ruta_zonal":"18/07/2022","globalid":"{12AD6A83-E83C-4325-86FF-AE2A7F035085}","localidad_destino_ruta_zonal":13,"localidad_origen_ruta_zonal":10,"longitud_ruta_zonal":28.518659100000001,"objectid":4406,"operador_ruta_zonal":"ESTE ES MI BUS - CO","origen_ruta_zonal":"SALITRE EL GRECO","route_id_ruta_zonal":null,"route_name_ruta_zonal":"DK211-3","tipo_operacion":"NORMAL","tipo_ruta_zonal":3,"tipo_servicio_ruta_zonal":1,"zona_destino_ruta_zonal":6,"zona_origen_ruta_zonal":5}},{"type":"Feature","id":4407,"geometry":null,"properties":{"abreviatura_destino_zona_sitp":"AAA","codigo_definitivo_ruta_zonal":"DA213","delega_ruta_zonal":1,"denominacion_ruta_zonal":"VILLA TERESITA - GALERÍAS","destino_ruta_zonal":"GALERÍAS","destino_zona_sitp":"NEUTRA","fecha_implementacion_ruta_zonal":"26/09/2022","globalid":"{3952A68E-925A-4A49-8EEB-00F291AF7095}","localidad_destino_ruta_zonal":13,"localidad_origen_ruta_zonal":10,"longitud_ruta_zonal":32.660290780000004,"objectid":4407,"operador_ruta_zonal":"GMOVIL - E","origen_ruta_zonal":"VILLA  TERESITA","route_id_ruta_zonal":487,"route_name_ruta_zonal":"DA213-3","tipo_operacion":"NORMAL","tipo_ruta_zonal":3,"tipo_servicio_ruta_zonal":1,"zona_destino_ruta_zonal":0,"zona_origen_ruta_zonal":0}},{"type":"Feature","id":4409,"geometry":null,"properties":{"abreviatura_destino_zona_sitp":"ALI","codigo_definitivo_ruta_zonal":"16-2","delega_ruta_zonal":1,"denominacion_ruta_zonal":"ENGATIVA CENTRO","destino_ruta_zonal":"ENGATIVÁ CENTRO","destino_zona_sitp":"ALIMENTADORA","fecha_implementacion_ruta_zonal":"-","globalid":"{5284387B-A43E-4966-8E04-F64C271CD658}","localidad_destino_ruta_zonal":10,"localidad_origen_ruta_zonal":9,"longitud_ruta_zonal":12.875401310000001,"objectid":4409,"operador_ruta_zonal":"GMOVIL - E","origen_ruta_zonal":"PORTAL EL DORADO","route_id_ruta_zonal":423,"route_name_ruta_zonal":"16-2a","tipo_operacion":"NORMAL","tipo_ruta_zonal":4,"tipo_servicio_ruta_zonal":1,"zona_destino_ruta_zonal":5,"zona_origen_ruta_zonal":5}},{"type":"Feature","id":4410,"geometry":null,"properties":{"abreviatura_destino_zona_sitp":"KKK","codigo_definitivo_ruta_zonal":"LK812","delega_ruta_zonal":1,"denominacion_ruta_zonal":"VILLA DEL CERRO - FONTIBON BRISAS","destino_ruta_zonal":"FONTIBÓN BRISAS","destino_zona_sitp":"CALLE 26","fecha_implementacion_ruta_zonal":"29/11/2021","globalid":"{65B45F95-E156-4BDD-A23F-CA31E7B0A885}","localidad_destino_ruta_zonal":4,"localidad_origen_ruta_zonal":9,"longitud_ruta_zonal":19.647650949999999,"objectid":4410,"operador_ruta_zonal":"CONSORCIO EXPRESS D","origen_ruta_zonal":"VILLA DEL CERRO","route_id_ruta_zonal":368,"route_name_ruta_zonal":"K812-1","tipo_operacion":"NORMAL","tipo_ruta_zonal":3,"tipo_servicio_ruta_zonal":1,"zona_destino_ruta_zonal":13,"zona_origen_ruta_zonal":6}},{"type":"Feature","id":4411,"geometry":null,"properties":{"abreviatura_destino_zona_sitp":"CEN","codigo_definitivo_ruta_zonal":"142","delega_ruta_zonal":1,"denominacion_ruta_zonal":"ENGATIVÁ - CENTRO","destino_ruta_zonal":"CENTRO","destino_zona_sitp":"CENTRO","fecha_implementacion_ruta_zonal":"31/05/2013","globalid":"{69C67C89-EFAC-41DD-8D53-7EEA325B9907}","localidad_destino_ruta_zonal":14,"localidad_origen_ruta_zonal":10,"longitud_ruta_zonal":36.653719989999999,"objectid":4411,"operador_ruta_zonal":"GMOVIL - E","origen_ruta_zonal":"ENGATIVÁ","route_id_ruta_zonal":178,"route_name_ruta_zonal":"142-3","tipo_operacion":"NORMAL","tipo_ruta_zonal":3,"tipo_servicio_ruta_zonal":1,"zona_destino_ruta_zonal":0,"zona_origen_ruta_zonal":5}},{"type":"Feature","id":4413,"geometry":null,"properties":{"abreviatura_destino_zona_sitp":"CCC","codigo_definitivo_ruta_zonal":"CG147","delega_ruta_zonal":1,"denominacion_ruta_zonal":"BILBAO - METROVIVIENDA","destino_ruta_zonal":"BILBAO","destino_zona_sitp":"SUBA","fecha_implementacion_ruta_zonal":"15/01/2023","globalid":"{7FF5EEFB-8063-4AA2-9BA1-7BB4E34611E4}","localidad_destino_ruta_zonal":7,"localidad_origen_ruta_zonal":11,"longitud_ruta_zonal":32.090850280000005,"objectid":4413,"operador_ruta_zonal":"EMASIVO 10","origen_ruta_zonal":"METROVIVIENDA","route_id_ruta_zonal":654,"route_name_ruta_zonal":"C147-2","tipo_operacion":"NORMAL","tipo_ruta_zonal":3,"tipo_servicio_ruta_zonal":1,"zona_destino_ruta_zonal":8,"zona_origen_ruta_zonal":3}},{"type":"Feature","id":4414,"geometry":null,"properties":{"abreviatura_destino_zona_sitp":"ENG","codigo_definitivo_ruta_zonal":"442","delega_ruta_zonal":1,"denominacion_ruta_zonal":"MIRANDELA - VILLA GLADYS","destino_ruta_zonal":"VILLA GLADYS","destino_zona_sitp":"ENGATIVA","fecha_implementacion_ruta_zonal":"7/09/2020","globalid":"{8F4245D6-425B-4B65-8DC3-A958FFDAFCEB}","localidad_destino_ruta_zonal":10,"localidad_origen_ruta_zonal":11,"longitud_ruta_zonal":52.671666930000001,"objectid":4414,"operador_ruta_zonal":"CONSORCIO EXPRESS N","origen_ruta_zonal":"MIRANDELA","route_id_ruta_zonal":120,"route_name_ruta_zonal":"442-3","tipo_operacion":"NORMAL","tipo_ruta_zonal":3,"tipo_servicio_ruta_zonal":1,"zona_destino_ruta_zonal":5,"zona_origen_ruta_zonal":2}},{"type":"Feature","id":4415,"geometry":null,"properties":{"abreviatura_destino_zona_sitp":"CEN","codigo_definitivo_ruta_zonal":"120","delega_ruta_zonal":1,"denominacion_ruta_zonal":"BOSA SAN DIEGO - EGIPTO","destino_ruta_zonal":"EGIPTO","destino_zona_sitp":"CENTRO","fecha_implementacion_ruta_zonal":"5/11/2024","globalid":"{9D0E5237-255C-4D2F-A29C-040E37B5AE76}","localidad_destino_ruta_zonal":3,"localidad_origen_ruta_zonal":7,"longitud_ruta_zonal":55.126407309999998,"objectid":4415,"operador_ruta_zonal":"ETIB - BO","origen_ruta_zonal":"BOSA SAN DIEGO","route_id_ruta_zonal":108,"route_name_ruta_zonal":"120-3","tipo_operacion":"NORMAL","tipo_ruta_zonal":3,"tipo_servicio_ruta_zonal":1,"zona_destino_ruta_zonal":0,"zona_origen_ruta_zonal":9}},{"type":"Feature","id":4416,"geometry":null,"properties":{"abreviatura_destino_zona_sitp":"LLL","codigo_definitivo_ruta_zonal":"LK812","delega_ruta_zonal":1,"denominacion_ruta_zonal":"VILLA DEL CERRO - FONTIBON BRISAS","destino_ruta_zonal":"VILLA DEL CERRO","destino_zona_sitp":"SAN CRISTOBAL","fecha_implementacion_ruta_zonal":"5/11/2024","globalid":"{A48C5C74-6775-495A-BF93-3DAF1E2FF1C7}","localidad_destino_ruta_zonal":4,"localidad_origen_ruta_zonal":9,"longitud_ruta_zonal":17.926221480000002,"objectid":4416,"operador_ruta_zonal":"CONSORCIO EXPRESS D","origen_ruta_zonal":"FONTIBÓN BRISAS","route_id_ruta_zonal":369,"route_name_ruta_zonal":"L812-2","tipo_operacion":"NORMAL","tipo_ruta_zonal":3,"tipo_servicio_ruta_zonal":1,"zona_destino_ruta_zonal":13,"zona_origen_ruta_zonal":6}},{"type":"Feature","id":4417,"geometry":null,"properties":{"abreviatura_destino_zona_sitp":"CEN","codigo_definitivo_ruta_zonal":"C29","delega_ruta_zonal":1,"denominacion_ruta_zonal":"BOSA SAN DIEGO - CENTRO","destino_ruta_zonal":"CENTRO","destino_zona_sitp":"CENTRO","fecha_implementacion_ruta_zonal":"30/10/2013","globalid":"{C6DB9C91-E31D-48C6-ACA1-AC15DCA8F09E}","localidad_destino_ruta_zonal":3,"localidad_origen_ruta_zonal":7,"longitud_ruta_zonal":23.156348310000002,"objectid":4417,"operador_ruta_zonal":"ETIB - BO","origen_ruta_zonal":"BOSA SAN DIEGO","route_id_ruta_zonal":143,"route_name_ruta_zonal":"C29-1","tipo_operacion":"NORMAL","tipo_ruta_zonal":3,"tipo_servicio_ruta_zonal":1,"zona_destino_ruta_zonal":0,"zona_origen_ruta_zonal":9}},{"type":"Feature","id":4418,"geometry":null,"properties":{"abreviatura_destino_zona_sitp":"USA","codigo_definitivo_ruta_zonal":"DB217","delega_ruta_zonal":1,"denominacion_ruta_zonal":"SABANA DEL DORADO - UNICENTRO","destino_ruta_zonal":"UNICENTRO","destino_zona_sitp":"USAQUEN","fecha_implementacion_ruta_zonal":"20/08/2024","globalid":"{DB12C11C-412D-4DF0-84C9-834C14044391}","localidad_destino_ruta_zonal":1,"localidad_origen_ruta_zonal":10,"longitud_ruta_zonal":39.60680662,"objectid":4418,"operador_ruta_zonal":"CONSORCIO EXPRESS N","origen_ruta_zonal":"SABANA DEL DORADO","route_id_ruta_zonal":695,"route_name_ruta_zonal":"DB217-3","tipo_operacion":"NORMAL","tipo_ruta_zonal":3,"tipo_servicio_ruta_zonal":1,"zona_destino_ruta_zonal":1,"zona_origen_ruta_zonal":5}},{"type":"Feature","id":4419,"geometry":null,"properties":{"abreviatura_destino_zona_sitp":"GGG","codigo_definitivo_ruta_zonal":"CG147","delega_ruta_zonal":1,"denominacion_ruta_zonal":"BILBAO - METROVIVIENDA","destino_ruta_zonal":"METROVIVIENDA","destino_zona_sitp":"BOSA","fecha_implementacion_ruta_zonal":"31/05/2025","globalid":"{EE55E612-A6E8-4C68-BB3B-CAB0C4FC1C26}","localidad_destino_ruta_zonal":7,"localidad_origen_ruta_zonal":11,"longitud_ruta_zonal":36.13958324,"objectid":4419,"operador_ruta_zonal":"EMASIVO 10","origen_ruta_zonal":"BILBAO","route_id_ruta_zonal":4403,"route_name_ruta_zonal":"G147-1","tipo_operacion":"NORMAL","tipo_ruta_zonal":3,"tipo_servicio_ruta_zonal":1,"zona_destino_ruta_zonal":8,"zona_origen_ruta_zonal":3}},{"type":"Feature","id":4420,"geometry":null,"properties":{"abreviatura_destino_zona_sitp":"BOS","codigo_definitivo_ruta_zonal":"C29","delega_ruta_zonal":1,"denominacion_ruta_zonal":"BOSA SAN DIEGO - CENTRO","destino_ruta_zonal":"BOSA SAN DIEGO","destino_zona_sitp":"BOSA","fecha_implementacion_ruta_zonal":"30/10/2013","globalid":"{F9CC7EFA-AA8E-4AF1-B613-6DA054283FAE}","localidad_destino_ruta_zonal":3,"localidad_origen_ruta_zonal":7,"longitud_ruta_zonal":21.545406320000001,"objectid":4420,"operador_ruta_zonal":"ETIB - BO","origen_ruta_zonal":"CENTRO","route_id_ruta_zonal":141,"route_name_ruta_zonal":"C29-2","tipo_operacion":"NORMAL","tipo_ruta_zonal":3,"tipo_servicio_ruta_zonal":1,"zona_destino_ruta_zonal":0,"zona_origen_ruta_zonal":9}},{"type":"Feature","id":4421,"geometry":null,"properties":{"abreviatura_destino_zona_sitp":"ALI","codigo_definitivo_ruta_zonal":"16-6","delega_ruta_zonal":1,"denominacion_ruta_zonal":"LA FAENA","destino_ruta_zonal":"LA FAENA","destino_zona_sitp":"ALIMENTADORA","fecha_implementacion_ruta_zonal":"-","globalid":"{F9EDF458-0A0A-4D43-AAF3-7995E0B7522D}","localidad_destino_ruta_zonal":10,"localidad_origen_ruta_zonal":9,"longitud_ruta_zonal":14.53006922,"objectid":4421,"operador_ruta_zonal":"GMOVIL - E","origen_ruta_zonal":"PORTAL EL DORADO","route_id_ruta_zonal":173,"route_name_ruta_zonal":"16-6a","tipo_operacion":"NORMAL","tipo_ruta_zonal":4,"tipo_servicio_ruta_zonal":1,"zona_destino_ruta_zonal":5,"zona_origen_ruta_zonal":5}},{"type":"Feature","id":4422,"geometry":null,"properties":{"abreviatura_destino_zona_sitp":"PBO","codigo_definitivo_ruta_zonal":"T30B","delega_ruta_zonal":1,"denominacion_ruta_zonal":"PATIO BONITO - TIHUAQUE","destino_ruta_zonal":"PATIO BONITO","destino_zona_sitp":"PATIO BONITO","fecha_implementacion_ruta_zonal":"28/10/2024","globalid":"{026174F7-5CFF-4FDD-9EBC-BC745F4D53B5}","localidad_destino_ruta_zonal":8,"localidad_origen_ruta_zonal":5,"longitud_ruta_zonal":25.874012389999997,"objectid":4422,"operador_ruta_zonal":"CONSORCIO EXPRESS D","origen_ruta_zonal":"TIHUAQUE","route_id_ruta_zonal":577,"route_name_ruta_zonal":"T30B-2","tipo_operacion":"NORMAL","tipo_ruta_zonal":3,"tipo_servicio_ruta_zonal":1,"zona_destino_ruta_zonal":8,"zona_origen_ruta_zonal":13}},{"type":"Feature","id":4423,"geometry":null,"properties":{"abreviatura_destino_zona_sitp":"LLL","codigo_definitivo_ruta_zonal":"KL307","delega_ruta_zonal":1,"denominacion_ruta_zonal":"EL RECODO - LA CASTALA","destino_ruta_zonal":"EL RECODO","destino_zona_sitp":"SAN CRISTOBAL","fecha_implementacion_ruta_zonal":"15/01/2023","globalid":"{0487BD2D-7FD4-46D1-B0E9-6130FDE3A5D3}","localidad_destino_ruta_zonal":9,"localidad_origen_ruta_zonal":4,"longitud_ruta_zonal":46.381443050000001,"objectid":4423,"operador_ruta_zonal":"GMOVIL - E","origen_ruta_zonal":"LA CASTAÑA","route_id_ruta_zonal":279,"route_name_ruta_zonal":"K307-2","tipo_operacion":"NORMAL","tipo_ruta_zonal":3,"tipo_servicio_ruta_zonal":1,"zona_destino_ruta_zonal":6,"zona_origen_ruta_zonal":13}},{"type":"Feature","id":4424,"geometry":null,"properties":{"abreviatura_destino_zona_sitp":"CCC","codigo_definitivo_ruta_zonal":"CG157","delega_ruta_zonal":1,"denominacion_ruta_zonal":"SUBA CORPAS - EL RECREO","destino_ruta_zonal":"SUBA CORPAS","destino_zona_sitp":"SUBA","fecha_implementacion_ruta_zonal":"19/10/2021","globalid":"{06B06E83-DA99-4EA4-AF16-2FD73CC1F618}","localidad_destino_ruta_zonal":7,"localidad_origen_ruta_zonal":11,"longitud_ruta_zonal":26.685143099999998,"objectid":4424,"operador_ruta_zonal":"MASIVO CAPITAL - KE","origen_ruta_zonal":"EL RECREO","route_id_ruta_zonal":651,"route_name_ruta_zonal":"C157-1","tipo_operacion":"NORMAL","tipo_ruta_zonal":3,"tipo_servicio_ruta_zonal":1,"zona_destino_ruta_zonal":8,"zona_origen_ruta_zonal":3}},{"type":"Feature","id":4425,"geometry":null,"properties":{"abreviatura_destino_zona_sitp":"AAA","codigo_definitivo_ruta_zonal":"FA410","delega_ruta_zonal":1,"denominacion_ruta_zonal":"TIERRA BUENA - CHICÓ NORTE","destino_ruta_zonal":"CHICÓ NORTE","destino_zona_sitp":"NEUTRA","fecha_implementacion_ruta_zonal":"12/11/2024","globalid":"{0B56CF83-2E6C-43B6-9444-1EDE91142AAF}","localidad_destino_ruta_zonal":2,"localidad_origen_ruta_zonal":8,"longitud_ruta_zonal":24.35717799,"objectid":4425,"operador_ruta_zonal":"MASIVO CAPITAL - KE","origen_ruta_zonal":"TIERRA BUENA","route_id_ruta_zonal":3,"route_name_ruta_zonal":"A410-2","tipo_operacion":"NORMAL","tipo_ruta_zonal":3,"tipo_servicio_ruta_zonal":1,"zona_destino_ruta_zonal":0,"zona_origen_ruta_zonal":8}},{"type":"Feature","id":4426,"geometry":null,"properties":{"abreviatura_destino_zona_sitp":"CEN","codigo_definitivo_ruta_zonal":"HA680","delega_ruta_zonal":1,"denominacion_ruta_zonal":"ISLA DEL SOL - LAS AGUAS","destino_ruta_zonal":"LAS AGUAS","destino_zona_sitp":"CENTRO","fecha_implementacion_ruta_zonal":"19/12/2022","globalid":"{0BCE3526-AD27-4FE3-877E-E656B4528DCB}","localidad_destino_ruta_zonal":3,"localidad_origen_ruta_zonal":6,"longitud_ruta_zonal":50.074436179999999,"objectid":4426,"operador_ruta_zonal":"ETIB - BO","origen_ruta_zonal":"ISLA DEL SOL","route_id_ruta_zonal":10674,"route_name_ruta_zonal":"HA680-3_PM","tipo_operacion":"NOCTURNO","tipo_ruta_zonal":3,"tipo_servicio_ruta_zonal":1,"zona_destino_ruta_zonal":0,"zona_origen_ruta_zonal":10}},{"type":"Feature","id":4427,"geometry":null,"properties":{"abreviatura_destino_zona_sitp":"USM","codigo_definitivo_ruta_zonal":"953","delega_ruta_zonal":1,"denominacion_ruta_zonal":"TIERRA BUENA - LA FISCALA ALTA","destino_ruta_zonal":"LA FISCALA ALTA","destino_zona_sitp":"USME","fecha_implementacion_ruta_zonal":"1/04/2014","globalid":"{0E0C9A2F-F40C-4F10-90D3-AD1D005D8CEB}","localidad_destino_ruta_zonal":5,"localidad_origen_ruta_zonal":8,"longitud_ruta_zonal":21.921188579999999,"objectid":4427,"operador_ruta_zonal":"MASIVO CAPITAL - KE","origen_ruta_zonal":"TIERRA BUENA","route_id_ruta_zonal":561,"route_name_ruta_zonal":"953-1","tipo_operacion":"NORMAL","tipo_ruta_zonal":3,"tipo_servicio_ruta_zonal":1,"zona_destino_ruta_zonal":12,"zona_origen_ruta_zonal":8}},{"type":"Feature","id":4428,"geometry":null,"properties":{"abreviatura_destino_zona_sitp":"SCR","codigo_definitivo_ruta_zonal":"7","delega_ruta_zonal":1,"denominacion_ruta_zonal":"CONSUELO - PALMITAS","destino_ruta_zonal":"CONSUELO","destino_zona_sitp":"SAN CRISTOBAL","fecha_implementacion_ruta_zonal":"23/09/2024","globalid":"{0EDF1D64-E7E4-42E6-93C5-51A87EC5B0A2}","localidad_destino_ruta_zonal":3,"localidad_origen_ruta_zonal":8,"longitud_ruta_zonal":22.133622300000003,"objectid":4428,"operador_ruta_zonal":"MASIVO CAPITAL - KE","origen_ruta_zonal":"PALMITAS","route_id_ruta_zonal":554,"route_name_ruta_zonal":"7-2","tipo_operacion":"NORMAL","tipo_ruta_zonal":3,"tipo_servicio_ruta_zonal":1,"zona_destino_ruta_zonal":13,"zona_origen_ruta_zonal":8}},{"type":"Feature","id":4429,"geometry":null,"properties":{"abreviatura_destino_zona_sitp":"BOS","codigo_definitivo_ruta_zonal":"94","delega_ruta_zonal":1,"denominacion_ruta_zonal":"BOSA SAN DIEGO - SUBA CORPAS","destino_ruta_zonal":"BOSA SAN DIEGO","destino_zona_sitp":"BOSA","fecha_implementacion_ruta_zonal":"29/08/2015","globalid":"{1017F880-343C-463E-90B2-039A3CC63F88}","localidad_destino_ruta_zonal":11,"localidad_origen_ruta_zonal":7,"longitud_ruta_zonal":26.589477890000001,"objectid":4429,"operador_ruta_zonal":"ETIB - BO","origen_ruta_zonal":"SUBA CORPAS","route_id_ruta_zonal":104,"route_name_ruta_zonal":"94-2","tipo_operacion":"NORMAL","tipo_ruta_zonal":3,"tipo_servicio_ruta_zonal":1,"zona_destino_ruta_zonal":3,"zona_origen_ruta_zonal":9}},{"type":"Feature","id":4430,"geometry":null,"properties":{"abreviatura_destino_zona_sitp":"AAA","codigo_definitivo_ruta_zonal":"LL815","delega_ruta_zonal":1,"denominacion_ruta_zonal":"VILLA DEL CERRO - GERMANIA","destino_ruta_zonal":"GERMANIA","destino_zona_sitp":"NEUTRA","fecha_implementacion_ruta_zonal":"31/01/2022","globalid":"{13358C45-317E-4535-8599-813DB85D5B42}","localidad_destino_ruta_zonal":18,"localidad_origen_ruta_zonal":4,"longitud_ruta_zonal":8.0545617500000013,"objectid":4430,"operador_ruta_zonal":"CONSORCIO EXPRESS D","origen_ruta_zonal":"VILLA DEL CERRO","route_id_ruta_zonal":394,"route_name_ruta_zonal":"L815-1","tipo_operacion":"NORMAL","tipo_ruta_zonal":3,"tipo_servicio_ruta_zonal":1,"zona_destino_ruta_zonal":12,"zona_origen_ruta_zonal":13}},{"type":"Feature","id":4431,"geometry":null,"properties":{"abreviatura_destino_zona_sitp":"PBO","codigo_definitivo_ruta_zonal":"7","delega_ruta_zonal":1,"denominacion_ruta_zonal":"CONSUELO - PALMITAS","destino_ruta_zonal":"PALMITAS","destino_zona_sitp":"PATIO BONITO","fecha_implementacion_ruta_zonal":"23/09/2024","globalid":"{1A9297CB-74A4-4D85-B631-4396477E6602}","localidad_destino_ruta_zonal":3,"localidad_origen_ruta_zonal":8,"longitud_ruta_zonal":22.444925350000002,"objectid":4431,"operador_ruta_zonal":"MASIVO CAPITAL - KE","origen_ruta_zonal":"CONSUELO","route_id_ruta_zonal":1,"route_name_ruta_zonal":"7-1","tipo_operacion":"NORMAL","tipo_ruta_zonal":3,"tipo_servicio_ruta_zonal":1,"zona_destino_ruta_zonal":13,"zona_origen_ruta_zonal":8}},{"type":"Feature","id":4432,"geometry":null,"properties":{"abreviatura_destino_zona_sitp":"HHH","codigo_definitivo_ruta_zonal":"KH318","delega_ruta_zonal":1,"denominacion_ruta_zonal":"FONTIBON BRISAS - EL UVAL","destino_ruta_zonal":"EL UVAL","destino_zona_sitp":"USME/ CIUDAD BOLIVAR","fecha_implementacion_ruta_zonal":"2/02/2022","globalid":"{1AA555F9-6EE6-422C-A4C8-8F6F27BCCA7A}","localidad_destino_ruta_zonal":9,"localidad_origen_ruta_zonal":5,"longitud_ruta_zonal":30.533986299999999,"objectid":4432,"operador_ruta_zonal":"GRAN AMERICAS USME","origen_ruta_zonal":"FONTIBON BRISAS","route_id_ruta_zonal":409,"route_name_ruta_zonal":"H318-2","tipo_operacion":"NORMAL","tipo_ruta_zonal":3,"tipo_servicio_ruta_zonal":1,"zona_destino_ruta_zonal":6,"zona_origen_ruta_zonal":12}},{"type":"Feature","id":4433,"geometry":null,"properties":{"abreviatura_destino_zona_sitp":"FFF","codigo_definitivo_ruta_zonal":"FL416","delega_ruta_zonal":1,"denominacion_ruta_zonal":"JAZMIN OCCIDENTAL - LA CASTANA","destino_ruta_zonal":"JAZMÍN OCCIDENTAL","destino_zona_sitp":"AMERICAS","fecha_implementacion_ruta_zonal":"18/04/2022","globalid":"{1EA38BFA-76FB-402E-BED9-F3E61128ED0E}","localidad_destino_ruta_zonal":4,"localidad_origen_ruta_zonal":8,"longitud_ruta_zonal":17.252160159999999,"objectid":4433,"operador_ruta_zonal":"MASIVO CAPITAL - KE","origen_ruta_zonal":"LA CASTAÑA","route_id_ruta_zonal":574,"route_name_ruta_zonal":"F416-2","tipo_operacion":"NORMAL","tipo_ruta_zonal":3,"tipo_servicio_ruta_zonal":1,"zona_destino_ruta_zonal":13,"zona_origen_ruta_zonal":8}},{"type":"Feature","id":4434,"geometry":null,"properties":{"abreviatura_destino_zona_sitp":"FFF","codigo_definitivo_ruta_zonal":"FF409","delega_ruta_zonal":1,"denominacion_ruta_zonal":"EST. BIBLIOTECA TINTAL","destino_ruta_zonal":"TIERRA BUENA","destino_zona_sitp":"AMERICAS","fecha_implementacion_ruta_zonal":"15/10/2024","globalid":"{1FC6F12F-4B32-47D0-A269-CE2CA99F5707}","localidad_destino_ruta_zonal":8,"localidad_origen_ruta_zonal":8,"longitud_ruta_zonal":10.27910595,"objectid":4434,"operador_ruta_zonal":"MASIVO CAPITAL - KE","origen_ruta_zonal":"BIBLIOTECA TINTAL","route_id_ruta_zonal":9,"route_name_ruta_zonal":"FF409-3","tipo_operacion":"NORMAL","tipo_ruta_zonal":3,"tipo_servicio_ruta_zonal":1,"zona_destino_ruta_zonal":8,"zona_origen_ruta_zonal":8}},{"type":"Feature","id":4435,"geometry":null,"properties":{"abreviatura_destino_zona_sitp":"CEN","codigo_definitivo_ruta_zonal":"787A","delega_ruta_zonal":1,"denominacion_ruta_zonal":"METROVIVIENDA/POTRERITOS - TEUSAQUILLO","destino_ruta_zonal":"TEUSAQUILLO","destino_zona_sitp":"CENTRO","fecha_implementacion_ruta_zonal":"6/07/2013","globalid":"{20FF3421-045B-42CE-B849-2B7DA11AEEF8}","localidad_destino_ruta_zonal":3,"localidad_origen_ruta_zonal":7,"longitud_ruta_zonal":44.502725359999999,"objectid":4435,"operador_ruta_zonal":"ETIB - BO","origen_ruta_zonal":"METROVIVIENDA/POTRERITOS","route_id_ruta_zonal":24,"route_name_ruta_zonal":"787A-3","tipo_operacion":"NORMAL","tipo_ruta_zonal":3,"tipo_servicio_ruta_zonal":1,"zona_destino_ruta_zonal":0,"zona_origen_ruta_zonal":9}},{"type":"Feature","id":4436,"geometry":null,"properties":{"abreviatura_destino_zona_sitp":"0","codigo_definitivo_ruta_zonal":"GL533","delega_ruta_zonal":1,"denominacion_ruta_zonal":"METROVIVIENDA-DO\u251CæA LILIANA","destino_ruta_zonal":"DOÑA LILIANA","destino_zona_sitp":"0","fecha_implementacion_ruta_zonal":"14/08/2023","globalid":"{229C238A-59FF-48E2-B199-029E86C9C00C}","localidad_destino_ruta_zonal":4,"localidad_origen_ruta_zonal":7,"longitud_ruta_zonal":28.126511019999999,"objectid":4436,"operador_ruta_zonal":"MASIVO CAPITAL - KE","origen_ruta_zonal":"METROVIVIENDA","route_id_ruta_zonal":664,"route_name_ruta_zonal":"L533-1","tipo_operacion":"NORMAL","tipo_ruta_zonal":3,"tipo_servicio_ruta_zonal":1,"zona_destino_ruta_zonal":13,"zona_origen_ruta_zonal":9}},{"type":"Feature","id":4437,"geometry":null,"properties":{"abreviatura_destino_zona_sitp":"GGG","codigo_definitivo_ruta_zonal":"GA518","delega_ruta_zonal":1,"denominacion_ruta_zonal":"CHAPINERO - POTRERITOS","destino_ruta_zonal":"POTRERITOS","destino_zona_sitp":"BOSA","fecha_implementacion_ruta_zonal":"10/05/2021","globalid":"{28DA00B0-4793-47DE-BD9C-82B21832D4F6}","localidad_destino_ruta_zonal":7,"localidad_origen_ruta_zonal":13,"longitud_ruta_zonal":26.34786072,"objectid":4437,"operador_ruta_zonal":"ETIB - BO","origen_ruta_zonal":"CHAPINERO","route_id_ruta_zonal":6,"route_name_ruta_zonal":"G518-2","tipo_operacion":"NORMAL","tipo_ruta_zonal":3,"tipo_servicio_ruta_zonal":1,"zona_destino_ruta_zonal":9,"zona_origen_ruta_zonal":0}},{"type":"Feature","id":4438,"geometry":null,"properties":{"abreviatura_destino_zona_sitp":"0","codigo_definitivo_ruta_zonal":"HA620","delega_ruta_zonal":1,"denominacion_ruta_zonal":"LA ESTANCIA - SAN DIEGO","destino_ruta_zonal":"SAN DIEGO","destino_zona_sitp":"0","fecha_implementacion_ruta_zonal":"25/09/2023","globalid":"{2A631FC9-D6F6-47D8-983E-6E154AB4101D}","localidad_destino_ruta_zonal":3,"localidad_origen_ruta_zonal":19,"longitud_ruta_zonal":33.43801165,"objectid":4438,"operador_ruta_zonal":"ETIB - BO","origen_ruta_zonal":"LA ESTANCIA","route_id_ruta_zonal":662,"route_name_ruta_zonal":"A620-1","tipo_operacion":"NORMAL","tipo_ruta_zonal":3,"tipo_servicio_ruta_zonal":1,"zona_destino_ruta_zonal":0,"zona_origen_ruta_zonal":10}},{"type":"Feature","id":4439,"geometry":null,"properties":{"abreviatura_destino_zona_sitp":"DDD","codigo_definitivo_ruta_zonal":"DH209","delega_ruta_zonal":1,"denominacion_ruta_zonal":"VILLA TERESITA - GALICIA","destino_ruta_zonal":"VILLA TERESITA","destino_zona_sitp":"ENGATIVA / CALLE 80","fecha_implementacion_ruta_zonal":"16/05/2022","globalid":"{2F9483DD-B48F-4B55-A8E1-A5597AB9A9D1}","localidad_destino_ruta_zonal":19,"localidad_origen_ruta_zonal":10,"longitud_ruta_zonal":46.076863469999999,"objectid":4439,"operador_ruta_zonal":"GMOVIL - E","origen_ruta_zonal":"GALICIA","route_id_ruta_zonal":443,"route_name_ruta_zonal":"D209-1","tipo_operacion":"NORMAL","tipo_ruta_zonal":3,"tipo_servicio_ruta_zonal":1,"zona_destino_ruta_zonal":5,"zona_origen_ruta_zonal":10}},{"type":"Feature","id":4440,"geometry":null,"properties":{"abreviatura_destino_zona_sitp":"ALI","codigo_definitivo_ruta_zonal":"2-8","delega_ruta_zonal":2,"denominacion_ruta_zonal":"EXPRESO ORIENTAL 170","destino_ruta_zonal":"EXPRESO ORIENTAL 170","destino_zona_sitp":"ALIMENTADORA","fecha_implementacion_ruta_zonal":"-","globalid":"{31EEEACC-C4DB-461D-826E-A30D3D5C37D1}","localidad_destino_ruta_zonal":1,"localidad_origen_ruta_zonal":1,"longitud_ruta_zonal":9.4374398100000008,"objectid":4440,"operador_ruta_zonal":"CONSORCIO EXPRESS N","origen_ruta_zonal":"PORTAL NORTE","route_id_ruta_zonal":79,"route_name_ruta_zonal":"2-8a","tipo_operacion":"NORMAL","tipo_ruta_zonal":4,"tipo_servicio_ruta_zonal":1,"zona_destino_ruta_zonal":1,"zona_origen_ruta_zonal":1}},{"type":"Feature","id":4441,"geometry":null,"properties":{"abreviatura_destino_zona_sitp":"FFF","codigo_definitivo_ruta_zonal":"FF402","delega_ruta_zonal":1,"denominacion_ruta_zonal":"PALMITAS - EST. BANDERAS","destino_ruta_zonal":"BANDERAS","destino_zona_sitp":"AMERICAS","fecha_implementacion_ruta_zonal":"28/10/2024","globalid":"{32558019-EC79-476D-A82B-6206088C3315}","localidad_destino_ruta_zonal":8,"localidad_origen_ruta_zonal":8,"longitud_ruta_zonal":11.70569281,"objectid":4441,"operador_ruta_zonal":"MASIVO CAPITAL - KE","origen_ruta_zonal":"PALMITAS","route_id_ruta_zonal":571,"route_name_ruta_zonal":"FF402-3","tipo_operacion":"NORMAL","tipo_ruta_zonal":3,"tipo_servicio_ruta_zonal":1,"zona_destino_ruta_zonal":8,"zona_origen_ruta_zonal":8}},{"type":"Feature","id":4442,"geometry":null,"properties":{"abreviatura_destino_zona_sitp":"PBO","codigo_definitivo_ruta_zonal":"291","delega_ruta_zonal":1,"denominacion_ruta_zonal":"TERMINAL NORTE MAKRO - TIERRA BUENA","destino_ruta_zonal":"TIERRA BUENA","destino_zona_sitp":"PATIO BONITO","fecha_implementacion_ruta_zonal":"15/07/2024","globalid":"{35F51E01-4078-408A-8D05-4D4A578F6CF1}","localidad_destino_ruta_zonal":1,"localidad_origen_ruta_zonal":8,"longitud_ruta_zonal":37.565283340000001,"objectid":4442,"operador_ruta_zonal":"CONSORCIO EXPRESS-ESTE ES MI BUS","origen_ruta_zonal":"TERMINAL NORTE MAKRO","route_id_ruta_zonal":452,"route_name_ruta_zonal":"291-2","tipo_operacion":"NORMAL","tipo_ruta_zonal":3,"tipo_servicio_ruta_zonal":1,"zona_destino_ruta_zonal":1,"zona_origen_ruta_zonal":8}},{"type":"Feature","id":4443,"geometry":null,"properties":{"abreviatura_destino_zona_sitp":"CBO","codigo_definitivo_ruta_zonal":"C201","delega_ruta_zonal":1,"denominacion_ruta_zonal":"PARAISO - PATIO BONITO","destino_ruta_zonal":"PARAÍSO","destino_zona_sitp":"CIUDAD BOLIVAR","fecha_implementacion_ruta_zonal":"23/09/2024","globalid":"{38B16275-42BF-4AA1-80D1-5E1A7A8072D4}","localidad_destino_ruta_zonal":19,"localidad_origen_ruta_zonal":8,"longitud_ruta_zonal":19.05207528,"objectid":4443,"operador_ruta_zonal":"MASIVO CAPITAL - KE","origen_ruta_zonal":"PATIO BONITO","route_id_ruta_zonal":555,"route_name_ruta_zonal":"C201-1","tipo_operacion":"NORMAL","tipo_ruta_zonal":3,"tipo_servicio_ruta_zonal":1,"zona_destino_ruta_zonal":11,"zona_origen_ruta_zonal":8}},{"type":"Feature","id":4444,"geometry":null,"properties":{"abreviatura_destino_zona_sitp":"AAA","codigo_definitivo_ruta_zonal":"AG018","delega_ruta_zonal":1,"denominacion_ruta_zonal":"EST. COMUNEROS - EST. NQS CL 38A S","destino_ruta_zonal":"EST. COMUNEROS","destino_zona_sitp":"NEUTRA","fecha_implementacion_ruta_zonal":"8/07/2024","globalid":"{3A470BA8-01A5-4BF5-B85A-8444A25A03FF}","localidad_destino_ruta_zonal":14,"localidad_origen_ruta_zonal":16,"longitud_ruta_zonal":12.705610440000001,"objectid":4444,"operador_ruta_zonal":"MASIVO CAPITAL - KE","origen_ruta_zonal":"EST. NQS CL 38A S","route_id_ruta_zonal":690,"route_name_ruta_zonal":"AG018-3","tipo_operacion":"NORMAL","tipo_ruta_zonal":3,"tipo_servicio_ruta_zonal":1,"zona_destino_ruta_zonal":0,"zona_origen_ruta_zonal":9}},{"type":"Feature","id":4445,"geometry":null,"properties":{"abreviatura_destino_zona_sitp":"CEN","codigo_definitivo_ruta_zonal":"HA680","delega_ruta_zonal":1,"denominacion_ruta_zonal":"ISLA DEL SOL - LAS AGUAS","destino_ruta_zonal":"LAS AGUAS","destino_zona_sitp":"CENTRO","fecha_implementacion_ruta_zonal":"19/12/2022","globalid":"{3EA7954E-8A99-4836-98C2-00246512E4CF}","localidad_destino_ruta_zonal":3,"localidad_origen_ruta_zonal":6,"longitud_ruta_zonal":50.39863708,"objectid":4445,"operador_ruta_zonal":"ETIB - BO","origen_ruta_zonal":"ISLA DEL SOL","route_id_ruta_zonal":10674,"route_name_ruta_zonal":"HA680-3_AM","tipo_operacion":"NORMAL","tipo_ruta_zonal":3,"tipo_servicio_ruta_zonal":1,"zona_destino_ruta_zonal":0,"zona_origen_ruta_zonal":10}},{"type":"Feature","id":4446,"geometry":null,"properties":{"abreviatura_destino_zona_sitp":"AAA","codigo_definitivo_ruta_zonal":"GA518","delega_ruta_zonal":1,"denominacion_ruta_zonal":"CHAPINERO - POTRERITOS","destino_ruta_zonal":"CHAPINERO","destino_zona_sitp":"NEUTRA","fecha_implementacion_ruta_zonal":"10/05/2021","globalid":"{40BC9FAE-8240-47A8-A902-DC0AB48E4C79}","localidad_destino_ruta_zonal":13,"localidad_origen_ruta_zonal":7,"longitud_ruta_zonal":26.553594659999998,"objectid":4446,"operador_ruta_zonal":"ETIB - BO","origen_ruta_zonal":"POTRERITOS","route_id_ruta_zonal":655,"route_name_ruta_zonal":"A518-1","tipo_operacion":"NORMAL","tipo_ruta_zonal":3,"tipo_servicio_ruta_zonal":1,"zona_destino_ruta_zonal":0,"zona_origen_ruta_zonal":9}},{"type":"Feature","id":4447,"geometry":null,"properties":{"abreviatura_destino_zona_sitp":"FFF","codigo_definitivo_ruta_zonal":"FH408","delega_ruta_zonal":1,"denominacion_ruta_zonal":"TIERRA BUENA - DIANA TURBAY","destino_ruta_zonal":"TIERRA BUENA","destino_zona_sitp":"AMERICAS","fecha_implementacion_ruta_zonal":"21/10/2024","globalid":"{410F8F34-29D6-497F-84CC-555D4CF3EA5C}","localidad_destino_ruta_zonal":18,"localidad_origen_ruta_zonal":8,"longitud_ruta_zonal":26.659779220000001,"objectid":4447,"operador_ruta_zonal":"MASIVO CAPITAL - KE","origen_ruta_zonal":"DIANA TURBAY","route_id_ruta_zonal":23,"route_name_ruta_zonal":"F408-2","tipo_operacion":"NORMAL","tipo_ruta_zonal":3,"tipo_servicio_ruta_zonal":1,"zona_destino_ruta_zonal":12,"zona_origen_ruta_zonal":8}},{"type":"Feature","id":4448,"geometry":null,"properties":{"abreviatura_destino_zona_sitp":"SCR","codigo_definitivo_ruta_zonal":"T30B","delega_ruta_zonal":1,"denominacion_ruta_zonal":"PATIO BONITO - TIHUAQUE","destino_ruta_zonal":"TIHUAQUE","destino_zona_sitp":"SAN CRISTOBAL","fecha_implementacion_ruta_zonal":"28/10/2024","globalid":"{413E7569-8D82-45AE-AF8E-904FDDE8BF59}","localidad_destino_ruta_zonal":8,"localidad_origen_ruta_zonal":5,"longitud_ruta_zonal":26.359754380000002,"objectid":4448,"operador_ruta_zonal":"CONSORCIO EXPRESS D","origen_ruta_zonal":"PATIO BONITO","route_id_ruta_zonal":560,"route_name_ruta_zonal":"T30B-1","tipo_operacion":"NORMAL","tipo_ruta_zonal":3,"tipo_servicio_ruta_zonal":1,"zona_destino_ruta_zonal":8,"zona_origen_ruta_zonal":13}},{"type":"Feature","id":4449,"geometry":null,"properties":{"abreviatura_destino_zona_sitp":"CCC","codigo_definitivo_ruta_zonal":"FC401","delega_ruta_zonal":1,"denominacion_ruta_zonal":"TIERRA BUENA - CALLE 170","destino_ruta_zonal":"CALLE 170","destino_zona_sitp":"SUBA","fecha_implementacion_ruta_zonal":"20/11/2023","globalid":"{47A090BA-DA4F-4157-9639-8D321FC6E3C6}","localidad_destino_ruta_zonal":11,"localidad_origen_ruta_zonal":8,"longitud_ruta_zonal":33.186904429999998,"objectid":4449,"operador_ruta_zonal":"MASIVO CAPITAL - KE","origen_ruta_zonal":"TIERRA BUENA","route_id_ruta_zonal":562,"route_name_ruta_zonal":"C401-1","tipo_operacion":"NORMAL","tipo_ruta_zonal":3,"tipo_servicio_ruta_zonal":4,"zona_destino_ruta_zonal":3,"zona_origen_ruta_zonal":8}},{"type":"Feature","id":4450,"geometry":null,"properties":{"abreviatura_destino_zona_sitp":"LLL","codigo_definitivo_ruta_zonal":"FL422","delega_ruta_zonal":1,"denominacion_ruta_zonal":"PATIO BONITO - LACHES-EL DORADO","destino_ruta_zonal":"LACHES-EL DORADO","destino_zona_sitp":"SAN CRISTOBAL","fecha_implementacion_ruta_zonal":"20/08/2024","globalid":"{4BC6B4C4-A864-47BE-BDE5-8E51A496E4A6}","localidad_destino_ruta_zonal":3,"localidad_origen_ruta_zonal":8,"longitud_ruta_zonal":21.784907620000002,"objectid":4450,"operador_ruta_zonal":"ESTE ES MI BUS - TZ","origen_ruta_zonal":"PATIO BONITO","route_id_ruta_zonal":14,"route_name_ruta_zonal":"L422-1","tipo_operacion":"NORMAL","tipo_ruta_zonal":3,"tipo_servicio_ruta_zonal":1,"zona_destino_ruta_zonal":13,"zona_origen_ruta_zonal":8}},{"type":"Feature","id":4451,"geometry":null,"properties":{"abreviatura_destino_zona_sitp":"0","codigo_definitivo_ruta_zonal":"GL533","delega_ruta_zonal":1,"denominacion_ruta_zonal":"METROVIVIENDA-DO\u251CæA LILIANA","destino_ruta_zonal":"METROVIVIENDA","destino_zona_sitp":"0","fecha_implementacion_ruta_zonal":"14/08/2023","globalid":"{4DB38796-8E65-4767-B00B-35C8A2390653}","localidad_destino_ruta_zonal":4,"localidad_origen_ruta_zonal":7,"longitud_ruta_zonal":28.54430168,"objectid":4451,"operador_ruta_zonal":"MASIVO CAPITAL - KE","origen_ruta_zonal":"DOÑA LILIANA","route_id_ruta_zonal":665,"route_name_ruta_zonal":"G533-2","tipo_operacion":"NORMAL","tipo_ruta_zonal":3,"tipo_servicio_ruta_zonal":1,"zona_destino_ruta_zonal":13,"zona_origen_ruta_zonal":9}},{"type":"Feature","id":4452,"geometry":null,"properties":{"abreviatura_destino_zona_sitp":"FFF","codigo_definitivo_ruta_zonal":"FA410","delega_ruta_zonal":1,"denominacion_ruta_zonal":"TIERRA BUENA - CHICÓ NORTE","destino_ruta_zonal":"TIERRA BUENA","destino_zona_sitp":"AMERICAS","fecha_implementacion_ruta_zonal":"26/04/2021","globalid":"{4FD822EB-B9F6-4232-8A60-2AEB47571181}","localidad_destino_ruta_zonal":2,"localidad_origen_ruta_zonal":8,"longitud_ruta_zonal":24.779161550000001,"objectid":4452,"operador_ruta_zonal":"MASIVO CAPITAL - KE","origen_ruta_zonal":"CHICÓ NORTE","route_id_ruta_zonal":564,"route_name_ruta_zonal":"F410-1","tipo_operacion":"NORMAL","tipo_ruta_zonal":3,"tipo_servicio_ruta_zonal":1,"zona_destino_ruta_zonal":0,"zona_origen_ruta_zonal":8}},{"type":"Feature","id":4453,"geometry":null,"properties":{"abreviatura_destino_zona_sitp":"USM","codigo_definitivo_ruta_zonal":"39","delega_ruta_zonal":1,"denominacion_ruta_zonal":"PATIO BONITO - DIANA TURBAY","destino_ruta_zonal":"DIANA TURBAY","destino_zona_sitp":"USME","fecha_implementacion_ruta_zonal":"17/03/2025","globalid":"{515C5EE8-1C64-46F2-BF40-F700F79ECE55}","localidad_destino_ruta_zonal":18,"localidad_origen_ruta_zonal":8,"longitud_ruta_zonal":18.474678109999999,"objectid":4453,"operador_ruta_zonal":"MASIVO CAPITAL - KE","origen_ruta_zonal":"PATIO BONITO","route_id_ruta_zonal":0,"route_name_ruta_zonal":"39-1","tipo_operacion":"NORMAL","tipo_ruta_zonal":3,"tipo_servicio_ruta_zonal":1,"zona_destino_ruta_zonal":8,"zona_origen_ruta_zonal":12}},{"type":"Feature","id":4454,"geometry":null,"properties":{"abreviatura_destino_zona_sitp":"LLL","codigo_definitivo_ruta_zonal":"LL815","delega_ruta_zonal":1,"denominacion_ruta_zonal":"VILLA DEL CERRO - GERMANIA","destino_ruta_zonal":"VILLA DEL CERRO","destino_zona_sitp":"SAN CRISTOBAL","fecha_implementacion_ruta_zonal":"31/01/2022","globalid":"{638F13E1-1377-42A2-942B-1C556FFDD289}","localidad_destino_ruta_zonal":4,"localidad_origen_ruta_zonal":18,"longitud_ruta_zonal":6.5047657999999995,"objectid":4454,"operador_ruta_zonal":"CONSORCIO EXPRESS D","origen_ruta_zonal":"GERMANIA","route_id_ruta_zonal":395,"route_name_ruta_zonal":"L815-2","tipo_operacion":"NORMAL","tipo_ruta_zonal":3,"tipo_servicio_ruta_zonal":1,"zona_destino_ruta_zonal":13,"zona_origen_ruta_zonal":12}},{"type":"Feature","id":4455,"geometry":null,"properties":{"abreviatura_destino_zona_sitp":"SCR","codigo_definitivo_ruta_zonal":"111","delega_ruta_zonal":1,"denominacion_ruta_zonal":"METROVIVIENDA - GAVIOTAS","destino_ruta_zonal":"GAVIOTAS","destino_zona_sitp":"SAN CRISTOBAL","fecha_implementacion_ruta_zonal":"26/08/2024","globalid":"{716D9F28-D118-4767-BFA4-F52E423EA25D}","localidad_destino_ruta_zonal":4,"localidad_origen_ruta_zonal":7,"longitud_ruta_zonal":34.266296650000001,"objectid":4455,"operador_ruta_zonal":"CONSORCIO EXPRESS D","origen_ruta_zonal":"METROVIVIENDA","route_id_ruta_zonal":594,"route_name_ruta_zonal":"111-1","tipo_operacion":"NORMAL","tipo_ruta_zonal":3,"tipo_servicio_ruta_zonal":1,"zona_destino_ruta_zonal":13,"zona_origen_ruta_zonal":9}},{"type":"Feature","id":4456,"geometry":null,"properties":{"abreviatura_destino_zona_sitp":"GGG","codigo_definitivo_ruta_zonal":"GC509","delega_ruta_zonal":1,"denominacion_ruta_zonal":"METROVIVIENDA - CORPAS","destino_ruta_zonal":"METROVIVIENDA","destino_zona_sitp":"BOSA","fecha_implementacion_ruta_zonal":"28/09/2020","globalid":"{765E1B42-095F-4BFA-B4FD-40471A422F8E}","localidad_destino_ruta_zonal":11,"localidad_origen_ruta_zonal":7,"longitud_ruta_zonal":27.908710660000001,"objectid":4456,"operador_ruta_zonal":"MASIVO CAPITAL - KE","origen_ruta_zonal":"CORPAS","route_id_ruta_zonal":274,"route_name_ruta_zonal":"G509-2","tipo_operacion":"NORMAL","tipo_ruta_zonal":3,"tipo_servicio_ruta_zonal":1,"zona_destino_ruta_zonal":3,"zona_origen_ruta_zonal":9}},{"type":"Feature","id":4457,"geometry":null,"properties":{"abreviatura_destino_zona_sitp":null,"codigo_definitivo_ruta_zonal":"GA520","delega_ruta_zonal":1,"denominacion_ruta_zonal":"BOSA SAN DIEGO - EST. LAS NIEVES","destino_ruta_zonal":"EST. LAS NIEVES","destino_zona_sitp":null,"fecha_implementacion_ruta_zonal":"-","globalid":"{7A82D996-7857-4DA2-A382-1487E57A9CC2}","localidad_destino_ruta_zonal":7,"localidad_origen_ruta_zonal":1,"longitud_ruta_zonal":54.057087580000001,"objectid":4457,"operador_ruta_zonal":"ETIB - BO","origen_ruta_zonal":"BOSA SAN DIEGO","route_id_ruta_zonal":10716,"route_name_ruta_zonal":"GA520-3","tipo_operacion":"NORMAL","tipo_ruta_zonal":3,"tipo_servicio_ruta_zonal":1,"zona_destino_ruta_zonal":9,"zona_origen_ruta_zonal":0}},{"type":"Feature","id":4458,"geometry":null,"properties":{"abreviatura_destino_zona_sitp":"CHA","codigo_definitivo_ruta_zonal":"593","delega_ruta_zonal":1,"denominacion_ruta_zonal":"METROVIVIENDA - CHICÓ","destino_ruta_zonal":"CHICÓ","destino_zona_sitp":"CHAPINERO","fecha_implementacion_ruta_zonal":"8/11/2014","globalid":"{821A441A-42E3-440E-81BA-A4C592A2F6E7}","localidad_destino_ruta_zonal":2,"localidad_origen_ruta_zonal":7,"longitud_ruta_zonal":48.367944440000002,"objectid":4458,"operador_ruta_zonal":"MASIVO CAPITAL - KE","origen_ruta_zonal":"METROVIVIENDA","route_id_ruta_zonal":596,"route_name_ruta_zonal":"593-3","tipo_operacion":"NORMAL","tipo_ruta_zonal":3,"tipo_servicio_ruta_zonal":1,"zona_destino_ruta_zonal":0,"zona_origen_ruta_zonal":8}},{"type":"Feature","id":4459,"geometry":null,"properties":{"abreviatura_destino_zona_sitp":null,"codigo_definitivo_ruta_zonal":"2-5","delega_ruta_zonal":1,"denominacion_ruta_zonal":"SAN CRISTÓBAL","destino_ruta_zonal":"SAN CRISTÓBAL","destino_zona_sitp":null,"fecha_implementacion_ruta_zonal":"26/03/2015","globalid":"{92C3E447-79C1-4BA0-8C68-B4D64F57DC31}","localidad_destino_ruta_zonal":1,"localidad_origen_ruta_zonal":1,"longitud_ruta_zonal":11.63520907,"objectid":4459,"operador_ruta_zonal":"CONSORCIO EXPRESS N","origen_ruta_zonal":"PORTAL NORTE","route_id_ruta_zonal":null,"route_name_ruta_zonal":"2-5a","tipo_operacion":"NORMAL","tipo_ruta_zonal":4,"tipo_servicio_ruta_zonal":1,"zona_destino_ruta_zonal":1,"zona_origen_ruta_zonal":1}},{"type":"Feature","id":4460,"geometry":null,"properties":{"abreviatura_destino_zona_sitp":"FFF","codigo_definitivo_ruta_zonal":"FC401","delega_ruta_zonal":1,"denominacion_ruta_zonal":"TIERRA BUENA - CALLE 170","destino_ruta_zonal":"TIERRA BUENA","destino_zona_sitp":"AMERICAS","fecha_implementacion_ruta_zonal":"20/11/2023","globalid":"{942DC39F-C137-472C-AAE0-6BA10C95B5D7}","localidad_destino_ruta_zonal":11,"localidad_origen_ruta_zonal":8,"longitud_ruta_zonal":30.090644559999998,"objectid":4460,"operador_ruta_zonal":"MASIVO CAPITAL - KE","origen_ruta_zonal":"CALLE 170","route_id_ruta_zonal":20,"route_name_ruta_zonal":"F401-2","tipo_operacion":"NORMAL","tipo_ruta_zonal":3,"tipo_servicio_ruta_zonal":4,"zona_destino_ruta_zonal":3,"zona_origen_ruta_zonal":8}},{"type":"Feature","id":4461,"geometry":null,"properties":{"abreviatura_destino_zona_sitp":"PBO","codigo_definitivo_ruta_zonal":"C201","delega_ruta_zonal":1,"denominacion_ruta_zonal":"PARAISO - PATIO BONITO","destino_ruta_zonal":"PATIO BONITO","destino_zona_sitp":"PATIO BONITO","fecha_implementacion_ruta_zonal":"23/09/2024","globalid":"{99FEFE18-E3ED-446F-A90F-B0D5684D8A73}","localidad_destino_ruta_zonal":19,"localidad_origen_ruta_zonal":8,"longitud_ruta_zonal":20.316611870000003,"objectid":4461,"operador_ruta_zonal":"MASIVO CAPITAL - KE","origen_ruta_zonal":"PARAÍSO","route_id_ruta_zonal":573,"route_name_ruta_zonal":"C201-2","tipo_operacion":"NORMAL","tipo_ruta_zonal":3,"tipo_servicio_ruta_zonal":1,"zona_destino_ruta_zonal":11,"zona_origen_ruta_zonal":8}},{"type":"Feature","id":4462,"geometry":null,"properties":{"abreviatura_destino_zona_sitp":"0","codigo_definitivo_ruta_zonal":"GA532","delega_ruta_zonal":1,"denominacion_ruta_zonal":"METROVIVIENDA-CHAPINERO","destino_ruta_zonal":"CHAPINERO","destino_zona_sitp":"0","fecha_implementacion_ruta_zonal":"14/08/2023","globalid":"{9E011C17-DF84-495C-B36C-0B17F3FA0CF0}","localidad_destino_ruta_zonal":2,"localidad_origen_ruta_zonal":7,"longitud_ruta_zonal":21.658738239999998,"objectid":4462,"operador_ruta_zonal":"MASIVO CAPITAL - KE","origen_ruta_zonal":"METROVIVIENDA","route_id_ruta_zonal":666,"route_name_ruta_zonal":"A532-1","tipo_operacion":"NORMAL","tipo_ruta_zonal":3,"tipo_servicio_ruta_zonal":1,"zona_destino_ruta_zonal":0,"zona_origen_ruta_zonal":9}},{"type":"Feature","id":4463,"geometry":null,"properties":{"abreviatura_destino_zona_sitp":"0","codigo_definitivo_ruta_zonal":"GA532","delega_ruta_zonal":1,"denominacion_ruta_zonal":"METROVIVIENDA-CHAPINERO","destino_ruta_zonal":"METROVIVIENDA","destino_zona_sitp":"0","fecha_implementacion_ruta_zonal":"14/08/2023","globalid":"{A0DA2159-9634-4158-B7B7-8F848071C4BC}","localidad_destino_ruta_zonal":2,"localidad_origen_ruta_zonal":7,"longitud_ruta_zonal":22.31314669,"objectid":4463,"operador_ruta_zonal":"MASIVO CAPITAL - KE","origen_ruta_zonal":"CHAPINERO","route_id_ruta_zonal":667,"route_name_ruta_zonal":"G532-2","tipo_operacion":"NORMAL","tipo_ruta_zonal":3,"tipo_servicio_ruta_zonal":1,"zona_destino_ruta_zonal":0,"zona_origen_ruta_zonal":9}},{"type":"Feature","id":4464,"geometry":null,"properties":{"abreviatura_destino_zona_sitp":"HHH","codigo_definitivo_ruta_zonal":"HF718","delega_ruta_zonal":1,"denominacion_ruta_zonal":"USME CENTRO - LA RIVERA","destino_ruta_zonal":"USME CENTRO","destino_zona_sitp":"USME/ CIUDAD BOLIVAR","fecha_implementacion_ruta_zonal":"5/08/2024","globalid":"{ABA745CF-34D0-4064-9B09-A68C4A760303}","localidad_destino_ruta_zonal":5,"localidad_origen_ruta_zonal":8,"longitud_ruta_zonal":27.225939529999998,"objectid":4464,"operador_ruta_zonal":"MUEVE USME","origen_ruta_zonal":"LA RIVERA","route_id_ruta_zonal":558,"route_name_ruta_zonal":"H718-1","tipo_operacion":"NORMAL","tipo_ruta_zonal":3,"tipo_servicio_ruta_zonal":1,"zona_destino_ruta_zonal":12,"zona_origen_ruta_zonal":8}},{"type":"Feature","id":4465,"geometry":null,"properties":{"abreviatura_destino_zona_sitp":"BBB","codigo_definitivo_ruta_zonal":"BF918","delega_ruta_zonal":1,"denominacion_ruta_zonal":"TERMINAL NORTE - PATIO BONITO","destino_ruta_zonal":"TERMINAL NORTE","destino_zona_sitp":"USAQUEN","fecha_implementacion_ruta_zonal":"22/11/2021","globalid":"{AEC3E1D9-DFF6-4032-9813-138870924CB6}","localidad_destino_ruta_zonal":8,"localidad_origen_ruta_zonal":1,"longitud_ruta_zonal":34.322198469999996,"objectid":4465,"operador_ruta_zonal":"CONSORCIO EXPRESS N","origen_ruta_zonal":"PATIO BONITO","route_id_ruta_zonal":556,"route_name_ruta_zonal":"B918-1","tipo_operacion":"NORMAL","tipo_ruta_zonal":3,"tipo_servicio_ruta_zonal":1,"zona_destino_ruta_zonal":8,"zona_origen_ruta_zonal":1}},{"type":"Feature","id":4466,"geometry":null,"properties":{"abreviatura_destino_zona_sitp":"ALI","codigo_definitivo_ruta_zonal":"2-3","delega_ruta_zonal":2,"denominacion_ruta_zonal":"SAN ANTONIO","destino_ruta_zonal":"SAN ANTONIO","destino_zona_sitp":"ALIMENTADORA","fecha_implementacion_ruta_zonal":"-","globalid":"{B29EAD85-9E70-485E-B774-9709EF52404B}","localidad_destino_ruta_zonal":1,"localidad_origen_ruta_zonal":1,"longitud_ruta_zonal":7.4674051399999994,"objectid":4466,"operador_ruta_zonal":"CONSORCIO EXPRESS N","origen_ruta_zonal":"PORTAL NORTE","route_id_ruta_zonal":116,"route_name_ruta_zonal":"2-3a","tipo_operacion":"NORMAL","tipo_ruta_zonal":4,"tipo_servicio_ruta_zonal":1,"zona_destino_ruta_zonal":1,"zona_origen_ruta_zonal":1}},{"type":"Feature","id":4467,"geometry":null,"properties":{"abreviatura_destino_zona_sitp":"CCC","codigo_definitivo_ruta_zonal":"CD122","delega_ruta_zonal":1,"denominacion_ruta_zonal":"AURES II - ZONA INDUSTRIAL","destino_ruta_zonal":"AURES II","destino_zona_sitp":"SUBA","fecha_implementacion_ruta_zonal":"31/07/2023","globalid":"{C0B32622-F6E8-4D4B-9C9F-358B12D70C2C}","localidad_destino_ruta_zonal":9,"localidad_origen_ruta_zonal":11,"longitud_ruta_zonal":21.118319400000001,"objectid":4467,"operador_ruta_zonal":"ESTE ES MI BUS - CO","origen_ruta_zonal":"ZONA INDUSTRIAL","route_id_ruta_zonal":312,"route_name_ruta_zonal":"CD122-3","tipo_operacion":"NORMAL","tipo_ruta_zonal":3,"tipo_servicio_ruta_zonal":1,"zona_destino_ruta_zonal":6,"zona_origen_ruta_zonal":3}},{"type":"Feature","id":4468,"geometry":null,"properties":{"abreviatura_destino_zona_sitp":"FFF","codigo_definitivo_ruta_zonal":"HF718","delega_ruta_zonal":1,"denominacion_ruta_zonal":"USME CENTRO - LA RIVERA","destino_ruta_zonal":"LA RIVERA","destino_zona_sitp":"AMERICAS","fecha_implementacion_ruta_zonal":"5/08/2024","globalid":"{C6A91FEF-949D-4585-8284-20602FE3B985}","localidad_destino_ruta_zonal":5,"localidad_origen_ruta_zonal":8,"longitud_ruta_zonal":27.588763749999998,"objectid":4468,"operador_ruta_zonal":"MUEVE USME","origen_ruta_zonal":"USME CENTRO","route_id_ruta_zonal":575,"route_name_ruta_zonal":"F718-2","tipo_operacion":"NORMAL","tipo_ruta_zonal":3,"tipo_servicio_ruta_zonal":1,"zona_destino_ruta_zonal":12,"zona_origen_ruta_zonal":8}},{"type":"Feature","id":4469,"geometry":null,"properties":{"abreviatura_destino_zona_sitp":"PBO","codigo_definitivo_ruta_zonal":"953","delega_ruta_zonal":1,"denominacion_ruta_zonal":"TIERRA BUENA - LA FISCALA ALTA","destino_ruta_zonal":"TIERRA BUENA","destino_zona_sitp":"PATIO BONITO","fecha_implementacion_ruta_zonal":"1/04/2014","globalid":"{CA37FAB6-EBA7-4708-A7EB-3EEA9AA058C9}","localidad_destino_ruta_zonal":5,"localidad_origen_ruta_zonal":8,"longitud_ruta_zonal":22.276103769999999,"objectid":4469,"operador_ruta_zonal":"MASIVO CAPITAL - KE","origen_ruta_zonal":"LA FISCALA ALTA","route_id_ruta_zonal":25,"route_name_ruta_zonal":"953-2","tipo_operacion":"NORMAL","tipo_ruta_zonal":3,"tipo_servicio_ruta_zonal":1,"zona_destino_ruta_zonal":12,"zona_origen_ruta_zonal":8}},{"type":"Feature","id":4470,"geometry":null,"properties":{"abreviatura_destino_zona_sitp":"KKK","codigo_definitivo_ruta_zonal":"KH318","delega_ruta_zonal":1,"denominacion_ruta_zonal":"FONTIBON BRISAS - EL UVAL","destino_ruta_zonal":"FONTIBÓN BRISAS","destino_zona_sitp":"CALLE 26","fecha_implementacion_ruta_zonal":"2/02/2022","globalid":"{D104731E-3A5B-456B-AB4F-F92570F837ED}","localidad_destino_ruta_zonal":9,"localidad_origen_ruta_zonal":5,"longitud_ruta_zonal":36.988283259999996,"objectid":4470,"operador_ruta_zonal":"GRAN AMERICAS USME","origen_ruta_zonal":"EL UVAL","route_id_ruta_zonal":410,"route_name_ruta_zonal":"K318-1","tipo_operacion":"NORMAL","tipo_ruta_zonal":3,"tipo_servicio_ruta_zonal":1,"zona_destino_ruta_zonal":6,"zona_origen_ruta_zonal":12}},{"type":"Feature","id":4471,"geometry":null,"properties":{"abreviatura_destino_zona_sitp":"SUB","codigo_definitivo_ruta_zonal":"94","delega_ruta_zonal":1,"denominacion_ruta_zonal":"BOSA SAN DIEGO - SUBA CORPAS","destino_ruta_zonal":"SUBA CORPAS","destino_zona_sitp":"SUBA","fecha_implementacion_ruta_zonal":"29/08/2015","globalid":"{D5A2C975-6BCB-4853-9F4D-E11A8210ED70}","localidad_destino_ruta_zonal":11,"localidad_origen_ruta_zonal":7,"longitud_ruta_zonal":28.267684590000002,"objectid":4471,"operador_ruta_zonal":"ETIB - BO","origen_ruta_zonal":"BOSA SAN DIEGO","route_id_ruta_zonal":123,"route_name_ruta_zonal":"94-1","tipo_operacion":"NORMAL","tipo_ruta_zonal":3,"tipo_servicio_ruta_zonal":1,"zona_destino_ruta_zonal":3,"zona_origen_ruta_zonal":9}},{"type":"Feature","id":4472,"geometry":null,"properties":{"abreviatura_destino_zona_sitp":"BBB","codigo_definitivo_ruta_zonal":"BD906","delega_ruta_zonal":1,"denominacion_ruta_zonal":"VILLA GLADYS - TOBERIN","destino_ruta_zonal":"TOBERÍN","destino_zona_sitp":"USAQUEN","fecha_implementacion_ruta_zonal":"24/04/2023","globalid":"{D89DD1CF-DB01-46C6-802D-8DD1D493BF59}","localidad_destino_ruta_zonal":1,"localidad_origen_ruta_zonal":10,"longitud_ruta_zonal":61.971501519999997,"objectid":4472,"operador_ruta_zonal":"CONSORCIO EXPRESS N","origen_ruta_zonal":"VILLA GLADYS","route_id_ruta_zonal":232,"route_name_ruta_zonal":"BD906-3","tipo_operacion":"NORMAL","tipo_ruta_zonal":3,"tipo_servicio_ruta_zonal":1,"zona_destino_ruta_zonal":1,"zona_origen_ruta_zonal":5}},{"type":"Feature","id":4473,"geometry":null,"properties":{"abreviatura_destino_zona_sitp":"LLL","codigo_definitivo_ruta_zonal":"FL416","delega_ruta_zonal":1,"denominacion_ruta_zonal":"JAZMIN OCCIDENTAL - LA CASTANA","destino_ruta_zonal":"LA CASTAÑA","destino_zona_sitp":"SAN CRISTOBAL","fecha_implementacion_ruta_zonal":"18/04/2022","globalid":"{DB5B9E69-64E5-4D7E-A1DD-700FCBD0062C}","localidad_destino_ruta_zonal":4,"localidad_origen_ruta_zonal":8,"longitud_ruta_zonal":17.28213096,"objectid":4473,"operador_ruta_zonal":"MASIVO CAPITAL - KE","origen_ruta_zonal":"JAZMÍN OCCIDENTAL","route_id_ruta_zonal":557,"route_name_ruta_zonal":"L416-1","tipo_operacion":"NORMAL","tipo_ruta_zonal":3,"tipo_servicio_ruta_zonal":1,"zona_destino_ruta_zonal":13,"zona_origen_ruta_zonal":8}},{"type":"Feature","id":4474,"geometry":null,"properties":{"abreviatura_destino_zona_sitp":"NOR","codigo_definitivo_ruta_zonal":"291","delega_ruta_zonal":1,"denominacion_ruta_zonal":"TERMINAL NORTE MAKRO - TIERRA BUENA","destino_ruta_zonal":"TERMINAL NORTE MAKRO","destino_zona_sitp":"NORTE","fecha_implementacion_ruta_zonal":"15/07/2024","globalid":"{DEFD83E6-E999-4E3C-9471-F76FFAF72C3D}","localidad_destino_ruta_zonal":1,"localidad_origen_ruta_zonal":8,"longitud_ruta_zonal":38.078084480000001,"objectid":4474,"operador_ruta_zonal":"CONSORCIO EXPRESS-ESTE ES MI BUS","origen_ruta_zonal":"TIERRA BUENA","route_id_ruta_zonal":11,"route_name_ruta_zonal":"291-1","tipo_operacion":"NORMAL","tipo_ruta_zonal":3,"tipo_servicio_ruta_zonal":1,"zona_destino_ruta_zonal":1,"zona_origen_ruta_zonal":8}},{"type":"Feature","id":4475,"geometry":null,"properties":{"abreviatura_destino_zona_sitp":"FFF","codigo_definitivo_ruta_zonal":"FL422","delega_ruta_zonal":1,"denominacion_ruta_zonal":"PATIO BONITO - LACHES-EL DORADO","destino_ruta_zonal":"PATIO BONITO","destino_zona_sitp":"AMERICAS","fecha_implementacion_ruta_zonal":"20/08/2024","globalid":"{E19695A1-DAAA-467F-9CDE-95EBD1E2EEAA}","localidad_destino_ruta_zonal":3,"localidad_origen_ruta_zonal":8,"longitud_ruta_zonal":23.762229789999999,"objectid":4475,"operador_ruta_zonal":"ESTE ES MI BUS - TZ","origen_ruta_zonal":"LACHES-EL DORADO","route_id_ruta_zonal":17,"route_name_ruta_zonal":"F422-2","tipo_operacion":"NORMAL","tipo_ruta_zonal":3,"tipo_servicio_ruta_zonal":1,"zona_destino_ruta_zonal":13,"zona_origen_ruta_zonal":8}},{"type":"Feature","id":4476,"geometry":null,"properties":{"abreviatura_destino_zona_sitp":"BBB","codigo_definitivo_ruta_zonal":"CG157","delega_ruta_zonal":1,"denominacion_ruta_zonal":"SUBA CORPAS - EL RECREO","destino_ruta_zonal":"EL RECREO","destino_zona_sitp":"BOSA","fecha_implementacion_ruta_zonal":"19/10/2021","globalid":"{E379F051-2029-4D6C-B326-FBF24C04476B}","localidad_destino_ruta_zonal":7,"localidad_origen_ruta_zonal":11,"longitud_ruta_zonal":26.514157989999998,"objectid":4476,"operador_ruta_zonal":"MASIVO CAPITAL - KE","origen_ruta_zonal":"SUBA CORPAS","route_id_ruta_zonal":581,"route_name_ruta_zonal":"G157-2","tipo_operacion":"NORMAL","tipo_ruta_zonal":3,"tipo_servicio_ruta_zonal":1,"zona_destino_ruta_zonal":8,"zona_origen_ruta_zonal":3}},{"type":"Feature","id":4477,"geometry":null,"properties":{"abreviatura_destino_zona_sitp":"CCC","codigo_definitivo_ruta_zonal":"GC509","delega_ruta_zonal":1,"denominacion_ruta_zonal":"METROVIVIENDA - CORPAS","destino_ruta_zonal":"CORPAS","destino_zona_sitp":"SUBA","fecha_implementacion_ruta_zonal":"28/09/2020","globalid":"{E470C1CC-AF01-4C2B-8C62-34B6EA3E426D}","localidad_destino_ruta_zonal":11,"localidad_origen_ruta_zonal":7,"longitud_ruta_zonal":27.910451819999999,"objectid":4477,"operador_ruta_zonal":"MASIVO CAPITAL - KE","origen_ruta_zonal":"METROVIVIENDA","route_id_ruta_zonal":649,"route_name_ruta_zonal":"C509-1","tipo_operacion":"NORMAL","tipo_ruta_zonal":3,"tipo_servicio_ruta_zonal":1,"zona_destino_ruta_zonal":3,"zona_origen_ruta_zonal":9}},{"type":"Feature","id":4478,"geometry":null,"properties":{"abreviatura_destino_zona_sitp":"FFF","codigo_definitivo_ruta_zonal":"FF417","delega_ruta_zonal":1,"denominacion_ruta_zonal":"EST. BIBL. TINTAL","destino_ruta_zonal":"BIBLIOTECA TINTAL","destino_zona_sitp":"AMERICAS","fecha_implementacion_ruta_zonal":"15/10/2024","globalid":"{E79C6D09-5BE6-4CBE-A80C-E686FD7F936C}","localidad_destino_ruta_zonal":8,"localidad_origen_ruta_zonal":8,"longitud_ruta_zonal":4.5858814199999998,"objectid":4478,"operador_ruta_zonal":"MASIVO CAPITAL - KE","origen_ruta_zonal":"TIERRA BUENA","route_id_ruta_zonal":454,"route_name_ruta_zonal":"FF417-3","tipo_operacion":"NORMAL","tipo_ruta_zonal":3,"tipo_servicio_ruta_zonal":1,"zona_destino_ruta_zonal":8,"zona_origen_ruta_zonal":8}},{"type":"Feature","id":4479,"geometry":null,"properties":{"abreviatura_destino_zona_sitp":"ALI","codigo_definitivo_ruta_zonal":"10-3","delega_ruta_zonal":2,"denominacion_ruta_zonal":"ALBAN CARBONELL","destino_ruta_zonal":"ALBAN CARBONELL","destino_zona_sitp":"ALIMENTADORA","fecha_implementacion_ruta_zonal":"-","globalid":"{E98E1043-96D8-4054-978C-A78653152E85}","localidad_destino_ruta_zonal":7,"localidad_origen_ruta_zonal":7,"longitud_ruta_zonal":10.290974440000001,"objectid":4479,"operador_ruta_zonal":"ETIB - BO","origen_ruta_zonal":"PORTAL SUR","route_id_ruta_zonal":10463,"route_name_ruta_zonal":"10-3a","tipo_operacion":"NORMAL","tipo_ruta_zonal":4,"tipo_servicio_ruta_zonal":1,"zona_destino_ruta_zonal":9,"zona_origen_ruta_zonal":9}},{"type":"Feature","id":4480,"geometry":null,"properties":{"abreviatura_destino_zona_sitp":"CEN","codigo_definitivo_ruta_zonal":"796A","delega_ruta_zonal":1,"denominacion_ruta_zonal":"MOCHUELO BAJO - TEUSAQUILLO","destino_ruta_zonal":"TEUSAQUILLO","destino_zona_sitp":"CENTRO","fecha_implementacion_ruta_zonal":"30/04/2013","globalid":"{EB70EE99-7D6C-438B-8CA2-235DB38021A6}","localidad_destino_ruta_zonal":3,"localidad_origen_ruta_zonal":19,"longitud_ruta_zonal":40.694906459999999,"objectid":4480,"operador_ruta_zonal":"SUMA - BC","origen_ruta_zonal":"MOCHUELO BAJO","route_id_ruta_zonal":88,"route_name_ruta_zonal":"796A-3","tipo_operacion":"NORMAL","tipo_ruta_zonal":3,"tipo_servicio_ruta_zonal":1,"zona_destino_ruta_zonal":0,"zona_origen_ruta_zonal":11}},{"type":"Feature","id":4481,"geometry":null,"properties":{"abreviatura_destino_zona_sitp":null,"codigo_definitivo_ruta_zonal":"927","delega_ruta_zonal":1,"denominacion_ruta_zonal":"BOSA SAN JOSE - AEROPUERTO","destino_ruta_zonal":"AEROPUERTO","destino_zona_sitp":null,"fecha_implementacion_ruta_zonal":"15/01/2023","globalid":"{ED96DB7E-5799-4819-8D30-517784281C39}","localidad_destino_ruta_zonal":9,"localidad_origen_ruta_zonal":7,"longitud_ruta_zonal":36.841369199999995,"objectid":4481,"operador_ruta_zonal":"ETIB - BO","origen_ruta_zonal":"BOSA SAN JOSÉ","route_id_ruta_zonal":26,"route_name_ruta_zonal":"927-3","tipo_operacion":"NORMAL","tipo_ruta_zonal":3,"tipo_servicio_ruta_zonal":1,"zona_destino_ruta_zonal":6,"zona_origen_ruta_zonal":9}},{"type":"Feature","id":4482,"geometry":null,"properties":{"abreviatura_destino_zona_sitp":"BOS","codigo_definitivo_ruta_zonal":"111","delega_ruta_zonal":1,"denominacion_ruta_zonal":"METROVIVIENDA - GAVIOTAS","destino_ruta_zonal":"METROVIVIENDA","destino_zona_sitp":"BOSA","fecha_implementacion_ruta_zonal":"26/08/2024","globalid":"{EE1C97BF-3474-4E89-BE6E-5BCD308D284F}","localidad_destino_ruta_zonal":4,"localidad_origen_ruta_zonal":7,"longitud_ruta_zonal":33.997321710000001,"objectid":4482,"operador_ruta_zonal":"CONSORCIO EXPRESS D","origen_ruta_zonal":"GAVIOTAS","route_id_ruta_zonal":595,"route_name_ruta_zonal":"111-2","tipo_operacion":"NORMAL","tipo_ruta_zonal":3,"tipo_servicio_ruta_zonal":1,"zona_destino_ruta_zonal":13,"zona_origen_ruta_zonal":9}},{"type":"Feature","id":4483,"geometry":null,"properties":{"abreviatura_destino_zona_sitp":"FFF","codigo_definitivo_ruta_zonal":"BF918","delega_ruta_zonal":1,"denominacion_ruta_zonal":"TERMINAL NORTE - PATIO BONITO","destino_ruta_zonal":"PATIO BONITO","destino_zona_sitp":"AMERICAS","fecha_implementacion_ruta_zonal":"22/11/2021","globalid":"{FCB9F51D-F91A-4F5B-AB70-E7B3D5A3B0C7}","localidad_destino_ruta_zonal":8,"localidad_origen_ruta_zonal":1,"longitud_ruta_zonal":32.81627632,"objectid":4483,"operador_ruta_zonal":"CONSORCIO EXPRESS N","origen_ruta_zonal":"TERMINAL NORTE","route_id_ruta_zonal":572,"route_name_ruta_zonal":"F918-2","tipo_operacion":"NORMAL","tipo_ruta_zonal":3,"tipo_servicio_ruta_zonal":1,"zona_destino_ruta_zonal":8,"zona_origen_ruta_zonal":1}},{"type":"Feature","id":4484,"geometry":null,"properties":{"abreviatura_destino_zona_sitp":"PBO","codigo_definitivo_ruta_zonal":"39","delega_ruta_zonal":1,"denominacion_ruta_zonal":"PATIO BONITO - DIANA TURBAY","destino_ruta_zonal":"PATIO BONITO","destino_zona_sitp":"PATIO BONITO","fecha_implementacion_ruta_zonal":"17/03/2025","globalid":"{FFA31201-6D41-47F6-B508-48F9CA1E8385}","localidad_destino_ruta_zonal":18,"localidad_origen_ruta_zonal":8,"longitud_ruta_zonal":18.48688941,"objectid":4484,"operador_ruta_zonal":"MASIVO CAPITAL - KE","origen_ruta_zonal":"DIANA TURBAY","route_id_ruta_zonal":1,"route_name_ruta_zonal":"39-2","tipo_operacion":"NORMAL","tipo_ruta_zonal":3,"tipo_servicio_ruta_zonal":1,"zona_destino_ruta_zonal":8,"zona_origen_ruta_zonal":12}},{"type":"Feature","id":4485,"geometry":null,"properties":{"abreviatura_destino_zona_sitp":"HHH","codigo_definitivo_ruta_zonal":"FH408","delega_ruta_zonal":1,"denominacion_ruta_zonal":"TIERRA BUENA - DIANA TURBAY","destino_ruta_zonal":"DIANA TURBAY","destino_zona_sitp":"USME/ CIUDAD BOLIVAR","fecha_implementacion_ruta_zonal":"21/10/2024","globalid":"{FFEB0F6E-B800-4377-936D-38E9A9F91E2C}","localidad_destino_ruta_zonal":18,"localidad_origen_ruta_zonal":8,"longitud_ruta_zonal":27.987475450000002,"objectid":4485,"operador_ruta_zonal":"MASIVO CAPITAL - KE","origen_ruta_zonal":"TIERRA BUENA","route_id_ruta_zonal":22,"route_name_ruta_zonal":"H408-1","tipo_operacion":"NORMAL","tipo_ruta_zonal":3,"tipo_servicio_ruta_zonal":1,"zona_destino_ruta_zonal":12,"zona_origen_ruta_zonal":8}}]}